y_pred_LR,y_pred_RF,y_pred_ARIMA,AdjClose_last_train
0.9427086521431434,2.1768303296761258,-0.678598986905728,-0.678582012999708
0.9314561733205571,2.16609002542364,-0.6785466664018777,-0.678582012999708
0.9336458808070036,2.160498255277668,-0.6787019655923459,-0.678582012999708
0.9493265099568169,2.177438981913471,-0.6787077861610089,-0.678582012999708
0.9433544444108355,2.171110939596724,-0.6786518801045034,-0.678582012999708
0.9473925084303894,2.164547797142944,-0.6786126140596652,-0.678582012999708
0.9433249263765207,2.168044514655551,-0.6785805412286486,-0.678582012999708
0.9281525187438537,2.1692229881650444,-0.6785468346685518,-0.678582012999708
0.929197756222049,2.1677736691770617,-0.6785055465874137,-0.678582012999708
0.8962042144968785,2.1481984586454828,-0.6784637537024238,-0.678582012999708
0.8778424431617373,2.1184166955108417,-0.6784227463290934,-0.678582012999708
0.8842156019681364,2.104950589550178,-0.6783818336061961,-0.678582012999708
0.7730407437179043,1.9791571733254032,-0.6783404800229046,-0.678582012999708
0.8002558001703639,2.0590458224123944,-0.678298901134773,-0.678582012999708
0.8261430609976586,2.0569443523384963,-0.6782573559977801,-0.678582012999708
0.8650067432700268,2.135212883695035,-0.6782158347373434,-0.678582012999708
0.8975492158455656,2.147835923890531,-0.678174292789018,-0.678582012999708
0.9172195733866964,2.178349613393513,-0.6781327274017565,-0.678582012999708
0.8953014362802276,2.1538820138073667,-0.6780911581921316,-0.678582012999708
0.8697255467013776,2.1482370870209437,-0.6780495911818549,-0.678582012999708
0.8972722644550815,2.1457183777022233,-0.6780080236610343,-0.678582012999708
0.8599843301354981,2.13595617844403,-0.6779664543672279,-0.678582012999708
0.8725303221220939,2.1521351157244233,-0.6779248842720765,-0.678582012999708
0.8613324987216116,2.130047445439415,-0.6778833142040326,-0.678582012999708
0.8424691339259698,2.0939794072803557,-0.6778417441654371,-0.678582012999708
0.8750410568514939,2.078613841702213,-0.6778001740191154,-0.678582012999708
0.8508282422743094,2.055330844777229,-0.6777586037849881,-0.678582012999708
0.8624652342245034,2.021079060986703,-0.6777170335322488,-0.678582012999708
0.8461192493265888,2.036803738376537,-0.6776754632819986,-0.678582012999708
0.8886546343162853,2.0102109916558515,-0.6776338930267544,-0.678582012999708
0.8825416360123446,2.070226146819073,-0.677592322764086,-0.678582012999708
0.9183319286135805,2.06695365571156,-0.677550752498209,-0.678582012999708
0.8905291097314667,2.1068163896271583,-0.677509182232012,-0.678582012999708
0.8861642630193438,2.039695074388733,-0.6774676119656178,-0.678582012999708
0.9041016912919007,2.1004290902690017,-0.6774260416987005,-0.678582012999708
0.9067103474982798,2.1055422451902683,-0.6773844714314241,-0.678582012999708
0.9353891735533408,2.1822980017346127,-0.6773429011640506,-0.678582012999708
0.9354006034388147,2.180014329140724,-0.6773013308966593,-0.678582012999708
0.9012327625800873,2.145604907394487,-0.6772597606292353,-0.678582012999708
0.9468099887064165,2.1704450729606033,-0.6772181903617789,-0.678582012999708
0.9458438912451559,2.135830191010838,-0.6771766200943082,-0.678582012999708
0.9380820394509466,2.1311284668427524,-0.6771350498268343,-0.678582012999708
0.907731243410473,2.0974043046246362,-0.6770934795593581,-0.678582012999708
0.9111781562241927,2.0919963233251595,-0.6770519092918793,-0.678582012999708
0.9307880831368527,2.0856656653125047,-0.677010339024399,-0.678582012999708
0.9147848468176218,2.0776280986904068,-0.6769687687569181,-0.678582012999708
0.9520546170090209,2.082521646829911,-0.676927198489437,-0.678582012999708
0.964061141443894,2.0510624148621197,-0.6768856282219559,-0.678582012999708
0.9827715458721189,2.103512728521061,-0.6768440579544744,-0.678582012999708
0.9607523968595288,2.0918555807460963,-0.676802487686993,-0.678582012999708
0.9262144600421383,2.069433281465011,-0.6767609174195116,-0.678582012999708
0.9260082381179757,2.0118472807131296,-0.6767193471520301,-0.678582012999708
0.9405722620188064,2.0819293249628763,-0.6766777768845486,-0.678582012999708
0.9488455774686764,2.0682980732899727,-0.676636206617067,-0.678582012999708
0.9657978831630509,2.0461533280162074,-0.6765946363495855,-0.678582012999708
0.9706507783026657,2.0260722975186463,-0.676553066082104,-0.678582012999708
0.9656290777042789,2.0070018691699234,-0.6765114958146224,-0.678582012999708
0.9676412904720162,2.0036007334561585,-0.6764699255471409,-0.678582012999708
0.9781379531045169,1.979769209555218,-0.6764283552796594,-0.678582012999708
0.9851088626561566,1.9419142966185305,-0.6763867850121779,-0.678582012999708
0.9646084763246361,1.957846881091595,-0.6763452147446963,-0.678582012999708
0.9716282969023655,1.9450637433841118,-0.6763036444772148,-0.678582012999708
0.9664999304229211,1.9413808218950321,-0.6762620742097333,-0.678582012999708
0.9857316131499287,1.936962222757794,-0.6762205039422517,-0.678582012999708
0.9597538119934053,1.9160541672876912,-0.6761789336747702,-0.678582012999708
0.9479745806011819,1.995734010820841,-0.6761373634072887,-0.678582012999708
0.9158407741685337,1.9601158424303642,-0.6760957931398072,-0.678582012999708
0.9176872185307308,1.9708477130447113,-0.6760542228723256,-0.678582012999708
0.882583640157804,1.9489461730161866,-0.6760126526048441,-0.678582012999708
0.8988847190918339,1.9915733222850471,-0.6759710823373626,-0.678582012999708
0.9195686705281951,1.997481217408395,-0.675929512069881,-0.678582012999708
0.9060335552825309,1.9845271598585754,-0.6758879418023995,-0.678582012999708
0.9532584087919775,2.006665791366782,-0.675846371534918,-0.678582012999708
0.9625764828722938,2.027845983740572,-0.6758048012674365,-0.678582012999708
0.9748027920611166,2.082463575368836,-0.675763230999955,-0.678582012999708
0.9885118822964742,2.102896240631541,-0.6757216607324734,-0.678582012999708
0.9795396722254766,2.059055957017265,-0.6756800904649919,-0.678582012999708
0.9877065618841221,2.0929488479360874,-0.6756385201975104,-0.678582012999708
0.986428599229288,2.0976630810847534,-0.6755969499300288,-0.678582012999708
0.9817482105633117,2.1232681428666837,-0.6755553796625473,-0.678582012999708
0.9891358751946546,2.1249062747788203,-0.6755138093950658,-0.678582012999708
0.95865177091274,2.0808486914173425,-0.6754722391275843,-0.678582012999708
0.9786729458954104,2.1062631308880797,-0.6754306688601027,-0.678582012999708
0.9801111584240183,2.129352652159233,-0.6753890985926212,-0.678582012999708
0.9893767961138447,2.131832670990668,-0.6753475283251397,-0.678582012999708
0.9972469585527719,2.1396807573147574,-0.6753059580576581,-0.678582012999708
0.9871163121352067,2.125269434238468,-0.6752643877901766,-0.678582012999708
0.9845160669825395,2.125649787830213,-0.6752228175226951,-0.678582012999708
0.9956222806125798,2.1202963786471534,-0.6751812472552136,-0.678582012999708
0.9611104556219336,2.0909523291371084,-0.675139676987732,-0.678582012999708
0.8973168096867878,2.044298878799587,-0.6750981067202505,-0.678582012999708
0.9194880389776856,2.0689067360531457,-0.675056536452769,-0.678582012999708
0.9225303384568528,2.0716183545429474,-0.6750149661852874,-0.678582012999708
0.8097046463071736,1.852157368223002,-0.6749733959178059,-0.678582012999708
0.7701153157363478,1.7982728410577362,-0.6749318256503244,-0.678582012999708
0.7603237654318453,1.797822213397269,-0.6748902553828429,-0.678582012999708
0.7355063124958943,1.7638216718507538,-0.6748486851153613,-0.678582012999708
0.7166911863005718,1.754875011093689,-0.6748071148478798,-0.678582012999708
0.7496459820320456,1.7701752080918656,-0.6747655445803983,-0.678582012999708
0.83022316051952,1.8364017068603087,-0.6747239743129168,-0.678582012999708
0.8771563494706163,1.9422618677552905,-0.6746824040454352,-0.678582012999708
0.698615329497587,1.7070187559966405,-0.6746408337779537,-0.678582012999708
0.7952000474030994,1.753906324197204,-0.6745992635104722,-0.678582012999708
0.8662816066887857,1.8719825652448134,-0.6745576932429906,-0.678582012999708
0.8655538655055299,1.945582675775666,-0.6745161229755091,-0.678582012999708
0.7736283912785509,1.7458890296342056,-0.6744745527080276,-0.678582012999708
0.745806969085824,1.710535205867384,-0.6744329824405461,-0.678582012999708
0.7280648448625247,1.6701731650723528,-0.6743914121730645,-0.678582012999708
0.6970857133134267,1.7013613467564834,-0.674349841905583,-0.678582012999708
0.7034262176182724,1.7022693839818888,-0.6743082716381015,-0.678582012999708
0.5859433902924355,1.6592836774453457,-0.67426670137062,-0.678582012999708
0.47051679949275427,1.6344327391535693,-0.6742251311031384,-0.678582012999708
0.5732848637401549,1.6529077790245352,-0.6741835608356569,-0.678582012999708
0.8060147501830072,1.7588782098826141,-0.6741419905681754,-0.678582012999708
0.7502589460281153,1.6914570197527545,-0.6741004203006938,-0.678582012999708
0.7307602242666275,1.662248545721238,-0.6740588500332123,-0.678582012999708
0.7772062681901442,1.6849892615130202,-0.6740172797657308,-0.678582012999708
0.826211552755743,1.7400356810909594,-0.6739757094982493,-0.678582012999708
0.8171988630562428,1.7319166534082466,-0.6739341392307677,-0.678582012999708
0.8201285547978772,1.7183284966783094,-0.6738925689632862,-0.678582012999708
0.8398128328688146,1.7196604440674128,-0.6738509986958047,-0.678582012999708
0.8025928729725719,1.6672608371356352,-0.6738094284283231,-0.678582012999708
0.8290719391514174,1.7008601488450394,-0.6737678581608416,-0.678582012999708
0.9324337733598249,1.7826600041559773,-0.6737262878933601,-0.678582012999708
0.922792536115119,1.8065249256392326,-0.6736847176258786,-0.678582012999708
0.9269392525688613,1.8075642707546562,-0.673643147358397,-0.678582012999708
0.8866396346924081,1.7636492621487099,-0.6736015770909155,-0.678582012999708
0.9021585798832172,1.756042605554774,-0.673560006823434,-0.678582012999708
0.8882162233547886,1.7465795502449795,-0.6735184365559524,-0.678582012999708
0.885994685679147,1.726809801665091,-0.6734768662884709,-0.678582012999708
0.9185437337501658,1.7502120370666194,-0.6734352960209894,-0.678582012999708
0.8566294302032604,1.7087816626848857,-0.6733937257535079,-0.678582012999708
0.7229959915569202,1.59232012296368,-0.6733521554860263,-0.678582012999708
0.7258016431179615,1.573244006393276,-0.6733105852185448,-0.678582012999708
0.6970399157835607,1.555332260697693,-0.6732690149510633,-0.678582012999708
0.7380537446747221,1.5809615353467144,-0.6732274446835818,-0.678582012999708
0.8184834883039303,1.6390142819416134,-0.6731858744161002,-0.678582012999708
0.7545851746006054,1.6099018572483743,-0.6731443041486187,-0.678582012999708
0.7044288904387939,1.575096851042339,-0.6731027338811372,-0.678582012999708
0.8034637097795281,1.6718559324400766,-0.6730611636136556,-0.678582012999708
0.810697430142724,1.687975582724526,-0.6730195933461741,-0.678582012999708
0.8261484761449744,1.7043231649938084,-0.6729780230786926,-0.678582012999708
0.8114950903455576,1.726778557649035,-0.6729364528112111,-0.678582012999708
0.8412607750813033,1.7496926151088308,-0.6728948825437295,-0.678582012999708
0.8155058008943634,1.7838157472121514,-0.672853312276248,-0.678582012999708
0.8050155159172132,1.766517768637502,-0.6728117420087665,-0.678582012999708
0.8322996249294341,1.8011803127055643,-0.672770171741285,-0.678582012999708
0.8622971697572079,1.8568457794052002,-0.6727286014738034,-0.678582012999708
0.855785156798111,1.89876641441385,-0.6726870312063219,-0.678582012999708
0.817916927936924,1.8447741584615278,-0.6726454609388404,-0.678582012999708
0.8097683863728695,1.8508285869225796,-0.6726038906713588,-0.678582012999708
0.8143814472467239,1.8315228009260063,-0.6725623204038773,-0.678582012999708
0.8441598165420405,1.8607475949164591,-0.6725207501363958,-0.678582012999708
0.8581858060765066,1.8707349306415944,-0.6724791798689143,-0.678582012999708
0.8712964685677957,1.894987366596858,-0.6724376096014327,-0.678582012999708
0.8932784478618487,1.9268653405408067,-0.6723960393339512,-0.678582012999708
0.9276457610652076,1.9490984038511916,-0.6723544690664697,-0.678582012999708
0.9353290312721387,1.9589680180213493,-0.6723128987989881,-0.678582012999708
0.958193088280819,1.9834538736318186,-0.6722713285315066,-0.678582012999708
0.9315155901021894,1.9588309541849094,-0.6722297582640251,-0.678582012999708
0.9387294705002553,2.009750610755378,-0.6721881879965436,-0.678582012999708
0.931917107579918,1.9944791521846041,-0.672146617729062,-0.678582012999708
0.9309791032056873,2.00458710707414,-0.6721050474615805,-0.678582012999708
0.9343862193016885,2.006280243915199,-0.672063477194099,-0.678582012999708
0.9345772431726493,2.00534716136902,-0.6720219069266175,-0.678582012999708
0.9372083007256558,2.0044133185266246,-0.6719803366591359,-0.678582012999708
0.9421363835255652,2.032105902439847,-0.6719387663916544,-0.678582012999708
0.934589354824958,2.0270467518388022,-0.6718971961241729,-0.678582012999708
0.9477697452956764,2.0639520947951855,-0.6718556258566913,-0.678582012999708
0.9209096390789608,2.069811936002849,-0.6718140555892098,-0.678582012999708
0.8717801854552796,1.985002100904138,-0.6717724853217283,-0.678582012999708
0.8621283032444664,1.9819728674509907,-0.6717309150542468,-0.678582012999708
0.8868973707522676,2.012791519154133,-0.6716893447867652,-0.678582012999708
0.8965492028082465,2.035598025315312,-0.6716477745192837,-0.678582012999708
0.9429034313339313,2.131654986087266,-0.6716062042518022,-0.678582012999708
0.9736988879668627,2.146427135348578,-0.6715646339843206,-0.678582012999708
0.9595524525056731,2.1498505378530397,-0.6715230637168391,-0.678582012999708
0.951382509689708,2.151917434935936,-0.6714814934493576,-0.678582012999708
0.9509828848163995,2.1535008199493344,-0.6714399231818761,-0.678582012999708
0.943816326213434,2.1399284562992924,-0.6713983529143945,-0.678582012999708
0.9709146259067571,2.1546202906135092,-0.671356782646913,-0.678582012999708
0.9356200664243406,2.1257939513282422,-0.6713152123794315,-0.678582012999708
0.9118846479376534,2.116426357349018,-0.67127364211195,-0.678582012999708
0.9221070296134082,2.192338855274027,-0.6712320718444684,-0.678582012999708
0.9461763830661833,2.183459403661654,-0.6711905015769869,-0.678582012999708
0.9426817373308938,2.1628929315666094,-0.6711489313095054,-0.678582012999708
0.9410075824516793,2.1528414409029613,-0.6711073610420238,-0.678582012999708
0.9306652858517492,2.158796963810378,-0.6710657907745423,-0.678582012999708
0.8993917875596353,2.1220762325896847,-0.6710242205070608,-0.678582012999708
0.9125758508739514,2.1369295574951046,-0.6709826502395793,-0.678582012999708
0.9266190661656923,2.182631742472832,-0.6709410799720977,-0.678582012999708
0.925380385394742,2.1680661383029265,-0.6708995097046162,-0.678582012999708
0.9519651611763147,2.154282855815761,-0.6708579394371347,-0.678582012999708
0.9558456983248769,2.1659235370822874,-0.6708163691696531,-0.678582012999708
0.9714203630580664,2.138518655854962,-0.6707747989021716,-0.678582012999708
0.9711668859318756,2.1353971002484378,-0.6707332286346901,-0.678582012999708
0.9888074164817782,2.148836289363248,-0.6706916583672086,-0.678582012999708
1.0043517992634672,2.1443761912303057,-0.670650088099727,-0.678582012999708
0.9940989992079621,2.143262301459199,-0.6706085178322455,-0.678582012999708
0.9655677373294882,2.1271380478753232,-0.670566947564764,-0.678582012999708
0.9826384281214444,2.145505166361402,-0.6705253772972825,-0.678582012999708
0.9856013464789217,2.1462919521298245,-0.6704838070298009,-0.678582012999708
0.9951079170595079,2.149135192986949,-0.6704422367623194,-0.678582012999708
0.9808433728954675,2.1497228355374176,-0.6704006664948379,-0.678582012999708
0.9924183288792068,2.1435692935782082,-0.6703590962273563,-0.678582012999708
0.9949314497681285,2.143949304798723,-0.6703175259598748,-0.678582012999708
0.9956715782654053,2.1443553122248487,-0.6702759556923933,-0.678582012999708
0.9763646567371864,2.1537438563900593,-0.6702343854249118,-0.678582012999708
0.9610980313734305,2.1607351249453823,-0.6701928151574302,-0.678582012999708
0.9617172012117419,2.171971646427592,-0.6701512448899487,-0.678582012999708
0.9347369343766263,2.178837423038173,-0.6701096746224672,-0.678582012999708
0.9586190254699936,2.172797659994522,-0.6700681043549856,-0.678582012999708
0.9804308413766898,2.134075251068646,-0.6700265340875041,-0.678582012999708
0.9823231283953742,2.144244249636219,-0.6699849638200226,-0.678582012999708
0.979636331850174,2.1566248693210737,-0.6699433935525411,-0.678582012999708
0.9884144043250844,2.1634459212280457,-0.6699018232850595,-0.678582012999708
0.9765343408415867,2.1625033315874282,-0.669860253017578,-0.678582012999708
0.984850268509617,2.1711447783597624,-0.6698186827500965,-0.678582012999708
0.9839357773936508,2.171942597939855,-0.669777112482615,-0.678582012999708
0.9954523504042128,2.1747440541329843,-0.6697355422151334,-0.678582012999708
1.0109876026489408,2.153423573877389,-0.6696939719476519,-0.678582012999708
1.0211886661949654,2.1577932765625776,-0.6696524016801704,-0.678582012999708
1.0227883020648616,2.171597516968137,-0.6696108314126888,-0.678582012999708
1.025814160835785,2.173390187377022,-0.6695692611452073,-0.678582012999708
1.025178202065785,2.176216459924267,-0.6695276908777258,-0.678582012999708
1.0157382898324947,2.176216459924267,-0.6694861206102443,-0.678582012999708
0.9891345156473712,2.180854170177664,-0.6694445503427627,-0.678582012999708
0.9154652266221808,2.147204809816368,-0.6694029800752812,-0.678582012999708
0.9401482470002474,2.187795431664211,-0.6693614098077997,-0.678582012999708
0.9717454385970676,2.1776882105812887,-0.6693198395403182,-0.678582012999708
0.9642542488133348,2.171182570329993,-0.6692782692728366,-0.678582012999708
0.9301039061352425,2.1741588351550805,-0.6692366990053551,-0.678582012999708
0.9494350032713621,2.172986572853415,-0.6691951287378736,-0.678582012999708
0.9483668834241759,2.174905359495254,-0.669153558470392,-0.678582012999708
0.9491175324808345,2.168167713196763,-0.6691119882029105,-0.678582012999708
0.8918003295663155,2.131989892841589,-0.669070417935429,-0.678582012999708
0.924131076393178,2.1891765986521596,-0.6690288476679475,-0.678582012999708
0.9776927979066912,2.1819228300537383,-0.6689872774004659,-0.678582012999708
0.9770817586664267,2.164749198808815,-0.6689457071329844,-0.678582012999708
0.9976745836583856,2.1741424544107866,-0.6689041368655029,-0.678582012999708
1.0074791912348038,2.1656772991785243,-0.6688625665980213,-0.678582012999708
1.0041994971663497,2.163488936103268,-0.6688209963305398,-0.678582012999708
0.9780607397274506,2.1676970374013957,-0.6687794260630583,-0.678582012999708
0.9917440598339413,2.1722784723322115,-0.6687378557955768,-0.678582012999708
0.9913826224155107,2.166013681709509,-0.6686962855280952,-0.678582012999708
0.9780985731497496,2.173133054574073,-0.6686547152606137,-0.678582012999708
0.9537275501768534,2.1504683174215433,-0.6686131449931322,-0.678582012999708
0.9578031608268793,2.161411010798696,-0.6685715747256507,-0.678582012999708
0.9906404488021563,2.1520808543588696,-0.6685300044581691,-0.678582012999708
0.9915746806093844,2.146619188870961,-0.6684884341906876,-0.678582012999708
0.95313058381236,2.151356818086717,-0.6684468639232061,-0.678582012999708
1.3348651199052772,2.4988773064478704,-0.6602650321111513,-0.6600074968034745
1.3428807851597364,2.5297651596433344,-0.6601253574210554,-0.6600074968034745
1.3219991615394504,2.523144784876933,-0.6600095103468498,-0.6600074968034745
1.33355659206827,2.5027158007922323,-0.659879956820722,-0.6600074968034745
1.2477001714534974,2.4793946304084757,-0.6595206115065156,-0.6600074968034745
1.291062994335,2.52768174140381,-0.6594957769966435,-0.6600074968034745
1.3656412183184758,2.523439531487734,-0.6594310201850642,-0.6600074968034745
1.4155438602841364,2.5174643649758197,-0.6593737563191036,-0.6600074968034745
1.36112592181275,2.531795862336609,-0.6593148623017615,-0.6600074968034745
1.3975661981979266,2.518486954226381,-0.6592509946874,-0.6600074968034745
1.3526347543676558,2.5149137898655165,-0.659205305493715,-0.6600074968034745
1.3653426055000557,2.5011531807893794,-0.6591567644770702,-0.6600074968034745
1.340911591354775,2.4928217961703028,-0.6591091254025382,-0.6600074968034745
1.3756161820233272,2.48239147426117,-0.6590615030840086,-0.6600074968034745
1.454935191682713,2.4989706958475564,-0.6590140332980966,-0.6600074968034745
1.4256542020858527,2.5262952938606738,-0.6589675322645678,-0.6600074968034745
1.4364761229325012,2.505209912392536,-0.6589208649683608,-0.6600074968034745
1.4081285294368662,2.4945335089656013,-0.6588742852878048,-0.6600074968034745
1.4584098965536634,2.5290658081133137,-0.6588277212738896,-0.6600074968034745
1.4778262366979449,2.528907150039305,-0.6587811893822262,-0.6600074968034745
1.5516083468831832,2.567593783120314,-0.6587347091246153,-0.6600074968034745
1.5586302876004847,2.551916496111796,-0.6586882211730356,-0.6600074968034745
1.5343955563009681,2.547750741647859,-0.6586417409252652,-0.6600074968034745
1.5152463456647163,2.5493436545271138,-0.6585952628916851,-0.6600074968034745
1.507682906628401,2.563314226435198,-0.6585487879907024,-0.6600074968034745
1.5066585600026123,2.599885769195026,-0.6585023159212152,-0.6600074968034745
1.4686057881403032,2.566112688166754,-0.6584558436492973,-0.6600074968034745
1.411196067731906,2.5234465488888165,-0.6584093720173011,-0.6600074968034745
1.5054930706112115,2.540227532270626,-0.6583629006173304,-0.6600074968034745
1.486670573512267,2.5510502228825462,-0.6583164294734315,-0.6600074968034745
1.48712326652521,2.561626921351939,-0.6582699584948833,-0.6600074968034745
1.4974758798091172,2.562408081779913,-0.6582234875273807,-0.6600074968034745
1.4727937365464705,2.565696693323815,-0.6581770166112519,-0.6600074968034745
1.4478741710864174,2.5830917135770357,-0.6581305457165333,-0.6600074968034745
1.4779529684078272,2.6077207377710385,-0.6580840748414807,-0.6600074968034745
1.4420314080246022,2.6067633071261067,-0.6580376039770007,-0.6600074968034745
1.418948905973834,2.6371038712089363,-0.6579911331150708,-0.6600074968034745
0.9004788453786849,2.4479924678382763,-0.6579446622571864,-0.6600074968034745
1.072456038325211,2.4321158368667675,-0.657898191401154,-0.6600074968034745
1.0300610775184407,2.4318147032738433,-0.6578517205466061,-0.6600074968034745
0.8537611406065778,2.4224490760993653,-0.657805249692802,-0.6600074968034745
0.7757172626425017,2.3676671948555907,-0.657758778839298,-0.6600074968034745
1.0093231892164052,2.444226722657045,-0.6577123079861098,-0.6600074968034745
1.0772486385867368,2.429879971268942,-0.6576658371330764,-0.6600074968034745
1.138290170518331,2.5325769965140856,-0.6576193662801555,-0.6600074968034745
1.1723702436190757,2.5291428826482787,-0.657572895427291,-0.6600074968034745
1.1553821724681848,2.5556785711441043,-0.6575264245744559,-0.6600074968034745
0.9273459539621605,2.4396710505907837,-0.6574799537216454,-0.6600074968034745
0.9725413327531809,2.489185292235753,-0.6574334828688475,-0.6600074968034745
1.0495434624779045,2.519482762340515,-0.6573870120160583,-0.6600074968034745
1.0371461649220535,2.476090172212275,-0.6573405411632736,-0.6600074968034745
1.1769285250506278,2.5273873427226423,-0.6572940703104915,-0.6600074968034745
1.2693741192984807,2.600081088872183,-0.6572475994577113,-0.6600074968034745
1.314702225153636,2.6631252191114045,-0.6572011286049322,-0.6600074968034745
1.293474672123618,2.604051461470505,-0.6571546577521538,-0.6600074968034745
1.2987076972673985,2.583242105587134,-0.6571081868993757,-0.6600074968034745
1.263728782941992,2.5997872574300986,-0.6570617160465978,-0.6600074968034745
1.2707755557512275,2.5750943049277577,-0.65701524519382,-0.6600074968034745
1.1685150020021755,2.500183241404238,-0.6569687743410424,-0.6600074968034745
1.1505559853309961,2.5076016016971496,-0.6569223034882649,-0.6600074968034745
1.189961851743989,2.493104248759292,-0.6568758326354873,-0.6600074968034745
1.1918917068915549,2.517529438929898,-0.6568293617827098,-0.6600074968034745
1.265128563405885,2.586669493922165,-0.6567828909299323,-0.6600074968034745
1.2932387608801164,2.5681830497270535,-0.6567364200771547,-0.6600074968034745
1.2956380825519886,2.5707067964162142,-0.6566899492243772,-0.6600074968034745
1.3227512842545563,2.5516485548104555,-0.6566434783715996,-0.6600074968034745
1.3554372464539826,2.5681370687172524,-0.6565970075188221,-0.6600074968034745
1.3103836280065835,2.5470836804395627,-0.6565505366660446,-0.6600074968034745
1.3674642859487431,2.5585191986645963,-0.656504065813267,-0.6600074968034745
1.404761541207057,2.5875137254879585,-0.6564575949604895,-0.6600074968034745
1.3923504028517475,2.592724924257823,-0.656411124107712,-0.6600074968034745
1.3815375011482702,2.6030493276601745,-0.6563646532549344,-0.6600074968034745
1.3540646122965792,2.5813689824229185,-0.6563181824021569,-0.6600074968034745
1.3509578927723278,2.5699025461560194,-0.6562717115493794,-0.6600074968034745
1.3759526338787227,2.6059908548479984,-0.6562252406966018,-0.6600074968034745
1.2803718643894741,2.5836178185826255,-0.6561787698438243,-0.6600074968034745
1.2819761940447103,2.5939383534675544,-0.6561322989910467,-0.6600074968034745
1.268140967514718,2.5891188377227103,-0.6560858281382692,-0.6600074968034745
1.282585063123946,2.5597200977979124,-0.6560393572854917,-0.6600074968034745
1.334369824935638,2.5950350260819706,-0.6559928864327141,-0.6600074968034745
1.2060593652758023,2.588062644986879,-0.6559464155799366,-0.6600074968034745
1.261740403251728,2.567625206518741,-0.6558999447271591,-0.6600074968034745
1.2865868504829752,2.5759727239296546,-0.6558534738743815,-0.6600074968034745
1.2968017975502344,2.575501018930049,-0.655807003021604,-0.6600074968034745
1.2977286241338049,2.5744776669825824,-0.6557605321688265,-0.6600074968034745
1.267627353161897,2.5734177815999306,-0.6557140613160489,-0.6600074968034745
1.2755820087733902,2.5759727239296546,-0.6556675904632714,-0.6600074968034745
1.3043458348288013,2.577612790434133,-0.6556211196104939,-0.6600074968034745
1.2760771441571026,2.571365107862722,-0.6555746487577163,-0.6600074968034745
1.3188626684473845,2.576680016883782,-0.6555281779049388,-0.6600074968034745
1.26364564349143,2.5721883600638025,-0.6554817070521612,-0.6600074968034745
1.2621780879606965,2.5617138083860986,-0.6554352361993837,-0.6600074968034745
1.2857202347969967,2.5699073353296233,-0.6553887653466062,-0.6600074968034745
1.2861451954476706,2.5579918946510265,-0.6553422944938286,-0.6600074968034745
1.3521812995842677,2.553910059897672,-0.6552958236410511,-0.6600074968034745
1.317401003394468,2.555328694948128,-0.6552493527882736,-0.6600074968034745
1.343999421903557,2.5482232540931014,-0.655202881935496,-0.6600074968034745
1.3463448411216183,2.537921852974664,-0.6551564110827185,-0.6600074968034745
1.2845045260999783,2.5315953092262857,-0.655109940229941,-0.6600074968034745
1.3055641563629035,2.555336266526154,-0.6550634693771634,-0.6600074968034745
1.305799915910156,2.5574315849627762,-0.6550169985243859,-0.6600074968034745
1.3291979493443231,2.546251984454991,-0.6549705276716083,-0.6600074968034745
1.3261803958991667,2.552622529444895,-0.6549240568188308,-0.6600074968034745
1.3609793600365063,2.5131103009162366,-0.6548775859660533,-0.6600074968034745
1.29759049390886,2.509060007470649,-0.6548311151132757,-0.6600074968034745
1.29335634550565,2.50776914610247,-0.6547846442604982,-0.6600074968034745
1.2129073481767025,2.4282120858806393,-0.6547381734077207,-0.6600074968034745
1.106691096667512,2.428461220118443,-0.6546917025549431,-0.6600074968034745
1.269560150577192,2.453560931468475,-0.6546452317021656,-0.6600074968034745
1.2741409199277913,2.410476834809023,-0.6545987608493881,-0.6600074968034745
1.1582453643050632,2.393068166825215,-0.6545522899966105,-0.6600074968034745
1.2923145876920425,2.4217961695238635,-0.654505819143833,-0.6600074968034745
1.3579002737530903,2.5209799206433714,-0.6544593482910555,-0.6600074968034745
1.3295386492218448,2.522262894012334,-0.6544128774382779,-0.6600074968034745
1.3349578556856754,2.499919492739242,-0.6543664065855004,-0.6600074968034745
1.3776399200125757,2.5028668342210865,-0.6543199357327228,-0.6600074968034745
1.267787541897986,2.4094737364098116,-0.6542734648799453,-0.6600074968034745
1.2865807109881486,2.4907592366514617,-0.6542269940271678,-0.6600074968034745
1.1911434363028008,2.4023340368513946,-0.6541805231743902,-0.6600074968034745
1.1343834478446333,2.4292367018590766,-0.6541340523216127,-0.6600074968034745
0.9926997193901441,2.3947299930715293,-0.6540875814688352,-0.6600074968034745
1.19278281670621,2.4411127794826712,-0.6540411106160576,-0.6600074968034745
1.2138774087597344,2.4156136607770806,-0.6539946397632801,-0.6600074968034745
1.1396960037309745,2.438833743854829,-0.6539481689105026,-0.6600074968034745
1.2179452167790545,2.4574277892860152,-0.653901698057725,-0.6600074968034745
1.202069546456195,2.4210566547358714,-0.6538552272049475,-0.6600074968034745
1.1776917468588681,2.4067789499208017,-0.65380875635217,-0.6600074968034745
1.2588957104176264,2.413704395080078,-0.6537622854993924,-0.6600074968034745
1.2227875338728371,2.395289462034373,-0.6537158146466149,-0.6600074968034745
1.0253572075841788,2.406920889966726,-0.6536693437938373,-0.6600074968034745
1.1133728279303388,2.4104665023615355,-0.6536228729410598,-0.6600074968034745
1.1879388289599813,2.4110126678391977,-0.6535764020882823,-0.6600074968034745
1.2085924975060787,2.425906949623891,-0.6535299312355047,-0.6600074968034745
1.172828733490259,2.4169908673807665,-0.6534834603827272,-0.6600074968034745
1.181869575848182,2.4225127198541845,-0.6534369895299497,-0.6600074968034745
1.164051935932252,2.4447762765531427,-0.6533905186771721,-0.6600074968034745
1.236462176964804,2.457536230360704,-0.6533440478243946,-0.6600074968034745
1.0951888859942909,2.4364358138811015,-0.6532975769716171,-0.6600074968034745
1.1288667283850926,2.4365912692717138,-0.6532511061188395,-0.6600074968034745
0.9648810858417338,2.3860942130457787,-0.653204635266062,-0.6600074968034745
0.9495688672102851,2.406767647054169,-0.6531581644132844,-0.6600074968034745
0.6948648571898715,2.3465445611845874,-0.6531116935605069,-0.6600074968034745
0.5058658621694664,2.342549476004782,-0.6530652227077294,-0.6600074968034745
0.7220381233381565,2.342549476004782,-0.6530187518549518,-0.6600074968034745
0.5268637249332973,2.3394189441076345,-0.6529722810021743,-0.6600074968034745
0.4699262796169281,2.343308839447441,-0.6529258101493968,-0.6600074968034745
0.6337457131227605,2.3467270746302034,-0.6528793392966192,-0.6600074968034745
0.38510854348622375,2.3512581505647727,-0.6528328684438417,-0.6600074968034745
0.5048146500054801,2.3426961308192635,-0.6527863975910642,-0.6600074968034745
0.6354582944069891,2.350161353515727,-0.6527399267382866,-0.6600074968034745
0.6738562844276363,2.3311276426684286,-0.6526934558855091,-0.6600074968034745
0.3736959066505522,2.348744096137228,-0.6526469850327316,-0.6600074968034745
0.23299707751717438,2.343426968472344,-0.652600514179954,-0.6600074968034745
0.32275164189680383,2.3533824285339735,-0.6525540433271765,-0.6600074968034745
0.2926514850123597,2.3899521877737273,-0.652507572474399,-0.6600074968034745
0.09913987360364712,2.4008986707897413,-0.6524611016216214,-0.6600074968034745
0.06522868360279571,2.4229469296598167,-0.6524146307688439,-0.6600074968034745
0.08368810498958718,2.371837948359194,-0.6523681599160663,-0.6600074968034745
0.3413771065437655,2.405736989246183,-0.6523216890632888,-0.6600074968034745
0.35875786623656936,2.3727297438283754,-0.6522752182105113,-0.6600074968034745
0.506878172260453,2.359850138939562,-0.6522287473577337,-0.6600074968034745
0.574064568747093,2.370342121498925,-0.6521822765049562,-0.6600074968034745
0.6791203466950367,2.363083823240938,-0.6521358056521787,-0.6600074968034745
0.5572660768875243,2.363260456499599,-0.6520893347994011,-0.6600074968034745
0.3086652443670317,2.392315687989431,-0.6520428639466236,-0.6600074968034745
0.42688844676393944,2.375929826950269,-0.651996393093846,-0.6600074968034745
0.36176598243808983,2.3888363075166463,-0.6519499222410685,-0.6600074968034745
0.4861338883004207,2.384443206245936,-0.651903451388291,-0.6600074968034745
0.5146445761166802,2.377916660165029,-0.6518569805355134,-0.6600074968034745
0.389498916343581,2.3846068137538805,-0.6518105096827359,-0.6600074968034745
0.42495972866233284,2.381105909203726,-0.6517640388299584,-0.6600074968034745
0.24866045879270837,2.364831064648227,-0.6517175679771808,-0.6600074968034745
0.13461840582654994,2.3624082518244887,-0.6516710971244033,-0.6600074968034745
0.30393099368330817,2.360842033780412,-0.6516246262716258,-0.6600074968034745
0.34572543138954426,2.3919441611478245,-0.6515781554188482,-0.6600074968034745
0.4053405366281016,2.42865054196847,-0.6515316845660707,-0.6600074968034745
0.3873414241657461,2.4284398516688,-0.6514852137132932,-0.6600074968034745
0.29589540305499046,2.4305005845102916,-0.6514387428605156,-0.6600074968034745
0.7042457138052958,2.4506477249337486,-0.6513922720077381,-0.6600074968034745
0.7809435117411316,2.492540488548403,-0.6513458011549605,-0.6600074968034745
0.7942618983760004,2.4567977057560015,-0.651299330302183,-0.6600074968034745
0.8754452916455944,2.480303023514293,-0.6512528594494055,-0.6600074968034745
0.8577276080383538,2.464844160693032,-0.6512063885966279,-0.6600074968034745
0.8998628042599477,2.4648194170168463,-0.6511599177438504,-0.6600074968034745
0.974624253769707,2.472650173085076,-0.6511134468910729,-0.6600074968034745
1.0000065849398663,2.501891202978671,-0.6510669760382953,-0.6600074968034745
0.9372600630063237,2.503875284597987,-0.6510205051855178,-0.6600074968034745
0.9332597375534097,2.519010113529742,-0.6509740343327403,-0.6600074968034745
0.8862686087875411,2.514432411648924,-0.6509275634799627,-0.6600074968034745
0.8755712386501229,2.511540766330938,-0.6508810926271852,-0.6600074968034745
0.8920324020729902,2.4980069726920235,-0.6508346217744077,-0.6600074968034745
0.996496481668659,2.4692359578474097,-0.6507881509216301,-0.6600074968034745
0.9481223451847758,2.455688479012622,-0.6507416800688526,-0.6600074968034745
1.0607101842916171,2.4695851300932983,-0.650695209216075,-0.6600074968034745
1.0243185926200025,2.4571789340042804,-0.6506487383632975,-0.6600074968034745
0.8749047511734096,2.424179969069504,-0.65060226751052,-0.6600074968034745
0.9261564159792843,2.4345349972510073,-0.6505557966577424,-0.6600074968034745
0.837556886785317,2.426555826650434,-0.6505093258049649,-0.6600074968034745
0.7757237909551536,2.4297078329984085,-0.6504628549521874,-0.6600074968034745
0.8441847114272139,2.4577083376860727,-0.6504163840994098,-0.6600074968034745
0.847600535426569,2.4616578996850302,-0.6503699132466323,-0.6600074968034745
0.5419271324582365,2.4557358079568656,-0.6503234423938548,-0.6600074968034745
0.6220694063444198,2.4854858753952636,-0.6502769715410772,-0.6600074968034745
0.6387143114957988,2.4317828612201664,-0.6502305006882997,-0.6600074968034745
0.6257658786213887,2.407814984405506,-0.6501840298355221,-0.6600074968034745
0.6218392434083672,2.4168905228364013,-0.6501375589827446,-0.6600074968034745
0.7277764598124837,2.4494665859811753,-0.6500910881299671,-0.6600074968034745
0.7097450401122338,2.441669156022196,-0.6500446172771895,-0.6600074968034745
0.6276238245425334,2.4426408710751186,-0.649998146424412,-0.6600074968034745
0.8127734060732643,2.454530820913439,-0.6499516755716345,-0.6600074968034745
0.4875252045687895,2.416993806996697,-0.6499052047188569,-0.6600074968034745
0.4848778771674558,2.3924817228162967,-0.6498587338660794,-0.6600074968034745
0.4103669230376701,2.4008138385402704,-0.6498122630133019,-0.6600074968034745
0.6445163572918648,2.472594903027254,-0.6497657921605243,-0.6600074968034745
0.31485551152944147,2.4590724458987747,-0.6497193213077468,-0.6600074968034745
0.2952761548845111,2.341307420561238,-0.6496728504549693,-0.6600074968034745
0.1091264993323195,2.2895176653559246,-0.6496263796021917,-0.6600074968034745
-0.08276354599999286,2.2572256826385964,-0.6495799087494142,-0.6600074968034745
0.21792686858245092,2.266832506903236,-0.6495334378966366,-0.6600074968034745
0.1574084486693335,2.2719718522851773,-0.6494869670438591,-0.6600074968034745
-0.01128625234193359,2.254408949330686,-0.6494404961910816,-0.6600074968034745
0.142499649005702,2.260062568397276,-0.649394025338304,-0.6600074968034745
0.104500060878918,2.1869718014692503,-0.6493475544855265,-0.6600074968034745
0.15332518929153094,2.1902291313263156,-0.649301083632749,-0.6600074968034745
0.03390376568520348,2.192486406401036,-0.6492546127799714,-0.6600074968034745
0.11527479780545352,2.1913807893248776,-0.6492081419271939,-0.6600074968034745
-0.11152251785887962,2.191549493665733,-0.6491616710744164,-0.6600074968034745
0.12566418695004838,2.193069477722285,-0.6491152002216388,-0.6600074968034745
0.3708641458181829,2.2473302617514817,-0.6490687293688613,-0.6600074968034745
0.3755250073879614,2.256919495447942,-0.6490222585160837,-0.6600074968034745
0.46896922794177864,2.2546211856789933,-0.6489757876633062,-0.6600074968034745
0.3931875152450769,2.2451464225041415,-0.6489293168105287,-0.6600074968034745
0.37946356345566423,2.2582591322108794,-0.6488828459577511,-0.6600074968034745
0.4531836547885324,2.25528037238565,-0.6488363751049736,-0.6600074968034745
0.578328095246064,2.2542854215547132,-0.6487899042521961,-0.6600074968034745
0.6140324372291197,2.3238059305791743,-0.6487434333994185,-0.6600074968034745
0.6353792324549374,2.3435262484594865,-0.648696962546641,-0.6600074968034745
0.4018724774645758,2.216712535728538,-0.6486504916938635,-0.6600074968034745
0.48568144578534933,2.2419098134482587,-0.6486040208410859,-0.6600074968034745
0.5097550132398119,2.333524421835411,-0.6485575499883084,-0.6600074968034745
0.48584202100475526,2.3499766391105994,-0.6485110791355309,-0.6600074968034745
0.395733150961435,2.3157354080970323,-0.6484646082827533,-0.6600074968034745
0.48967770334465077,2.2847491682159444,-0.6484181374299758,-0.6600074968034745
0.5508825878466254,2.2651764910464176,-0.6483716665771982,-0.6600074968034745
0.6031661669906405,2.246335310920545,-0.6483251957244207,-0.6600074968034745
0.7565361576689925,2.3198537398223764,-0.6482787248716432,-0.6600074968034745
0.7544521406086089,2.314258674169052,-0.6482322540188656,-0.6600074968034745
0.7922717300986625,2.3978160530770505,-0.6481857831660881,-0.6600074968034745
0.670537020163483,2.3448961461032116,-0.6481393123133106,-0.6600074968034745
0.6106872378628878,2.291517770314682,-0.648092841460533,-0.6600074968034745
0.4869968542228271,2.239538176734005,-0.6480463706077555,-0.6600074968034745
1.0767011366437393,5.668918867349625,-0.49671850056710026,-0.49758472352287414
1.1221364648718777,5.719311322076708,-0.4964690052174834,-0.49758472352287414
0.7989161103947537,5.252288811604181,-0.49642183766030107,-0.49758472352287414
0.8193099320754282,5.21769567444211,-0.49607905679547304,-0.49758472352287414
0.7521400616837328,4.945271449367205,-0.4962965966201353,-0.49758472352287414
0.7634406306975678,5.066524737278621,-0.4960982318417786,-0.49758472352287414
0.8270261421161622,5.186064476194836,-0.49594499719187707,-0.49758472352287414
0.774626697123442,5.105672066058431,-0.49582919151398175,-0.49758472352287414
0.7762727013017456,5.116373827321189,-0.49567774477600973,-0.49758472352287414
0.6717399283465844,5.0580234022764925,-0.49559913500187974,-0.49758472352287414
0.5833489248043342,4.926865418735005,-0.4954694157458389,-0.49758472352287414
0.3312360084552126,4.794906727813539,-0.4953409509341056,-0.49758472352287414
0.47649301624811535,4.820459318762733,-0.49521847923449236,-0.49758472352287414
0.20031351944153108,4.742103502438182,-0.4950919183111197,-0.49758472352287414
0.1309918565038375,4.7733744927871795,-0.49497486263192453,-0.49758472352287414
0.3557714897214479,4.562790567630812,-0.4948515433850667,-0.49758472352287414
0.26718921979009247,4.4908249389273776,-0.49472777766602927,-0.49758472352287414
0.3272629516198733,4.552046801254861,-0.4946048935383613,-0.49758472352287414
0.4218307838875477,4.512025855558258,-0.4944815707937867,-0.49758472352287414
0.41387879431283214,4.319937516257877,-0.4943594962600075,-0.49758472352287414
0.4578304213030959,4.312364089436861,-0.49423665674111783,-0.49758472352287414
0.5757328757389956,4.302907232115279,-0.49411367824633645,-0.49758472352287414
0.48412822661761346,4.266986922923621,-0.4939908215398147,-0.49758472352287414
0.3424258009557648,4.183574953789835,-0.49386792258576107,-0.49758472352287414
0.47402136411406426,4.180852830364589,-0.4937451889439182,-0.49758472352287414
0.5891830998693153,4.122934138099353,-0.49362236230737194,-0.49758472352287414
0.5325449634602704,4.046684310785362,-0.49349950680289484,-0.49758472352287414
0.513133741344123,4.021735140334993,-0.4933766672005035,-0.49758472352287414
0.5667609334357198,4.029034198238736,-0.49325382434355614,-0.49758472352287414
0.621104738467414,3.947042288218225,-0.4931310036118004,-0.49758472352287414
0.6253406757345772,3.917143620371819,-0.4930081716506496,-0.49758472352287414
0.6358653209387559,3.918889567613602,-0.49288533448781074,-0.49758472352287414
0.626770214707372,3.872163856250899,-0.49276249927866844,-0.49758472352287414
0.7015880847702539,3.9120381433396108,-0.4926396639736099,-0.49758472352287414
0.6954971983792486,3.8317710003143275,-0.4925168316657915,-0.49758472352287414
0.7471778120958361,3.8510193943665154,-0.49239399801536654,-0.49758472352287414
0.8809835692951793,3.852129224382696,-0.49227116349343186,-0.49758472352287414
0.9826863277649194,3.792174147012688,-0.49214832919316487,-0.49758472352287414
0.9269218329108677,3.8399658920793303,-0.49202549492690445,-0.49758472352287414
0.7816970923921115,3.9237140984733903,-0.4919026610720186,-0.49758472352287414
0.5166260717789923,3.832444559269481,-0.4917798270590008,-0.49758472352287414
0.5240280286041761,3.8095371408481444,-0.49165699290625314,-0.49758472352287414
0.5782509236966437,3.8046775531730956,-0.4915341587755922,-0.49758472352287414
0.664177879204748,3.870331795283727,-0.4914113246557847,-0.49758472352287414
0.4628115305326854,3.807304448865709,-0.49128849059319846,-0.49758472352287414
0.4516004729131484,3.728428785158055,-0.49116565651241684,-0.49758472352287414
0.2970925948288743,3.5539496323452107,-0.4910428224098808,-0.49758472352287414
0.44001019155634014,3.7983749891292486,-0.4909199883089743,-0.49758472352287414
0.36511409783663273,3.8724214012055165,-0.49079715421034653,-0.49758472352287414
0.4485554814523802,3.79926713110341,-0.4906743201197817,-0.49758472352287414
0.23365019538508758,3.7228369070092837,-0.4905514860272006,-0.49758472352287414
0.16637873211329768,3.5580315681070918,-0.4904286519313031,-0.49758472352287414
0.5335699754619596,3.936561491131783,-0.49030581783540256,-0.49758472352287414
0.2521821967547597,3.75213136070399,-0.4901829837399121,-0.49758472352287414
0.4537644396517351,3.941632913390796,-0.4900601496455713,-0.49758472352287414
0.5340702857562399,3.997268213697842,-0.48993731555102127,-0.49758472352287414
0.5601427725839057,4.017294772613101,-0.48981448145597356,-0.49758472352287414
0.6094980390866451,4.099854673860393,-0.48969164736088977,-0.49758472352287414
0.5729792658505626,4.083212639837554,-0.4895688132658737,-0.49758472352287414
0.5658619025946267,4.021332625773047,-0.4894459791710233,-0.49758472352287414
0.5778280476041434,4.083065692952187,-0.4893231450761538,-0.49758472352287414
0.7686461944097612,4.155958061246129,-0.4892003109812106,-0.49758472352287414
0.7464511662574034,4.3061022423619315,-0.48907747688625686,-0.49758472352287414
0.7998496297399811,4.338231581591423,-0.48895464279131373,-0.49758472352287414
0.817042633371979,4.377488494157791,-0.48883180869639464,-0.49758472352287414
0.8798861284772741,4.410597746120559,-0.4887089746014744,-0.49758472352287414
0.8507309698613628,4.610139974660343,-0.4885861405065433,-0.49758472352287414
0.8067538860292415,4.551146193186441,-0.48846330641160995,-0.49758472352287414
0.9324946210819907,4.588200199392106,-0.48834047231667815,-0.49758472352287414
0.7244267256694011,4.613180937886239,-0.48821763822174985,-0.49758472352287414
0.7167051014962493,4.57057292947315,-0.4880948041268216,-0.49758472352287414
0.8466112264628546,4.583212122599283,-0.4879719700318918,-0.49758472352287414
0.9846190979647462,4.628133654513056,-0.48784913593696155,-0.49758472352287414
1.0212023484741963,4.735347286012438,-0.48772630184203153,-0.49758472352287414
1.0006954865931255,4.655911080863741,-0.487603467747102,-0.49758472352287414
0.9388164056858971,4.6966464766926235,-0.48748063365217253,-0.49758472352287414
0.8524003387975823,4.748387231160724,-0.48735779955724284,-0.49758472352287414
0.9018216549928898,4.738434490412001,-0.48723496546231304,-0.49758472352287414
0.9297248788256313,4.779896585593147,-0.4871121313673833,-0.49758472352287414
1.058561939485438,4.843562813268767,-0.4869892972724536,-0.49758472352287414
1.0550109858756895,4.94663106936311,-0.48686646317752397,-0.49758472352287414
1.0228499348058053,4.898625492559538,-0.4867436290825943,-0.49758472352287414
0.9724190447835428,4.937505917638066,-0.4866207949876646,-0.49758472352287414
1.078649509581049,5.038394059321237,-0.4864979608927349,-0.49758472352287414
1.164103437011578,5.086236863934804,-0.4863751267978052,-0.49758472352287414
1.158736472271003,5.124986193757208,-0.4862522927028755,-0.49758472352287414
1.3672326744466037,5.2071790473050035,-0.4861294586079458,-0.49758472352287414
1.2049715877580007,5.242982529893754,-0.48600662451301613,-0.49758472352287414
1.2465877555109022,5.274512802258886,-0.48588379041808644,-0.49758472352287414
1.2198030081641211,5.329637011089022,-0.48576095632315675,-0.49758472352287414
1.3085894721355638,5.292284985016262,-0.48563812222822705,-0.49758472352287414
1.3391696396825423,5.363112439924331,-0.48551528813329736,-0.49758472352287414
1.3370462054973837,5.3362982420580725,-0.48539245403836767,-0.49758472352287414
1.4241460929343175,5.302368145064701,-0.485269619943438,-0.49758472352287414
1.4022361777812486,5.333888432570866,-0.4851467858485083,-0.49758472352287414
1.3608176378570584,5.338962033771334,-0.4850239517535786,-0.49758472352287414
1.3110938831114598,5.307343228864807,-0.4849011176586489,-0.49758472352287414
1.2087538695003788,5.275057254000315,-0.4847782835637192,-0.49758472352287414
1.2803447654242015,5.246191075149037,-0.4846554494687895,-0.49758472352287414
1.1502019925859222,5.238521726449331,-0.48453261537385983,-0.49758472352287414
1.1680416870228032,5.290698889647212,-0.48440978127893014,-0.49758472352287414
1.2269869885980447,5.377066604665347,-0.48428694718400045,-0.49758472352287414
1.310014144101428,5.398800380167506,-0.48416411308907076,-0.49758472352287414
1.3290520468066898,5.452612618803978,-0.48404127899414107,-0.49758472352287414
1.1918035998046392,5.4032797039974305,-0.4839184448992114,-0.49758472352287414
1.16759609619581,5.376010290208317,-0.4837956108042817,-0.49758472352287414
1.1568033981392147,5.4480422334917,-0.483672776709352,-0.49758472352287414
1.380993242198423,5.5446245811118,-0.4835499426144223,-0.49758472352287414
1.0490030274349147,5.363561857246216,-0.4834271085194926,-0.49758472352287414
1.0761619458746559,5.364711410329454,-0.4833042744245629,-0.49758472352287414
1.121707463106875,5.318435875003297,-0.4831814403296332,-0.49758472352287414
1.0255827935521222,5.289462751649674,-0.48305860623470354,-0.49758472352287414
1.0497974019699978,5.264646816696439,-0.48293577213977384,-0.49758472352287414
1.2003434479140789,5.164645744174246,-0.48281293804484415,-0.49758472352287414
1.177153589955227,5.169934046626093,-0.48269010394991446,-0.49758472352287414
1.1340097774883733,5.191799799005191,-0.48256726985498477,-0.49758472352287414
1.0410978877947534,5.169819063973805,-0.4824444357600551,-0.49758472352287414
1.1079209856390584,5.1621278997811055,-0.4823216016651254,-0.49758472352287414
0.9947237895063198,5.091859247871807,-0.4821987675701957,-0.49758472352287414
1.0227108466237256,5.123918225439768,-0.482075933475266,-0.49758472352287414
1.0421145910902188,5.153441400845845,-0.4819530993803363,-0.49758472352287414
1.109913464185611,5.15829383363421,-0.4818302652854066,-0.49758472352287414
0.8909031292321079,5.013767164099785,-0.48170743119047693,-0.49758472352287414
0.9029987885182813,4.951970390053023,-0.48158459709554724,-0.49758472352287414
0.8878167022474397,4.998750602154505,-0.48146176300061755,-0.49758472352287414
0.87358645909774,4.944657104429746,-0.48133892890568786,-0.49758472352287414
0.7011798373647152,4.863440905559631,-0.48121609481075817,-0.49758472352287414
0.7678322669922715,4.878567679195177,-0.4810932607158285,-0.49758472352287414
0.6975793018974108,4.934969288184529,-0.4809704266208988,-0.49758472352287414
0.8254588479133566,5.0451934560877945,-0.4808475925259691,-0.49758472352287414
0.6632652919932738,4.931800514834268,-0.4807247584310394,-0.49758472352287414
0.6502016984507466,4.9370101307517,-0.4806019243361097,-0.49758472352287414
0.636298932796465,4.897395847587358,-0.48047909024118,-0.49758472352287414
0.5677623758405217,4.77482269353526,-0.4803562561462503,-0.49758472352287414
0.5416710092207397,4.786151275742622,-0.48023342205132064,-0.49758472352287414
0.8097358708791206,4.972215251116525,-0.48011058795639094,-0.49758472352287414
0.8931161397765379,4.987822987942468,-0.47998775386146125,-0.49758472352287414
0.9022218679196818,5.002296936421167,-0.47986491976653156,-0.49758472352287414
0.9903213796879924,4.998086412486575,-0.47974208567160187,-0.49758472352287414
1.1260859739017817,4.983691183968196,-0.4796192515766722,-0.49758472352287414
1.11752971413916,4.99599665787485,-0.4794964174817425,-0.49758472352287414
0.9223378920819473,4.9951725836367835,-0.4793735833868128,-0.49758472352287414
0.966285405821188,4.882923107822736,-0.4792507492918831,-0.49758472352287414
0.8193314776800336,4.9123874020576475,-0.4791279151969534,-0.49758472352287414
0.9430066201730001,4.810252524362671,-0.4790050811020237,-0.49758472352287414
0.9934273114109545,4.8751703152524115,-0.47888224700709403,-0.49758472352287414
0.874832744239834,4.847770441991943,-0.47875941291216434,-0.49758472352287414
0.9130992916402277,4.848209277599578,-0.47863657881723465,-0.49758472352287414
0.8601895217158125,4.7883336505719605,-0.47851374472230496,-0.49758472352287414
0.9506140400792185,4.80990930281745,-0.47839091062737527,-0.49758472352287414
1.0200860969647256,4.841689120279418,-0.4782680765324456,-0.49758472352287414
0.9878416376082099,4.867806503662988,-0.4781452424375159,-0.49758472352287414
1.0053781162729565,4.8584202659395,-0.4780224083425862,-0.49758472352287414
1.1416156377139695,4.914138396647242,-0.4778995742476565,-0.49758472352287414
1.06262946501933,5.000091202603445,-0.4777767401527268,-0.49758472352287414
1.0522651651235198,5.080652428494559,-0.4776539060577971,-0.49758472352287414
1.111711947662107,5.113193702707214,-0.4775310719628674,-0.49758472352287414
1.1305915186048292,5.125194227540303,-0.47740823786793773,-0.49758472352287414
1.078596249447735,5.153163151188502,-0.47728540377300804,-0.49758472352287414
1.1055343874946217,5.217952920308189,-0.47716256967807835,-0.49758472352287414
1.152854881150022,5.210545518867555,-0.47703973558314866,-0.49758472352287414
1.1879495672399027,5.272703215920736,-0.47691690148821897,-0.49758472352287414
1.3007527718652019,5.181035909276677,-0.4767940673932893,-0.49758472352287414
1.1420118880615258,5.1921906259362665,-0.4766712332983596,-0.49758472352287414
1.1853465954421474,5.113184267774461,-0.4765483992034299,-0.49758472352287414
1.2380962861565432,5.183222311704879,-0.4764255651085002,-0.49758472352287414
1.264552650398747,5.194377956314693,-0.4763027310135705,-0.49758472352287414
1.1867683718704296,5.145825835629116,-0.4761798969186408,-0.49758472352287414
1.078090943498519,5.024342428078728,-0.47605706282371113,-0.49758472352287414
1.0934152681348948,5.001248016115219,-0.47593422872878144,-0.49758472352287414
0.902410138764133,5.043675489459718,-0.47581139463385175,-0.49758472352287414
0.9608739377787867,4.974890539350963,-0.47568856053892206,-0.49758472352287414
1.0132026184668566,4.954996916979079,-0.47556572644399236,-0.49758472352287414
0.7955679676543492,4.743998750766118,-0.4754428923490627,-0.49758472352287414
0.8751271958865063,4.792494672616323,-0.475320058254133,-0.49758472352287414
0.8769783601210115,4.807036340316136,-0.4751972241592033,-0.49758472352287414
0.831979327163787,4.802966994444529,-0.4750743900642736,-0.49758472352287414
0.34790437901726046,4.468757540007433,-0.4749515559693439,-0.49758472352287414
0.4234156984495645,4.299122878629004,-0.4748287218744142,-0.49758472352287414
-0.0572203096937236,3.9927661309838287,-0.4747058877794845,-0.49758472352287414
0.026585857056900197,4.176194257546926,-0.47458305368455483,-0.49758472352287414
0.09819091414795689,4.319673280781224,-0.47446021958962514,-0.49758472352287414
-0.06357422853396621,4.066474614952291,-0.47433738549469545,-0.49758472352287414
-0.15980270942503116,3.9673664293828454,-0.47421455139976576,-0.49758472352287414
-0.1620364894239783,3.834296473359245,-0.47409171730483607,-0.49758472352287414
-0.01889768542188608,3.9681449139212215,-0.4739688832099064,-0.49758472352287414
-0.13943216381423218,4.00442904099435,-0.4738460491149767,-0.49758472352287414
-1.2153076117266126,3.6692342887627762,-0.473723215020047,-0.49758472352287414
-0.8344485579807523,3.3420927981658,-0.4736003809251173,-0.49758472352287414
-0.8414579641993871,3.386965152204037,-0.4734775468301876,-0.49758472352287414
-1.1827395155096134,3.2835036461034535,-0.4733547127352579,-0.49758472352287414
-1.1058764951554054,3.165578992882193,-0.47323187864032823,-0.49758472352287414
-1.5598460573011068,2.994937480617858,-0.47310904454539854,-0.49758472352287414
-1.6923690126312896,3.1195477935565474,-0.47298621045046885,-0.49758472352287414
-1.8346603746595624,2.8981670648545794,-0.47286337635553916,-0.49758472352287414
-2.1346932356277484,2.8567427882520646,-0.47274054226060946,-0.49758472352287414
-2.605088926826336,2.7743809442976324,-0.4726177081656798,-0.49758472352287414
-1.6808487750441041,2.9024316216293853,-0.4724948740707501,-0.49758472352287414
-1.6389403671127587,2.896926677270832,-0.4723720399758204,-0.49758472352287414
-2.4536479129631283,2.8349587386995667,-0.4722492058808907,-0.49758472352287414
-2.3144180903754936,2.7749417814199013,-0.472126371785961,-0.49758472352287414
-2.4830501465672348,2.8380693073421828,-0.4720035376910313,-0.49758472352287414
-1.5289596389116342,2.867342885828585,-0.4718807035961016,-0.49758472352287414
-1.5658139898906147,2.8264212406171323,-0.47175786950117193,-0.49758472352287414
-2.5263657533631414,2.713222857488387,-0.47163503540624224,-0.49758472352287414
-2.445986188629748,2.739070715332133,-0.47151220131131255,-0.49758472352287414
-2.9593338018708977,2.6917431810523507,-0.47138936721638286,-0.49758472352287414
-2.717705103247458,2.7229352181901647,-0.47126653312145317,-0.49758472352287414
-2.0586788478365246,2.643515439702266,-0.4711436990265235,-0.49758472352287414
-2.1800142626281094,2.7129650561287786,-0.4710208649315938,-0.49758472352287414
-1.7946888849466136,2.7576678817470337,-0.4708980308366641,-0.49758472352287414
-1.6083689733995272,2.757268393162987,-0.4707751967417344,-0.49758472352287414
-1.2882813034034308,2.7034504454344757,-0.4706523626468047,-0.49758472352287414
-0.872778378371752,2.819429515831345,-0.470529528551875,-0.49758472352287414
-1.371061316857645,2.8715182582918675,-0.47040669445694533,-0.49758472352287414
-1.904312847637946,2.8666300318333473,-0.47028386036201564,-0.49758472352287414
-1.4574476966925678,2.754119808846466,-0.47016102626708595,-0.49758472352287414
-1.6569638354328444,2.739489134507208,-0.47003819217215626,-0.49758472352287414
-1.6176859837228728,2.771948828396032,-0.46991535807722656,-0.49758472352287414
-1.9038182197654967,2.7646087816251286,-0.4697925239822969,-0.49758472352287414
-1.5021144579118388,2.701479849590056,-0.4696696898873672,-0.49758472352287414
-1.939932826334311,2.7198741310586643,-0.4695468557924375,-0.49758472352287414
-2.1140499668081136,2.6175323340861296,-0.4694240216975078,-0.49758472352287414
-2.0362069121888573,2.5287050997684,-0.4693011876025781,-0.49758472352287414
-2.415752309142751,2.6005022796882167,-0.4691783535076484,-0.49758472352287414
-2.8936155198300035,2.561123704164522,-0.4690555194127187,-0.49758472352287414
-2.4583597621386217,2.413760695972947,-0.46893268531778903,-0.49758472352287414
-2.2215353222893084,2.4279342270211726,-0.46880985122285934,-0.49758472352287414
-2.099469243492602,2.5681605472589966,-0.46868701712792965,-0.49758472352287414
-1.773934770698562,2.5944073390423465,-0.46856418303299996,-0.49758472352287414
-1.7626501888265182,2.5283609858469513,-0.46844134893807027,-0.49758472352287414
-2.537278728123405,2.5532685455862567,-0.4683185148431406,-0.49758472352287414
-2.233449068845107,2.494203123205099,-0.4681956807482109,-0.49758472352287414
-2.119788645580335,2.5704208461586338,-0.4680728466532812,-0.49758472352287414
-2.330892683056878,2.5816698527171535,-0.4679500125583515,-0.49758472352287414
-2.002767588248388,2.5604755051574135,-0.4678271784634218,-0.49758472352287414
-1.918685045211448,2.5497237840109896,-0.4677043443684921,-0.49758472352287414
-1.7547783110445994,2.552977303778292,-0.46758151027356243,-0.49758472352287414
-1.5698168036287292,2.583064126085207,-0.46745867617863274,-0.49758472352287414
-1.5849986488494947,2.5701363661323318,-0.46733584208370305,-0.49758472352287414
-1.511049376377135,2.6013956753185163,-0.46721300798877335,-0.49758472352287414
-1.6627189722885372,2.6567671892875757,-0.46709017389384366,-0.49758472352287414
-1.4300192010874522,2.6435977994950224,-0.46696733979891397,-0.49758472352287414
-1.4039116839117645,2.6364902645184913,-0.4668445057039843,-0.49758472352287414
-1.2596860518523822,2.4952071082091307,-0.4667216716090546,-0.49758472352287414
-1.0897599362301063,2.568103911801063,-0.4665988375141249,-0.49758472352287414
-0.9947146087630512,2.5875631649586537,-0.4664760034191952,-0.49758472352287414
-1.0142452303963592,2.4836536090797923,-0.4663531693242655,-0.49758472352287414
-0.9690272218858293,2.425052251914353,-0.4662303352293358,-0.49758472352287414
-0.9319565607763605,2.4260740203083233,-0.46610750113440613,-0.49758472352287414
-0.9284840432348442,2.4195509320325392,-0.46598466703947644,-0.49758472352287414
-0.7871812428823732,2.397454803438873,-0.46586183294454675,-0.49758472352287414
-0.6437892917628183,2.3909299544937066,-0.46573899884961706,-0.49758472352287414
2.1320008485478903,2.6255534358080013,-0.6592120384437684,-0.659276033930792
2.083192534411613,2.7114080708603026,-0.6589885646294832,-0.659276033930792
2.086289694300019,2.7129192526650714,-0.6589569050812377,-0.659276033930792
2.1237125648250634,2.74197130932289,-0.6590687050609467,-0.659276033930792
2.1340694417519663,2.698972163745587,-0.6591294867350868,-0.659276033930792
2.1380295148843826,2.7161083865800943,-0.6590696342891714,-0.659276033930792
2.1595563793909234,2.700764095004104,-0.6590223921226617,-0.659276033930792
2.1545756692363938,2.641707294132427,-0.6590022641042061,-0.659276033930792
2.171774539453402,2.632089087001077,-0.6589842269350102,-0.659276033930792
2.179231680421772,2.6190589844949863,-0.6589526509982425,-0.659276033930792
2.2241885122116276,2.6472088365158806,-0.6589137406723993,-0.659276033930792
2.2647148462525766,2.648430187237697,-0.658878595048996,-0.659276033930792
2.04810089683817,2.624498675634491,-0.6588453597711038,-0.659276033930792
1.9324131410284817,2.6514216280717244,-0.6588108435868052,-0.659276033930792
1.9445390298729168,2.647988734426871,-0.6587748173090031,-0.659276033930792
1.9358167964584911,2.656052516735654,-0.6587386432844882,-0.659276033930792
1.9825823482234588,2.6017441645276973,-0.6587029160779712,-0.659276033930792
1.9272271991957766,2.672184693231052,-0.6586671797382437,-0.659276033930792
1.885332725544498,2.693196362807043,-0.6586312101035265,-0.659276033930792
1.8657300509839203,2.737876221419045,-0.6585951327581261,-0.659276033930792
1.9164507419709556,2.7208689207376584,-0.6585590871004514,-0.659276033930792
1.9387022401628065,2.7233431896686593,-0.6585230700975119,-0.659276033930792
1.951989178616594,2.7310276996982936,-0.658487029077213,-0.659276033930792
2.0232655805727657,2.764197763054812,-0.65845096246421,-0.659276033930792
1.9949091438851743,2.784901942107376,-0.6584148921907531,-0.659276033930792
1.975189623637144,2.8183900587826027,-0.6583788265906017,-0.659276033930792
1.976648188030715,2.8362083051906137,-0.6583427605035207,-0.659276033930792
2.0128608541223896,2.7556595763913423,-0.6583066903249019,-0.659276033930792
2.0141127139926667,2.7327869425052267,-0.6582706181459044,-0.659276033930792
1.9958415940154595,2.791340630558511,-0.6582345461911164,-0.659276033930792
2.026259093264339,2.8102501088497207,-0.6581984744755357,-0.659276033930792
1.9930688042502018,2.719064750952197,-0.6581624023272925,-0.659276033930792
1.9162629412016363,2.7265893417664655,-0.6581263297175032,-0.659276033930792
1.9630686814945493,2.720032035702932,-0.6580902570011268,-0.659276033930792
1.9712009207133154,2.727159765238525,-0.6580541843217625,-0.659276033930792
1.9281756197972202,2.684461320439271,-0.6580181116142044,-0.659276033930792
1.8903902107982546,2.6928664512471654,-0.6579820388334506,-0.659276033930792
1.8696109462751616,2.710232323715743,-0.6579459660123904,-0.659276033930792
1.8619234689139725,2.657442240124417,-0.6579098931880147,-0.659276033930792
1.9087231120877441,2.641756516040441,-0.6578738203631026,-0.659276033930792
1.9192628943548726,2.6651639802888707,-0.657837747529101,-0.659276033930792
1.8630416806173633,2.66306961541718,-0.6578016746864223,-0.659276033930792
1.9510109930621888,2.716599868518065,-0.6577656018408036,-0.659276033930792
1.9226244501566456,2.6414812260325333,-0.6577295289948982,-0.659276033930792
1.9161333471400337,2.6536855057927315,-0.6576934561480481,-0.659276033930792
1.8191650271320414,2.642324927787132,-0.6576573832997538,-0.659276033930792
1.820440123563468,2.6547127733394813,-0.6576213104506101,-0.659276033930792
1.833469866625358,2.685022515474159,-0.6575852376012455,-0.659276033930792
1.8461138280728124,2.6551837361826203,-0.6575491647517667,-0.659276033930792
1.82220727967029,2.6837426006969882,-0.6575130919020835,-0.659276033930792
1.7896398831927067,2.7322535684994524,-0.6574770190522232,-0.659276033930792
1.9806170715711482,2.756930574868361,-0.6574409462022861,-0.659276033930792
1.9884111183570627,2.823614061185753,-0.657404873352323,-0.659276033930792
2.0237607911758144,2.828962709845864,-0.657368800502332,-0.659276033930792
2.0387400529550384,2.839525509168407,-0.6573327276523104,-0.659276033930792
2.06082273911278,2.8683603993777296,-0.6572966548022697,-0.659276033930792
2.030115850679752,2.889392430413111,-0.6572605819522215,-0.659276033930792
2.058587341970547,2.921675500638995,-0.6572245091021688,-0.659276033930792
2.0226623245999216,2.89563464830741,-0.6571884362521112,-0.659276033930792
2.0232849632165553,2.8958350523880823,-0.6571523634020497,-0.659276033930792
2.058995469057497,2.9008772922600654,-0.6571162905519863,-0.659276033930792
2.054470572513544,2.8994122228736483,-0.6570802177019219,-0.659276033930792
2.02215175885124,2.97259104242173,-0.6570441448518568,-0.659276033930792
1.9651116063658953,2.993243329145098,-0.6570080720017909,-0.659276033930792
1.9987528363783573,3.076857045303226,-0.6569719991517246,-0.659276033930792
1.9838102691716357,3.0442404911380554,-0.656935926301658,-0.659276033930792
2.0060041153304518,3.1006424126379972,-0.6568998534515913,-0.659276033930792
1.9915834976399256,3.1980470386186237,-0.6568637806015245,-0.659276033930792
2.061847076776287,3.26158931572097,-0.6568277077514576,-0.659276033930792
2.089929754453146,3.305720343893272,-0.6567916349013907,-0.659276033930792
2.0866950111654914,3.257840347538392,-0.6567555620513238,-0.659276033930792
2.0676388727674677,3.303792079498371,-0.6567194892012568,-0.659276033930792
2.049752553360116,3.4168016165221284,-0.6566834163511898,-0.659276033930792
2.073274139183253,3.4401306925394963,-0.6566473435011227,-0.659276033930792
2.056252679700772,3.3807018207074115,-0.6566112706510557,-0.659276033930792
2.068475173233031,3.3975896571693864,-0.6565751978009887,-0.659276033930792
2.059797147630591,3.4404686232056836,-0.6565391249509217,-0.659276033930792
2.0601937982640335,3.4713235344063538,-0.6565030521008547,-0.659276033930792
2.0824591495795635,3.4645952297533267,-0.6564669792507877,-0.659276033930792
2.0618697196502582,3.4565836137428985,-0.6564309064007207,-0.659276033930792
2.033965062689399,3.469951917083391,-0.6563948335506536,-0.659276033930792
2.0527330523653005,3.4722025456294823,-0.6563587607005866,-0.659276033930792
2.0347231520977025,3.469949134549326,-0.6563226878505196,-0.659276033930792
2.0440946719008117,3.513930513748745,-0.6562866150004526,-0.659276033930792
2.0454786122777797,3.5594332316978403,-0.6562505421503856,-0.659276033930792
2.049009303948713,3.605983514965741,-0.6562144693003186,-0.659276033930792
1.980591834577976,3.580257502462827,-0.6561783964502516,-0.659276033930792
1.9870575456965398,3.5691672993357133,-0.6561423236001845,-0.659276033930792
2.0299596263255473,3.6078321225365766,-0.6561062507501175,-0.659276033930792
1.9843484939845908,3.552120471228381,-0.6560701779000505,-0.659276033930792
1.9678800829199696,3.4722525575190364,-0.6560341050499835,-0.659276033930792
1.9340797886992676,3.4847958394409346,-0.6559980321999165,-0.659276033930792
1.9405549431448472,3.5037697398047487,-0.6559619593498495,-0.659276033930792
1.9152421713122756,3.550428411806652,-0.6559258864997825,-0.659276033930792
1.9047516950525676,3.552459291701544,-0.6558898136497154,-0.659276033930792
1.9190588146596146,3.561061474597983,-0.6558537407996484,-0.659276033930792
1.8691022300050204,3.5270238586178415,-0.6558176679495814,-0.659276033930792
1.8343645543668565,3.491399272450035,-0.6557815950995144,-0.659276033930792
1.7294781689782983,3.4561308371544754,-0.6557455222494474,-0.659276033930792
1.6950062250333053,3.5003430820132,-0.6557094493993804,-0.659276033930792
1.7537474806513533,3.6124872583450607,-0.6556733765493133,-0.659276033930792
1.837055655684237,3.651417323821765,-0.6556373036992463,-0.659276033930792
1.7606619508273704,3.6317461923144934,-0.6556012308491793,-0.659276033930792
1.8053077152468848,3.7019392921154495,-0.6555651579991123,-0.659276033930792
1.8392643920780594,3.732474354407716,-0.6555290851490453,-0.659276033930792
1.795295134782218,3.7399716318449374,-0.6554930122989783,-0.659276033930792
1.7612734635106546,3.847335762849874,-0.6554569394489113,-0.659276033930792
1.7639544250362273,3.8673299066424356,-0.6554208665988442,-0.659276033930792
1.8657167093820881,3.8874965735942286,-0.6553847937487772,-0.659276033930792
1.8162239850204842,3.8443245165281814,-0.6553487208987102,-0.659276033930792
1.8459120596735068,3.8691948691443274,-0.6553126480486432,-0.659276033930792
1.8552568781968783,3.786166759435925,-0.6552765751985762,-0.659276033930792
1.8998682645596303,3.7699506764056707,-0.6552405023485092,-0.659276033930792
1.9106349555646693,3.7883694099045497,-0.6552044294984422,-0.659276033930792
1.9296125073729615,3.7508066501494004,-0.6551683566483751,-0.659276033930792
1.8850442225948922,3.795615992296739,-0.6551322837983081,-0.659276033930792
1.8557796604258723,3.799729048347146,-0.6550962109482411,-0.659276033930792
1.884702473305805,3.7109660852262465,-0.6550601380981741,-0.659276033930792
1.8899766445837831,3.6960712331757124,-0.6550240652481071,-0.659276033930792
1.8596665085320905,3.6935255180506994,-0.6549879923980401,-0.659276033930792
1.889429235317211,3.85156479851736,-0.654951919547973,-0.659276033930792
1.917740037973326,3.910336894075476,-0.654915846697906,-0.659276033930792
1.9287828984848359,3.927429224666106,-0.654879773847839,-0.659276033930792
1.9149720620361546,3.8664925206839866,-0.654843700997772,-0.659276033930792
1.914309629014445,3.9071796255655697,-0.654807628147705,-0.659276033930792
1.9108444973751708,3.8094318957879314,-0.654771555297638,-0.659276033930792
1.9197997976348242,3.778288096117121,-0.654735482447571,-0.659276033930792
1.92209526086991,3.739032628327607,-0.654699409597504,-0.659276033930792
1.9929742703269206,3.7908419177830206,-0.6546633367474369,-0.659276033930792
1.9551200235795287,3.7889838775694358,-0.6546272638973699,-0.659276033930792
2.0089333426751974,3.7969737308323372,-0.6545911910473029,-0.659276033930792
1.9775891381340411,3.915539054887162,-0.6545551181972359,-0.659276033930792
1.9448613089435676,3.9153969434187097,-0.6545190453471689,-0.659276033930792
1.8763575309009035,3.9127611108521614,-0.6544829724971019,-0.659276033930792
1.9019585032315085,3.9709967124570933,-0.6544468996470348,-0.659276033930792
1.8661359898654104,4.043718812978857,-0.6544108267969678,-0.659276033930792
1.9142290132617812,4.109899383094977,-0.6543747539469008,-0.659276033930792
1.982940962000058,4.100046679366604,-0.6543386810968338,-0.659276033930792
1.9341504015309892,4.160063719085342,-0.6543026082467668,-0.659276033930792
1.909724849265407,4.238121202037323,-0.6542665353966998,-0.659276033930792
1.9221422173535627,4.2562730075499955,-0.6542304625466328,-0.659276033930792
1.91498690091288,4.218807276298348,-0.6541943896965657,-0.659276033930792
1.927952904662277,4.187354390585452,-0.6541583168464987,-0.659276033930792
1.9523226243026381,4.2464335231787915,-0.6541222439964317,-0.659276033930792
1.9612256678589957,4.2603632422030255,-0.6540861711463647,-0.659276033930792
2.0318928968762617,4.262421598477496,-0.6540500982962977,-0.659276033930792
1.9822452627528393,4.326651311996909,-0.6540140254462307,-0.659276033930792
1.977755529709526,4.380584526926278,-0.6539779525961636,-0.659276033930792
1.9752586625085657,4.409210286830759,-0.6539418797460966,-0.659276033930792
1.9722516801532977,4.411805997411758,-0.6539058068960296,-0.659276033930792
1.9392672934401627,4.503399649776769,-0.6538697340459626,-0.659276033930792
1.9691830714800218,4.464474486140638,-0.6538336611958956,-0.659276033930792
1.9849152760447577,4.370868978838125,-0.6537975883458286,-0.659276033930792
1.9761017233935771,4.377392082631587,-0.6537615154957616,-0.659276033930792
2.0156618968345033,4.373723765336803,-0.6537254426456945,-0.659276033930792
2.0197833370311145,4.434765438281826,-0.6536893697956275,-0.659276033930792
1.9921868054727676,4.325659781446059,-0.6536532969455605,-0.659276033930792
1.941977583139213,4.2219269120912095,-0.6536172240954935,-0.659276033930792
1.9752249680009581,4.3095063826783635,-0.6535811512454265,-0.659276033930792
1.9878021859079782,4.369238764061942,-0.6535450783953595,-0.659276033930792
1.9464811813893177,4.404996204112385,-0.6535090055452925,-0.659276033930792
1.971522800188617,4.397654722824109,-0.6534729326952254,-0.659276033930792
1.9958713303286055,4.42720303962073,-0.6534368598451584,-0.659276033930792
2.00170727601483,4.431357054662264,-0.6534007869950914,-0.659276033930792
1.9942990395095472,4.400358164801611,-0.6533647141450244,-0.659276033930792
2.0054156797646145,4.433126710684654,-0.6533286412949574,-0.659276033930792
2.0912158713752516,4.472435119830897,-0.6532925684448904,-0.659276033930792
2.105930152094453,4.3764740179412875,-0.6532564955948233,-0.659276033930792
2.1300219957101003,4.336887244929868,-0.6532204227447563,-0.659276033930792
2.1193638625226177,4.356783321251471,-0.6531843498946893,-0.659276033930792
2.0721190362803616,4.396574061277838,-0.6531482770446223,-0.659276033930792
2.0623337520994798,4.466687510913798,-0.6531122041945553,-0.659276033930792
2.060478652051949,4.499206188141352,-0.6530761313444883,-0.659276033930792
2.118032340066585,4.556340083339857,-0.6530400584944213,-0.659276033930792
2.124142480840767,4.552532832999077,-0.6530039856443542,-0.659276033930792
2.1007244606127196,4.573345918753789,-0.6529679127942872,-0.659276033930792
2.095053482993321,4.5908327484947495,-0.6529318399442202,-0.659276033930792
2.075530039646663,4.585955481724133,-0.6528957670941532,-0.659276033930792
2.1117500599369605,4.628394793154999,-0.6528596942440862,-0.659276033930792
2.086867390007637,4.603597259404466,-0.6528236213940192,-0.659276033930792
2.0847443848961893,4.636245050018093,-0.6527875485439522,-0.659276033930792
2.097002745842159,4.749625160251642,-0.6527514756938851,-0.659276033930792
2.1229477651628743,4.720799874985318,-0.6527154028438181,-0.659276033930792
2.126165934297757,4.673441300166976,-0.6526793299937511,-0.659276033930792
2.136827180221456,4.6815624426338385,-0.6526432571436841,-0.659276033930792
2.1432721816574176,4.670448588736472,-0.6526071842936171,-0.659276033930792
2.1478950050091967,4.673496858133208,-0.6525711114435501,-0.659276033930792
2.1933046561560285,4.678909970667625,-0.652535038593483,-0.659276033930792
2.208156072166978,4.615180621218836,-0.652498965743416,-0.659276033930792
2.164806256160789,4.588689306347865,-0.652462892893349,-0.659276033930792
2.1710047368360312,4.633610647767084,-0.652426820043282,-0.659276033930792
2.153578894999783,4.663331377135158,-0.652390747193215,-0.659276033930792
2.1851429826123727,4.676062818722927,-0.652354674343148,-0.659276033930792
2.161103826491779,4.698025961615821,-0.652318601493081,-0.659276033930792
2.1197346427970065,4.762952133549014,-0.652282528643014,-0.659276033930792
2.134010337029902,4.765214298163431,-0.6522464557929469,-0.659276033930792
2.1618997769471267,4.766113749186487,-0.6522103829428799,-0.659276033930792
2.1278651849990364,5.0936091341005065,-0.6521743100928129,-0.659276033930792
2.1445673074815867,5.08543889298303,-0.6521382372427459,-0.659276033930792
2.164833025135759,4.956806290626299,-0.6521021643926789,-0.659276033930792
2.1715835981983282,5.091531287709646,-0.6520660915426119,-0.659276033930792
2.1177147812892114,5.022324935619902,-0.6520300186925448,-0.659276033930792
2.0781835013474463,4.9160222657206125,-0.6519939458424778,-0.659276033930792
2.0860646318984934,5.093989948558836,-0.6519578729924108,-0.659276033930792
2.0622976767773986,4.982700379118195,-0.6519218001423438,-0.659276033930792
2.0305267551667647,4.806856423678851,-0.6518857272922768,-0.659276033930792
2.042135801573964,4.695401049040612,-0.6518496544422098,-0.659276033930792
2.034967897852388,4.646831774406962,-0.6518135815921428,-0.659276033930792
1.9891747391755288,4.697805887239319,-0.6517775087420757,-0.659276033930792
2.007632010564139,4.528014729132254,-0.6517414358920087,-0.659276033930792
1.9864422707694902,4.600383906059793,-0.6517053630419417,-0.659276033930792
2.021011284139518,4.6313126554224215,-0.6516692901918747,-0.659276033930792
2.0158420863180915,4.690292962604097,-0.6516332173418077,-0.659276033930792
2.017058646654351,4.710280397207016,-0.6515971444917407,-0.659276033930792
2.0270345906848344,4.733982354782875,-0.6515610716416737,-0.659276033930792
2.0002673678788545,4.933689493831618,-0.6515249987916066,-0.659276033930792
2.0231518517784326,4.9137246528488365,-0.6514889259415396,-0.659276033930792
2.055396009000619,5.10775789146964,-0.6514528530914726,-0.659276033930792
2.070276423681692,4.8363817517019445,-0.6514167802414056,-0.659276033930792
2.145153076945506,5.082366143080697,-0.6513807073913386,-0.659276033930792
2.192790965417443,5.086110239183866,-0.6513446345412716,-0.659276033930792
2.204749896236678,5.081086557940606,-0.6513085616912045,-0.659276033930792
2.1763485858547273,5.083540837459868,-0.6512724888411375,-0.659276033930792
2.1441389535092883,4.940458441047775,-0.6512364159910705,-0.659276033930792
2.131360327870354,4.818774584823808,-0.6512003431410035,-0.659276033930792
2.1438290962872877,5.101858495651839,-0.6511642702909365,-0.659276033930792
2.164763153425751,5.112927300376012,-0.6511281974408695,-0.659276033930792
2.1789068219936594,5.108464624327733,-0.6510921245908025,-0.659276033930792
2.1873183146304576,4.690866658153987,-0.6510560517407354,-0.659276033930792
2.2020505255219653,4.725512248936152,-0.6510199788906684,-0.659276033930792
2.1840832588512806,5.086783758335752,-0.6509839060406014,-0.659276033930792
2.165587766369903,5.095118254924686,-0.6509478331905344,-0.659276033930792
2.1420135778689513,5.086736748861997,-0.6509117603404674,-0.659276033930792
2.122574932270891,5.081283973945286,-0.6508756874904004,-0.659276033930792
2.1235964318324503,5.068751080970733,-0.6508396146403334,-0.659276033930792
2.1893793946954156,5.067086698276429,-0.6508035417902663,-0.659276033930792
2.085129864856899,5.135955155300824,-0.6507674689401993,-0.659276033930792
2.0754133405890585,5.137881140046759,-0.6507313960901323,-0.659276033930792
2.0561121658437247,5.1437781075543025,-0.6506953232400653,-0.659276033930792
2.047436764766176,5.164947055930291,-0.6506592503899983,-0.659276033930792
2.0299292762259094,5.140529049943472,-0.6506231775399313,-0.659276033930792
2.0297734939051315,5.162226137831505,-0.6505871046898642,-0.659276033930792
2.0637451665110578,5.1310116427475645,-0.6505510318397972,-0.659276033930792
2.037909362803962,5.1407599275226765,-0.6505149589897302,-0.659276033930792
2.010576354010211,5.246588642264577,-0.6504788861396632,-0.659276033930792
1.989374306998918,5.3109907257800195,-0.6504428132895962,-0.659276033930792
2.0436111631498823,5.29024026470931,-0.6504067404395292,-0.659276033930792
1.991904281593868,5.3793678853203915,-0.6503706675894622,-0.659276033930792
1.9976591989597616,5.384937009446845,-0.6503345947393951,-0.659276033930792
2.00342744278797,5.383247617620746,-0.6502985218893281,-0.659276033930792
2.024977788573666,5.371274837126284,-0.6502624490392611,-0.659276033930792
2.00049507846375,5.37409382320446,-0.6502263761891941,-0.659276033930792
2.5236403179178364,6.155948152845481,-0.4785873433293773,-0.4794405446653454
2.56955187715902,6.1304450463598705,-0.4783902223717639,-0.4794405446653454
2.4908852449001606,6.095893888782381,-0.47833741694935156,-0.4794405446653454
2.479480178469306,6.124407011791321,-0.47807876009585587,-0.4794405446653454
2.482033231851675,6.133941671521385,-0.47801319353691246,-0.4794405446653454
2.5357473101224564,6.106507825418565,-0.47785619379749633,-0.4794405446653454
2.602446311773252,6.112183787375475,-0.47774442483422724,-0.4794405446653454
2.5569137910638435,6.136556965086807,-0.47763432097799,-0.4794405446653454
2.5978565894796937,6.092018904250107,-0.47752068482540655,-0.4794405446653454
2.6086758886861516,6.079453594370821,-0.4774146022947629,-0.4794405446653454
2.4780161395047933,6.0310290746513715,-0.4773056500056076,-0.4794405446653454
2.499871378126669,6.016423135400522,-0.4771996003715856,-0.4794405446653454
2.567999025820969,5.992109630813913,-0.4770936384084222,-0.4794405446653454
2.5229610240394535,5.741446942946258,-0.4769878284020823,-0.4794405446653454
2.445022483218306,5.724808187526365,-0.476882388041289,-0.4794405446653454
2.425991454791155,5.767366694530189,-0.4767769556971808,-0.4794405446653454
2.4035055945811905,5.820887265768904,-0.47667171835025834,-0.4794405446653454
2.3405318155692094,5.6749929239061645,-0.4765665042430515,-0.4794405446653454
2.33758472275003,5.628785071830891,-0.4764613213751587,-0.4794405446653454
2.281829805284251,5.632928720112491,-0.4763561676976086,-0.4794405446653454
2.371066069012687,5.709851311505559,-0.47625102786032764,-0.4794405446653454
2.3121889143840466,5.715391815361091,-0.4761459025988792,-0.4794405446653454
2.3780483833626547,5.627352584042237,-0.4760407812948124,-0.4794405446653454
2.4792631829142797,5.723036233618045,-0.475935664071335,-0.4794405446653454
2.4853749324236976,5.767832834316438,-0.4758305499994258,-0.4794405446653454
2.4661212537865747,5.7914496330789325,-0.47572543784756577,-0.4794405446653454
2.4288030678492207,5.79352485546802,-0.47562032694956696,-0.4794405446653454
2.4383340461206107,5.894992492765071,-0.47551521661902857,-0.4794405446653454
2.5269941355545864,5.938530213512743,-0.47541010679408774,-0.4794405446653454
2.5468615422190664,6.018353826268309,-0.4753049973274134,-0.4794405446653454
2.4908836799320606,6.037390853205607,-0.47519988807525876,-0.4794405446653454
2.4549544237288856,6.108403591693851,-0.47509477894800445,-0.4794405446653454
2.572455754723937,6.162490364754572,-0.47498966989645935,-0.4794405446653454
2.5702648922829514,6.16931526044237,-0.47488456090544945,-0.4794405446653454
2.621671585312108,6.033711078138489,-0.4747794519541261,-0.4794405446653454
2.5956388844440004,6.034359496494171,-0.4746743430258799,-0.4794405446653454
2.6311484159887213,6.128548923083515,-0.47456923411156554,-0.4794405446653454
2.6655662473878503,6.154079201758854,-0.47446412520684283,-0.4794405446653454
2.642725306540032,6.167071335833278,-0.4743590163090965,-0.4794405446653454
2.645636768831006,6.139418859243275,-0.47425390741566364,-0.4794405446653454
2.6417511729333563,6.132732320546986,-0.474148798524771,-0.4794405446653454
2.6562528022649516,6.1070831909733485,-0.47404368963552324,-0.4794405446653454
2.5367245663240077,6.075789964451428,-0.47393858074743556,-0.4794405446653454
2.5393894096815033,6.091363503576557,-0.47383347186012864,-0.4794405446653454
2.60232970063423,6.131203068121545,-0.47372836297329257,-0.4794405446653454
2.607867452717537,6.126043903348451,-0.4736232540867463,-0.4794405446653454
2.601101428392279,6.113852371627663,-0.47351814520039637,-0.4794405446653454
2.602187902641341,6.110262778455589,-0.47341303631418147,-0.4794405446653454
2.5883488163172337,6.0690509815569,-0.47330792742805283,-0.4794405446653454
2.6258196847325324,6.082476943538142,-0.47320281854197666,-0.4794405446653454
2.6226947299283223,6.061425387296699,-0.47309770965593434,-0.4794405446653454
2.6001303137449727,6.062269646558784,-0.4729926007699151,-0.4794405446653454
2.6822036684902555,6.060701773493349,-0.47288749188391127,-0.4794405446653454
2.6930162742257058,6.083379198514739,-0.472782382997917,-0.4794405446653454
2.6895872276093735,6.080094321452895,-0.47267727411192867,-0.4794405446653454
2.6119702772183757,6.113546327998209,-0.4725721652259443,-0.4794405446653454
2.558887406134888,6.051793823675945,-0.4724670563399626,-0.4794405446653454
2.551194899300408,6.113154697596693,-0.47236194745398263,-0.4794405446653454
2.568002931939091,6.0988327625161745,-0.47225683856800377,-0.4794405446653454
2.553795207053745,6.104221806042391,-0.47215172968202557,-0.4794405446653454
2.575737850969834,6.10669579570489,-0.4720466207960478,-0.4794405446653454
2.5595683783768735,6.093388602187203,-0.4719415119100704,-0.4794405446653454
2.505675539639198,6.01264028935645,-0.47183640302409313,-0.4794405446653454
2.5163840408004923,6.038471660601209,-0.47173129413811604,-0.4794405446653454
2.598996964963242,6.067745600051791,-0.471626185252139,-0.4794405446653454
2.571377322047255,6.062664015730664,-0.47152107636616203,-0.4794405446653454
2.615678966170546,6.069352738403752,-0.4714159674801851,-0.4794405446653454
2.6623720593019877,6.0526697883553595,-0.4713108585942082,-0.4794405446653454
2.693538857769096,6.086429087304374,-0.47120574970823126,-0.4794405446653454
2.6763370502975907,6.0429631643339246,-0.47110064082225434,-0.4794405446653454
2.690350165352458,6.0429631643339246,-0.47099553193627747,-0.4794405446653454
2.7410209350764427,6.0874655676751885,-0.4708904230503006,-0.4794405446653454
2.706316700289111,6.097670617007514,-0.47078531416432373,-0.4794405446653454
2.6683402735391013,6.03528302553955,-0.47068020527834686,-0.4794405446653454
2.5045005457494263,5.950245598609973,-0.47057509639237,-0.4794405446653454
2.483445707133371,5.97695200924984,-0.47046998750639313,-0.4794405446653454
2.461771941366341,5.977198337831885,-0.47036487862041626,-0.4794405446653454
2.4641422019279657,5.980361631948543,-0.4702597697344394,-0.4794405446653454
2.537613127563048,5.866437152152429,-0.4701546608484625,-0.4794405446653454
2.466020769012341,5.919606465101925,-0.47004955196248566,-0.4794405446653454
2.4615139303345166,5.902481693051588,-0.4699444430765088,-0.4794405446653454
2.4950796063995817,5.791481209508698,-0.4698393341905319,-0.4794405446653454
2.451967163410103,5.819856141245124,-0.46973422530455505,-0.4794405446653454
2.4970155147599775,5.692255552975427,-0.4696291164185782,-0.4794405446653454
2.663853821025615,5.883463037989182,-0.4695240075326013,-0.4794405446653454
2.8354208106241043,5.767404655867151,-0.46941889864662445,-0.4794405446653454
2.890527384988757,5.682587844332058,-0.4693137897606476,-0.4794405446653454
2.453214738546611,5.55173706529538,-0.4692086808746707,-0.4794405446653454
2.4589135478312096,5.541821592152119,-0.46910357198869385,-0.4794405446653454
2.4039300327719024,5.599607888982152,-0.468998463102717,-0.4794405446653454
2.4253057736661403,5.550461582308466,-0.4688933542167401,-0.4794405446653454
2.555205446890673,5.477121165116629,-0.46878824533076324,-0.4794405446653454
2.554750919579556,5.52561260151863,-0.4686831364447864,-0.4794405446653454
2.6595987457457317,5.4682881429592785,-0.4685780275588095,-0.4794405446653454
2.6852237619580763,5.4620582042932515,-0.46847291867283264,-0.4794405446653454
2.8413935740917737,5.386182472201816,-0.46836780978685577,-0.4794405446653454
2.8546307254221652,5.558916967914218,-0.4682627009008789,-0.4794405446653454
3.022678375692355,5.814402514850148,-0.46815759201490204,-0.4794405446653454
3.022764863964659,5.80098168610467,-0.46805248312892517,-0.4794405446653454
3.0236755411628176,5.8242262307762624,-0.4679473742429483,-0.4794405446653454
2.8163056582378827,5.925792012687713,-0.46784226535697143,-0.4794405446653454
2.8730198088279573,5.888949452158004,-0.46773715647099456,-0.4794405446653454
2.9072987702849975,5.817014345806045,-0.4676320475850177,-0.4794405446653454
2.8321838072860204,5.921221390243558,-0.46752693869904083,-0.4794405446653454
2.8180900454602966,5.890097152083639,-0.46742182981306396,-0.4794405446653454
3.0555654377406176,5.763591834466422,-0.4673167209270871,-0.4794405446653454
3.038968159344283,5.768587757713078,-0.4672116120411102,-0.4794405446653454
3.01941002721197,5.8328645376324175,-0.46710650315513336,-0.4794405446653454
2.973900228915065,5.795431299834783,-0.4670013942691565,-0.4794405446653454
2.8304317891894626,5.905429755582945,-0.4668962853831796,-0.4794405446653454
2.9350622315537285,5.919410524410373,-0.46679117649720275,-0.4794405446653454
2.9041746036225016,5.904775245835371,-0.4666860676112259,-0.4794405446653454
2.8537123415560632,5.9569927256338975,-0.466580958725249,-0.4794405446653454
2.838626216723129,5.953683886073884,-0.46647584983927215,-0.4794405446653454
2.8808918021836316,5.952966991685684,-0.4663707409532953,-0.4794405446653454
2.90079796090682,6.006664428307978,-0.4662656320673184,-0.4794405446653454
2.9086554747754656,5.943875301616991,-0.46616052318134155,-0.4794405446653454
2.9922087507437007,5.974222045762657,-0.4660554142953647,-0.4794405446653454
3.071240363753298,5.931747433136551,-0.4659503054093878,-0.4794405446653454
3.1064305623476933,5.890413097729234,-0.46584519652341094,-0.4794405446653454
3.0857995885497598,5.89064667155009,-0.4657400876374341,-0.4794405446653454
3.1413222693954754,5.91490877866314,-0.4656349787514572,-0.4794405446653454
3.117158224533585,5.708550558414536,-0.46552986986548034,-0.4794405446653454
3.165555943289256,5.704248707516314,-0.46542476097950347,-0.4794405446653454
3.1874921711053004,5.689765484272051,-0.4653196520935266,-0.4794405446653454
3.1328802027028817,5.787857058983174,-0.46521454320754974,-0.4794405446653454
3.1428139587205663,5.815789790648825,-0.46510943432157287,-0.4794405446653454
2.9969543824199434,5.921890631631501,-0.465004325435596,-0.4794405446653454
2.9614086013290506,5.930622356383822,-0.46489921654961913,-0.4794405446653454
2.9307383638171203,5.948822913132613,-0.46479410766364226,-0.4794405446653454
2.9288940689827916,5.92014130244051,-0.4646889987776654,-0.4794405446653454
2.892369498103623,5.9129685030665815,-0.46458388989168853,-0.4794405446653454
3.0277386670414614,5.961033670852916,-0.46447878100571166,-0.4794405446653454
3.092076270318771,5.907923283849007,-0.4643736721197348,-0.4794405446653454
3.117349554578464,5.901959777321893,-0.4642685632337579,-0.4794405446653454
3.0848309095519357,5.858648308704532,-0.46416345434778106,-0.4794405446653454
3.0507835242810817,5.976641980167889,-0.4640583454618042,-0.4794405446653454
3.1855705104162557,5.88340503194166,-0.4639532365758273,-0.4794405446653454
3.138812299978765,5.991372921826031,-0.46384812768985045,-0.4794405446653454
3.0926656195130775,6.0282879749627964,-0.4637430188038736,-0.4794405446653454
3.0943790811246843,6.032827528080867,-0.4636379099178967,-0.4794405446653454
3.093156374711786,6.086919228655637,-0.46353280103191985,-0.4794405446653454
3.110971930973656,5.957286386062512,-0.463427692145943,-0.4794405446653454
3.098728438842791,5.959604647128887,-0.4633225832599661,-0.4794405446653454
3.151728444491779,5.959889699381082,-0.46321747437398925,-0.4794405446653454
3.1326897536115417,6.055036902809697,-0.4631123654880124,-0.4794405446653454
3.2020438163206695,6.019321196926479,-0.4630072566020355,-0.4794405446653454
3.1805712935228123,6.0478013050438895,-0.46290214771605864,-0.4794405446653454
3.2183667340876676,5.973406524567002,-0.4627970388300818,-0.4794405446653454
3.2647064014479517,5.989658626919814,-0.4626919299441049,-0.4794405446653454
3.276185855280526,5.99585889060119,-0.46258682105812804,-0.4794405446653454
3.324858431819303,5.973870686809335,-0.46248171217215117,-0.4794405446653454
3.3162565184239754,5.811461811996116,-0.4623766032861743,-0.4794405446653454
3.2812076414210263,5.877278597138651,-0.46227149440019744,-0.4794405446653454
3.306658760488654,5.856920550606976,-0.46216638551422057,-0.4794405446653454
3.4153125354742206,5.864190859697589,-0.4620612766282437,-0.4794405446653454
3.320848297876825,5.936415282951644,-0.46195616774226683,-0.4794405446653454
3.3254253703771965,5.926395307920216,-0.46185105885628996,-0.4794405446653454
3.3725744838175995,5.848814004477476,-0.4617459499703131,-0.4794405446653454
3.337595918140619,5.868298635955315,-0.46164084108433623,-0.4794405446653454
3.336892445691634,5.850184441191286,-0.46153573219835936,-0.4794405446653454
3.3978329545534174,5.788394843269384,-0.4614306233123825,-0.4794405446653454
3.412186392214725,5.8834435089915935,-0.4613255144264056,-0.4794405446653454
3.4407546994723193,5.796875425745046,-0.46122040554042876,-0.4794405446653454
3.313207671686075,5.921689045542946,-0.4611152966544519,-0.4794405446653454
3.403639088263071,5.818031512825684,-0.461010187768475,-0.4794405446653454
3.458098055695033,5.826590487528836,-0.46090507888249815,-0.4794405446653454
3.311587333541947,5.92438175928611,-0.4607999699965213,-0.4794405446653454
3.2869650220799262,5.944240123743287,-0.4606948611105444,-0.4794405446653454
3.1905656949358456,5.958370337607642,-0.46058975222456755,-0.4794405446653454
3.297300191241566,5.918438293097685,-0.4604846433385907,-0.4794405446653454
3.3253977586154906,5.980581934346974,-0.4603795344526138,-0.4794405446653454
3.25387163408754,5.969074063061486,-0.46027442556663695,-0.4794405446653454
3.2509336174771617,5.987497761553007,-0.4601693166806601,-0.4794405446653454
3.290781583179182,6.0354589037456865,-0.4600642077946832,-0.4794405446653454
3.34427294281995,6.02056793069791,-0.45995909890870634,-0.4794405446653454
3.3271803226751033,6.006380061332937,-0.4598539900227295,-0.4794405446653454
3.321557885542192,6.013709955376088,-0.4597488811367526,-0.4794405446653454
3.32038773281767,5.97970815728922,-0.45964377225077574,-0.4794405446653454
3.346755944793238,6.011518627168437,-0.45953866336479887,-0.4794405446653454
3.4382920543049376,5.986221950174894,-0.459433554478822,-0.4794405446653454
3.475720731187043,6.010837092265046,-0.45932844559284514,-0.4794405446653454
3.495783944115986,5.964473833346918,-0.45922333670686827,-0.4794405446653454
3.4558993203715254,6.003108955964006,-0.4591182278208914,-0.4794405446653454
3.5105691117322517,5.9755139040034955,-0.45901311893491453,-0.4794405446653454
3.510718514057681,5.944823658448934,-0.45890801004893766,-0.4794405446653454
3.487703839718506,5.970656112655555,-0.4588029011629608,-0.4794405446653454
3.4902245027262597,5.924022277691803,-0.45869779227698393,-0.4794405446653454
3.4703485706980306,5.977324701972995,-0.45859268339100706,-0.4794405446653454
3.5554115340356045,5.916485548912329,-0.4584875745050302,-0.4794405446653454
3.447976562148609,5.984746747016092,-0.4583824656190533,-0.4794405446653454
3.4976691953993297,5.9700433185777975,-0.45827735673307646,-0.4794405446653454
3.5014551703589762,5.968158564237944,-0.4581722478470996,-0.4794405446653454
3.497259983164804,5.988581078831905,-0.4580671389611227,-0.4794405446653454
3.474864938120522,5.994089753613871,-0.45796203007514585,-0.4794405446653454
3.474926289103799,6.016239268033736,-0.457856921189169,-0.4794405446653454
3.479711040768698,6.005781162565949,-0.4577518123031921,-0.4794405446653454
3.4729861167317897,6.011147430782676,-0.45764670341721525,-0.4794405446653454
3.3679889328692965,5.986764686315292,-0.4575415945312384,-0.4794405446653454
3.471896338596607,6.006752739398711,-0.4574364856452615,-0.4794405446653454
3.4472890450449047,5.899445367267657,-0.45733137675928465,-0.4794405446653454
3.447038537155042,5.970722677275699,-0.4572262678733078,-0.4794405446653454
3.40013657881065,5.961795462236803,-0.4571211589873309,-0.4794405446653454
3.3815890058574682,5.9510223982062636,-0.45701605010135404,-0.4794405446653454
3.406514852135794,5.9609145536512465,-0.4569109412153772,-0.4794405446653454
3.3596369576950083,5.94633963164591,-0.4568058323294003,-0.4794405446653454
3.3205889802795583,5.925637618997332,-0.45670072344342344,-0.4794405446653454
3.350733116764874,5.909167392401956,-0.45659561455744657,-0.4794405446653454
3.5066282187870774,5.919745024177448,-0.4564905056714697,-0.4794405446653454
3.5048693216277873,5.973931929735768,-0.45638539678549284,-0.4794405446653454
3.5568080152816846,5.969221182573267,-0.45628028789951597,-0.4794405446653454
3.5067086195942294,5.975255159773036,-0.4561751790135391,-0.4794405446653454
3.567968121335456,5.979969502299063,-0.45607007012756223,-0.4794405446653454
3.536259149654318,5.966044743484262,-0.45596496124158536,-0.4794405446653454
3.5218572264233066,5.973201774623,-0.4558598523556085,-0.4794405446653454
3.4609841773115324,5.944206838416015,-0.45575474346963163,-0.4794405446653454
3.4664257830861414,5.974274946715437,-0.45564963458365476,-0.4794405446653454
3.4714294932529564,5.9641720635619455,-0.4555445256976779,-0.4794405446653454
3.364443832314894,5.905148113307672,-0.455439416811701,-0.4794405446653454
3.2640873780658772,5.969139033247066,-0.45533430792572416,-0.4794405446653454
3.3223608803611158,5.9275774473653735,-0.4552291990397473,-0.4794405446653454
3.3183997130616056,5.969588142559328,-0.4551240901537704,-0.4794405446653454
3.23278664670114,5.989237147141528,-0.45501898126779355,-0.4794405446653454
3.238097550586624,5.962146728448738,-0.4549138723818167,-0.4794405446653454
3.2516977572956725,5.96288094589018,-0.4548087634958398,-0.4794405446653454
3.292530994971618,5.902786544174452,-0.45470365460986295,-0.4794405446653454
3.175276559154192,5.936706228987543,-0.4545985457238861,-0.4794405446653454
3.243962246709546,5.9211434555268445,-0.4544934368379092,-0.4794405446653454
3.3067513435894527,5.951168027710977,-0.45438832795193235,-0.4794405446653454
3.318407146968196,5.865348289328644,-0.4542832190659555,-0.4794405446653454
3.2148042763090743,6.008153605330415,-0.4541781101799786,-0.4794405446653454
3.1832764079850167,6.010592451876404,-0.45407300129400174,-0.4794405446653454
3.188380262798267,6.037254091285035,-0.4539678924080249,-0.4794405446653454
3.242852415516633,6.020426480394965,-0.453862783522048,-0.4794405446653454
3.1220248800661956,6.030370953807267,-0.45375767463607114,-0.4794405446653454
3.1034357849115652,6.056832328179211,-0.45365256575009427,-0.4794405446653454
3.131247623923008,6.001125987879326,-0.4535474568641174,-0.4794405446653454
3.096476278028077,6.055080692171563,-0.45344234797814054,-0.4794405446653454
3.103240028940536,6.025928839586543,-0.45333723909216367,-0.4794405446653454
3.04080867611026,6.045191338137316,-0.4532321302061868,-0.4794405446653454
3.037226724016125,6.060125674413598,-0.45312702132020993,-0.4794405446653454
3.0660170630550265,6.0137957534707756,-0.45302191243423306,-0.4794405446653454
3.1432096118852204,6.002322392548347,-0.4529168035482562,-0.4794405446653454
3.146915792919862,6.006317869963612,-0.45281169466227933,-0.4794405446653454
3.174631128500664,6.0086230018758435,-0.45270658577630246,-0.4794405446653454
3.1629057799414855,5.959394103986387,-0.4526014768903256,-0.4794405446653454
3.1428999101390676,5.992291765074393,-0.4524963680043487,-0.4794405446653454
3.1849595434988385,6.05815390010626,-0.45239125911837186,-0.4794405446653454
3.102398489440595,6.0320840491371515,-0.452286150232395,-0.4794405446653454
3.1969887943560313,6.014507412495578,-0.4521810413464181,-0.4794405446653454
3.170839136260037,6.011011031806927,-0.45207593246044125,-0.4794405446653454
3.2067951333803717,6.052138737740483,-0.4519708235744644,-0.4794405446653454
4.711595553401221,9.682936497665931,-0.3187741203082652,-0.31904018926162636
4.716030624797696,9.686330248901168,-0.31858262496878703,-0.31904018926162636
4.550770598875837,9.610789580345498,-0.31855374816630755,-0.31904018926162636
4.639778610122006,9.676210076559505,-0.3186043081622694,-0.31904018926162636
4.7537208126942545,9.69194191460417,-0.31853704418670464,-0.31904018926162636
4.757911322405489,9.696282330343047,-0.3183759163148835,-0.31904018926162636
4.725028458983514,9.580531599355469,-0.31822532634271145,-0.31904018926162636
4.716587219630391,9.58430409340666,-0.318086819545875,-0.31904018926162636
4.807455607583093,9.58448141205913,-0.3179476289369541,-0.31904018926162636
4.79481282212666,9.475375039861662,-0.3177982771268025,-0.31904018926162636
4.709902194806796,9.541465085597611,-0.3176444211097356,-0.31904018926162636
4.705919297495592,9.543527339178764,-0.31749162368771117,-0.31904018926162636
4.5167595853493046,9.60286392173726,-0.31733944691375154,-0.31904018926162636
4.532465971991278,9.57727662615962,-0.3171868110614933,-0.31904018926162636
4.434696776150742,9.388357274646195,-0.31703345003641703,-0.31904018926162636
4.5775251386282685,9.477019796564807,-0.3168798958931864,-0.31904018926162636
4.449350189306896,9.46029190613009,-0.3167264239103349,-0.31904018926162636
4.516219521604058,9.483950922500862,-0.31657296617244296,-0.31904018926162636
4.543303601528133,9.431824474611323,-0.3164194539596924,-0.31904018926162636
4.472521739111034,9.353168348710087,-0.31626589538404415,-0.31904018926162636
4.426340931167957,9.366714417730401,-0.31611233008265727,-0.31904018926162636
4.386397133765789,9.357054057643872,-0.3159587697597986,-0.31904018926162636
4.353201837953879,9.400057575139133,-0.315805207950127,-0.31904018926162636
4.250600149274446,9.326570180564042,-0.3156516413301806,-0.31904018926162636
4.340705174348306,9.353652417489803,-0.3154980719825472,-0.31904018926162636
4.260346542734474,9.313788750001706,-0.31534450249167023,-0.31904018926162636
4.3631762222541495,9.361859253077624,-0.3151909332054824,-0.31904018926162636
4.274778326520654,9.336689156309353,-0.315037363641889,-0.31904018926162636
4.436072837214509,9.374932798726562,-0.31488379371056113,-0.31904018926162636
4.489763262610115,9.417134036859222,-0.31473022362945186,-0.31904018926162636
4.512272634149067,9.40560883156493,-0.3145766535496985,-0.31904018926162636
4.523389450334697,9.396930436134683,-0.31442308346945713,-0.31904018926162636
4.552123462245276,9.444265855464069,-0.31426951335932235,-0.31904018926162636
4.466839070185104,9.416269101374079,-0.3141159432235336,-0.31904018926162636
4.527206451523814,9.280211883957769,-0.3139623730799199,-0.31904018926162636
4.443870899853117,9.248605510382767,-0.3138088029363891,-0.31904018926162636
4.53284563707731,9.29581590492419,-0.3136552327916039,-0.31904018926162636
4.527945660562023,9.35466414752495,-0.31350166264417556,-0.31904018926162636
4.523331433479576,9.413507652033287,-0.31334809249506795,-0.31904018926162636
4.516059303998882,9.323138008292101,-0.31319452234555334,-0.31904018926162636
4.441228647787629,9.263607591061708,-0.3130409521959932,-0.31904018926162636
4.290126507839878,9.171441045193788,-0.31288738204625777,-0.31904018926162636
4.419237375959461,9.282584091890769,-0.3127338118963131,-0.31904018926162636
4.435753406912654,9.267354001696491,-0.312580241746263,-0.31904018926162636
4.502393191562983,9.31625957909119,-0.3124266715961897,-0.31904018926162636
4.585737648968087,9.315119906679378,-0.31227310144610687,-0.31904018926162636
4.632004753093312,9.452010694473852,-0.31211953129600617,-0.31904018926162636
4.6129023776864315,9.3875810218542,-0.31196596114589004,-0.31904018926162636
4.690996302749871,9.531970536777296,-0.3118123909957674,-0.31904018926162636
4.690051779531602,9.355732017169267,-0.31165882084564317,-0.31904018926162636
4.697760737634051,9.051528829896604,-0.3115052506955177,-0.31904018926162636
4.628233017323557,9.167056069011123,-0.31135168054539064,-0.31904018926162636
4.6143264453120025,9.220041546110465,-0.31119811039526246,-0.31904018926162636
4.477321046847852,9.245547964232651,-0.3110445402451339,-0.31904018926162636
4.467388855646414,9.275030187425504,-0.3108909700950052,-0.31904018926162636
4.447070177893751,9.272534630563868,-0.31073739994487637,-0.31904018926162636
4.372901472869298,9.18232169121822,-0.3105838297947474,-0.31904018926162636
4.318374816353187,9.18513659288804,-0.3104302596446184,-0.31904018926162636
4.336837726360586,9.099238773826913,-0.31027668949448933,-0.31904018926162636
4.325212231751672,9.153209313302156,-0.31012311934436027,-0.31904018926162636
4.560981433579627,9.477888080578346,-0.3099695491942312,-0.31904018926162636
4.5696379435186945,9.482093367769949,-0.30981597904410213,-0.31904018926162636
4.588606881168563,9.474437324346404,-0.309662408893973,-0.31904018926162636
4.656155132603496,9.510422279339332,-0.3095088387438439,-0.31904018926162636
4.579727095769825,9.466661981178055,-0.30935526859371476,-0.31904018926162636
4.506661685306169,9.433993122808863,-0.30920169844358564,-0.31904018926162636
4.536723886942854,9.44701898860966,-0.3090481282934565,-0.31904018926162636
4.609905292688563,9.505561452649891,-0.3088945581433274,-0.31904018926162636
4.583023880575804,9.472197506931094,-0.30874098799319827,-0.31904018926162636
4.629965528443941,9.464497715632467,-0.30858741784306915,-0.31904018926162636
4.629504623455783,9.473786781470325,-0.30843384769294,-0.31904018926162636
4.611758595047193,9.480932403716174,-0.3082802775428109,-0.31904018926162636
4.691559726321188,9.455564057202912,-0.3081267073926818,-0.31904018926162636
4.670379946602794,9.555757571152622,-0.30797313724255265,-0.31904018926162636
4.6489924018991235,9.514416135879134,-0.30781956709242353,-0.31904018926162636
4.6127517828162405,9.414967952024714,-0.3076659969422944,-0.31904018926162636
4.56966399466852,9.374514141968662,-0.3075124267921653,-0.31904018926162636
4.650845650835993,9.518075342587407,-0.30735885664203616,-0.31904018926162636
4.7443303715408085,9.482306754998142,-0.30720528649190704,-0.31904018926162636
4.68960770028662,9.448840174050902,-0.3070517163417779,-0.31904018926162636
4.752441368419125,9.40178335492986,-0.3068981461916488,-0.31904018926162636
4.787994029996252,9.401962454370434,-0.30674457604151967,-0.31904018926162636
4.830489419378895,9.523500120174662,-0.30659100589139054,-0.31904018926162636
4.854429305983278,9.541558856396792,-0.3064374357412614,-0.31904018926162636
4.914360140633463,9.534402076471764,-0.3062838655911323,-0.31904018926162636
4.986654069539696,9.52548405047103,-0.3061302954410032,-0.31904018926162636
5.0882047710327765,9.507493740763328,-0.30597672529087405,-0.31904018926162636
5.114955627272833,9.541957091672424,-0.30582315514074493,-0.31904018926162636
5.060934240101109,9.533271682285472,-0.3056695849906158,-0.31904018926162636
5.101816563202702,9.53924599808016,-0.3055160148404867,-0.31904018926162636
5.026015597241645,9.532667973859315,-0.30536244469035756,-0.31904018926162636
5.049018144228862,9.538262524620281,-0.30520887454022844,-0.31904018926162636
5.035358608076665,9.5457067747498,-0.3050553043900993,-0.31904018926162636
5.040622886968196,9.561211435409163,-0.3049017342399702,-0.31904018926162636
4.968636151727018,9.537655980496524,-0.30474816408984107,-0.31904018926162636
4.9796170841223635,9.505110769181368,-0.30459459393971194,-0.31904018926162636
4.983250657871332,9.524498929538769,-0.3044410237895828,-0.31904018926162636
4.973396333928111,9.503908430137677,-0.3042874536394537,-0.31904018926162636
4.993541421126846,9.55411979377115,-0.3041338834893246,-0.31904018926162636
4.945230195141359,9.517373867898103,-0.30398031333919545,-0.31904018926162636
5.0512236642100845,9.527460584655985,-0.30382674318906633,-0.31904018926162636
5.058122818855188,9.516482660679934,-0.3036731730389372,-0.31904018926162636
5.04683126098935,9.413511829683102,-0.3035196028888081,-0.31904018926162636
5.146503224569837,9.468496918137113,-0.30336603273867896,-0.31904018926162636
5.0727417326729345,9.511706931364312,-0.30321246258854984,-0.31904018926162636
5.089267231842187,9.520816101146124,-0.3030588924384207,-0.31904018926162636
5.073066102952649,9.599305133444922,-0.3029053222882916,-0.31904018926162636
5.034731068700407,9.61123898010027,-0.30275175213816247,-0.31904018926162636
5.072343388866903,9.57942814707756,-0.30259818198803334,-0.31904018926162636
5.049790182314077,9.654225367300096,-0.3024446118379042,-0.31904018926162636
5.050992170699874,9.577694553351163,-0.3022910416877751,-0.31904018926162636
5.013970345367001,9.562100584036344,-0.302137471537646,-0.31904018926162636
4.9585513043079885,9.629085614386403,-0.30198390138751685,-0.31904018926162636
5.108561357789529,9.554567553893486,-0.30183033123738773,-0.31904018926162636
5.183736083497759,9.442870431962985,-0.3016767610872586,-0.31904018926162636
5.123646778637289,9.529484327530621,-0.3015231909371295,-0.31904018926162636
5.096866635005778,9.552193164165574,-0.30136962078700036,-0.31904018926162636
4.962958258449733,9.497898328667594,-0.30121605063687124,-0.31904018926162636
4.964356468533861,9.556095393865828,-0.3010624804867421,-0.31904018926162636
4.999037856899889,9.334555610554558,-0.300908910336613,-0.31904018926162636
5.064518206224854,9.299236311594644,-0.30075534018648387,-0.31904018926162636
4.966229560312783,9.284188322593295,-0.30060177003635474,-0.31904018926162636
4.864511906389884,9.249200208300978,-0.3004481998862256,-0.31904018926162636
4.815451387839999,9.416351754362966,-0.3002946297360965,-0.31904018926162636
4.772060412698999,9.430731563795524,-0.3001410595859674,-0.31904018926162636
4.738345857735956,9.397195625850475,-0.29998748943583825,-0.31904018926162636
4.87480018619813,9.455273179440614,-0.2998339192857091,-0.31904018926162636
4.991051484362346,9.515173889228619,-0.29968034913558,-0.31904018926162636
4.9650916868589094,9.489446808883466,-0.2995267789854509,-0.31904018926162636
5.170502621287432,9.527420172528615,-0.29937320883532176,-0.31904018926162636
5.289392169415468,9.449248947313855,-0.29921963868519263,-0.31904018926162636
5.2935523069457835,9.44157514382544,-0.2990660685350635,-0.31904018926162636
5.316201018120374,9.429647811742054,-0.2989124983849344,-0.31904018926162636
5.257994704194299,9.456335601715812,-0.29875892823480527,-0.31904018926162636
5.288763170546754,9.431040304513203,-0.29860535808467614,-0.31904018926162636
5.275363961569742,9.41380835971378,-0.298451787934547,-0.31904018926162636
5.351385674124462,9.451298234156198,-0.2982982177844179,-0.31904018926162636
5.256781465985326,9.436367104700631,-0.2981446476342888,-0.31904018926162636
5.18716252770543,9.523916097977803,-0.29799107748415965,-0.31904018926162636
5.253637892827341,9.497225553319568,-0.2978375073340305,-0.31904018926162636
5.296872846139628,9.502309857727989,-0.2976839371839014,-0.31904018926162636
5.399994512032569,9.485399602810542,-0.2975303670337723,-0.31904018926162636
5.2122214599517465,9.390217460261452,-0.29737679688364316,-0.31904018926162636
5.2305427078824875,9.392931014060974,-0.29722322673351403,-0.31904018926162636
5.4219083819998035,9.276543709664116,-0.2970696565833849,-0.31904018926162636
5.508277386011492,9.35079880510264,-0.2969160864332558,-0.31904018926162636
5.6004370252859905,9.306908113424912,-0.29676251628312666,-0.31904018926162636
5.655589895583812,9.416076276417932,-0.29660894613299754,-0.31904018926162636
5.7065800882347295,9.018819622268923,-0.2964553759828684,-0.31904018926162636
5.565683546543746,9.016778538887635,-0.2963018058327393,-0.31904018926162636
5.723221032855871,8.543972189857845,-0.2961482356826102,-0.31904018926162636
5.655808030529194,8.903031868968691,-0.29599466553248105,-0.31904018926162636
5.750875714800465,8.654050132694698,-0.2958410953823519,-0.31904018926162636
5.449906664794082,8.88601095481146,-0.2956875252322228,-0.31904018926162636
5.582407983551998,8.89592525247165,-0.2955339550820937,-0.31904018926162636
5.511540783494827,8.983227147295361,-0.29538038493196456,-0.31904018926162636
5.634625751611116,8.900173445122583,-0.29522681478183543,-0.31904018926162636
5.676318739096426,8.887535675798143,-0.2950732446317063,-0.31904018926162636
5.779209707517354,8.627559432620092,-0.2949196744815772,-0.31904018926162636
5.739410916719443,8.602755711907431,-0.29476610433144806,-0.31904018926162636
5.8180252181346965,8.668095173358916,-0.29461253418131894,-0.31904018926162636
5.813337518136901,8.925174392098471,-0.2944589640311898,-0.31904018926162636
5.74668939224003,8.891572706733431,-0.2943053938810607,-0.31904018926162636
5.8111724224875765,8.793134042001904,-0.29415182373093157,-0.31904018926162636
5.810803771475104,8.897142477069583,-0.29399825358080245,-0.31904018926162636
5.750182310576766,8.988644499415443,-0.2938446834306733,-0.31904018926162636
5.911345800658115,8.975841854844775,-0.2936911132805442,-0.31904018926162636
5.852622316419497,8.977794090089343,-0.2935375431304151,-0.31904018926162636
6.004386765555614,8.99342906118781,-0.29338397298028596,-0.31904018926162636
6.208216402166277,8.912213010858146,-0.29323040283015683,-0.31904018926162636
6.215309130109626,8.928804672629287,-0.2930768326800277,-0.31904018926162636
6.316496646552168,9.232469772516735,-0.2929232625298986,-0.31904018926162636
6.379285285715474,9.17548246878291,-0.29276969237976946,-0.31904018926162636
6.432123771418704,9.113375205970257,-0.29261612222964034,-0.31904018926162636
6.4632274570763215,9.160541542370426,-0.2924625520795112,-0.31904018926162636
6.413609200482051,9.214922028526427,-0.2923089819293821,-0.31904018926162636
6.395624531910977,9.269169079825993,-0.29215541177925297,-0.31904018926162636
6.331035649394226,9.293861266306468,-0.29200184162912385,-0.31904018926162636
6.334368329946825,9.279431526990164,-0.2918482714789947,-0.31904018926162636
6.538162386808114,9.291615031492142,-0.2916947013288656,-0.31904018926162636
6.5478766388888205,9.292859598727453,-0.2915411311787365,-0.31904018926162636
6.625336666482754,9.209947335409739,-0.29138756102860736,-0.31904018926162636
6.725413655742741,9.085672585827274,-0.29123399087847823,-0.31904018926162636
6.652529956669522,9.150830772751165,-0.2910804207283491,-0.31904018926162636
6.55007076398377,9.137247533377458,-0.29092685057822,-0.31904018926162636
6.410109719801227,9.217247587404554,-0.29077328042809086,-0.31904018926162636
6.406170901231751,9.116778387443672,-0.29061971027796174,-0.31904018926162636
6.426789655387285,9.121263315654247,-0.2904661401278326,-0.31904018926162636
6.452646656304531,9.036630852747788,-0.2903125699777035,-0.31904018926162636
6.694925384864261,8.931745334673755,-0.29015899982757437,-0.31904018926162636
6.727304702457619,9.057577894895108,-0.29000542967744525,-0.31904018926162636
6.507449138461143,9.138832023143081,-0.2898518595273161,-0.31904018926162636
6.463312966777719,9.148330720605617,-0.289698289377187,-0.31904018926162636
6.350530913246193,9.146503467899725,-0.2895447192270579,-0.31904018926162636
6.063254777882346,9.011519538595563,-0.28939114907692876,-0.31904018926162636
5.940482712023927,8.984576292946224,-0.28923757892679963,-0.31904018926162636
5.892443697982055,9.006096385830922,-0.2890840087766705,-0.31904018926162636
5.978098589108227,9.053154248112724,-0.2889304386265414,-0.31904018926162636
5.923528539679517,9.085322862876957,-0.28877686847641226,-0.31904018926162636
6.091513919389215,9.01523771525771,-0.28862329832628314,-0.31904018926162636
6.131729012547298,9.036311629308766,-0.288469728176154,-0.31904018926162636
5.91832664891034,8.941165301039105,-0.2883161580260249,-0.31904018926162636
5.845863810980502,8.97924751398677,-0.28816258787589577,-0.31904018926162636
5.855635735301761,8.983108068681899,-0.28800901772576665,-0.31904018926162636
5.881875355984175,9.029960868769392,-0.2878554475756375,-0.31904018926162636
6.047434791287367,8.983404267095384,-0.2877018774255084,-0.31904018926162636
5.910547889821006,9.044217725687728,-0.2875483072753793,-0.31904018926162636
5.704591452584346,8.98919682646004,-0.28739473712525015,-0.31904018926162636
5.888193648737933,9.033741259418008,-0.28724116697512103,-0.31904018926162636
6.056104308844025,9.04508085725421,-0.2870875968249919,-0.31904018926162636
6.247714438909591,9.013183892034348,-0.2869340266748628,-0.31904018926162636
6.425983301811359,9.26130906340054,-0.28678045652473366,-0.31904018926162636
6.363273681583573,9.283255896397998,-0.28662688637460454,-0.31904018926162636
6.392320566805433,9.250998965433665,-0.2864733162244754,-0.31904018926162636
6.564311557472301,9.299553301130024,-0.2863197460743463,-0.31904018926162636
6.485484957479672,9.285630317233858,-0.28616617592421717,-0.31904018926162636
6.550643792903109,9.267658089830762,-0.28601260577408805,-0.31904018926162636
6.379123400629779,9.261078564836867,-0.2858590356239589,-0.31904018926162636
6.373842366665521,9.265441217252185,-0.2857054654738298,-0.31904018926162636
6.383228682352883,9.268023783536185,-0.2855518953237007,-0.31904018926162636
6.311039191326011,9.23432210062799,-0.28539832517357155,-0.31904018926162636
6.350053124900923,9.216394878376098,-0.28524475502344243,-0.31904018926162636
6.414703453720439,9.20643937177885,-0.2850911848733133,-0.31904018926162636
6.317829047455026,9.186843397844406,-0.2849376147231842,-0.31904018926162636
6.352689320232262,9.115740948665708,-0.28478404457305506,-0.31904018926162636
6.345339962546519,9.122066807156518,-0.28463047442292594,-0.31904018926162636
6.426430674951052,9.084896223976497,-0.2844769042727968,-0.31904018926162636
6.3123293019403,9.083637062128831,-0.2843233341226677,-0.31904018926162636
6.224344984764157,8.956325890690733,-0.28416976397253857,-0.31904018926162636
6.199169534408234,8.94147773999466,-0.28401619382240945,-0.31904018926162636
6.141885974740411,9.096732222956495,-0.2838626236722803,-0.31904018926162636
6.077379495825164,9.103145814886341,-0.2837090535221512,-0.31904018926162636
6.20870708756517,9.11219461035935,-0.2835554833720221,-0.31904018926162636
6.224932509697165,9.125965075358685,-0.28340191322189295,-0.31904018926162636
6.204950317083302,9.13995016984919,-0.28324834307176383,-0.31904018926162636
6.318244317612117,9.21600818527519,-0.2830947729216347,-0.31904018926162636
6.429060590616736,9.268148213590894,-0.2829412027715056,-0.31904018926162636
6.367544686325015,9.330156212295806,-0.28278763262137646,-0.31904018926162636
6.492685167752977,9.326186572108952,-0.28263406247124734,-0.31904018926162636
6.533701308001985,9.310946781033563,-0.2824804923211182,-0.31904018926162636
6.585336557393074,9.269313437231004,-0.2823269221709891,-0.31904018926162636
6.588406315870878,9.305068963614723,-0.28217335202085997,-0.31904018926162636
6.661990134065812,9.357712077999873,-0.28201978187073085,-0.31904018926162636
6.714806146171247,9.287651053572457,-0.2818662117206017,-0.31904018926162636
6.440982806192004,9.378372719687302,-0.2817126415704726,-0.31904018926162636
6.396554692686863,9.437887557133967,-0.2815590714203435,-0.31904018926162636
6.424300723045214,9.4711889201253,-0.28140550127021435,-0.31904018926162636
6.329043713974272,9.468563130482964,-0.28125193112008523,-0.31904018926162636
6.373837189435927,9.456374134962692,-0.2810983609699561,-0.31904018926162636
6.508677468459644,9.376098734006222,-0.280944790819827,-0.31904018926162636
6.594436018251491,9.443898063829968,-0.28079122066969786,-0.31904018926162636
6.63867383109032,9.39613500310126,-0.28063765051956874,-0.31904018926162636
9.23945416859455,12.076932866518167,-0.20016409263234763,-0.2007945124094954
9.205031431197265,12.057571571902512,-0.20036989593415272,-0.2007945124094954
9.336966567404355,12.022232929007753,-0.199998470473043,-0.2007945124094954
9.421682437965629,12.029875277986866,-0.19988145229059548,-0.2007945124094954
9.434391393292087,12.002969284024038,-0.19966125141391505,-0.2007945124094954
9.449392142491309,12.035361015434251,-0.19950755910728207,-0.2007945124094954
9.594004952728202,12.01047333017674,-0.199313875320899,-0.2007945124094954
9.590453666971197,11.986577647624847,-0.1991394029426575,-0.2007945124094954
9.72722184135696,11.982895515062843,-0.19895567383648918,-0.2007945124094954
9.718740452929943,12.039576941346095,-0.1987772236018843,-0.2007945124094954
9.703331827153049,12.034322607373165,-0.19859582545934498,-0.2007945124094954
9.59566182415849,11.936180570859149,-0.19841591963769944,-0.2007945124094954
9.460149208662106,11.907651063556452,-0.19823525156889976,-0.2007945124094954
9.312593836235092,11.961915098449708,-0.19805499951371253,-0.2007945124094954
9.339381464941406,11.909246685755374,-0.19787452249356907,-0.2007945124094954
9.133230968135727,11.967978854826317,-0.1976941622424801,-0.2007945124094954
9.372623797686455,11.966402597179506,-0.19751374103419486,-0.2007945124094954
9.427546243729362,12.024434002433305,-0.19733335250829995,-0.2007945124094954
9.552861070183702,12.010423015151504,-0.1971529465380927,-0.2007945124094954
9.635012745582355,12.006852513347154,-0.19697254972342867,-0.2007945124094954
9.637120833127234,11.994178850616526,-0.19679214808894335,-0.2007945124094954
9.692509995865949,11.980636665573215,-0.196611749019396,-0.2007945124094954
9.530375138523826,11.979868185395084,-0.1964313485878638,-0.2007945124094954
9.639939026961299,11.97988884257639,-0.19625094887459738,-0.2007945124094954
9.577161547812864,11.986112928051847,-0.1960705487819723,-0.2007945124094954
9.84956670244042,11.97948366138876,-0.19589014889059053,-0.2007945124094954
9.642047286848213,11.9569290602417,-0.19570974889256446,-0.2007945124094954
9.82327983104719,12.0102785152577,-0.19552934895089455,-0.2007945124094954
9.80529436509806,11.98721852003788,-0.19534894897942187,-0.2007945124094954
9.963713051864037,12.014390640568843,-0.19516854902373784,-0.2007945124094954
9.897313666591927,11.91657651178599,-0.19498814905969356,-0.2007945124094954
9.8211487668066,12.024055404075874,-0.19480774910007112,-0.2007945124094954
9.805704409969842,11.995863971264471,-0.19462734913810914,-0.2007945124094954
9.710296191492416,11.971643355903879,-0.19444694917738586,-0.2007945124094954
9.827378850060661,11.942772825135615,-0.1942665492160069,-0.2007945124094954
9.87431624285018,12.014854044949013,-0.19408614925497486,-0.2007945124094954
9.96811240604752,12.026996375132494,-0.19390574929375923,-0.2007945124094954
10.094541155979282,12.041132827290348,-0.19372534933264077,-0.2007945124094954
10.12158939438355,12.02248606476034,-0.19354494937147088,-0.2007945124094954
10.035787583318438,12.019900520850115,-0.1933645494103282,-0.2007945124094954
10.08925740896297,11.98128017210788,-0.19318414944917114,-0.2007945124094954
10.190723612165126,11.995903553858803,-0.19300374948802168,-0.2007945124094954
10.070654153148627,11.91203674013132,-0.1928233495268682,-0.2007945124094954
10.157226860099982,11.953011928792375,-0.19264294956571684,-0.2007945124094954
10.145752722628284,12.011646484611695,-0.19246254960456435,-0.2007945124094954
10.059777778918702,11.987948879533299,-0.19228214964341248,-0.2007945124094954
10.07772630528728,12.011601102325606,-0.19210174968226026,-0.2007945124094954
10.073361073748599,11.964287157667961,-0.19192134972110822,-0.2007945124094954
9.93846136574826,11.964225472249055,-0.1917409497599561,-0.2007945124094954
9.569215234106068,11.926273380269254,-0.19156054979880402,-0.2007945124094954
9.658390777395377,11.882911728362583,-0.19138014983765192,-0.2007945124094954
9.628047665694584,11.945019739821909,-0.19119974987649982,-0.2007945124094954
9.537725522658029,11.936116289030332,-0.19101934991534772,-0.2007945124094954
9.647605448077776,11.967471619556772,-0.19083894995419562,-0.2007945124094954
9.846567199931632,11.889053347848325,-0.19065854999304352,-0.2007945124094954
9.849324779664054,11.892200417991283,-0.19047815003189142,-0.2007945124094954
9.914730623660944,11.889369326905214,-0.19029775007073932,-0.2007945124094954
9.948774253884947,11.843870583444481,-0.19011735010958722,-0.2007945124094954
10.117633397848987,11.984425783730495,-0.18993695014843512,-0.2007945124094954
10.200928607316413,11.979881742895762,-0.18975655018728302,-0.2007945124094954
10.26894879495123,11.90005050872015,-0.18957615022613092,-0.2007945124094954
10.109152782529579,11.903329968327895,-0.18939575026497882,-0.2007945124094954
10.111529785612984,11.987221823099867,-0.18921535030382672,-0.2007945124094954
9.983479585954933,11.935430061549761,-0.18903495034267462,-0.2007945124094954
10.069850306340033,11.898069988087618,-0.18885455038152252,-0.2007945124094954
10.172535424609006,12.017791423463832,-0.18867415042037042,-0.2007945124094954
10.423341524196736,11.994925908954688,-0.18849375045921832,-0.2007945124094954
10.507566033620224,11.919244095793333,-0.18831335049806622,-0.2007945124094954
10.459954783297663,11.944677776866977,-0.18813295053691412,-0.2007945124094954
10.45932839761973,11.932504286342684,-0.18795255057576202,-0.2007945124094954
10.491076991717792,11.887085363033888,-0.18777215061460992,-0.2007945124094954
10.419584547352429,11.904988929885649,-0.18759175065345782,-0.2007945124094954
10.171307379198726,11.947636311474097,-0.18741135069230572,-0.2007945124094954
10.328010210545694,11.927566190721516,-0.18723095073115362,-0.2007945124094954
10.345674647929474,11.875356291022497,-0.18705055077000152,-0.2007945124094954
10.24799268753728,11.89289365900218,-0.18687015080884942,-0.2007945124094954
10.203101182785195,11.933720321657185,-0.18668975084769732,-0.2007945124094954
10.202501960284135,11.90002085533684,-0.18650935088654522,-0.2007945124094954
9.7500570433464,11.8234858435765,-0.18632895092539312,-0.2007945124094954
9.956003094517957,11.763916685866945,-0.18614855096424102,-0.2007945124094954
10.019554854518772,11.750405563713592,-0.18596815100308892,-0.2007945124094954
10.066494005125534,11.74531735507167,-0.18578775104193682,-0.2007945124094954
10.00914465797011,11.844535049724216,-0.18560735108078472,-0.2007945124094954
10.141036310126175,11.880658758921648,-0.18542695111963262,-0.2007945124094954
10.15393816352421,11.818053836068989,-0.18524655115848052,-0.2007945124094954
10.164691251132158,11.796783968364364,-0.18506615119732842,-0.2007945124094954
10.072078624433951,11.875100124958383,-0.18488575123617632,-0.2007945124094954
10.16290213368643,11.89184239098195,-0.18470535127502422,-0.2007945124094954
10.60342979231072,12.04607934350498,-0.18452495131387212,-0.2007945124094954
10.499107746428113,12.04750960289168,-0.18434455135272002,-0.2007945124094954
10.55667343261901,11.972475996445361,-0.18416415139156792,-0.2007945124094954
10.689682446641214,11.962177826916752,-0.18398375143041582,-0.2007945124094954
10.674449882249252,11.97060253834285,-0.18380335146926371,-0.2007945124094954
10.684554893497769,11.964396666244248,-0.18362295150811161,-0.2007945124094954
10.693348712039429,11.958129506176459,-0.18344255154695951,-0.2007945124094954
10.635152002845505,12.053578260595566,-0.18326215158580741,-0.2007945124094954
10.294967873375498,11.995979698169597,-0.18308175162465531,-0.2007945124094954
10.27885156159755,11.930939644729863,-0.18290135166350321,-0.2007945124094954
10.339901001537426,11.978980852206346,-0.18272095170235111,-0.2007945124094954
10.28430802007264,11.916140339926649,-0.18254055174119901,-0.2007945124094954
10.29382772750595,11.932107261097201,-0.18236015178004691,-0.2007945124094954
10.373639545023163,11.95686282769819,-0.18217975181889481,-0.2007945124094954
10.549293262725225,12.072076730444117,-0.1819993518577427,-0.2007945124094954
10.686339226703396,12.061325805597853,-0.1818189518965906,-0.2007945124094954
10.836121379256971,12.013800164564191,-0.1816385519354385,-0.2007945124094954
10.670557451697354,12.09914073586444,-0.1814581519742864,-0.2007945124094954
10.862200599754594,12.011764914999926,-0.1812777520131343,-0.2007945124094954
10.734343154501481,12.038129610347417,-0.1810973520519822,-0.2007945124094954
10.791387946011461,12.039129410135024,-0.1809169520908301,-0.2007945124094954
10.8032513239101,12.043765949117416,-0.180736552129678,-0.2007945124094954
10.84591976768271,11.984591836297717,-0.1805561521685259,-0.2007945124094954
10.745226215763434,12.050866270728184,-0.1803757522073738,-0.2007945124094954
10.879093279594217,11.977061810503924,-0.1801953522462217,-0.2007945124094954
10.876558172337264,12.02624263695747,-0.1800149522850696,-0.2007945124094954
11.061964236966407,12.038763698093206,-0.1798345523239175,-0.2007945124094954
11.045824816747132,12.026658657225083,-0.1796541523627654,-0.2007945124094954
11.057192130240564,12.038562455328416,-0.1794737524016133,-0.2007945124094954
11.03853341219007,11.981383504624743,-0.1792933524404612,-0.2007945124094954
10.987378231206385,11.963727544098521,-0.1791129524793091,-0.2007945124094954
10.912925767475427,12.038183404755701,-0.178932552518157,-0.2007945124094954
11.013048749986142,11.966645293854784,-0.1787521525570049,-0.2007945124094954
10.965336060920874,12.046384076269579,-0.1785717525958528,-0.2007945124094954
10.998323306025167,12.046384076269579,-0.1783913526347007,-0.2007945124094954
11.052656197588814,11.962901618873657,-0.1782109526735486,-0.2007945124094954
10.88525872558636,12.0298571357998,-0.1780305527123965,-0.2007945124094954
11.087846391758779,12.039032552746212,-0.1778501527512444,-0.2007945124094954
11.024863613017233,12.04558864500848,-0.1776697527900923,-0.2007945124094954
11.081937967781005,12.0298571357998,-0.1774893528289402,-0.2007945124094954
11.20629119132089,11.972475996445361,-0.1773089528677881,-0.2007945124094954
11.251158187690372,12.042294155624784,-0.177128552906636,-0.2007945124094954
11.342884356210746,11.963604993514501,-0.1769481529454839,-0.2007945124094954
11.322723521980281,11.971938989651484,-0.1767677529843318,-0.2007945124094954
11.335439364894187,11.962148078710582,-0.1765873530231797,-0.2007945124094954
11.329047964364928,12.046561369825218,-0.1764069530620276,-0.2007945124094954
11.464562345508547,12.032766188136845,-0.1762265531008755,-0.2007945124094954
11.422105720977282,11.999502283883203,-0.1760461531397234,-0.2007945124094954
11.50171094849803,11.978352581583994,-0.1758657531785713,-0.2007945124094954
11.451849108423657,11.977900450880295,-0.1756853532174192,-0.2007945124094954
11.54174499653977,11.915866703420146,-0.1755049532562671,-0.2007945124094954
11.546171767067046,11.994118728902336,-0.175324553295115,-0.2007945124094954
11.584750250914098,11.957524332303242,-0.1751441533339629,-0.2007945124094954
11.446843059330135,11.924035882198291,-0.1749637533728108,-0.2007945124094954
11.377557451620845,12.02083503056902,-0.1747833534116587,-0.2007945124094954
11.14060224607894,12.009109753417638,-0.1746029534505066,-0.2007945124094954
11.21250992216707,12.007792402201279,-0.1744225534893545,-0.2007945124094954
11.179260796116615,11.99567401006612,-0.1742421535282024,-0.2007945124094954
11.086271073928991,11.93800322074697,-0.1740617535670503,-0.2007945124094954
11.198828606631393,11.992518386198727,-0.1738813536058982,-0.2007945124094954
11.08636766856726,11.959353080887693,-0.1737009536447461,-0.2007945124094954
11.166919294650908,11.965670506312097,-0.173520553683594,-0.2007945124094954
11.108194462510287,11.927467043256271,-0.1733401537224419,-0.2007945124094954
11.27187659300538,11.965760879273791,-0.1731597537612898,-0.2007945124094954
11.18838128580542,12.003119256647537,-0.1729793538001377,-0.2007945124094954
11.301522284812506,12.003119256647537,-0.1727989538389856,-0.2007945124094954
11.310218275742276,11.893004759144892,-0.1726185538778335,-0.2007945124094954
11.254242939791745,11.9929721185515,-0.1724381539166814,-0.2007945124094954
11.139755501422865,11.974801395712689,-0.1722577539555293,-0.2007945124094954
11.104204233725904,11.991374185100165,-0.1720773539943772,-0.2007945124094954
11.142054179283816,11.883093610937362,-0.1718969540332251,-0.2007945124094954
11.115297808166403,11.889512852025142,-0.171716554072073,-0.2007945124094954
11.154315674358031,11.917264084215542,-0.1715361541109209,-0.2007945124094954
11.274088009205167,12.011480760957754,-0.1713557541497688,-0.2007945124094954
11.390464055426214,11.92705190866419,-0.1711753541886167,-0.2007945124094954
11.390972338442829,12.002703606693759,-0.1709949542274646,-0.2007945124094954
11.45078956267151,12.00892262715824,-0.1708145542663125,-0.2007945124094954
11.515755697632558,12.00388151895871,-0.1706341543051604,-0.2007945124094954
11.495040162804537,11.988232284338022,-0.1704537543440083,-0.2007945124094954
11.499154154120166,11.94841630608911,-0.1702733543828562,-0.2007945124094954
11.62060141312808,12.04607934350498,-0.1700929544217041,-0.2007945124094954
11.643634467929168,12.043546033947482,-0.169912554460552,-0.2007945124094954
11.672331682892304,11.96661833970972,-0.1697321544993999,-0.2007945124094954
11.599876261914556,12.0014493398588,-0.1695517545382478,-0.2007945124094954
11.645848898467857,12.001608725539953,-0.1693713545770957,-0.2007945124094954
11.527643529875625,11.916563972576887,-0.1691909546159436,-0.2007945124094954
11.511447090083564,11.972592696497268,-0.1690105546547915,-0.2007945124094954
11.33982327135053,12.004479964344517,-0.1688301546936394,-0.2007945124094954
11.391054707611502,11.907911642896408,-0.1686497547324873,-0.2007945124094954
11.253336468720786,12.0096149149212,-0.1684693547713352,-0.2007945124094954
11.293378938418648,12.007559034692521,-0.1682889548101831,-0.2007945124094954
11.376430283286659,11.920483658340846,-0.168108554849031,-0.2007945124094954
11.475662653381725,11.911310896961702,-0.1679281548878789,-0.2007945124094954
11.502460365699044,11.850335008190044,-0.1677477549267268,-0.2007945124094954
11.544051194783087,11.922428412525667,-0.1675673549655747,-0.2007945124094954
11.7057971445727,11.822913975148662,-0.1673869550044226,-0.2007945124094954
11.65030246080351,11.910562020246616,-0.1672065550432705,-0.2007945124094954
11.703874625280903,11.95372336728448,-0.1670261550821184,-0.2007945124094954
11.63626835823001,11.995122014867539,-0.1668457551209663,-0.2007945124094954
11.678242818015097,11.908013366644013,-0.1666653551598142,-0.2007945124094954
11.668712286792255,11.93278885864292,-0.1664849551986621,-0.2007945124094954
11.641095580093197,12.011798591164027,-0.16630455523751,-0.2007945124094954
11.584238506602986,11.985620171944907,-0.1661241552763579,-0.2007945124094954
11.584467097206785,11.924254031707637,-0.1659437553152058,-0.2007945124094954
11.413009101393314,11.90933851341752,-0.1657633553540537,-0.2007945124094954
11.31079969571282,11.906057905876118,-0.1655829553929016,-0.2007945124094954
11.297937546938735,11.956433720638147,-0.1654025554317495,-0.2007945124094954
11.333593338048935,12.01005089093584,-0.1652221554705974,-0.2007945124094954
11.450534925620394,11.918735267425008,-0.1650417555094453,-0.2007945124094954
11.404989018702098,12.013743345348848,-0.1648613555482932,-0.2007945124094954
11.384257754730507,12.011172360924158,-0.1646809555871411,-0.2007945124094954
11.23407413395244,11.981355819352137,-0.164500555625989,-0.2007945124094954
11.147456137538795,11.926171654970194,-0.1643201556648369,-0.2007945124094954
11.052265205579669,11.910936181747394,-0.1641397557036848,-0.2007945124094954
11.036190413682,11.914728910886724,-0.1639593557425327,-0.2007945124094954
10.785380060454646,11.982726711102693,-0.1637789557813806,-0.2007945124094954
10.89345072328868,11.890586849281645,-0.1635985558202285,-0.2007945124094954
10.786623921385708,11.977378121182833,-0.1634181558590764,-0.2007945124094954
10.698819735476853,11.919409869070618,-0.1632377558979243,-0.2007945124094954
10.794510780556848,11.92854033843256,-0.1630573559367722,-0.2007945124094954
10.938027020371617,11.919409869070618,-0.1628769559756201,-0.2007945124094954
10.910075572737043,11.988169365439896,-0.162696556014468,-0.2007945124094954
10.854329017902284,11.92161076114379,-0.1625161560533159,-0.2007945124094954
10.824377200824507,11.971811864341808,-0.1623357560921638,-0.2007945124094954
10.793341747935665,11.973921682586765,-0.1621553561310117,-0.2007945124094954
11.03322171494014,11.910921513997991,-0.1619749561698596,-0.2007945124094954
10.945632771669993,11.934616923295932,-0.1617945562087075,-0.2007945124094954
10.82683724493157,11.99567401006612,-0.1616141562475554,-0.2007945124094954
10.88610792375963,11.921313924183503,-0.1614337562864033,-0.2007945124094954
10.879375265277055,11.989790659898167,-0.1612533563252512,-0.2007945124094954
10.808733788208935,11.923208793902736,-0.1610729563640991,-0.2007945124094954
10.760657128365155,11.920513015566293,-0.160892556402947,-0.2007945124094954
10.796696415772137,11.977184074222146,-0.1607121564417949,-0.2007945124094954
10.42337109542462,11.881690886256607,-0.1605317564806428,-0.2007945124094954
10.475083621744293,11.837319864473223,-0.1603513565194907,-0.2007945124094954
10.44826941769039,11.92924932997888,-0.1601709565583386,-0.2007945124094954
10.501367272279698,11.92458621207853,-0.1599905565971865,-0.2007945124094954
10.542568828926893,11.913779125421186,-0.1598101566360344,-0.2007945124094954
10.697111884252276,11.871157541287849,-0.1596297566748823,-0.2007945124094954
10.748632282144186,11.895949430723055,-0.1594493567137302,-0.2007945124094954
10.764808711265703,11.931951201858773,-0.1592689567525781,-0.2007945124094954
10.862875777828284,11.887218520398703,-0.159088556791426,-0.2007945124094954
10.823080612611292,11.968457125788444,-0.1589081568302739,-0.2007945124094954
11.108138329739454,11.956641117040743,-0.1587277568691218,-0.2007945124094954
10.895055071202755,11.86477741979505,-0.1585473569079697,-0.2007945124094954
10.780784526446611,11.961948661701818,-0.1583669569468176,-0.2007945124094954
10.736330812603743,11.859743804024255,-0.1581865569856655,-0.2007945124094954
10.80648079325928,11.924218802436531,-0.1580061570245134,-0.2007945124094954
10.674575911749354,11.920810353517332,-0.1578257570633613,-0.2007945124094954
10.557749359755904,11.898273268065775,-0.1576453571022092,-0.2007945124094954
10.515957254192871,11.918755650748267,-0.1574649571410571,-0.2007945124094954
10.482032204445678,11.887293206283903,-0.157284557179905,-0.2007945124094954
10.285572774850777,11.932077692557316,-0.1571041572187529,-0.2007945124094954
10.160699865166672,11.908259509612062,-0.1569237572576008,-0.2007945124094954
10.424781923164346,11.937734029078822,-0.1567433572964487,-0.2007945124094954
10.41132303349303,11.928953139289558,-0.1565629573352966,-0.2007945124094954
10.454710031187993,11.941709963192597,-0.1563825573741445,-0.2007945124094954
10.408556333623471,11.992518386198727,-0.1562021574129924,-0.2007945124094954
10.481019499735211,11.930390268415008,-0.1560217574518403,-0.2007945124094954
10.506975745438679,11.999699860710997,-0.1558413574906882,-0.2007945124094954
10.486988595102662,11.955835441201721,-0.1556609575295361,-0.2007945124094954
10.373744949495565,11.993254473952382,-0.155480557568384,-0.2007945124094954
14.677375398903012,16.86084015628203,-0.011995448040580942,-0.011613059876797064
14.563534097933339,16.689510988328603,-0.011771623831402449,-0.011613059876797064
14.582250124504426,16.526795476148276,-0.013066629200004625,-0.011613059876797064
14.52684742174269,16.468311382307355,-0.010898996583238726,-0.011613059876797064
14.667601791740136,16.57742303352097,-0.01043754587646276,-0.011613059876797064
14.79887054108874,16.65899089085263,-0.010189108672085235,-0.011613059876797064
14.646699201813641,16.664404605768674,-0.010122830374890418,-0.011613059876797064
14.697464957808673,16.422385159003984,-0.009799018366892648,-0.011613059876797064
14.758781740440579,16.43675860518807,-0.009543404246484366,-0.011613059876797064
14.71421172337349,16.27689586125786,-0.009311229523480185,-0.011613059876797064
14.632981055108434,16.03317998621394,-0.00909951493647075,-0.011613059876797064
14.623595191509171,16.287790710252114,-0.008871014512335807,-0.011613059876797064
14.740578205878599,16.17774210745916,-0.008643671101763614,-0.011613059876797064
14.69637672341157,16.171226028146883,-0.008417821401253358,-0.011613059876797064
14.678513681689255,16.11656140792755,-0.008193942132625535,-0.011613059876797064
15.052177789977927,16.206520966396667,-0.007969143728149867,-0.011613059876797064
14.47045868911563,15.527551219545881,-0.00774421364504625,-0.011613059876797064
14.285593157655967,15.632245391323895,-0.007519330257582382,-0.011613059876797064
14.307581980550884,15.730304435526064,-0.0072946105833415565,-0.011613059876797064
14.236564436831044,15.936666606222671,-0.007069854014902698,-0.011613059876797064
14.045827153617715,15.425328752949913,-0.006845078831139718,-0.011613059876797064
14.055236966630932,14.988596968685668,-0.006620300556630576,-0.011613059876797064
14.024591143225905,15.379711078726332,-0.006395534073730216,-0.011613059876797064
13.963201324488345,15.485577144736773,-0.006170767265944149,-0.011613059876797064
14.162775431851195,15.482337969655868,-0.005945998999574957,-0.011613059876797064
13.908392606144039,15.61505770550878,-0.005721230017928187,-0.011613059876797064
13.97674504300269,15.624111714919847,-0.005496461760106295,-0.011613059876797064
13.97756580051161,15.230806738933365,-0.005271693630816125,-0.011613059876797064
14.006648103091074,15.552164960546373,-0.0050469254250507176,-0.011613059876797064
13.834603564167185,15.5826198037496,-0.004822157139097014,-0.011613059876797064
13.940130528138042,15.558236617568214,-0.004597388888458444,-0.011613059876797064
13.958712300548143,15.529006113055427,-0.00437262065476817,-0.011613059876797064
13.893138038348086,15.540412014719767,-0.004147852419633419,-0.011613059876797064
13.663320655668787,15.740025248769003,-0.003923084177656224,-0.011613059876797064
13.653277013358773,15.620081739865817,-0.003698315936672596,-0.011613059876797064
13.717499157293807,15.596105146204161,-0.003473547697127091,-0.011613059876797064
13.565638889135402,15.398685570112514,-0.003248779457838548,-0.011613059876797064
13.71137412843932,15.564478168641255,-0.0030240112180719377,-0.011613059876797064
13.803493235564204,15.413468164407293,-0.0027992429782625924,-0.011613059876797064
13.764830515880368,15.388052220148923,-0.002574474738546,-0.011613059876797064
13.90931606024689,15.577578877962555,-0.0023497064988724937,-0.011613059876797064
13.889467236697408,15.126852506438897,-0.002124938259172139,-0.011613059876797064
13.904832118840213,15.002270088315015,-0.0019001700194619107,-0.011613059876797064
13.821204346364642,14.933976111372317,-0.001675401779755916,-0.011613059876797064
13.67566208551842,14.837520257035896,-0.0014506335400542713,-0.011613059876797064
13.520862752324655,14.691881185117227,-0.0012258653003515982,-0.011613059876797064
13.5521036399144,14.65898529472238,-0.001001097060647924,-0.011613059876797064
13.66373562496797,14.58518586448829,-0.0007763288209443009,-0.011613059876797064
13.628340196529182,14.603665022730834,-0.0005515605812410218,-0.011613059876797064
13.649818980393743,14.63689060344583,-0.00032679234153774607,-0.011613059876797064
13.73714659811154,14.671992026368782,-0.00010202410183439558,-0.011613059876797064
13.737478051964905,14.892486354231842,0.00012274413786897095,-0.011613059876797064
13.813693574402539,15.170302721937501,0.00034751237757231533,-0.011613059876797064
13.86161128878738,15.036746323307362,0.0005722806172756541,-0.011613059876797064
13.758055945488792,15.19410240566731,0.0007970488569789972,-0.011613059876797064
13.883696276242858,15.336228222012524,0.0010218170966823426,-0.011613059876797064
13.944414892423648,15.723860374569895,0.001246585336385687,-0.011613059876797064
14.030862179800007,15.586889147003491,0.0014713535760890308,-0.011613059876797064
14.185179911763077,15.342385256489122,0.0016961218157923745,-0.011613059876797064
14.219957877491364,15.104274686535208,0.0019208900554957184,-0.011613059876797064
14.183906235104324,15.178188336491589,0.0021456582951990626,-0.011613059876797064
14.09481077185281,15.28964425837994,0.0023704265349024064,-0.011613059876797064
14.094282976995515,15.532198312719663,0.0025951947746057505,-0.011613059876797064
14.256489911393368,15.339695878465973,0.0028199630143090947,-0.011613059876797064
14.362773726717403,15.243528054197634,0.003044731254012439,-0.011613059876797064
14.229127413891387,14.935337657173479,0.003269499493715783,-0.011613059876797064
14.24040040138841,14.95770852522056,0.003494267733419127,-0.011613059876797064
14.202627351894678,14.9447801061074,0.0037190359731224714,-0.011613059876797064
14.277053498086142,15.013313690066344,0.0039438042128258155,-0.011613059876797064
14.448049871666985,14.961275354266172,0.00416857245252916,-0.011613059876797064
14.06973521647887,14.966462923208878,0.004393340692232504,-0.011613059876797064
14.23148172780948,15.01136777142684,0.004618108931935848,-0.011613059876797064
14.235798405415121,14.831459753354395,0.004842877171639192,-0.011613059876797064
14.079469493443785,14.620454357888969,0.005067645411342536,-0.011613059876797064
14.160854693401205,14.675990742365522,0.0052924136510458806,-0.011613059876797064
14.18750348148827,14.384055648605031,0.005517181890749225,-0.011613059876797064
14.33363931832961,14.269626017371813,0.005741950130452569,-0.011613059876797064
14.267422696972897,13.898841564615571,0.005966718370155913,-0.011613059876797064
14.207007283225632,13.797823107043907,0.006191486609859257,-0.011613059876797064
14.32862770017074,13.898988377849266,0.006416254849562601,-0.011613059876797064
14.392016934078072,14.009523868521063,0.006641023089265946,-0.011613059876797064
14.486490954466126,14.128387700994814,0.00686579132896929,-0.011613059876797064
14.466815745572386,14.357016446073853,0.007090559568672634,-0.011613059876797064
14.518464497176954,14.547915770649915,0.007315327808375978,-0.011613059876797064
14.321201607971826,14.672210430026057,0.007540096048079322,-0.011613059876797064
14.346901204138753,14.883385753989224,0.007764864287782666,-0.011613059876797064
14.423208797639404,15.124985288659737,0.00798963252748601,-0.011613059876797064
14.47725170565068,15.044518453160926,0.008214400767189354,-0.011613059876797064
14.376223925458419,15.188873712102577,0.008439169006892698,-0.011613059876797064
14.219920755612344,15.121035316507028,0.008663937246596042,-0.011613059876797064
14.158458627025196,15.382721159974738,0.008888705486299386,-0.011613059876797064
14.122095905519135,15.312315931359931,0.00911347372600273,-0.011613059876797064
14.189283129070082,15.07368655478955,0.009338241965706075,-0.011613059876797064
14.281739251869364,15.057427407940233,0.009563010205409419,-0.011613059876797064
14.152727129516368,15.098324639360111,0.009787778445112763,-0.011613059876797064
14.054758097906673,15.19576789112886,0.010012546684816107,-0.011613059876797064
14.122734991868262,14.89314904884498,0.010237314924519451,-0.011613059876797064
13.76635852985623,14.956612073381745,0.010462083164222796,-0.011613059876797064
13.78550177512312,14.948131362398469,0.01068685140392614,-0.011613059876797064
13.823180998614092,14.972453974684083,0.010911619643629484,-0.011613059876797064
13.544828908246942,15.024386554700989,0.011136387883332828,-0.011613059876797064
13.478358878786876,15.316646800835931,0.011361156123036172,-0.011613059876797064
13.47713527814821,15.128773581782974,0.011585924362739516,-0.011613059876797064
13.260114635408627,15.278352722485861,0.01181069260244286,-0.011613059876797064
13.34794103693888,15.319583350976307,0.012035460842146205,-0.011613059876797064
13.289368793818497,15.277159474213917,0.012260229081849549,-0.011613059876797064
13.278404007256077,15.13843247063955,0.012484997321552893,-0.011613059876797064
13.449704863670586,15.180383564631148,0.012709765561256237,-0.011613059876797064
13.315913439356759,15.35098101043701,0.012934533800959581,-0.011613059876797064
13.178659677551797,15.36180625597636,0.013159302040662926,-0.011613059876797064
13.067499837818687,15.178312762737272,0.01338407028036627,-0.011613059876797064
12.828680673858049,14.927762323674704,0.013608838520069614,-0.011613059876797064
13.096727493155512,15.060944704373679,0.013833606759772958,-0.011613059876797064
13.203614589138303,14.921198488076529,0.014058374999476302,-0.011613059876797064
13.093708038689355,14.95251479482651,0.014283143239179646,-0.011613059876797064
13.112842549027313,14.905932572841646,0.01450791147888299,-0.011613059876797064
12.735283838460498,14.690148991902669,0.014732679718586335,-0.011613059876797064
12.093226774378156,14.466891565375859,0.014957447958289679,-0.011613059876797064
11.872771615554605,14.361948102905636,0.015182216197993023,-0.011613059876797064
11.693011340492491,14.249125902493795,0.015406984437696367,-0.011613059876797064
11.653860986526373,14.239779209091548,0.01563175267739971,-0.011613059876797064
11.872831852639608,14.150581705047971,0.015856520917103056,-0.011613059876797064
12.010604029698573,14.092220966293699,0.0160812891568064,-0.011613059876797064
11.991676481369645,13.985724678039551,0.016306057396509744,-0.011613059876797064
12.029374177572016,14.035063990774608,0.016530825636213088,-0.011613059876797064
12.147240978641225,13.99981448016848,0.016755593875916432,-0.011613059876797064
12.102754461398012,13.91603032795588,0.016980362115619776,-0.011613059876797064
11.645440646677223,14.068855421679359,0.01720513035532312,-0.011613059876797064
11.836847807479849,14.024678308623175,0.017429898595026465,-0.011613059876797064
11.910533586513713,14.119014469901721,0.01765466683472981,-0.011613059876797064
11.872122749273124,14.260766460719562,0.017879435074433153,-0.011613059876797064
12.205645202519484,14.205564039735567,0.018104203314136497,-0.011613059876797064
12.179026565425305,14.176928863031524,0.01832897155383984,-0.011613059876797064
12.298427274100955,14.18298926610606,0.018553739793543186,-0.011613059876797064
12.302098662505198,14.287956961978047,0.01877850803324653,-0.011613059876797064
12.452343427129984,14.368289106669877,0.019003276272949874,-0.011613059876797064
12.357922133349387,14.394769757776032,0.019228044512653218,-0.011613059876797064
12.561905935600906,14.06788751099791,0.019452812752356562,-0.011613059876797064
12.562616968998773,14.19531919307368,0.019677580992059907,-0.011613059876797064
12.478600681046839,14.147830137235776,0.01990234923176325,-0.011613059876797064
12.277028106409112,13.981262147216574,0.020127117471466595,-0.011613059876797064
12.390148149863785,14.106756070699012,0.02035188571116994,-0.011613059876797064
12.508383122357937,14.167447007309825,0.020576653950873283,-0.011613059876797064
12.402223678373648,14.206569433592618,0.020801422190576627,-0.011613059876797064
12.381182254539057,14.40094132890588,0.02102619043027997,-0.011613059876797064
12.517877605688009,14.746639760795095,0.021250958669983316,-0.011613059876797064
12.240071315215518,14.599887826505162,0.02147572690968666,-0.011613059876797064
12.649391602094399,14.691896456145106,0.021700495149390004,-0.011613059876797064
12.606004432591828,15.068119337303296,0.021925263389093348,-0.011613059876797064
12.569397217531328,15.168914369804519,0.022150031628796692,-0.011613059876797064
12.552159255413724,15.322430449604983,0.022374799868500037,-0.011613059876797064
12.634913186745425,15.379721402605371,0.02259956810820338,-0.011613059876797064
12.654912579940026,15.249750368316969,0.022824336347906725,-0.011613059876797064
12.630838001118917,15.356432559212045,0.02304910458761007,-0.011613059876797064
12.465564305802458,15.338570949435233,0.023273872827313413,-0.011613059876797064
12.51496940395136,15.64871469472136,0.023498641067016757,-0.011613059876797064
12.28317876500644,16.17306464308784,0.0237234093067201,-0.011613059876797064
12.085043476846366,15.985777571820076,0.023948177546423446,-0.011613059876797064
11.94204910089996,16.23201496989386,0.02417294578612679,-0.011613059876797064
12.294771119413966,16.5275991520314,0.024397714025830134,-0.011613059876797064
12.107351863025952,16.28716205227157,0.024622482265533478,-0.011613059876797064
12.11183143848132,16.512679620606562,0.024847250505236822,-0.011613059876797064
12.4221611186851,16.230902590257784,0.025072018744940167,-0.011613059876797064
12.393173124126323,16.738070588338946,0.02529678698464351,-0.011613059876797064
12.40677810749588,16.44955069983329,0.025521555224346855,-0.011613059876797064
12.19682370362741,16.30367178499609,0.0257463234640502,-0.011613059876797064
12.306043884184746,16.273072061604026,0.025971091703753543,-0.011613059876797064
12.273595845906332,16.20564064613699,0.026195859943456887,-0.011613059876797064
12.033157551641322,16.220078060165285,0.02642062818316023,-0.011613059876797064
11.955749312240856,16.477766757374717,0.026645396422863576,-0.011613059876797064
11.821975015337776,16.631519447485605,0.02687016466256692,-0.011613059876797064
11.917158793917837,16.59171066733769,0.027094932902270264,-0.011613059876797064
12.094601676936781,16.573771770730556,0.02731970114197361,-0.011613059876797064
12.109567022380627,16.62335201251507,0.027544469381676952,-0.011613059876797064
12.341008991425921,16.05995090943859,0.027769237621380297,-0.011613059876797064
12.184637372612665,15.994580870974632,0.02799400586108364,-0.011613059876797064
12.269727829485083,15.775794777376312,0.028218774100786985,-0.011613059876797064
12.33827191369332,15.886628736478942,0.02844354234049033,-0.011613059876797064
12.291430571986075,15.723209615258943,0.028668310580193673,-0.011613059876797064
12.697263300906226,15.475142273136546,0.028893078819897017,-0.011613059876797064
12.678631731427757,15.443694336840084,0.02911784705960036,-0.011613059876797064
12.723252378692935,15.318679163677352,0.029342615299303706,-0.011613059876797064
12.624617294425347,15.712274061526568,0.02956738353900705,-0.011613059876797064
12.92999186367569,15.775744093877927,0.029792151778710394,-0.011613059876797064
13.001640553534282,15.887865067941803,0.03001692001841374,-0.011613059876797064
12.925276537688303,15.826889994172818,0.030241688258117082,-0.011613059876797064
12.899209201263997,16.047951338313872,0.030466456497820427,-0.011613059876797064
12.862673268292852,15.966724734196294,0.03069122473752377,-0.011613059876797064
12.848009651481116,16.15216322123786,0.030915992977227115,-0.011613059876797064
12.852338412764823,15.991656784973154,0.03114076121693046,-0.011613059876797064
12.830889483113861,15.881951158861078,0.0313655294566338,-0.011613059876797064
12.753517208445343,15.908078485405342,0.031590297696337144,-0.011613059876797064
12.475754787797564,15.837386755829762,0.031815065936040485,-0.011613059876797064
12.409173875097744,15.900927551110582,0.032039834175743825,-0.011613059876797064
12.361403563158792,16.028369749114628,0.032264602415447166,-0.011613059876797064
12.555820294739696,16.177019721553435,0.03248937065515051,-0.011613059876797064
12.654901773043148,16.51663946076802,0.03271413889485385,-0.011613059876797064
12.652962050281065,16.27684123266311,0.03293890713455719,-0.011613059876797064
12.359242783526724,16.221507700062034,0.03316367537426053,-0.011613059876797064
12.822945806283052,16.582170457050914,0.03338844361396387,-0.011613059876797064
13.154343840448227,16.575939594512896,0.03361321185366721,-0.011613059876797064
13.254369849954456,16.51429930957726,0.03383798009337055,-0.011613059876797064
13.238324216556517,16.589755548164955,0.03406274833307389,-0.011613059876797064
13.54799887671436,16.6609418318669,0.03428751657277723,-0.011613059876797064
13.589460692142643,16.688744352664266,0.03451228481248057,-0.011613059876797064
13.559907212690405,16.747689112510002,0.034737053052183914,-0.011613059876797064
13.722446633715673,16.73995711100102,0.034961821291887255,-0.011613059876797064
13.694223144457666,16.85831428747256,0.035186589531590595,-0.011613059876797064
13.801814938514596,16.659882497827216,0.035411357771293936,-0.011613059876797064
13.66125271159617,16.861028891293998,0.03563612601099728,-0.011613059876797064
13.67748073651748,17.074920087314062,0.03586089425070062,-0.011613059876797064
13.482755294679885,16.74183354775417,0.03608566249040396,-0.011613059876797064
13.54593252657032,16.856332524665984,0.0363104307301073,-0.011613059876797064
13.36602912537359,16.75319025437343,0.03653519896981064,-0.011613059876797064
13.480089020110675,16.76437091509807,0.03675996720951398,-0.011613059876797064
13.400041742348847,16.8713537333409,0.03698473544921732,-0.011613059876797064
13.123495635923918,16.773737276443633,0.03720950368892066,-0.011613059876797064
13.198388510441058,16.807055871330775,0.037434271928624,-0.011613059876797064
13.093983883711559,16.858437229840746,0.03765904016832734,-0.011613059876797064
13.263916186869992,16.95854080256132,0.037883808408030684,-0.011613059876797064
13.320894563023062,16.86963151857137,0.038108576647734024,-0.011613059876797064
13.398349692336744,16.821244771165727,0.038333344887437365,-0.011613059876797064
13.375725377838066,16.743602444052698,0.038558113127140706,-0.011613059876797064
13.219328985281583,16.843906563966264,0.038782881366844046,-0.011613059876797064
13.00951171687827,16.779260506156167,0.03900764960654739,-0.011613059876797064
13.110056785035411,17.08838060540172,0.03923241784625073,-0.011613059876797064
13.251958425158493,17.00097583222695,0.03945718608595407,-0.011613059876797064
13.219746685640017,16.969904058425417,0.03968195432565741,-0.011613059876797064
13.390195189773966,16.865200396427305,0.03990672256536075,-0.011613059876797064
13.33593095655938,16.896488660338598,0.04013149080506409,-0.011613059876797064
13.365974857366684,17.289838990603176,0.04035625904476743,-0.011613059876797064
13.215710802952252,17.37974884420814,0.04058102728447077,-0.011613059876797064
13.232129525668398,17.5133060465597,0.04080579552417411,-0.011613059876797064
13.16034310767503,17.736743704751287,0.04103056376387745,-0.011613059876797064
13.09718053660923,17.838050520843932,0.041255332003580794,-0.011613059876797064
13.241960481014488,17.52093538182312,0.041480100243284135,-0.011613059876797064
13.278338740831085,17.44379124460059,0.041704868482987476,-0.011613059876797064
13.495419594645773,17.581888479341384,0.041929636722690816,-0.011613059876797064
13.22104614637443,17.770446130693045,0.04215440496239416,-0.011613059876797064
13.100841556012186,17.792407120162782,0.0423791732020975,-0.011613059876797064
13.091262250015909,17.67268372489797,0.04260394144180084,-0.011613059876797064
13.068728932575345,17.6679766242333,0.04282870968150418,-0.011613059876797064
13.117838076462446,17.59133385346099,0.04305347792120752,-0.011613059876797064
13.195720007650738,17.665923190611785,0.04327824616091086,-0.011613059876797064
13.045426251996629,17.575420719583832,0.0435030144006142,-0.011613059876797064
13.167872577156114,17.643676428437235,0.04372778264031754,-0.011613059876797064
13.227857428959062,17.352709848964754,0.04395255088002088,-0.011613059876797064
13.2284233743447,17.490400055247218,0.04417731911972422,-0.011613059876797064
13.21695579746132,17.451921996065415,0.044402087359427564,-0.011613059876797064
13.127083848084357,17.4109017842532,0.044626855599130905,-0.011613059876797064
13.139324466882467,17.51932869140965,0.044851623838834245,-0.011613059876797064
13.054431992360703,17.70049768083058,0.045076392078537586,-0.011613059876797064
13.868601266689879,17.292237314395628,0.051028163371605914,0.05052883311905227
13.83071406021671,17.1398389038359,0.051048393597193424,0.05052883311905227
13.83695579139792,17.191388405125746,0.0507565790217373,0.05052883311905227
13.99166686884184,17.25752387436431,0.05185355903338241,0.05052883311905227
13.8007759859048,17.208002971445655,0.05179496977318446,0.05052883311905227
13.865373261730548,17.199349005477153,0.051983296010530054,0.05052883311905227
14.149909755572738,17.1705570059664,0.052173473782296316,0.05052883311905227
14.075471779031917,17.20337751572357,0.052477956823991964,0.05052883311905227
14.119825165267926,17.298389385248704,0.05265896905035727,0.05052883311905227
14.175391630781029,17.40218786376834,0.05289114723196034,0.05052883311905227
14.302016412231863,17.315006423962565,0.05311625144294398,0.05052883311905227
14.31677468861828,17.2162504073263,0.05334948786995013,0.05052883311905227
14.278874931143985,17.329801684898335,0.05357033607246863,0.05052883311905227
14.274875930286328,17.374457131215372,0.05379843991190436,0.05052883311905227
14.460303879359568,17.419179859172772,0.05402455737174727,0.05052883311905227
14.192753319460532,17.226974769315053,0.05425146856837221,0.05052883311905227
13.995245235009786,17.329455238378774,0.054477242330866656,0.05052883311905227
14.383431663785851,17.010390402873245,0.05470390333075991,0.05052883311905227
14.220420866491867,16.34708118421871,0.054930211903126996,0.05052883311905227
14.240056135971768,16.302564360652116,0.05515663525873814,0.05052883311905227
14.167726749736193,16.26876553808635,0.05538295285921858,0.05052883311905227
14.078616568733231,16.27608823994166,0.055609367975147594,0.05052883311905227
14.001003168592348,16.030041151748332,0.05583573188199217,0.05052883311905227
13.809714727468819,16.039641269741377,0.05606211423936475,0.05052883311905227
13.950368594962379,16.13955337913908,0.05628848558943419,0.05052883311905227
14.24684333134982,16.22669058779472,0.056514867099135536,0.05052883311905227
14.298692838144973,16.341758351123275,0.05674124206793996,0.05052883311905227
14.195387854674804,16.95862267997807,0.056967619850954686,0.05052883311905227
14.128719505659607,17.0864007168789,0.05719399630281414,0.05052883311905227
14.259844246332456,17.151884985631714,0.057420373812516384,0.05052883311905227
14.335822202066783,17.134003141227634,0.057646750552709666,0.05052883311905227
14.47726934011467,17.20920347847496,0.057873127686003493,0.05052883311905227
14.331748360197473,17.166531542019733,0.058099504641560905,0.05052883311905227
14.33969150270808,17.126730253126926,0.058325881712508756,0.05052883311905227
14.405926621817027,17.086940752348774,0.058552258696880806,0.05052883311905227
14.392202096349642,17.024638812434407,0.05877863573204197,0.05052883311905227
14.566022188103307,16.94654457826934,0.0590050127429631,0.05052883311905227
14.554033111580559,16.783689756053572,0.0592313897674002,0.05052883311905227
14.664495056595316,16.98138559056557,0.05945776678220357,0.05052883311905227
14.629992068345167,16.997048115330255,0.059684143803201056,0.05052883311905227
14.607687152192392,16.956305164803165,0.059910520820972375,0.05052883311905227
14.590007638885227,17.069799456865923,0.06013689784042495,0.05052883311905227
14.588017752232254,17.027204326223117,0.060363274858786446,0.05052883311905227
14.491774606270651,17.11085082444585,0.06058965187787679,0.05052883311905227
14.316430447643626,17.176309576188682,0.06081602889655388,0.05052883311905227
14.328885841256831,17.099495147019237,0.061042405915446185,0.05052883311905227
14.30698778572437,17.214225027626966,0.061268782934210626,0.05052883311905227
14.476760726513037,17.187637689560525,0.0614951599530596,0.05052883311905227
14.475630648213148,17.01527970829846,0.06172153697185748,0.05052883311905227
14.36250328204965,16.767483393708172,0.061947913990682925,0.05052883311905227
14.367946618529814,16.913697797707876,0.062174291009492864,0.05052883311905227
14.57932716274826,17.0962860487284,0.06240066802831264,0.05052883311905227
14.279177780612287,17.118514173673677,0.06262704504712627,0.05052883311905227
14.308397607190338,17.056092743452705,0.06285342206594337,0.05052883311905227
14.257826688888782,17.062561425024413,0.06307979908475855,0.05052883311905227
14.25556269335313,17.170598857444126,0.06330617610357489,0.05052883311905227
14.368172859884915,17.295122939776455,0.0635325531223905,0.05052883311905227
14.363111443763636,17.20584048706677,0.06375893014120655,0.05052883311905227
14.398953277566864,17.197052661991492,0.06398530716002235,0.05052883311905227
14.305457525279799,17.22026066355828,0.06421168417883828,0.05052883311905227
14.386655870239515,17.213435784723927,0.06443806119765413,0.05052883311905227
14.444486092814484,17.198926545195278,0.06466443821647004,0.05052883311905227
14.341484564487999,17.229807976816417,0.06489081523528592,0.05052883311905227
14.31153321854076,17.123151070113753,0.06511719225410181,0.05052883311905227
14.29846920495201,17.088590156782146,0.06534356927291769,0.05052883311905227
14.196632896275663,17.0053029716328,0.06556994629173359,0.05052883311905227
14.288813707218537,16.9515377362656,0.06579632331054948,0.05052883311905227
14.447904302301305,17.007259016203264,0.06602270032936537,0.05052883311905227
14.327065237164659,16.944908613334814,0.06624907734818127,0.05052883311905227
14.15852650739735,16.763549872372028,0.06647545436699716,0.05052883311905227
14.146643401191026,16.736083216725127,0.06670183138581305,0.05052883311905227
14.228624771861849,16.767965200180846,0.06692820840462894,0.05052883311905227
14.366454529123226,16.891271146506917,0.06715458542344484,0.05052883311905227
14.184255778344877,16.799146372088696,0.06738096244226073,0.05052883311905227
14.23390838259624,16.885468869774446,0.06760733946107662,0.05052883311905227
14.29861862543246,17.04137879299615,0.06783371647989252,0.05052883311905227
14.361446129556512,16.94766640337528,0.06806009349870841,0.05052883311905227
14.441739241373687,16.63420877316862,0.0682864705175243,0.05052883311905227
14.5622040068668,17.341994724685723,0.0685128475363402,0.05052883311905227
14.563131968333932,17.448959744289287,0.06873922455515609,0.05052883311905227
14.682395892338313,17.49914586086273,0.06896560157397198,0.05052883311905227
14.823449898804341,17.38038304102239,0.06919197859278788,0.05052883311905227
15.100637566424808,17.558019426223627,0.06941835561160377,0.05052883311905227
15.187015446684304,17.697170626755874,0.06964473263041966,0.05052883311905227
15.205168000709026,18.00410020069299,0.06987110964923555,0.05052883311905227
15.19530780641996,17.999566273421607,0.07009748666805145,0.05052883311905227
15.188475705574712,17.864700629256973,0.07032386368686734,0.05052883311905227
15.027362158352632,18.13672629808159,0.07055024070568323,0.05052883311905227
15.04346573782473,18.12069419529446,0.07077661772449913,0.05052883311905227
15.063907596906745,18.341490819776535,0.07100299474331502,0.05052883311905227
15.176977769107921,18.26705806395898,0.07122937176213091,0.05052883311905227
15.348548230990781,18.257020918662253,0.0714557487809468,0.05052883311905227
15.37514095083873,18.190059434746082,0.0716821257997627,0.05052883311905227
15.388115116802695,18.21347748517059,0.07190850281857859,0.05052883311905227
15.451189062650181,18.45847755618905,0.07213487983739449,0.05052883311905227
15.489956177642975,18.592522687004617,0.07236125685621038,0.05052883311905227
15.536997658898528,18.581427581197634,0.07258763387502627,0.05052883311905227
15.50651369200145,18.505355422384156,0.07281401089384217,0.05052883311905227
15.674242723681601,18.67827119249011,0.07304038791265806,0.05052883311905227
15.836376993722595,18.86569482256073,0.07326676493147395,0.05052883311905227
16.08840842943464,18.906185922449044,0.07349314195028984,0.05052883311905227
16.101081986933167,18.98040897150601,0.07371951896910574,0.05052883311905227
16.13289886665033,19.13117825045706,0.07394589598792163,0.05052883311905227
15.9315513632885,19.129587879007275,0.07417227300673752,0.05052883311905227
15.764619838002211,19.147812873241957,0.07439865002555342,0.05052883311905227
15.773437239489816,19.22275419016446,0.07462502704436931,0.05052883311905227
15.99359086071705,19.32246089186789,0.0748514040631852,0.05052883311905227
16.068943400598595,19.31584417389355,0.0750777810820011,0.05052883311905227
16.000912685098324,19.30665456743802,0.07530415810081699,0.05052883311905227
16.02537485326403,19.385057201983887,0.07553053511963288,0.05052883311905227
16.019643116131622,19.41845055113988,0.07575691213844878,0.05052883311905227
16.085972293889785,19.382046348837584,0.07598328915726467,0.05052883311905227
16.04682709424089,19.393592437692053,0.07620966617608056,0.05052883311905227
16.054614830150904,19.43216282367707,0.07643604319489646,0.05052883311905227
15.996386647031139,19.39565405355182,0.07666242021371235,0.05052883311905227
16.225348930630616,19.42567605537928,0.07688879723252824,0.05052883311905227
16.1709417722524,19.420865235435535,0.07711517425134413,0.05052883311905227
16.14625631266781,19.317110011366577,0.07734155127016003,0.05052883311905227
16.122359341341216,19.402966170417837,0.07756792828897592,0.05052883311905227
16.122030724179417,19.358001120992075,0.07779430530779181,0.05052883311905227
16.2577085003296,19.41828253915665,0.07802068232660771,0.05052883311905227
16.330802075712874,19.447962922975133,0.0782470593454236,0.05052883311905227
16.35114634680997,19.40336054742103,0.0784734363642395,0.05052883311905227
16.416692552562388,19.466750508663704,0.07869981338305539,0.05052883311905227
16.39849919304428,19.398963234864038,0.07892619040187128,0.05052883311905227
16.261424546667687,19.388672119602777,0.07915256742068717,0.05052883311905227
16.28424022026643,19.431872094116965,0.07937894443950307,0.05052883311905227
16.294439868354612,19.491166449864714,0.07960532145831896,0.05052883311905227
16.405253330230693,19.442932286051484,0.07983169847713485,0.05052883311905227
16.50298676072726,19.475585953501437,0.08005807549595075,0.05052883311905227
16.461784450424247,19.475243571706187,0.08028445251476664,0.05052883311905227
16.557352801882814,19.504910024749805,0.08051082953358253,0.05052883311905227
16.575159200273422,19.448110850652064,0.08073720655239842,0.05052883311905227
16.577412883176393,19.383382941193947,0.08096358357121432,0.05052883311905227
16.657098730314853,19.38924220286565,0.08118996059003021,0.05052883311905227
16.5264820526766,19.681879237804097,0.0814163376088461,0.05052883311905227
16.703853252326837,19.494089886347457,0.081642714627662,0.05052883311905227
16.731543800385698,19.45657855394241,0.08186909164647789,0.05052883311905227
16.79324532837393,19.54385426259509,0.08209546866529378,0.05052883311905227
16.892411993523243,19.55208511461531,0.08232184568410968,0.05052883311905227
16.79016254177708,19.510716472868832,0.08254822270292557,0.05052883311905227
16.84518358049954,19.539876697919624,0.08277459972174146,0.05052883311905227
16.793706538235966,19.559464460509172,0.08300097674055736,0.05052883311905227
16.888864051094277,19.456338212256345,0.08322735375937325,0.05052883311905227
16.70372294590518,19.3923223809448,0.08345373077818914,0.05052883311905227
16.368365366689254,19.434055048663414,0.08368010779700503,0.05052883311905227
16.41369683460941,19.715123882627623,0.08390648481582093,0.05052883311905227
16.66387292559618,19.626922823831148,0.08413286183463682,0.05052883311905227
16.506336238461188,19.66655969961952,0.08435923885345271,0.05052883311905227
16.52076299393292,19.671662600601422,0.08458561587226861,0.05052883311905227
16.549954772358184,19.66608968870313,0.0848119928910845,0.05052883311905227
16.686637907054383,19.64870479004056,0.0850383699099004,0.05052883311905227
16.79624240805048,19.801212182044985,0.08526474692871629,0.05052883311905227
16.7532343766343,19.75325618377654,0.08549112394753218,0.05052883311905227
16.9691043060667,19.570667319297794,0.08571750096634807,0.05052883311905227
17.065609691686756,19.50391132905838,0.08594387798516397,0.05052883311905227
17.20126902402165,19.552647696738156,0.08617025500397986,0.05052883311905227
17.237783869696237,19.518161369959522,0.08639663202279575,0.05052883311905227
17.251775745059213,19.51019449551901,0.08662300904161165,0.05052883311905227
17.291106149666028,19.494469800738067,0.08684938606042754,0.05052883311905227
17.36349826655955,19.493809452799532,0.08707576307924343,0.05052883311905227
17.41125965682376,19.498450147871885,0.08730214009805932,0.05052883311905227
17.51417964993616,19.494469800738067,0.08752851711687522,0.05052883311905227
17.578841437625393,19.46171022139745,0.08775489413569111,0.05052883311905227
17.62776843507133,19.549967662493394,0.087981271154507,0.05052883311905227
17.71312061007672,19.543472192689492,0.0882076481733229,0.05052883311905227
17.743528456531763,19.543472192689492,0.08843402519213879,0.05052883311905227
17.562929635816467,19.502557427649414,0.08866040221095468,0.05052883311905227
17.659954435730135,19.26655281790565,0.08888677922977058,0.05052883311905227
17.436699616397068,19.35421811986437,0.08911315624858647,0.05052883311905227
17.444422935067248,19.39085204512065,0.08933953326740236,0.05052883311905227
17.436679770622796,19.369243991459122,0.08956591028621826,0.05052883311905227
17.249253344171507,19.474059367105077,0.08979228730503415,0.05052883311905227
17.142400222908336,19.126079612232395,0.09001866432385004,0.05052883311905227
17.231575071798716,19.13811102827858,0.09024504134266594,0.05052883311905227
16.97480367427601,19.14947888176114,0.09047141836148183,0.05052883311905227
16.917957172329007,19.413234092183476,0.09069779538029772,0.05052883311905227
17.053233814419436,19.06261117069394,0.09092417239911361,0.05052883311905227
17.031289790466552,19.46699633495481,0.09115054941792951,0.05052883311905227
17.0588817098418,19.45149853780624,0.0913769264367454,0.05052883311905227
17.171250680112042,19.41041422043996,0.0916033034555613,0.05052883311905227
17.030307265401085,19.609227643119862,0.09182968047437719,0.05052883311905227
16.990926685308043,19.645799493880503,0.09205605749319308,0.05052883311905227
17.104463760815793,19.351019782967935,0.09228243451200897,0.05052883311905227
17.047881489940025,19.527074915924665,0.09250881153082487,0.05052883311905227
16.965820582011403,19.437830636751087,0.09273518854964076,0.05052883311905227
17.096372952021426,19.400073319632803,0.09296156556845665,0.05052883311905227
17.022064577034797,19.437696361557776,0.09318794258727255,0.05052883311905227
17.200618821111856,19.306434015789627,0.09341431960608844,0.05052883311905227
17.014858255568164,19.37414450202002,0.09364069662490433,0.05052883311905227
17.240977192794382,19.43960128000137,0.09386707364372023,0.05052883311905227
17.194564875715997,19.385249249338102,0.09409345066253612,0.05052883311905227
17.210694304019757,19.354104876534283,0.09431982768135201,0.05052883311905227
17.445575416417896,19.405037880352566,0.0945462047001679,0.05052883311905227
17.135463656809343,19.631631884000548,0.0947725817189838,0.05052883311905227
16.86928230613833,19.320218671383312,0.09499895873779969,0.05052883311905227
16.626447666438327,19.355863111080577,0.09522533575661558,0.05052883311905227
16.939278737563065,19.39997587838682,0.09545171277543148,0.05052883311905227
17.10126873326959,19.446027793237693,0.09567808979424737,0.05052883311905227
16.90863265326311,19.401887246597934,0.09590446681306326,0.05052883311905227
16.993414829603303,19.473881454717546,0.09613084383187916,0.05052883311905227
17.356611328501806,19.77491286350432,0.09635722085069505,0.05052883311905227
17.612969727209055,19.791955538045798,0.09658359786951094,0.05052883311905227
17.434636451664833,19.778166316207383,0.09680997488832684,0.05052883311905227
17.475829560450393,19.799440543106627,0.09703635190714273,0.05052883311905227
17.63644012848642,19.777581940508025,0.09726272892595862,0.05052883311905227
17.748194720250908,19.802770223243446,0.09748910594477452,0.05052883311905227
17.931952444588582,20.001287738482162,0.09771548296359041,0.05052883311905227
17.80701793166172,19.714284483289855,0.0979418599824063,0.05052883311905227
17.97404760687302,19.793355048468136,0.0981682370012222,0.05052883311905227
18.01121936627515,19.76884793154399,0.09839461402003809,0.05052883311905227
17.96649928124467,19.72703563444955,0.09862099103885398,0.05052883311905227
18.037916526694914,19.643584235570682,0.09884736805766987,0.05052883311905227
18.056015614027277,19.816420073479836,0.09907374507648577,0.05052883311905227
18.04037686201316,19.673177572993012,0.09930012209530166,0.05052883311905227
18.279551371726903,19.572919633790566,0.09952649911411755,0.05052883311905227
18.258305722122728,19.521881379234365,0.09975287613293345,0.05052883311905227
18.22833677455312,19.534363720183286,0.09997925315174934,0.05052883311905227
18.289347067699694,19.54200078805288,0.10020563017056523,0.05052883311905227
18.34348364671832,19.701851995786036,0.10043200718938113,0.05052883311905227
18.523847110511127,19.56291739050548,0.10065838420819702,0.05052883311905227
18.45515552102028,19.724955354979063,0.10088476122701291,0.05052883311905227
18.56919739726655,19.73825976689657,0.1011111382458288,0.05052883311905227
18.553581965715523,19.67350366775663,0.1013375152646447,0.05052883311905227
18.676707845071007,19.70369054158529,0.10156389228346059,0.05052883311905227
18.880340857743366,19.574858129426552,0.10179026930227648,0.05052883311905227
18.973802792044214,19.59098542753856,0.10201664632109238,0.05052883311905227
19.265883532595808,19.581679872596975,0.10224302333990827,0.05052883311905227
19.34505259577164,19.680940191586817,0.10246940035872416,0.05052883311905227
19.472609405651756,19.65451286753487,0.10269577737754006,0.05052883311905227
19.342493919973624,19.770129255855785,0.10292215439635595,0.05052883311905227
19.229488827290183,19.542489615819704,0.10314853141517184,0.05052883311905227
19.23534653863802,19.615887141999746,0.10337490843398774,0.05052883311905227
19.396960694299704,19.579390434508234,0.10360128545280363,0.05052883311905227
19.296519567639873,19.523612207156276,0.10382766247161952,0.05052883311905227
19.163174221328738,19.747118857626823,0.10405403949043542,0.05052883311905227
19.13568843825117,19.829726956299375,0.10428041650925131,0.05052883311905227
19.064522143403387,19.47181769111098,0.1045067935280672,0.05052883311905227
18.897577099430443,19.587989574376152,0.1047331705468831,0.05052883311905227
18.95522879855038,19.378191198292782,0.10495954756569899,0.05052883311905227
18.76480408818255,19.55469979746056,0.10518592458451488,0.05052883311905227
18.611482936053548,19.443242627609894,0.10541230160333077,0.05052883311905227
18.69458943516429,19.681808834961483,0.10563867862214667,0.05052883311905227
18.92295325091763,19.497472717058095,0.10586505564096256,0.05052883311905227
19.093616252008392,19.378916334254953,0.10609143265977845,0.05052883311905227
19.152983070364854,19.572617489587696,0.10631780967859435,0.05052883311905227
18.888458887871305,19.549997391167693,0.10654418669741024,0.05052883311905227
18.94468309872832,19.710547734185763,0.10677056371622613,0.05052883311905227
19.06757232412975,19.679721828142807,0.10699694073504203,0.05052883311905227
19.171590494444203,19.72069741902365,0.10722331775385792,0.05052883311905227
19.152524483765013,19.69668223629734,0.10744969477267381,0.05052883311905227
18.910975201086448,19.230554498139437,0.1076760717914897,0.05052883311905227
21.935360879729274,24.571287006214565,0.38995276504744436,0.3885992740278845
21.92083882101759,24.084070980147704,0.3898528036681953,0.3885992740278845
21.826112079256383,24.004743520918346,0.3896461853200065,0.3885992740278845
21.98765313541687,24.28883094202526,0.38904482952804614,0.3885992740278845
22.07452091817431,24.38562478938798,0.3901628970583707,0.3885992740278845
22.196780491133808,24.18870293377936,0.3904334623006892,0.3885992740278845
22.08558074152906,23.754099640791893,0.3907281408607087,0.3885992740278845
22.003867847786886,23.683168560654913,0.390979226541643,0.3885992740278845
22.128041941445204,23.660918162336934,0.39135892550921236,0.3885992740278845
22.22328069910858,23.259413368617302,0.3916331604643309,0.3885992740278845
22.217470590215605,23.49151512049734,0.39193503116129547,0.3885992740278845
22.203990335170438,23.67968832110465,0.3922324245117374,0.3885992740278845
22.27224677891288,23.790091714532174,0.39254044686364215,0.3885992740278845
22.443043579876587,23.95312675284445,0.39283767440824474,0.3885992740278845
22.638175359070928,24.188403375412303,0.39313986979474674,0.3885992740278845
22.683005626721915,24.21246374701559,0.3934408537503407,0.3885992740278845
22.52600753462434,23.939956650997484,0.3937427504682691,0.3885992740278845
22.439889609444094,23.368794862057047,0.3940435918779902,0.3885992740278845
22.81917587255701,23.864016347960824,0.394345083595213,0.3885992740278845
22.956779649994793,23.463419610099187,0.3946463406290771,0.3885992740278845
23.07079362525282,23.93026801116883,0.39494770201255036,0.3885992740278845
22.946446837101284,24.097080567276667,0.39524896257432834,0.3885992740278845
23.045253758563288,23.967800008054766,0.39555029841025807,0.3885992740278845
23.314328364942284,24.130209721323045,0.3958515988594171,0.3885992740278845
22.942705621580473,24.19124717243134,0.3961529139399506,0.3885992740278845
22.85160310537207,24.098908979968414,0.39645421875574377,0.3885992740278845
22.96659480346866,24.31080452831208,0.3967555317253486,0.3885992740278845
23.131767816899107,24.82636873848614,0.3970568400488438,0.3885992740278845
23.456064064375177,24.809741363201304,0.3973581504606044,0.3885992740278845
23.519168925750655,24.93778434371329,0.3976594597027073,0.3885992740278845
23.255085357638784,25.126387784876,0.3979607698160039,0.3885992740278845
23.5997543094728,25.01650183531732,0.39826207936930813,0.3885992740278845
23.671595884396886,25.123448559891095,0.3985633892057835,0.3885992740278845
23.79150020439588,25.251699326372762,0.398864698896955,0.3885992740278845
24.048555574211562,25.01593792165409,0.39916600868399127,0.3885992740278845
24.436118891231835,24.918251411537756,0.39946731840656874,0.3885992740278845
24.50890451695438,24.871976144254635,0.39976862816532865,0.3885992740278845
24.339636476464705,24.91983998944405,0.40006993790544576,0.3885992740278845
24.45245717465928,24.910110723913146,0.40037124765663423,0.3885992740278845
24.414252170170144,25.111748795154977,0.400672557400501,0.3885992740278845
24.24296994066671,25.143013882282666,0.40097386714877986,0.3885992740278845
24.122879820125718,25.048274796343467,0.40127517689468284,0.3885992740278845
24.225325506631116,24.969897178808846,0.40157648664191886,0.3885992740278845
23.64061742455157,25.14795627874179,0.40187779638831495,0.3885992740278845
23.82270299698353,25.115483480893865,0.4021791061352339,0.3885992740278845
23.79584114682518,24.936235401919394,0.40248041588185673,0.3885992740278845
23.706790936674288,24.923835493217815,0.4027817256286436,0.3885992740278845
23.74658867456806,25.044510352264748,0.40308303537533213,0.3885992740278845
23.712394590737304,24.959283651481975,0.40338434512208193,0.3885992740278845
23.858620490714053,25.024886856527036,0.40368565486879565,0.3885992740278845
23.92799200658724,24.846980550260255,0.4039869646155296,0.3885992740278845
24.344635692117457,24.933554852267534,0.4042882743622518,0.3885992740278845
24.406481069623684,24.854541597360136,0.40458958410898116,0.3885992740278845
24.57248030122007,24.817885197739233,0.4048908938557062,0.3885992740278845
24.54280901567371,24.891132365326513,0.40519220360243374,0.3885992740278845
24.689138161057237,24.810662942350337,0.40549351334915984,0.3885992740278845
24.302643028752364,24.62370567734417,0.4057948230958868,0.3885992740278845
23.906641080855564,24.826844497992365,0.40609613284261326,0.3885992740278845
24.10761479518238,24.766301978422963,0.40639744258934,0.3885992740278845
24.203731328543018,24.636439690265817,0.4066987523360666,0.3885992740278845
24.22742282175524,24.610491206162934,0.40700006208279327,0.3885992740278845
24.18966423864945,24.69669289588309,0.40730137182951986,0.3885992740278845
24.151628778496608,24.733295739167694,0.4076026815762465,0.3885992740278845
24.208805193782077,24.546191136671865,0.40790399132297317,0.3885992740278845
24.377855509212182,24.500898546530564,0.4082053010696998,0.3885992740278845
24.387708677162884,24.495323426240443,0.4085066108164265,0.3885992740278845
24.30675061391281,24.951783812940548,0.4088079205631531,0.3885992740278845
24.453093517930647,24.967156173487933,0.4091092303098798,0.3885992740278845
24.49098468114926,24.892297157069475,0.40941054005660643,0.3885992740278845
24.522036191643572,24.951285944084752,0.4097118498033331,0.3885992740278845
24.60273357668462,25.068033148576347,0.41001315955005974,0.3885992740278845
24.70190701732332,25.028757531294744,0.4103144692967864,0.3885992740278845
24.562341591009037,24.922608604530918,0.41061577904351304,0.3885992740278845
24.5459621629452,24.963377844592358,0.4109170887902397,0.3885992740278845
24.607253506603804,24.965016484360326,0.41121839853696635,0.3885992740278845
24.52886162105613,25.06779501130226,0.411519708283693,0.3885992740278845
24.683244786059653,25.066708596647214,0.41182101803041965,0.3885992740278845
24.832017420507945,24.972896142105686,0.4121223277771463,0.3885992740278845
24.834045277302206,24.86840557426257,0.41242363752387295,0.3885992740278845
24.798576796341322,24.882100492895074,0.4127249472705996,0.3885992740278845
24.538501457679622,24.876929362396826,0.41302625701732626,0.3885992740278845
24.28002140902848,24.739939815998078,0.4133275667640529,0.3885992740278845
24.22143254431743,24.943926212621115,0.41362887651077956,0.3885992740278845
24.38601515751852,25.065184134475768,0.4139301862575062,0.3885992740278845
24.005054935857338,24.96421364365683,0.41423149600423287,0.3885992740278845
23.62600887683945,25.029194959928123,0.4145328057509595,0.3885992740278845
23.680513015131467,24.92478730228212,0.4148341154976862,0.3885992740278845
24.112228493403975,25.0464833809459,0.4151354252444128,0.3885992740278845
23.81568493535857,25.161612124140305,0.4154367349911395,0.3885992740278845
23.688423915446748,25.191730313316224,0.41573804473786613,0.3885992740278845
23.611341847987752,25.20182685027047,0.4160393544845928,0.3885992740278845
23.922826522307087,25.281793080662922,0.41634066423131944,0.3885992740278845
24.34408668612512,25.196695983214468,0.4166419739780461,0.3885992740278845
24.132449265948168,25.39963246439512,0.41694328372477274,0.3885992740278845
24.065398448794145,25.411378356676256,0.4172445934714994,0.3885992740278845
24.097748892529758,25.449728283913796,0.41754590321822604,0.3885992740278845
24.419750585867185,25.343945547703196,0.4178472129649527,0.3885992740278845
24.382449446595515,25.61407809544505,0.41814852271167935,0.3885992740278845
24.45697865095343,25.046716165036866,0.418449832458406,0.3885992740278845
24.54314847039688,25.208439393324937,0.41875114220513265,0.3885992740278845
24.618543199381893,25.167307065927275,0.4190524519518593,0.3885992740278845
24.66967267842208,25.095770133890287,0.41935376169858596,0.3885992740278845
24.44334867220781,25.198062326394805,0.4196550714453126,0.3885992740278845
24.162003157491114,25.27022630019415,0.41995638119203926,0.3885992740278845
24.050181771123057,25.189402368666638,0.4202576909387659,0.3885992740278845
24.076149642496034,25.207482420769953,0.42055900068549257,0.3885992740278845
23.821639811416688,24.98158089872391,0.4208603104322192,0.3885992740278845
23.72244005837598,24.973952178712874,0.4211616201789459,0.3885992740278845
23.614465317927433,25.03030032042852,0.4214629299256725,0.3885992740278845
23.637557059273632,25.044770432381405,0.4217642396723992,0.3885992740278845
23.92338128066355,25.170172189303813,0.42206554941912583,0.3885992740278845
23.78560294370326,25.13268021665301,0.4223668591658525,0.3885992740278845
23.666901521460822,25.31165882666287,0.42266816891257913,0.3885992740278845
23.81461947888539,25.35609465380459,0.4229694786593058,0.3885992740278845
23.937139315693116,25.418145563239154,0.42327078840603244,0.3885992740278845
23.99345276806647,25.504839579295986,0.4235720981527591,0.3885992740278845
24.102563454582814,25.513227455676557,0.42387340789948574,0.3885992740278845
23.94422954561837,25.492907692789522,0.4241747176462124,0.3885992740278845
23.91349567722426,25.069056001390734,0.42447602739293905,0.3885992740278845
23.84850789035059,25.297381338317678,0.4247773371396657,0.3885992740278845
23.787814875730213,25.08093315051851,0.42507864688639235,0.3885992740278845
23.462266629756122,25.03013482974825,0.425379956633119,0.3885992740278845
23.36846117350094,25.274220474017476,0.42568126637984566,0.3885992740278845
23.345136020687953,25.31309481630009,0.4259825761265723,0.3885992740278845
23.34196803894757,24.946017748908393,0.42628388587329896,0.3885992740278845
23.37832293038507,24.98352935830374,0.4265851956200256,0.3885992740278845
23.584288532095684,25.32499073480425,0.42688650536675227,0.3885992740278845
23.66598511272723,25.33267905631279,0.4271878151134789,0.3885992740278845
23.41464140289628,25.004118119680182,0.42748912486020557,0.3885992740278845
23.120944107220243,25.0315264343837,0.4277904346069322,0.3885992740278845
23.025135236017007,24.754878999785774,0.4280917443536589,0.3885992740278845
23.346273473699032,24.827182247600863,0.42839305410038553,0.3885992740278845
23.572580499708224,24.952262373409575,0.4286943638471122,0.3885992740278845
23.587730596443066,25.24794600064414,0.42899567359383883,0.3885992740278845
23.717171236084297,25.188425822727265,0.4292969833405655,0.3885992740278845
23.973180413569107,25.15624274968344,0.42959829308729214,0.3885992740278845
24.033083001273702,25.09383737441471,0.4298996028340188,0.3885992740278845
24.17329753500419,25.15906578269838,0.43020091258074544,0.3885992740278845
24.150438799380943,24.76145357078976,0.4305022223274721,0.3885992740278845
24.06232522969092,25.173662695899843,0.43080353207419875,0.3885992740278845
23.945974917352288,25.159703492815538,0.4311048418209254,0.3885992740278845
23.924706418548986,25.03462869068933,0.43140615156765205,0.3885992740278845
23.964314166952633,25.20916622608427,0.4317074613143787,0.3885992740278845
23.826464311853968,25.24602541925037,0.43200877106110536,0.3885992740278845
23.88257461026531,25.202807413888358,0.432310080807832,0.3885992740278845
23.989473384677474,25.136789273066608,0.43261139055455866,0.3885992740278845
23.98541287846067,25.155623397109483,0.4329127003012853,0.3885992740278845
23.714908306600023,25.326885699349223,0.43321401004801197,0.3885992740278845
23.520680888570347,25.349642324099463,0.4335153197947386,0.3885992740278845
23.385921630724773,25.37483585883082,0.43381662954146527,0.3885992740278845
23.4853707228578,25.22231612755898,0.4341179392881919,0.3885992740278845
23.40551068221024,25.087571132311744,0.4344192490349186,0.3885992740278845
23.46817772975401,24.6532785256628,0.4347205587816452,0.3885992740278845
23.311017062189535,24.626420650429196,0.4350218685283719,0.3885992740278845
23.19527130008755,24.69344885493839,0.43532317827509853,0.3885992740278845
23.223193828344066,24.713993559216696,0.4356244880218252,0.3885992740278845
23.53999348208027,24.66947156855416,0.43592579776855184,0.3885992740278845
23.160160057541813,24.75994234901936,0.4362271075152785,0.3885992740278845
23.201077524408866,24.621078377383096,0.43652841726200514,0.3885992740278845
22.802445588923987,24.346603849887853,0.4368297270087318,0.3885992740278845
22.084603980760434,23.526692958966645,0.43713103675545845,0.3885992740278845
21.11088661155738,23.142946637500412,0.4374323465021851,0.3885992740278845
20.816769759288643,23.553311804800327,0.43773365624891175,0.3885992740278845
21.283967538436002,23.698771823064238,0.4380349659956384,0.3885992740278845
21.799137113647678,23.86974215489204,0.43833627574236506,0.3885992740278845
21.667631360500096,24.127656025947076,0.4386375854890917,0.3885992740278845
21.353198553228108,23.969905322612266,0.43893889523581836,0.3885992740278845
21.020005816363614,23.590479214304963,0.439240204982545,0.3885992740278845
21.43243863512886,23.886257624219557,0.43954151472927167,0.3885992740278845
21.723306840643843,23.736256153672976,0.4398428244759983,0.3885992740278845
21.570757066781702,23.70340728412975,0.44014413422272497,0.3885992740278845
21.71666115489846,24.111266602858887,0.4404454439694516,0.3885992740278845
21.523733784310515,23.893202372053533,0.4407467537161783,0.3885992740278845
21.64791010510094,24.312786374752715,0.4410480634629049,0.3885992740278845
21.857640159998105,24.387448408787435,0.4413493732096316,0.3885992740278845
21.802669192485382,24.520029235790346,0.44165068295635823,0.3885992740278845
21.861989539608125,24.56015954394568,0.4419519927030849,0.3885992740278845
21.881480394390906,24.861426087252536,0.44225330244981154,0.3885992740278845
22.188996993827452,24.96516714234754,0.4425546121965382,0.3885992740278845
22.196105188087188,24.755084075821774,0.44285592194326484,0.3885992740278845
22.120462748432345,25.10741472519361,0.4431572316899915,0.3885992740278845
22.20095746133122,24.754291636468356,0.44345854143671815,0.3885992740278845
22.122927782385446,24.939982754234787,0.4437598511834448,0.3885992740278845
22.04791970807383,24.83759433685168,0.44406116093017145,0.3885992740278845
21.843064216912655,24.863687686550666,0.4443624706768981,0.3885992740278845
21.61679803869116,24.16739877816609,0.44466378042362475,0.3885992740278845
21.572555302332297,23.823894240106853,0.4449650901703514,0.3885992740278845
21.780924464496415,23.854115845118763,0.44526639991707806,0.3885992740278845
21.981125876610157,24.114720885957986,0.4455677096638047,0.3885992740278845
22.30295037845908,24.28497471511328,0.44586901941053136,0.3885992740278845
22.30043518256933,24.45427615988153,0.446170329157258,0.3885992740278845
22.202215846121874,24.537729206519543,0.44647163890398467,0.3885992740278845
22.318931620302674,24.648619149092998,0.4467729486507113,0.3885992740278845
22.24614636948491,24.65742990093091,0.447074258397438,0.3885992740278845
22.297245513908926,24.71555333285899,0.4473755681441646,0.3885992740278845
22.465400995761136,24.672719195932036,0.4476768778908913,0.3885992740278845
22.397061913679444,24.70317913620659,0.44797818763761793,0.3885992740278845
22.517288335396543,24.49662337651,0.4482794973843446,0.3885992740278845
22.574893828724683,24.649485054775905,0.44858080713107124,0.3885992740278845
22.78035577748563,24.593217737603304,0.4488821168777979,0.3885992740278845
22.759049258873105,24.582310573013125,0.44918342662452454,0.3885992740278845
22.598673451573767,24.802815174880838,0.4494847363712512,0.3885992740278845
22.59392357907982,24.878606025212772,0.44978604611797784,0.3885992740278845
22.907034266042572,24.97210824663814,0.4500873558647045,0.3885992740278845
23.011193705413802,25.11300389405215,0.45038866561143115,0.3885992740278845
23.1835645154161,24.62768051902249,0.4506899753581578,0.3885992740278845
23.193339079003508,24.561041326916406,0.45099128510488445,0.3885992740278845
23.1953599668286,24.673880017312605,0.4512925948516111,0.3885992740278845
23.162461675241524,24.692359742845806,0.45159390459833776,0.3885992740278845
23.320755321576147,24.629907594627802,0.4518952143450644,0.3885992740278845
23.279802025306545,24.684157446535806,0.45219652409179106,0.3885992740278845
23.263117338454272,24.729394861236457,0.4524978338385177,0.3885992740278845
23.396614395444352,24.74058903786493,0.45279914358524437,0.3885992740278845
23.391828296807876,24.74915195557428,0.453100453331971,0.3885992740278845
23.212135945297007,25.119999900621078,0.4534017630786977,0.3885992740278845
23.065833760360604,25.155700760599167,0.4537030728254243,0.3885992740278845
23.18536414369997,25.063161352233283,0.454004382572151,0.3885992740278845
22.95522372274386,25.16713018774608,0.45430569231887763,0.3885992740278845
22.750125525763643,25.14781057908043,0.4546070020656043,0.3885992740278845
22.620481563621787,25.096878934860232,0.45490831181233093,0.3885992740278845
22.71068311246628,25.12542629705157,0.4552096215590576,0.3885992740278845
22.65611517820868,25.142647758589856,0.45551093130578424,0.3885992740278845
22.860151454692847,25.04449519334521,0.4558122410525109,0.3885992740278845
23.008340438222277,25.08773272924575,0.45611355079923754,0.3885992740278845
23.04553704369834,25.07724349414152,0.4564148605459642,0.3885992740278845
23.142808480755086,25.034212381332644,0.45671617029269085,0.3885992740278845
23.08909843381788,25.154563756594587,0.4570174800394175,0.3885992740278845
23.32011495829721,25.140811444252257,0.45731878978614415,0.3885992740278845
23.377561476810577,25.12624600375645,0.4576200995328708,0.3885992740278845
23.321766477942624,25.146922403412642,0.45792140927959746,0.3885992740278845
23.595018539852546,25.05596916799077,0.4582227190263241,0.3885992740278845
23.41738740594255,25.021010497647097,0.45852402877305076,0.3885992740278845
22.718801165584843,25.31983324296272,0.4588253385197774,0.3885992740278845
23.14923385727448,25.26876448440552,0.45912664826650407,0.3885992740278845
23.281243671281395,25.133127299249605,0.4594279580132307,0.3885992740278845
23.108311915236417,25.164057595511707,0.45972926775995737,0.3885992740278845
22.91559159956789,25.03044550235826,0.460030577506684,0.3885992740278845
22.778233377328,25.19515206980465,0.4603318872534107,0.3885992740278845
22.719097026991662,24.69588882030759,0.46063319700013733,0.3885992740278845
22.502339527958966,24.840007058749123,0.460934506746864,0.3885992740278845
22.531982753570123,24.963911111695428,0.46123581649359063,0.3885992740278845
22.619258520609826,24.85962125257324,0.4615371262403173,0.3885992740278845
22.59364573243084,24.756530665797417,0.46183843598704394,0.3885992740278845
22.277261973646304,24.556702134209818,0.4621397457337706,0.3885992740278845
22.32215663230172,24.71450850765463,0.46244105548049724,0.3885992740278845
22.338623553571665,24.705873882802567,0.4627423652272239,0.3885992740278845
22.41383922418241,24.87072992940213,0.46304367497395055,0.3885992740278845
22.41938457099655,24.763299988489674,0.4633449847206772,0.3885992740278845
22.27318701770259,24.70451892287856,0.46364629446740385,0.3885992740278845
22.22172047262795,24.910024509850086,0.4639476042141305,0.3885992740278845
22.142003172110208,24.7777990009966,0.46424891396085716,0.3885992740278845
22.05509476445728,24.721489073227403,0.4645502237075838,0.3885992740278845
23.813248148087908,24.66733590667925,0.3537879971528392,0.35332997009080647
23.710442862377764,24.412053658143353,0.35567166936624367,0.35332997009080647
23.651366206249214,24.354796473077666,0.3553772070198514,0.35332997009080647
23.09423138019659,24.082815837028335,0.3558123276344989,0.35332997009080647
22.763474442694076,24.052378937151058,0.35681251984129764,0.35332997009080647
22.7398305232716,24.105534253477355,0.35710630370148894,0.35332997009080647
22.911533190109793,24.074593682371916,0.35729600683948165,0.35332997009080647
22.5048296280297,22.984742641278835,0.35758020736137097,0.35332997009080647
22.398788773259632,23.215026489163492,0.3578608089697962,0.35332997009080647
22.23231285452076,22.939511524870728,0.3581125020655024,0.35332997009080647
22.184356561710516,22.80229782748251,0.3583844472381447,0.35332997009080647
22.270544575206873,22.754285859763364,0.35866200816426325,0.35332997009080647
22.097409545371303,22.65954410306641,0.35893621936069703,0.35332997009080647
22.473367132321822,22.985050717216833,0.3592097267048573,0.35332997009080647
22.354385019436172,23.140586230949747,0.3594844562538033,0.35332997009080647
22.457058198629582,23.014207514229557,0.3597586743231081,0.35332997009080647
22.1357425788406,22.751049101159445,0.3600326363611471,0.35332997009080647
22.02314317314433,22.613476088956325,0.36030669720664854,0.35332997009080647
22.627012220652922,23.034562847602935,0.36058081143278486,0.35332997009080647
22.570499161461385,22.61283070375353,0.36085488007217426,0.35332997009080647
22.46659453444781,22.368496612405714,0.36112895879458884,0.35332997009080647
22.097395735987465,22.279948944237667,0.3614030478522904,0.35332997009080647
22.219867436135164,22.472442191723218,0.3616771347035384,0.35332997009080647
22.04962875569597,22.159224199661697,0.3619512187846874,0.35332997009080647
21.94568543715809,21.865089465364576,0.3622253043912507,0.35332997009080647
21.861989260602797,21.833754424772565,0.36249938992718295,0.35332997009080647
22.031311504595784,21.6599647785131,0.36277347508791197,0.35332997009080647
22.077281509655002,21.42849700135173,0.3630475602658315,0.35332997009080647
21.96168410082212,21.869263585922084,0.3633216455654741,0.35332997009080647
22.200033711245467,22.130690082179175,0.36359573081977353,0.35332997009080647
22.461186888319638,22.537437372768707,0.36386981606727575,0.35332997009080647
22.491577593540526,22.311873661082142,0.36414390132696867,0.35332997009080647
22.490987192048692,22.32491381609141,0.3644179865885012,0.35332997009080647
22.630752521929058,22.336907962540526,0.36469207184523555,0.35332997009080647
22.595393104048906,22.338513019697608,0.3649661571031112,0.35332997009080647
22.685709745305644,22.346577906347804,0.365240242361496,0.35332997009080647
22.872209923687556,22.462196764426427,0.3655143276195378,0.35332997009080647
22.768226840527824,22.56675342031021,0.3657884128774269,0.35332997009080647
22.763575586945144,22.41257878704257,0.3660624981354892,0.35332997009080647
22.85586349896925,23.107674448937065,0.3663365833935311,0.35332997009080647
23.057703331772593,23.522150149543545,0.36661066865154857,0.35332997009080647
23.165309579556506,23.634185977359806,0.3668847539095735,0.35332997009080647
23.132843752685538,23.689922414022035,0.3671588391676066,0.35332997009080647
23.10801379425549,23.613980766037788,0.367432924425634,0.35332997009080647
23.223475891080557,23.2830245181672,0.3677070096836614,0.35332997009080647
23.162899496564854,23.621631478312423,0.3679810949416897,0.35332997009080647
23.116574713595384,23.706292669544123,0.3682551801997179,0.35332997009080647
23.322850206719664,24.205296418968683,0.36852926545774584,0.35332997009080647
23.354238653548972,24.14126475303371,0.3688033507157739,0.35332997009080647
23.339855289312226,24.29903787034911,0.369077435973802,0.35332997009080647
23.584626107099368,24.405051192997213,0.36935152123183007,0.35332997009080647
23.749720700694375,24.416080009411253,0.3696256064898581,0.35332997009080647
23.925796597461435,24.482498249272634,0.3698996917478862,0.35332997009080647
23.89189680433045,24.543173534972542,0.37017377700591425,0.35332997009080647
24.003932744968548,24.69636870818666,0.37044786226394233,0.35332997009080647
24.0888338961688,24.766152451295266,0.3707219475219704,0.35332997009080647
24.041425610951904,24.732276806791653,0.3709960327799985,0.35332997009080647
24.079744873694587,24.742571170392672,0.37127011803802656,0.35332997009080647
24.407417877503526,24.85008844014765,0.37154420329605464,0.35332997009080647
24.572347565385563,25.08885104492907,0.3718182885540827,0.35332997009080647
24.699800328989856,25.13613725852611,0.3720923738121108,0.35332997009080647
24.78823981722082,25.322380185320572,0.3723664590701389,0.35332997009080647
24.78287844409836,25.34499737414467,0.37264054432816696,0.35332997009080647
24.894853942973793,25.210444454230245,0.37291462958619503,0.35332997009080647
25.090693327164303,25.37687249715816,0.3731887148442231,0.35332997009080647
25.025548505431065,25.006769627184358,0.3734628001022512,0.35332997009080647
24.969821248788072,25.052506389287387,0.37373688536027927,0.35332997009080647
24.973756275013297,25.065988805413852,0.37401097061830735,0.35332997009080647
24.961643126300395,25.225110191094426,0.3742850558763354,0.35332997009080647
25.296718914344552,25.526852073422077,0.3745591411343635,0.35332997009080647
25.226016534965392,25.746531314107948,0.3748332263923916,0.35332997009080647
25.260932393097086,25.675643255994768,0.37510731165041966,0.35332997009080647
25.19635042933018,25.1747394003181,0.37538139690844774,0.35332997009080647
25.11798762605261,25.027362320891893,0.3756554821664758,0.35332997009080647
25.044283222339438,25.165905940831397,0.3759295674245039,0.35332997009080647
24.998375930291175,25.131695985209635,0.376203652682532,0.35332997009080647
24.765859032098525,24.93858868675633,0.37647773794056005,0.35332997009080647
24.59192262499424,24.903402711908626,0.37675182319858813,0.35332997009080647
24.4719392255733,24.861929831235866,0.3770259084566162,0.35332997009080647
24.444814633661114,24.74778849643668,0.3772999937146443,0.35332997009080647
24.035683817860438,24.296712514924916,0.37757407897267237,0.35332997009080647
23.855722157219276,24.227192996925783,0.37784816423070045,0.35332997009080647
23.780416148818848,24.262302514556755,0.3781222494887285,0.35332997009080647
23.7214671894115,24.37306210366324,0.3783963347467566,0.35332997009080647
23.409908386914218,23.727072754847594,0.3786704200047847,0.35332997009080647
23.285181268035966,23.639079840363934,0.37894450526281276,0.35332997009080647
23.19530912155171,23.631654390345467,0.37921859052084084,0.35332997009080647
23.213667209725372,23.4232932923171,0.3794926757788689,0.35332997009080647
23.391569499552077,23.606608252515535,0.379766761036897,0.35332997009080647
23.27410314395877,23.362795167828853,0.38004084629492507,0.35332997009080647
23.089435151672898,23.12769048705768,0.38031493155295315,0.35332997009080647
23.01642607366517,22.627543202927864,0.38058901681098123,0.35332997009080647
23.047217204309778,22.72977173697092,0.3808631020690093,0.35332997009080647
22.989369698910764,23.038092261223447,0.3811371873270374,0.35332997009080647
22.730569984362866,22.97294758482627,0.38141127258506546,0.35332997009080647
22.655226044822914,22.86698366419346,0.38168535784309354,0.35332997009080647
22.775455977974687,22.922408039078306,0.3819594431011216,0.35332997009080647
22.935520517973078,23.126105111571466,0.3822335283591497,0.35332997009080647
23.144176779792577,23.30294065408543,0.3825076136171778,0.35332997009080647
23.312793336329186,23.34553329819192,0.38278169887520586,0.35332997009080647
23.499082690148533,23.516209913818148,0.38305578413323393,0.35332997009080647
23.5954648544633,23.622714078789876,0.383329869391262,0.35332997009080647
23.70564126067889,23.53586838075114,0.3836039546492901,0.35332997009080647
23.724986914203026,23.46973745096319,0.38387803990731817,0.35332997009080647
23.871763529914887,23.430132489349322,0.38415212516534625,0.35332997009080647
24.045615663202035,23.50118393231305,0.3844262104233743,0.35332997009080647
24.082837094488312,23.50448650690924,0.3847002956814024,0.35332997009080647
24.09982857590203,23.58747883870633,0.3849743809394305,0.35332997009080647
24.110211106939875,23.494176189439095,0.38524846619745856,0.35332997009080647
24.11028602135835,23.426111437707547,0.38552255145548664,0.35332997009080647
24.049257879858608,23.442365861470194,0.3857966367135147,0.35332997009080647
23.921055036498295,23.549897084911535,0.3860707219715428,0.35332997009080647
23.908396230822035,23.581989108715607,0.3863448072295709,0.35332997009080647
23.934504126732556,23.557337144527988,0.38661889248759895,0.35332997009080647
24.062493792437714,23.721501273573264,0.38689297774562703,0.35332997009080647
23.81455243038303,23.426332713507335,0.3871670630036551,0.35332997009080647
23.683146257409874,23.26873025463241,0.3874411482616832,0.35332997009080647
23.644370728856114,23.344657051257418,0.38771523351971127,0.35332997009080647
23.59734088454692,23.357819025211192,0.38798931877773934,0.35332997009080647
23.73335796665508,23.365071117594827,0.3882634040357674,0.35332997009080647
23.336336942728188,22.917918366027003,0.3885374892937955,0.35332997009080647
23.24697279193564,22.148103909496626,0.3888115745518236,0.35332997009080647
23.538181054376185,22.66209469573744,0.38908565980985166,0.35332997009080647
23.762057249533427,23.005902113823872,0.38935974506787974,0.35332997009080647
23.945153558414884,23.184050480992596,0.3896338303259078,0.35332997009080647
23.99935336833825,23.18496721718192,0.3899079155839359,0.35332997009080647
24.012682511803785,22.90976142931652,0.39018200084196397,0.35332997009080647
24.09899280279448,23.205507437018163,0.39045608609999205,0.35332997009080647
24.18243663862819,23.157361017095827,0.39073017135802013,0.35332997009080647
24.48393355293519,23.28235595157092,0.3910042566160482,0.35332997009080647
24.457111771289533,23.18157202739297,0.3912783418740763,0.35332997009080647
24.358723518092614,23.208798525072872,0.39155242713210436,0.35332997009080647
24.450938737545968,23.174071501116703,0.39182651239013244,0.35332997009080647
24.406180811697823,23.290760164898998,0.3921005976481605,0.35332997009080647
24.36698527495013,23.28866395650261,0.3923746829061886,0.35332997009080647
24.46975875869678,23.360085995186427,0.3926487681642167,0.35332997009080647
24.558489937302582,23.656158605778398,0.39292285342224476,0.35332997009080647
24.620489126430694,23.71632113770045,0.39319693868027283,0.35332997009080647
24.677927412738534,23.590743566897427,0.3934710239383009,0.35332997009080647
24.71775314226896,23.625331038483186,0.393745109196329,0.35332997009080647
24.704843627054032,23.477715236217836,0.39401919445435707,0.35332997009080647
24.707915669596886,23.42626125687015,0.39429327971238515,0.35332997009080647
24.888883328975343,23.786544389406846,0.3945673649704132,0.35332997009080647
25.13303237919871,24.210758834140897,0.3948414502284413,0.35332997009080647
25.297570018009118,24.30233645592838,0.3951155354864694,0.35332997009080647
25.236947280784847,24.20871562573102,0.39538962074449746,0.35332997009080647
25.073733955662945,24.1620145245215,0.39566370600252554,0.35332997009080647
25.353816489601556,24.700681856427124,0.3959377912605536,0.35332997009080647
25.576757284826094,24.745601842934537,0.3962118765185817,0.35332997009080647
25.610484356946035,24.947024775988712,0.3964859617766098,0.35332997009080647
25.749188751294433,25.020397250263024,0.39676004703463785,0.35332997009080647
25.842711075441347,24.985318939076343,0.39703413229266593,0.35332997009080647
25.976297231389836,25.17678027244303,0.397308217550694,0.35332997009080647
25.928648059087802,25.16833974830911,0.3975823028087221,0.35332997009080647
26.140119513836435,25.233427144533444,0.39785638806675017,0.35332997009080647
26.198973351437406,25.36480522714008,0.39813047332477824,0.35332997009080647
26.14905518369556,25.3354079150497,0.3984045585828063,0.35332997009080647
26.174586626471672,25.291297900778172,0.3986786438408344,0.35332997009080647
26.274546496618203,25.271865449852022,0.3989527290988625,0.35332997009080647
26.225259026369272,25.315635265138017,0.39922681435689056,0.35332997009080647
26.374807225247515,25.299647387898403,0.39950089961491864,0.35332997009080647
26.37612301668056,25.320315430535924,0.3997749848729467,0.35332997009080647
26.263082744145684,25.30985405177574,0.4000490701309748,0.35332997009080647
26.18471876897624,25.25902490936789,0.40032315538900287,0.35332997009080647
26.082376687256286,25.240053762058082,0.40059724064703095,0.35332997009080647
26.214846225447996,25.109289343921546,0.40087132590505903,0.35332997009080647
26.190357935654735,25.041760431097938,0.4011454111630871,0.35332997009080647
26.111283395098695,25.029096813530394,0.4014194964211152,0.35332997009080647
26.12487653110675,25.062894594815248,0.40169358167914326,0.35332997009080647
26.150749110535777,25.12103296957733,0.40196766693717134,0.35332997009080647
26.33553392177148,25.170106372400266,0.4022417521951994,0.35332997009080647
26.327653522219794,25.19618185000236,0.4025158374532275,0.35332997009080647
26.102003147317916,25.186927503624492,0.4027899227112556,0.35332997009080647
25.512725839751177,24.81706662771366,0.40306400796928366,0.35332997009080647
25.711525615595264,24.9704386518945,0.40333809322731173,0.35332997009080647
25.499093737041694,25.00704126950814,0.4036121784853398,0.35332997009080647
25.753171585144205,25.215852159422823,0.4038862637433679,0.35332997009080647
25.965024786563085,26.194084665855982,0.40416034900139597,0.35332997009080647
26.00643810048939,26.157163513367983,0.40443443425942405,0.35332997009080647
26.061000094796874,26.18595925655275,0.4047085195174521,0.35332997009080647
26.150849060307706,26.20110942251316,0.4049826047754802,0.35332997009080647
26.517319086492655,26.300480372420033,0.4052566900335083,0.35332997009080647
26.88900607750932,26.330119062542323,0.40553077529153636,0.35332997009080647
26.852820808548564,26.162651695388195,0.40580486054956444,0.35332997009080647
26.659243414898047,26.29264974299595,0.4060789458075925,0.35332997009080647
26.87589212328588,26.186583648214278,0.4063530310656206,0.35332997009080647
26.934879489140208,26.430470668915277,0.4066271163236487,0.35332997009080647
26.901743435609163,26.503250725182255,0.40690120158167675,0.35332997009080647
26.79138783062883,26.48101841112279,0.40717528683970483,0.35332997009080647
26.77677612415512,26.324867385736297,0.4074493720977329,0.35332997009080647
26.637511020158133,26.50023415615405,0.407723457355761,0.35332997009080647
26.700555949343176,26.5815919411022,0.40799754261378907,0.35332997009080647
26.587747924392637,26.49232212546574,0.40827162787181714,0.35332997009080647
26.64791518488947,26.400630088737977,0.4085457131298452,0.35332997009080647
26.768256641175906,26.513260928633677,0.4088197983878733,0.35332997009080647
26.587232247292416,26.604157284708993,0.4090938836459014,0.35332997009080647
26.551613987723364,26.695209131151334,0.40936796890392946,0.35332997009080647
26.63511297887057,26.828323654413612,0.40964205416195754,0.35332997009080647
26.5436428123654,26.968662107819423,0.4099161394199856,0.35332997009080647
26.67640049816718,27.103826573088377,0.4101902246780137,0.35332997009080647
26.835392985046333,27.172112765803863,0.41046430993604177,0.35332997009080647
26.894823161562087,27.12109509983941,0.41073839519406985,0.35332997009080647
26.886813178929906,27.07291374656211,0.41101248045209793,0.35332997009080647
26.96924813292084,27.028570906955032,0.411286565710126,0.35332997009080647
27.046487243754036,27.115093401612036,0.4115606509681541,0.35332997009080647
27.036830276546766,27.23872361816924,0.41183473622618216,0.35332997009080647
26.86689930776486,27.01191067976016,0.41210882148421024,0.35332997009080647
26.5756101426979,26.845121566557165,0.4123829067422383,0.35332997009080647
26.4435149540536,26.735300233135877,0.4126569920002664,0.35332997009080647
26.46495536963035,26.677530641650108,0.4129310772582945,0.35332997009080647
26.384445503983677,26.39808570049484,0.41320516251632255,0.35332997009080647
26.134660953245863,26.220400750729105,0.41347924777435063,0.35332997009080647
25.897676436834697,26.068734573786582,0.4137533330323787,0.35332997009080647
25.835078758859932,25.618117552796672,0.4140274182904068,0.35332997009080647
26.03422000685833,25.45620397239821,0.41430150354843487,0.35332997009080647
25.987289662135815,25.707775904830264,0.41457558880646295,0.35332997009080647
25.796750963682435,26.2396655740634,0.414849674064491,0.35332997009080647
25.507846040268504,25.8455347038916,0.4151237593225191,0.35332997009080647
25.426381653214133,25.324591611496217,0.4153978445805472,0.35332997009080647
25.207871659755934,25.111299779729343,0.41567192983857526,0.35332997009080647
25.24859249651603,25.25823797786583,0.41594601509660334,0.35332997009080647
25.349323258464487,25.452778461744224,0.4162201003546314,0.35332997009080647
25.289169644340863,25.576194430814944,0.4164941856126595,0.35332997009080647
25.17037832589105,25.565530463247175,0.4167682708706876,0.35332997009080647
25.16687010774026,25.69997633222598,0.41704235612871565,0.35332997009080647
25.33774488612223,25.961718997600233,0.41731644138674373,0.35332997009080647
25.3603577341131,26.01205481437819,0.4175905266447718,0.35332997009080647
25.361145001990582,25.99194065333261,0.4178646119027999,0.35332997009080647
25.401092397498125,26.019305297689726,0.41813869716082797,0.35332997009080647
25.53297431516618,26.18403687623934,0.41841278241885604,0.35332997009080647
25.26544655662906,26.15542170762365,0.4186868676768841,0.35332997009080647
24.899850118587402,25.90153809111302,0.4189609529349122,0.35332997009080647
25.00171884138096,25.501143501021424,0.4192350381929403,0.35332997009080647
25.156296894149975,25.640645150200076,0.41950912345096836,0.35332997009080647
25.177368535782623,25.388710754546207,0.41978320870899644,0.35332997009080647
25.388266256745645,25.781656449792727,0.4200572939670245,0.35332997009080647
25.35358617643589,26.08182644676349,0.4203313792250526,0.35332997009080647
25.350526044416934,25.899170066479552,0.42060546448308067,0.35332997009080647
25.26695519893797,25.84903554294049,0.42087954974110875,0.35332997009080647
25.41385027779541,26.02178587975422,0.42115363499913683,0.35332997009080647
25.383633363214656,26.072348237690726,0.4214277202571649,0.35332997009080647
25.390466011708014,25.96665024902372,0.421701805515193,0.35332997009080647
25.43405071021597,25.93758309046137,0.42197589077322106,0.35332997009080647
25.595876702526006,26.184381392239807,0.42224997603124914,0.35332997009080647
25.716417698147463,26.214182053375342,0.4225240612892772,0.35332997009080647
25.758246595819994,26.35212801521706,0.4227981465473053,0.35332997009080647
25.722118227174843,26.34757203623011,0.4230722318053334,0.35332997009080647
25.770816953604523,26.476041675059104,0.42334631706336145,0.35332997009080647
25.826519491620164,26.48209521375243,0.42362040232138953,0.35332997009080647
25.865459360962035,26.76647400172561,0.4238944875794176,0.35332997009080647
25.901592523251395,26.827126482002292,0.4241685728374457,0.35332997009080647
25.818425554164467,26.87979473434939,0.42444265809547377,0.35332997009080647
25.800551810437458,26.802697824508176,0.4952016433677917,0.4949860620218208
25.97133998002454,26.69129885584975,0.4955464446507908,0.4949860620218208
26.15874714841773,26.693141016321825,0.496201912408491,0.4949860620218208
26.174598433445986,26.851748882721417,0.49647916917109225,0.4949860620218208
26.30360267217624,26.99887719612304,0.4970044625867972,0.4949860620218208
26.398419101130457,27.061743239160105,0.4972939093434095,0.4949860620218208
26.46354219305389,27.243280540080587,0.497579312147507,0.4949860620218208
26.48637217781142,27.31107722933301,0.497856207375485,0.4949860620218208
26.553920056438564,27.2376098078385,0.4981480390212727,0.4949860620218208
26.627396974427555,27.19923114473824,0.49843374540604257,0.4949860620218208
26.572168642375495,27.495007947165394,0.498724748753411,0.4949860620218208
26.423407324034237,27.63745850293276,0.4990157368888366,0.4949860620218208
26.444103700321996,27.573324155174955,0.49930698469764556,0.4949860620218208
26.570603893713532,27.53876290067802,0.49959774608191304,0.4949860620218208
26.603272229051875,27.6906827242729,0.49988865607471933,0.4949860620218208
26.639917871540057,27.7119532503603,0.500179449070287,0.4949860620218208
26.727800235871527,27.834020238742642,0.50047024823954,0.4949860620218208
26.816675894835576,27.904342762731343,0.5007610392496344,0.4949860620218208
26.697795423042006,27.783564791558337,0.5010518445784169,0.4949860620218208
26.757655744804552,27.815251330355707,0.5013426463052868,0.4949860620218208
26.866737306296336,27.94556911958983,0.5016334505975714,0.4949860620218208
27.100809815478677,28.1127590429612,0.5019242545356155,0.4949860620218208
27.166056482289463,28.160773693105167,0.5022150587270733,0.4949860620218208
27.34612901142226,28.391836037845245,0.5025058625233435,0.4949860620218208
27.480352961745968,28.38865164905575,0.5027966664082437,0.4949860620218208
27.926676615581222,28.407497413656237,0.5030874702366407,0.4949860620218208
27.96315049835747,28.516676552218897,0.5033782740797985,0.4949860620218208
28.05151287067602,28.42912831456873,0.5036690779152769,0.4949860620218208
28.14357139685945,28.471577977904776,0.5039598817611792,0.4949860620218208
28.250188297031173,28.49209466889787,0.5042506856048385,0.4949860620218208
28.419318184096994,28.53069263780877,0.5045414894497654,0.4949860620218208
28.598907965246347,28.54707141535635,0.5048322932941646,0.4949860620218208
28.723476676480363,28.55752404317895,0.5051230971387907,0.4949860620218208
28.878488786279533,28.52987693263729,0.5054139009831508,0.4949860620218208
29.018960837252493,28.563849082031066,0.5057047048275697,0.4949860620218208
29.077112162881896,28.46900104085437,0.5059955086719592,0.4949860620218208
29.25091714895506,28.551621642954114,0.5062863125163659,0.4949860620218208
29.227844436831447,28.622126572067984,0.5065771163607661,0.4949860620218208
29.236007380576268,28.515330060084526,0.5068679202051728,0.4949860620218208
29.276733575347798,28.5703822294074,0.507158724049578,0.4949860620218208
29.217868792659008,28.423993768246618,0.5074495278939838,0.4949860620218208
29.256899492900992,28.520919213718006,0.5077403317383892,0.4949860620218208
29.253469858612394,28.413737010134728,0.5080311355827947,0.4949860620218208
29.193601548035836,28.534043576398652,0.5083219394272,0.4949860620218208
29.23995857865456,28.359934453827837,0.5086127432716054,0.4949860620218208
29.10886409672154,28.271247074070683,0.5089035471160108,0.4949860620218208
29.240722899206816,28.452584565634584,0.5091943509604162,0.4949860620218208
29.236853758393686,28.2693995171074,0.5094851548048216,0.4949860620218208
29.223623713671035,28.33210925263235,0.509775958649227,0.4949860620218208
29.509487875945396,28.459946111863683,0.5100667624936324,0.4949860620218208
29.537523420432215,28.494623250642586,0.5103575663380377,0.4949860620218208
29.606982713995315,28.342967024039876,0.5106483701824431,0.4949860620218208
29.662211212730185,28.537770483827984,0.5109391740268485,0.4949860620218208
29.50368777099255,28.339295226175942,0.5112299778712539,0.4949860620218208
29.66394520449927,28.58334997487046,0.5115207817156593,0.4949860620218208
29.668703259842715,28.466904868305893,0.5118115855600647,0.4949860620218208
29.69399213426528,28.5056091308791,0.5121023894044701,0.4949860620218208
29.839148819386583,28.552053794940175,0.5123931932488754,0.4949860620218208
29.83090389901681,28.616171154559474,0.5126839970932808,0.4949860620218208
30.09168977144345,28.626489991246235,0.5129748009376862,0.4949860620218208
30.065902699513792,28.598339043663987,0.5132656047820916,0.4949860620218208
30.0760492576593,28.582781555435453,0.513556408626497,0.4949860620218208
30.141269496093585,28.599593576596426,0.5138472124709024,0.4949860620218208
30.299297180281147,28.648889722786457,0.5141380163153078,0.4949860620218208
30.242733976134467,28.4803545502361,0.5144288201597131,0.4949860620218208
30.287402782529632,28.511192465940436,0.5147196240041185,0.4949860620218208
30.20202222257423,28.498998470933007,0.5150104278485239,0.4949860620218208
30.211320330471928,28.546623467833882,0.5153012316929293,0.4949860620218208
30.33146653291137,28.429796505540576,0.5155920355373347,0.4949860620218208
30.18412133874932,28.402494565669016,0.5158828393817401,0.4949860620218208
30.2245592276674,28.384849957494033,0.5161736432261455,0.4949860620218208
30.29146166978174,28.564212689599003,0.5164644470705508,0.4949860620218208
30.43512199777233,28.53588918944485,0.5167552509149562,0.4949860620218208
30.334311211489684,28.501630151579317,0.5170460547593616,0.4949860620218208
30.38491633017197,28.631334055997677,0.517336858603767,0.4949860620218208
30.397392612443504,28.560212150667056,0.5176276624481724,0.4949860620218208
30.58773124017371,28.609923247887323,0.5179184662925778,0.4949860620218208
30.604765271891008,28.56837928532921,0.5182092701369831,0.4949860620218208
30.638294611349046,28.45724966846886,0.5185000739813885,0.4949860620218208
30.7708580380609,28.552970105376804,0.5187908778257939,0.4949860620218208
30.784860084943254,28.544251978761913,0.5190816816701993,0.4949860620218208
30.874880599056787,28.624274689363723,0.5193724855146047,0.4949860620218208
31.074482950649838,28.554012697271318,0.5196632893590101,0.4949860620218208
30.99427611061315,28.49130126685881,0.5199540932034155,0.4949860620218208
30.903422540878488,28.50468985835544,0.5202448970478208,0.4949860620218208
30.96794676555365,28.639381878966045,0.5205357008922262,0.4949860620218208
31.165151457318686,28.63660578970299,0.5208265047366316,0.4949860620218208
31.331549660808186,28.612570789189427,0.521117308581037,0.4949860620218208
31.36434133194865,28.542536424638524,0.5214081124254424,0.4949860620218208
31.348930200653122,28.625240161615565,0.5216989162698478,0.4949860620218208
31.676753351202187,28.649011909079885,0.5219897201142532,0.4949860620218208
31.98709318812238,28.586728403295577,0.5222805239586585,0.4949860620218208
32.09811568350298,28.627805987367363,0.5225713278030639,0.4949860620218208
31.81226435750549,28.266748510380367,0.5228621316474693,0.4949860620218208
31.814260991703755,28.632923094919683,0.5231529354918747,0.4949860620218208
32.08185216653619,28.64379749356038,0.5234437393362801,0.4949860620218208
32.23226613313291,28.61955998132312,0.5237345431806855,0.4949860620218208
32.224996468319816,28.600349731856053,0.5240253470250908,0.4949860620218208
32.13414597375535,28.53770346034963,0.5243161508694962,0.4949860620218208
32.35125005263645,28.651618452342568,0.5246069547139016,0.4949860620218208
32.435853903822206,28.650556796678867,0.524897758558307,0.4949860620218208
32.52051694233907,28.667913402219007,0.5251885624027124,0.4949860620218208
32.55054196476824,28.560026600992792,0.5254793662471178,0.4949860620218208
32.62605635880313,28.623266597343115,0.5257701700915232,0.4949860620218208
32.94271949663827,28.673312040003765,0.5260609739359285,0.4949860620218208
32.92668549967286,28.459546049215795,0.5263517777803339,0.4949860620218208
32.90729330749635,28.604500252636896,0.5266425816247393,0.4949860620218208
32.88647447143397,28.624164954416578,0.5269333854691447,0.4949860620218208
32.960080200426496,28.54595043259728,0.5272241893135501,0.4949860620218208
32.67985048141662,28.39590321780728,0.5275149931579555,0.4949860620218208
32.264245328903186,28.3504364196153,0.5278057970023609,0.4949860620218208
32.28906465081255,28.638873302378204,0.5280966008467662,0.4949860620218208
32.40635436232619,28.427200521552585,0.5283874046911716,0.4949860620218208
32.212981636154005,28.470244866136728,0.528678208535577,0.4949860620218208
31.90970279999496,28.46056263549009,0.5289690123799824,0.4949860620218208
31.831951539463667,28.48781953682301,0.5292598162243878,0.4949860620218208
31.9296313849132,28.280633069393417,0.5295506200687932,0.4949860620218208
31.921486886122793,28.452737956978854,0.5298414239131986,0.4949860620218208
31.911030616393887,28.42645259550956,0.5301322277576039,0.4949860620218208
31.920504143461656,28.65488980136774,0.5304230316020093,0.4949860620218208
32.06792847937408,28.612879491132716,0.5307138354464147,0.4949860620218208
31.602580864623626,28.491278038543292,0.5310046392908201,0.4949860620218208
31.73494314172641,28.696160119168493,0.5312954431352255,0.4949860620218208
31.439661052337584,28.426662034300588,0.5315862469796309,0.4949860620218208
31.308236338769696,28.648325931757,0.5318770508240362,0.4949860620218208
31.140759980614305,28.54329100265633,0.5321678546684416,0.4949860620218208
31.143076665125186,28.573373979178356,0.532458658512847,0.4949860620218208
30.977362679608532,28.463761220757576,0.5327494623572524,0.4949860620218208
30.952938981192474,28.611537603915554,0.5330402662016578,0.4949860620218208
31.10556231868796,28.612411884292683,0.5333310700460632,0.4949860620218208
31.174677647591444,28.64207652156486,0.5336218738904686,0.4949860620218208
31.446838164228566,28.606048731466753,0.5339126777348739,0.4949860620218208
31.415314418971008,28.646795514219953,0.5342034815792793,0.4949860620218208
31.710883094577994,28.582670173241326,0.5344942854236847,0.4949860620218208
31.822714453288356,28.56979657633466,0.5347850892680901,0.4949860620218208
32.0267520671648,28.5904790277115,0.5350758931124955,0.4949860620218208
32.151598249905376,28.553535748634367,0.5353666969569009,0.4949860620218208
32.2887088659739,28.521125087566062,0.5356575008013063,0.4949860620218208
32.392048534074924,28.57934414515544,0.5359483046457116,0.4949860620218208
32.43866034593645,28.6216374378633,0.536239108490117,0.4949860620218208
32.39568992555653,28.550198081169157,0.5365299123345224,0.4949860620218208
32.58586621133146,28.570035277519256,0.5368207161789278,0.4949860620218208
32.402772105942056,28.413096766910844,0.5371115200233332,0.4949860620218208
32.33427814968445,28.48566763955414,0.5374023238677386,0.4949860620218208
32.31203606345736,28.502876972338154,0.537693127712144,0.4949860620218208
32.45071253422013,28.681888201311498,0.5379839315565493,0.4949860620218208
32.532851857226184,28.554502652651376,0.5382747354009547,0.4949860620218208
32.66981471614599,28.30876979460434,0.5385655392453601,0.4949860620218208
32.56343328313427,28.441073575003397,0.5388563430897655,0.4949860620218208
32.69515974647371,28.493770740492597,0.5391471469341709,0.4949860620218208
32.76403599203088,28.480978628671945,0.5394379507785763,0.4949860620218208
33.16100001670293,28.463777757628215,0.5397287546229816,0.4949860620218208
32.7798286245477,28.14625841658983,0.540019558467387,0.4949860620218208
32.82429429356008,28.47290344350406,0.5403103623117924,0.4949860620218208
33.20440686896038,28.491668872284304,0.5406011661561978,0.4949860620218208
33.262195327438114,28.53225536635997,0.5408919700006032,0.4949860620218208
33.50931533424585,28.544606363319428,0.5411827738450086,0.4949860620218208
32.996691291697026,28.29567829939232,0.541473577689414,0.4949860620218208
33.01538359236067,28.527884519674572,0.5417643815338193,0.4949860620218208
33.148409322959715,28.603779802474765,0.5420551853782247,0.4949860620218208
33.384704408409284,28.657050372148174,0.5423459892226301,0.4949860620218208
33.4874874655989,28.63727236847577,0.5426367930670355,0.4949860620218208
33.34611284890779,28.642799427564277,0.5429275969114409,0.4949860620218208
33.39114276225027,28.717374038412583,0.5432184007558463,0.4949860620218208
33.49678063915143,28.730132300829403,0.5435092046002516,0.4949860620218208
33.768288524679434,28.785914981918864,0.543800008444657,0.4949860620218208
33.97998881164066,28.669570949316153,0.5440908122890624,0.4949860620218208
34.191124408058066,28.63280778153005,0.5443816161334678,0.4949860620218208
34.20450863037137,28.59598557119167,0.5446724199778732,0.4949860620218208
34.262135010504664,28.512709646573654,0.5449632238222786,0.4949860620218208
34.24028162892268,28.595807578160155,0.545254027666684,0.4949860620218208
34.35258086292065,28.54876182337739,0.5455448315110893,0.4949860620218208
34.24504556612082,28.496529310685155,0.5458356353554947,0.4949860620218208
34.23717313068739,28.738486871672325,0.5461264391999001,0.4949860620218208
34.21082565300415,28.61036654381724,0.5464172430443055,0.4949860620218208
34.14001422657114,28.547899861824753,0.5467080468887109,0.4949860620218208
33.98913912066333,28.530282769692185,0.5469988507331163,0.4949860620218208
33.89083082454229,28.700882843787976,0.5472896545775217,0.4949860620218208
34.009364002818465,28.552703441212255,0.547580458421927,0.4949860620218208
33.93756181500219,28.662140677793808,0.5478712622663324,0.4949860620218208
33.78875952444449,28.497505202964682,0.5481620661107378,0.4949860620218208
33.54018535719917,28.49308107846705,0.5484528699551432,0.4949860620218208
33.537190868595346,28.529682532674887,0.5487436737995486,0.4949860620218208
33.3775872148274,28.47545546472576,0.549034477643954,0.4949860620218208
33.32876971187346,28.714911931177298,0.5493252814883594,0.4949860620218208
33.30095363905231,28.607018601012566,0.5496160853327647,0.4949860620218208
33.20877147363251,28.528281647986628,0.5499068891771701,0.4949860620218208
33.16861954175711,28.62092247278724,0.5501976930215755,0.4949860620218208
33.14481088718479,28.614474683530045,0.5504884968659809,0.4949860620218208
33.26345929432273,28.622178495240547,0.5507793007103863,0.4949860620218208
33.32074454576243,28.493710987047333,0.5510701045547917,0.4949860620218208
33.336291853391046,28.639381878966045,0.551360908399197,0.4949860620218208
33.389917937797314,28.595544482317855,0.5516517122436024,0.4949860620218208
33.355307809356475,28.604864302099042,0.5519425160880078,0.4949860620218208
33.44958629936372,28.56076853550172,0.5522333199324132,0.4949860620218208
33.45107818987286,28.54441601291659,0.5525241237768186,0.4949860620218208
33.55619134179272,28.487006572695222,0.552814927621224,0.4949860620218208
33.657215533326884,28.553535748634367,0.5531057314656294,0.4949860620218208
33.70544916350247,28.60168970067663,0.5533965353100347,0.4949860620218208
33.81787691256002,28.584499785258004,0.5536873391544401,0.4949860620218208
33.79056917016034,28.499004294685175,0.5539781429988455,0.4949860620218208
33.70216074814219,28.446316198001938,0.5542689468432509,0.4949860620218208
33.56670498151984,28.638965418219378,0.5545597506876563,0.4949860620218208
33.5991876906813,28.618159727136103,0.5548505545320617,0.4949860620218208
33.59852899419777,28.609006375271036,0.555141358376467,0.4949860620218208
33.44724158946604,28.538282575507406,0.5554321622208724,0.4949860620218208
33.258494604391956,28.602422870961018,0.5557229660652778,0.4949860620218208
33.726218948799186,28.652018209566748,0.5560137699096832,0.4949860620218208
34.0493165058771,28.66828312042751,0.5563045737540886,0.4949860620218208
34.303739961322925,28.64962219445637,0.556595377598494,0.4949860620218208
34.33609300296857,28.36421793896527,0.5568861814428994,0.4949860620218208
34.41311544549715,28.676867222240688,0.5571769852873047,0.4949860620218208
34.8634755241286,28.674730423805904,0.5574677891317101,0.4949860620218208
35.29018596519635,28.633127245039862,0.5577585929761155,0.4949860620218208
35.45619120781953,28.621648768085834,0.5580493968205209,0.4949860620218208
35.456224779838585,28.66740301676779,0.5583402006649263,0.4949860620218208
35.476132572226504,28.5910903216502,0.5586310045093317,0.4949860620218208
35.53479683431968,28.57920271596623,0.5589218083537371,0.4949860620218208
35.6254378690407,28.557682864312824,0.5592126121981424,0.4949860620218208
35.61879100481159,28.494262925615175,0.5595034160425478,0.4949860620218208
35.59056488167796,28.486055526637394,0.5597942198869532,0.4949860620218208
35.708947514290436,28.773413203406406,0.5600850237313586,0.4949860620218208
35.7859167924776,28.53225690566687,0.560375827575764,0.4949860620218208
35.75408165940311,28.576968418208054,0.5606666314201694,0.4949860620218208
35.87895789370514,28.6579281978796,0.5609574352645748,0.4949860620218208
36.03073242300128,28.65138180882964,0.5612482391089801,0.4949860620218208
36.222859632560436,28.636956271877175,0.5615390429533855,0.4949860620218208
36.200348067710095,28.527517282260582,0.5618298467977909,0.4949860620218208
36.22424892166287,28.52685796905868,0.5621206506421963,0.4949860620218208
36.01119683269887,28.4692015911115,0.5624114544866017,0.4949860620218208
36.01131782321821,28.65887649069032,0.5627022583310071,0.4949860620218208
36.14099645947286,28.56824913860671,0.5629930621754125,0.4949860620218208
35.87069608304604,28.521776780402643,0.5632838660198178,0.4949860620218208
35.80270462240339,28.646169996331423,0.5635746698642232,0.4949860620218208
35.738167814812186,28.544068454941797,0.5638654737086286,0.4949860620218208
35.808732008711544,28.614921239462785,0.564156277553034,0.4949860620218208
35.8311105067556,28.591029985196684,0.5644470813974394,0.4949860620218208
35.86554067111141,28.63236961925215,0.5647378852418448,0.4949860620218208
35.882563545482625,28.531584552236758,0.5650286890862501,0.4949860620218208
35.9753905928937,28.63243514859076,0.5653194929306555,0.4949860620218208
35.976196141146055,28.559266746408703,0.5656102967750609,0.4949860620218208
36.16768022705536,28.592168102443516,0.5659011006194663,0.4949860620218208
36.43584073467103,28.572098636383387,0.5661919044638717,0.4949860620218208
36.253124726477544,28.37121644880594,0.5664827083082771,0.4949860620218208
36.147758138717485,28.5123666108271,0.5667735121526825,0.4949860620218208
36.186802202171144,28.593888592408646,0.5670643159970878,0.4949860620218208
36.25327363214234,28.554068213762893,0.5673551198414932,0.4949860620218208
36.28339459381691,28.37146065261332,0.5676459236858986,0.4949860620218208
36.16741553463616,28.62449562632631,0.567936727530304,0.4949860620218208
36.16030890222464,28.635480182043516,0.5682275313747094,0.4949860620218208
36.11896866714242,28.44068731603337,0.5685183352191148,0.4949860620218208
38.66483237336641,40.35739057422819,1.1122665163172194,1.1137205973530593
38.73062413027214,40.571772157533935,1.112847944980723,1.1137205973530593
38.7698458809214,40.6180540998258,1.113947685951475,1.1137205973530593
38.94627245941836,40.63892386388481,1.1139226518254737,1.1137205973530593
38.97268241650687,40.59681001297335,1.114187099153571,1.1137205973530593
39.02578377937766,40.05511661413088,1.1145863901258541,1.1137205973530593
39.04341642946567,40.33509348883963,1.1150290771844205,1.1137205973530593
39.25376182619821,40.37091393672647,1.1154369735355139,1.1137205973530593
39.48886876329832,40.10680753626142,1.1158429205509053,1.1137205973530593
39.46547795582457,39.51998243091221,1.1162528161785743,1.1137205973530593
39.59730455328648,39.37844348317102,1.1166652119572393,1.1137205973530593
39.65649743866187,39.136009749548776,1.117076924798948,1.1137205973530593
39.75211654746649,39.19365638460432,1.1174883006959473,1.1137205973530593
39.912583382204105,39.07187277866545,1.1178997122972165,1.1137205973530593
39.997959877730395,39.39571980308351,1.118311223356409,1.1137205973530593
39.94070613536577,39.00361896958028,1.1187227360910987,1.1137205973530593
39.83346484437357,39.39636096995442,1.1191342351712985,1.1137205973530593
39.84221677727574,39.00581118320159,1.1195457311708066,1.1137205973530593
39.59993522718932,37.88953927920616,1.1199572299079978,1.1137205973530593
39.2844685118777,37.315228838076806,1.1203687294942926,1.1137205973530593
39.16334205043638,37.34159208183599,1.1207802287866133,1.1137205973530593
38.89315894660587,36.092984432782146,1.1211917278639134,1.1137205973530593
38.317740275694526,35.316095984708696,1.1216032269781104,1.1137205973530593
37.332445980717544,34.80263645067875,1.1220147261352842,1.1137205973530593
37.46400550670246,34.861271863188065,1.122426225293632,1.1137205973530593
37.371017275278575,34.39109767814116,1.1228377244438845,1.1137205973530593
36.56301897475176,34.05079007521336,1.1232492235930298,1.1137205973530593
36.274751013406856,33.62332967556091,1.1236607227434765,1.1137205973530593
36.34082132561038,33.93097278806141,1.1240722218943526,1.1137205973530593
36.946928681910215,34.29100161402772,1.1244837210450431,1.1137205973530593
37.0081213767345,34.36019594476336,1.124895220195633,1.1137205973530593
37.21794305006101,34.10703420235714,1.1253067193462423,1.1137205973530593
37.51973658336997,34.48825962495804,1.1257182184968737,1.1137205973530593
37.775322763698064,34.646969153563184,1.1261297176475045,1.1137205973530593
37.73034619295325,34.68564321088792,1.1265412167981312,1.1137205973530593
37.90215433192358,35.037651102043334,1.1269527159487576,1.1137205973530593
38.656100166857385,35.73573158790952,1.1273642150993846,1.1137205973530593
38.99271947498758,35.791641797156565,1.1277757142500118,1.1137205973530593
38.874389514666895,35.43042444274739,1.1281872134006388,1.1137205973530593
38.77213415051133,35.39378376384207,1.1285987125512658,1.1137205973530593
38.691079999634454,35.57894593400047,1.1290102117018928,1.1137205973530593
38.88842264747407,35.31232813478253,1.1294217108525197,1.1137205973530593
39.26815282832058,35.377622116970436,1.1298332100031467,1.1137205973530593
39.406810469572704,35.59331892864646,1.1302447091537737,1.1137205973530593
39.43846600360982,35.54079096319164,1.1306562083044007,1.1137205973530593
39.38556013885993,35.79874625712708,1.1310677074550277,1.1137205973530593
39.85293165678026,35.90979627177231,1.1314792066056547,1.1137205973530593
40.182726715140156,35.916494347553204,1.1318907057562817,1.1137205973530593
40.11776942716037,35.74570346528366,1.1323022049069087,1.1137205973530593
40.00430655613213,35.52293264244074,1.1327137040575357,1.1137205973530593
40.04440287211996,35.816205385983736,1.1331252032081627,1.1137205973530593
40.16850595243497,35.886517242889354,1.1335367023587897,1.1137205973530593
39.90153836021456,35.245721377671515,1.1339482015094167,1.1137205973530593
39.72237793555128,35.50982654696777,1.1343597006600437,1.1137205973530593
39.49751974023897,35.53342224584665,1.1347711998106706,1.1137205973530593
39.06434576880725,35.18655348494165,1.1351826989612976,1.1137205973530593
38.51987869240822,35.05223576616464,1.1355941981119246,1.1137205973530593
38.69592174280443,34.56392999347051,1.1360056972625516,1.1137205973530593
38.49894061257903,35.20334772634507,1.1364171964131786,1.1137205973530593
37.98955079438641,35.04700736068944,1.1368286955638056,1.1137205973530593
38.09417166811875,35.68297182280677,1.1372401947144326,1.1137205973530593
37.51808994739379,35.71450871801377,1.1376516938650596,1.1137205973530593
37.923472897229956,34.962588993712295,1.1380631930156866,1.1137205973530593
37.99817936212046,35.01418281593777,1.1384746921663136,1.1137205973530593
38.053556805498445,34.86697997440611,1.1388861913169406,1.1137205973530593
37.80598473404322,35.144203016122184,1.1392976904675676,1.1137205973530593
37.67169915949659,35.028195456482116,1.1397091896181946,1.1137205973530593
38.1836943600475,35.26179196841376,1.1401206887688216,1.1137205973530593
38.4038972973082,35.59371468187514,1.1405321879194485,1.1137205973530593
38.53811664338216,35.35360764706523,1.1409436870700755,1.1137205973530593
38.317512043555766,35.73104289114107,1.1413551862207025,1.1137205973530593
38.533142723812006,35.97822011229707,1.1417666853713295,1.1137205973530593
39.05135443756453,35.96708655153201,1.1421781845219565,1.1137205973530593
39.06458369883545,35.97044764030149,1.1425896836725835,1.1137205973530593
38.84561384313272,35.65183381866274,1.1430011828232105,1.1137205973530593
38.31458422273258,35.38570012537639,1.1434126819738375,1.1137205973530593
38.04542225652031,35.1975264860789,1.1438241811244645,1.1137205973530593
37.832578465224785,35.11454461113612,1.1442356802750915,1.1137205973530593
37.66136964825857,34.87849735275904,1.1446471794257185,1.1137205973530593
37.74875411005528,35.11982299854642,1.1450586785763455,1.1137205973530593
37.44509284839298,35.220138579731895,1.1454701777269725,1.1137205973530593
37.289107017593615,35.22658509427025,1.1458816768775995,1.1137205973530593
37.398372228503106,35.28767462448847,1.1462931760282264,1.1137205973530593
37.559849496213815,35.276890865325925,1.1467046751788534,1.1137205973530593
37.88237989520458,35.49622840259189,1.1471161743294804,1.1137205973530593
38.22211797393187,35.490171172505335,1.1475276734801074,1.1137205973530593
38.77810229160073,35.61507372778938,1.1479391726307344,1.1137205973530593
39.04761856136303,35.68177866486141,1.1483506717813614,1.1137205973530593
39.59259231422455,35.63425509189425,1.1487621709319884,1.1137205973530593
39.915577427131865,35.63680528377352,1.1491736700826154,1.1137205973530593
40.377072879777415,35.656557436057504,1.1495851692332424,1.1137205973530593
40.41488702914526,35.652051750092284,1.1499966683838694,1.1137205973530593
40.185522401985374,35.57906472996304,1.1504081675344964,1.1137205973530593
40.36045189443116,35.92608619325322,1.1508196666851234,1.1137205973530593
40.512738762240126,35.896524032025106,1.1512311658357504,1.1137205973530593
40.547240646246436,35.821503103664945,1.1516426649863774,1.1137205973530593
40.66059161718331,35.91179885507765,1.1520541641370043,1.1137205973530593
40.6481011595515,35.8161753258024,1.1524656632876313,1.1137205973530593
40.97916859633478,35.89634478609903,1.1528771624382583,1.1137205973530593
41.06918957473098,35.58671891880036,1.1532886615888853,1.1137205973530593
41.19282368755682,35.56533851655324,1.1537001607395123,1.1137205973530593
41.47940405414448,36.015920112450914,1.1541116598901393,1.1137205973530593
41.51599704413185,35.531900248890835,1.1545231590407663,1.1137205973530593
41.57352924491207,35.49881069505782,1.1549346581913933,1.1137205973530593
41.71909092818825,35.67210685473397,1.1553461573420203,1.1137205973530593
41.95252904210844,35.69226375005359,1.1557576564926473,1.1137205973530593
42.10832256390102,35.68294996322904,1.1561691556432743,1.1137205973530593
42.205128643014504,35.917429292360936,1.1565806547939013,1.1137205973530593
42.15140121876121,35.69109348565057,1.1569921539445283,1.1137205973530593
42.28685225476491,35.9355819916044,1.1574036530951552,1.1137205973530593
42.301369786386594,35.93993063204629,1.1578151522457822,1.1137205973530593
42.472965655363126,35.886911402157374,1.1582266513964092,1.1137205973530593
42.485173279993866,35.9817002384095,1.1586381505470362,1.1137205973530593
42.59623256522635,36.01741290905362,1.1590496496976632,1.1137205973530593
42.51316902368105,35.760246386664264,1.1594611488482902,1.1137205973530593
42.43195392914256,35.59751056067149,1.1598726479989172,1.1137205973530593
42.4362395336527,35.62267444578807,1.1602841471495442,1.1137205973530593
42.32655857319713,35.68013392525628,1.1606956463001712,1.1137205973530593
42.24137007180494,35.55832256303515,1.1611071454507982,1.1137205973530593
42.04850704835229,35.54001451306116,1.1615186446014252,1.1137205973530593
41.661928629783944,35.417159684317454,1.1619301437520522,1.1137205973530593
41.47381515759871,35.924758863647476,1.1623416429026792,1.1137205973530593
41.41021408564642,35.55870115077465,1.1627531420533062,1.1137205973530593
41.452584221006596,35.84298285037354,1.1631646412039331,1.1137205973530593
41.472601517386515,35.820366322874726,1.1635761403545601,1.1137205973530593
41.42837066893211,35.93333508033203,1.1639876395051871,1.1137205973530593
41.449183765882104,35.80045050952907,1.1643991386558141,1.1137205973530593
41.48724315598386,35.92934826901204,1.1648106378064411,1.1137205973530593
41.842515133160504,35.929956111412,1.165222136957068,1.1137205973530593
42.04193442167608,35.936051359952245,1.165633636107695,1.1137205973530593
42.237875859820996,35.94581353662486,1.166045135258322,1.1137205973530593
41.97956007248883,35.910720454196884,1.166456634408949,1.1137205973530593
42.20107872929649,35.95227934188293,1.166868133559576,1.1137205973530593
42.47816714730889,35.97080368691758,1.167279632710203,1.1137205973530593
42.53303202986754,35.90414381867722,1.16769113186083,1.1137205973530593
42.62022073067346,35.96954354490911,1.168102631011457,1.1137205973530593
42.52602338971584,35.990349750181785,1.168514130162084,1.1137205973530593
42.64526272296469,35.97105709217067,1.168925629312711,1.1137205973530593
42.650901287516106,35.948440564671856,1.169337128463338,1.1137205973530593
42.59199786540578,35.84110945678893,1.169748627613965,1.1137205973530593
42.68232910822392,35.983157609553565,1.170160126764592,1.1137205973530593
42.96188684837654,35.65829847669601,1.170571625915219,1.1137205973530593
42.90466421974876,35.646973930041,1.170983125065846,1.1137205973530593
42.58371328119539,35.88249935063862,1.171394624216473,1.1137205973530593
42.21880073453493,35.77061255659376,1.1718061233671,1.1137205973530593
42.36111200525771,35.83715166069212,1.172217622517727,1.1137205973530593
42.50879157927036,35.608154217947096,1.172629121668354,1.1137205973530593
43.21775596425443,35.75356531515576,1.173040620818981,1.1137205973530593
43.40540787658841,35.93828327074505,1.173452119969608,1.1137205973530593
43.55812009201275,36.021748909223646,1.173863619120235,1.1137205973530593
43.63043698859123,35.884757614862345,1.174275118270862,1.1137205973530593
44.15135424272662,35.9190467759087,1.174686617421489,1.1137205973530593
44.559507340754706,35.90166106151399,1.175098116572116,1.1137205973530593
44.69952171879041,35.600685499577295,1.175509615722743,1.1137205973530593
44.72648848783813,35.5547786001705,1.17592111487337,1.1137205973530593
44.821565997561876,35.602217797983265,1.176332614023997,1.1137205973530593
44.881414146068536,35.89861300852544,1.176744113174624,1.1137205973530593
45.14296387659213,35.62631952301661,1.177155612325251,1.1137205973530593
45.33096804104152,35.97227364292599,1.177567111475878,1.1137205973530593
45.663033645054576,35.92113889588987,1.1779786106265049,1.1137205973530593
45.73947336407946,35.94685745386253,1.1783901097771319,1.1137205973530593
45.891032244688375,35.95520126489768,1.1788016089277589,1.1137205973530593
46.077347979614345,35.908718085805276,1.1792131080783859,1.1137205973530593
46.50937862644243,36.040916191918505,1.1796246072290129,1.1137205973530593
46.645165556697314,36.03352172186261,1.1800361063796398,1.1137205973530593
46.757698818875234,35.965509649951954,1.1804476055302668,1.1137205973530593
47.07688432206464,36.002304951752635,1.1808591046808938,1.1137205973530593
47.28257287843183,35.93399910167823,1.1812706038315208,1.1137205973530593
47.5355712234257,35.69176025769824,1.1816821029821478,1.1137205973530593
47.68901756665421,35.567006292661034,1.1820936021327748,1.1137205973530593
47.62022227032167,35.52088837500981,1.1825051012834018,1.1137205973530593
47.56721865884013,35.886815928167564,1.1829166004340288,1.1137205973530593
47.39417623060134,35.88718365544723,1.1833280995846558,1.1137205973530593
47.48645610592497,35.892271457539465,1.1837395987352828,1.1137205973530593
47.516736035930194,35.91730953286943,1.1841510978859098,1.1137205973530593
47.63019293002606,35.871340958345506,1.1845625970365368,1.1137205973530593
47.54580224894644,35.85069967085975,1.1849740961871638,1.1137205973530593
47.61022336130913,35.69376223888852,1.1853855953377908,1.1137205973530593
47.044531360914256,35.76050623884655,1.1857970944884177,1.1137205973530593
47.15333478607879,35.6523843675341,1.1862085936390447,1.1137205973530593
46.977295270068744,35.887958331653046,1.1866200927896717,1.1137205973530593
47.446789872640394,35.78508398031053,1.1870315919402987,1.1137205973530593
47.29243185137577,35.87863727973757,1.1874430910909257,1.1137205973530593
46.957445156111866,35.70784968748547,1.1878545902415527,1.1137205973530593
47.13818667666284,35.884803388663705,1.1882660893921797,1.1137205973530593
47.20906932850722,35.90007586485999,1.1886775885428067,1.1137205973530593
47.39377904696146,35.92206917197364,1.1890890876934337,1.1137205973530593
47.47699286132424,36.00641106177332,1.1895005868440607,1.1137205973530593
47.66263555744009,36.055608486156416,1.1899120859946877,1.1137205973530593
47.760067321777136,36.03438779972072,1.1903235851453147,1.1137205973530593
47.695061137082575,36.189904935976614,1.1907350842959417,1.1137205973530593
47.60361406027016,35.791654586023554,1.1911465834465687,1.1137205973530593
47.21114786065533,35.83973382464268,1.1915580825971956,1.1137205973530593
47.03251677122636,35.813545624645734,1.1919695817478226,1.1137205973530593
47.17967879291017,35.819807642963,1.1923810808984496,1.1137205973530593
46.54810911200135,34.67716940950213,1.1927925800490766,1.1137205973530593
45.851957339990285,34.84847369200843,1.1932040791997036,1.1137205973530593
45.97219119383067,34.666501819042935,1.1936155783503306,1.1137205973530593
46.009798680403875,34.67757839273272,1.1940270775009576,1.1137205973530593
46.486700743412456,35.07010208263852,1.1944385766515846,1.1137205973530593
46.13163271617511,34.99472447561083,1.1948500758022116,1.1137205973530593
45.609502075023144,34.60230835667111,1.1952615749528386,1.1137205973530593
45.69702924020515,34.61952733491716,1.1956730741034656,1.1137205973530593
45.650664705540905,34.60650162830807,1.1960845732540926,1.1137205973530593
45.932322183881745,34.6877060553914,1.1964960724047196,1.1137205973530593
45.26152688074179,34.64417803834734,1.1969075715553465,1.1137205973530593
45.183017751703986,34.669519791353316,1.1973190707059735,1.1137205973530593
45.24741960284423,34.80834015853065,1.1977305698566005,1.1137205973530593
44.8378050086906,34.7813760853495,1.1981420690072275,1.1137205973530593
44.97962419286763,34.859625973451706,1.1985535681578545,1.1137205973530593
44.88955099323806,34.77476322625933,1.1989650673084815,1.1137205973530593
45.65154485332618,34.920512006827764,1.1993765664591085,1.1137205973530593
45.062118416238796,34.56073209038235,1.1997880656097355,1.1137205973530593
44.1427547028449,34.46710788632291,1.2001995647603625,1.1137205973530593
44.02113654228779,34.51287180551745,1.2006110639109895,1.1137205973530593
44.82386115936997,35.136578754274616,1.2010225630616165,1.1137205973530593
45.093705073651925,35.24531406170981,1.2014340622122435,1.1137205973530593
44.073545256287694,34.99153504378455,1.2018455613628705,1.1137205973530593
43.00701679599075,34.46225247288602,1.2022570605134975,1.1137205973530593
42.69279149474104,34.56203634103991,1.2026685596641244,1.1137205973530593
42.69875009578794,34.61619395771481,1.2030800588147514,1.1137205973530593
42.70940060780164,34.56286426195361,1.2034915579653784,1.1137205973530593
42.741583695611936,35.0882883466766,1.2039030571160054,1.1137205973530593
41.69683786187429,34.64417803834734,1.2043145562666324,1.1137205973530593
40.84710056803041,34.62916509666897,1.2047260554172594,1.1137205973530593
40.32637064293522,34.67832208767391,1.2051375545678864,1.1137205973530593
40.3164356135298,34.64130481154578,1.2055490537185134,1.1137205973530593
40.441145010970885,34.812250599611374,1.2059605528691404,1.1137205973530593
40.119366915735135,34.79800356235958,1.2063720520197674,1.1137205973530593
40.09953516835275,34.834538577147896,1.2067835511703944,1.1137205973530593
40.20600539866028,34.84490454044796,1.2071950503210214,1.1137205973530593
40.000159777014865,35.066370309262055,1.2076065494716484,1.1137205973530593
40.331656086427316,35.30321774219331,1.2080180486222754,1.1137205973530593
39.872285432709596,34.63905581067858,1.2084295477729023,1.1137205973530593
39.98445013664245,34.674292456377124,1.2088410469235293,1.1137205973530593
39.212242789713045,34.64723172258196,1.2092525460741563,1.1137205973530593
38.97244846973042,34.548014101187384,1.2096640452247833,1.1137205973530593
39.207544671478125,34.644789151668554,1.2100755443754103,1.1137205973530593
38.83245117751162,34.58617548704147,1.2104870435260373,1.1137205973530593
38.696723716963966,34.609692440827686,1.2108985426766643,1.1137205973530593
38.01056712252066,34.65299482750158,1.2113100418272913,1.1137205973530593
37.496390475781226,34.41324516542017,1.2117215409779183,1.1137205973530593
37.51134156782809,34.59997237878019,1.2121330401285453,1.1137205973530593
37.25292849335402,34.8002615310164,1.2125445392791723,1.1137205973530593
36.804569566878655,34.31049396663092,1.2129560384297993,1.1137205973530593
35.82484086031125,33.99315616062915,1.2133675375804263,1.1137205973530593
35.20132901027076,34.09828190967771,1.2137790367310533,1.1137205973530593
35.820379070075404,33.780776622068316,1.2141905358816802,1.1137205973530593
35.99438199047717,34.58021374316267,1.2146020350323072,1.1137205973530593
35.72758643976895,34.42766462736106,1.2150135341829342,1.1137205973530593
35.58678950332201,35.12743839375179,1.2154250333335612,1.1137205973530593
37.059413923447444,37.542555891067806,1.0140241921375455,1.011554333030926
36.73646073557238,35.97303457007376,1.0165509293444173,1.011554333030926
36.51993142427861,36.98149077083392,1.0161997286634457,1.011554333030926
36.773025969536235,37.41346690811158,1.0167714294964385,1.011554333030926
36.973822972307055,38.07470963499591,1.0176058546388997,1.011554333030926
37.193457272778744,38.11548851716825,1.0180992093847736,1.011554333030926
36.49832248005053,37.058363684111924,1.018489702068152,1.011554333030926
36.73994724833763,37.230157495023285,1.0188291026376037,1.011554333030926
36.44186850240546,37.147001471505796,1.0192087827528227,1.011554333030926
36.76755124841768,37.57476983364007,1.0195940561822021,1.011554333030926
37.03904404894923,37.92382070076394,1.0199680626413075,1.011554333030926
37.52189244106736,37.943527777693795,1.020336759956928,1.011554333030926
37.655685825129396,37.79339267318872,1.0207051294490748,1.011554333030926
37.274582093631636,37.48787080362844,1.0210751426870546,1.011554333030926
37.33245701908686,37.60617103909961,1.0214452605422404,1.011554333030926
37.56938808235616,37.754082207775355,1.0218149179569593,1.011554333030926
37.74939652286495,38.42257620602267,1.0221843716503591,1.011554333030926
37.82659775064016,38.3592591012207,1.0225538610621596,1.011554333030926
37.46835627245482,37.98871797824293,1.022923416045673,1.011554333030926
37.838201174643686,38.58008974050581,1.0232929696834383,1.011554333030926
38.378213302995334,39.167456796655976,1.0236625034823366,1.011554333030926
38.68681449036799,39.52696828505161,1.024032030564561,1.011554333030926
38.88471186416324,39.71013884813014,1.0244015605794334,1.011554333030926
39.249428482550464,40.17172687972786,1.0247710931208964,1.011554333030926
39.96232238306329,40.790719080077345,1.0251406253353499,1.011554333030926
39.89385888136994,40.31330423878258,1.0255101567081344,1.011554333030926
39.87202824143799,40.70592557248947,1.0258796878929572,1.011554333030926
40.18167923793046,40.51453078851651,1.0262492192433512,1.011554333030926
40.59173250955362,40.57776669398352,1.0266187506859898,1.011554333030926
40.85347404084993,40.46139338070352,1.0269882821032186,1.011554333030926
40.77127655756496,40.34652759399506,1.0273578134860186,1.011554333030926
40.88788491729512,40.708035788336076,1.0277273448651036,1.011554333030926
40.971538600508474,40.67043965845899,1.0280968762523337,1.011554333030926
41.157993507647696,40.786792669130286,1.0284664076426773,1.011554333030926
41.11221424891848,40.875736192642115,1.028835939031495,1.011554333030926
41.378961879833525,40.757415104835154,1.0292054704189657,1.011554333030926
41.563384001189036,40.83479724632456,1.0295750018064544,1.011554333030926
41.731338160075964,40.80665642605219,1.029944533194313,1.011554333030926
41.82757663657877,40.8464110328953,1.0303140645822642,1.011554333030926
41.710698287435534,40.84052517830006,1.0306835959701348,1.011554333030926
41.86854742517869,41.429370839459914,1.0310531273579555,1.011554333030926
42.072763994306065,41.15764879843501,1.031422658745784,1.011554333030926
42.11515402862986,41.20058916127782,1.0317921901336282,1.011554333030926
42.02578774520589,41.10814962350801,1.0321617215214745,1.011554333030926
41.73933224811509,40.68185989551388,1.032531252909317,1.011554333030926
41.7718672375594,40.90439130708343,1.0329007842971576,1.011554333030926
42.12273172920011,41.27600918507656,1.033270315684999,1.011554333030926
42.468800559772916,41.94747301950186,1.033639847072841,1.011554333030926
42.61748915664248,42.30358497113,1.034009378460683,1.011554333030926
42.5871382206259,42.31329551265184,1.0343789098485248,1.011554333030926
42.89939541435079,42.70615945813328,1.0347484412363666,1.011554333030926
43.461994282705575,43.201774263150675,1.0351179726242083,1.011554333030926
43.672026488841865,43.4437129926259,1.0354875040120501,1.011554333030926
43.83396818304223,43.46692795943873,1.035857035399892,1.011554333030926
44.396010288303856,44.01949863348296,1.0362265667877337,1.011554333030926
44.474732964512384,43.97321628398105,1.0365960981755755,1.011554333030926
44.460622832822196,43.713091076218426,1.0369656295634173,1.011554333030926
44.34782516092052,43.62138228948439,1.037335160951259,1.011554333030926
44.39147366938717,43.80419423071821,1.037704692339101,1.011554333030926
44.920996281047955,44.21404395891796,1.0380742237269427,1.011554333030926
44.849629619114204,43.99064672273194,1.0384437551147845,1.011554333030926
44.9485091035644,44.07115532459661,1.0388132865026263,1.011554333030926
45.041431185313925,44.38630397731178,1.039182817890468,1.011554333030926
45.39503960664369,45.33177687131986,1.0395523492783099,1.011554333030926
45.60553997249757,45.12101438920655,1.0399218806661517,1.011554333030926
45.90675674675669,46.19182204994517,1.0402914120539934,1.011554333030926
46.18771760083793,46.18489904616954,1.0406609434418352,1.011554333030926
46.49011231020515,46.68042656233866,1.041030474829677,1.011554333030926
46.71861391035783,46.86016410773141,1.0414000062175188,1.011554333030926
46.70978770153601,46.97497272716918,1.0417695376053606,1.011554333030926
46.75289289752071,47.098828884397236,1.0421390689932024,1.011554333030926
46.962627939534656,47.29889443978809,1.0425086003810442,1.011554333030926
47.00442002793555,47.266855622064504,1.042878131768886,1.011554333030926
47.15559975554014,47.85191926377395,1.0432476631567278,1.011554333030926
47.26711818038594,47.54911716252282,1.0436171945445696,1.011554333030926
47.35796552560749,47.776854280925946,1.0439867259324114,1.011554333030926
47.726936163891196,47.879324480510896,1.0443562573202532,1.011554333030926
47.92163511869287,48.14210563932147,1.044725788708095,1.011554333030926
48.15471341816662,48.102795803155665,1.0450953200959368,1.011554333030926
48.22166338787065,48.106184456516395,1.0454648514837785,1.011554333030926
48.28293656342036,48.15195508187393,1.0458343828716203,1.011554333030926
48.27646999491405,48.597294499512266,1.0462039142594621,1.011554333030926
48.15788880750119,47.98573174727387,1.046573445647304,1.011554333030926
48.38491058979758,48.691784594727395,1.0469429770351457,1.011554333030926
48.585610959115314,48.359643425043124,1.0473125084229875,1.011554333030926
48.67330893643861,48.05895772176553,1.0476820398108293,1.011554333030926
48.03736485685045,47.4428809107168,1.048051571198671,1.011554333030926
48.32311879587134,47.92068038373757,1.0484211025865129,1.011554333030926
48.158886915487095,47.571920471321526,1.0487906339743547,1.011554333030926
48.108269800867454,47.72622229080497,1.0491601653621965,1.011554333030926
47.10512072768968,45.63693083874875,1.0495296967500383,1.011554333030926
46.46004260334525,44.45469785041658,1.04989922813788,1.011554333030926
46.853491313083914,46.01568760595858,1.0502687595257219,1.011554333030926
46.857438498922924,46.52355341942494,1.0506382909135636,1.011554333030926
46.49641255871409,45.84714244451098,1.0510078223014054,1.011554333030926
45.38611024587646,44.78716314630267,1.0513773536892472,1.011554333030926
45.43917263034895,44.702187237083415,1.051746885077089,1.011554333030926
45.50886315091295,44.81377887831672,1.0521164164649308,1.011554333030926
45.079686313540506,43.99770176116125,1.0524859478527726,1.011554333030926
44.78563949843852,43.80938825400104,1.0528554792406144,1.011554333030926
44.47827961542933,43.49274929230131,1.0532250106284562,1.011554333030926
44.51561364103581,43.42701750441403,1.053594542016298,1.011554333030926
44.238760845930614,43.38729192961075,1.0539640734041398,1.011554333030926
43.810077571250446,42.678955606374146,1.0543336047919816,1.011554333030926
43.333799903577734,41.40712558582008,1.0547031361798234,1.011554333030926
43.512745150843045,41.86131983668233,1.0550726675676652,1.011554333030926
43.7669248395718,42.838923286145416,1.055442198955507,1.011554333030926
44.01003448207986,43.044704366174116,1.0558117303433487,1.011554333030926
44.267568197713274,42.86119537773925,1.0561812617311905,1.011554333030926
44.48273664308253,43.26102385882203,1.0565507931190323,1.011554333030926
45.01493935267134,43.8289889179653,1.0569203245068741,1.011554333030926
45.224435728768995,43.996227615448426,1.057289855894716,1.011554333030926
45.46995281633273,43.91250518434371,1.0576593872825577,1.011554333030926
45.66758413718428,44.05048839552712,1.0580289186703995,1.011554333030926
45.91242391880751,44.66236732296361,1.0583984500582413,1.011554333030926
46.47243418663951,45.61640052865043,1.058767981446083,1.011554333030926
46.695354350721345,45.42457166776115,1.0591375128339249,1.011554333030926
46.90556742350722,45.67174417856355,1.0595070442217667,1.011554333030926
46.880637803144296,46.17867767120454,1.0598765756096085,1.011554333030926
46.965604198266234,45.9333223861958,1.0602461069974503,1.011554333030926
47.013626300402564,45.78154756432748,1.060615638385292,1.011554333030926
46.9803910235083,46.512771153011016,1.0609851697731338,1.011554333030926
47.43051184786854,46.685038141042185,1.0613547011609756,1.011554333030926
47.47984488845823,46.45087987277882,1.0617242325488174,1.011554333030926
47.64157586372438,46.87651574281662,1.0620937639366592,1.011554333030926
47.783436757719976,46.95477001439957,1.062463295324501,1.011554333030926
48.29083119289474,47.18188317784809,1.0628328267123428,1.011554333030926
48.32794740879763,47.4341477042598,1.0632023581001846,1.011554333030926
48.04483227216774,47.06530235871725,1.0635718894880264,1.011554333030926
48.2021400094777,47.17665784396822,1.0639414208758682,1.011554333030926
48.48021763592797,47.370579512686966,1.06431095226371,1.011554333030926
48.60603142391372,47.94348979840349,1.0646804836515518,1.011554333030926
48.68004393849543,47.872237684078144,1.0650500150393936,1.011554333030926
48.62286463937281,47.618879240626384,1.0654195464272354,1.011554333030926
48.71611367734117,47.954840133842545,1.0657890778150771,1.011554333030926
48.79851119915415,47.829734775845075,1.066158609202919,1.011554333030926
48.778812801786735,47.59849389686281,1.0665281405907607,1.011554333030926
48.791689062512944,47.83733560398646,1.0668976719786025,1.011554333030926
48.98270568237836,47.97190382041627,1.0672672033664443,1.011554333030926
49.22242377701468,48.31786558373769,1.067636734754286,1.011554333030926
49.39750876265815,48.12936186122894,1.068006266142128,1.011554333030926
49.352962651619485,48.7737803778724,1.0683757975299697,1.011554333030926
49.304798579178,47.95989422639211,1.0687453289178115,1.011554333030926
49.63285860242971,48.94771858231983,1.0691148603056533,1.011554333030926
49.78918226745907,49.19010624965788,1.069484391693495,1.011554333030926
49.72994562860306,48.73669289864591,1.0698539230813369,1.011554333030926
49.72277572591544,48.376590506064446,1.0702234544691787,1.011554333030926
49.3130940378011,48.34534697924878,1.0705929858570205,1.011554333030926
48.68476708565202,46.27503782078309,1.0709625172448622,1.011554333030926
48.35461576738075,46.33262424509864,1.071332048632704,1.011554333030926
48.83913343623726,46.72208834693132,1.0717015800205458,1.011554333030926
48.96408528368432,47.14054406402573,1.0720711114083876,1.011554333030926
48.70508040864354,46.47771739290542,1.0724406427962294,1.011554333030926
47.98370544151964,45.557825549683095,1.0728101741840712,1.011554333030926
48.4499510139149,45.2522040810358,1.073179705571913,1.011554333030926
48.507045236722654,44.844937551710345,1.0735492369597548,1.011554333030926
48.50253118307555,44.95775491319118,1.0739187683475966,1.011554333030926
48.63715637644956,45.426022345043364,1.0742882997354384,1.011554333030926
49.10599938572407,47.036553668313246,1.0746578311232802,1.011554333030926
49.69557952721643,48.0306493167423,1.075027362511122,1.011554333030926
49.47643736784838,47.43583265577391,1.0753968938989638,1.011554333030926
49.47192717600065,47.39014789151737,1.0757664252868055,1.011554333030926
49.15441120070445,46.247597648499514,1.0761359566746473,1.011554333030926
49.20213781686668,46.20054261352902,1.0765054880624891,1.011554333030926
49.37659615783021,47.00487560239495,1.076875019450331,1.011554333030926
49.50884126933896,47.03897006129254,1.0772445508381727,1.011554333030926
49.75684959873587,47.63599002052488,1.0776140822260145,1.011554333030926
49.37486573098667,47.21297858233678,1.0779836136138563,1.011554333030926
49.458627850137916,47.22025312475617,1.078353145001698,1.011554333030926
49.43626501915659,47.10762954921162,1.07872267638954,1.011554333030926
49.908292212473285,47.94406369827255,1.0790922077773817,1.011554333030926
50.2583202372112,48.3112484390896,1.0794617391652235,1.011554333030926
50.34382718034132,49.05766211370309,1.0798312705530653,1.011554333030926
50.23377070835471,48.8027451594809,1.080200801940907,1.011554333030926
50.79654197740691,49.392984954839065,1.0805703333287489,1.011554333030926
51.341968188271466,49.743441832914066,1.0809398647165906,1.011554333030926
51.128594200799085,49.16414199890963,1.0813093961044324,1.011554333030926
51.09311413793571,49.26982159981868,1.0816789274922742,1.011554333030926
51.43362754739411,49.57138624934415,1.082048458880116,1.011554333030926
51.93170729875008,49.765905192619485,1.0824179902679578,1.011554333030926
52.00678754306219,49.784424708156564,1.0827875216557996,1.011554333030926
51.549181867879454,49.32949122209544,1.0831570530436414,1.011554333030926
51.567333221850724,49.38353950209956,1.0835265844314832,1.011554333030926
51.55751030827118,49.10872144046016,1.083896115819325,1.011554333030926
51.84828280312941,49.33465284334417,1.0842656472071668,1.011554333030926
51.854943740510585,49.466696109747055,1.0846351785950086,1.011554333030926
51.527189704484854,48.82362809598216,1.0850047099828504,1.011554333030926
51.71956227113124,49.33233773615755,1.0853742413706922,1.011554333030926
51.840885386085446,49.10776954298428,1.085743772758534,1.011554333030926
51.809690197081274,48.52093427766297,1.0861133041463757,1.011554333030926
51.7463143285311,48.69513240479097,1.0864828355342175,1.011554333030926
52.057640153203174,48.97535018869023,1.0868523669220593,1.011554333030926
52.57940576750894,49.02423774201442,1.0872218983099011,1.011554333030926
52.40591359452377,48.277843250393516,1.087591429697743,1.011554333030926
52.10223516584254,48.71126626309601,1.0879609610855847,1.011554333030926
52.39263365787652,48.87007053670135,1.0883304924734265,1.011554333030926
53.08320248852039,49.20309045723855,1.0887000238612683,1.011554333030926
53.3689187999358,49.284534368356624,1.08906955524911,1.011554333030926
53.36801662193768,49.39041321860882,1.0894390866369519,1.011554333030926
53.542382910144624,49.91517326244525,1.0898086180247937,1.011554333030926
53.79067841812605,49.93181150325946,1.0901781494126355,1.011554333030926
54.18137732979699,49.89297886234259,1.0905476808004773,1.011554333030926
54.42139253458989,50.00677055255123,1.090917212188319,1.011554333030926
54.55775525595146,49.8512082519874,1.0912867435761608,1.011554333030926
54.61897752497825,50.01494404873065,1.0916562749640026,1.011554333030926
54.995722865821975,49.88365258996499,1.0920258063518444,1.011554333030926
55.30015624845669,49.99128799589026,1.0923953377396862,1.011554333030926
55.896809655789596,50.02532941460161,1.092764869127528,1.011554333030926
55.79801312320983,49.86621955807365,1.0931344005153698,1.011554333030926
55.87424713883856,49.94405664460672,1.0935039319032116,1.011554333030926
56.123323156136735,49.987247355195514,1.0938734632910534,1.011554333030926
56.8110390048358,49.74508320817492,1.0942429946788952,1.011554333030926
57.423491299887914,49.8833613770739,1.094612526066737,1.011554333030926
57.20017367265393,49.87784758948642,1.0949820574545788,1.011554333030926
57.26029131316587,49.84681228064853,1.0953515888424206,1.011554333030926
57.66540086418857,49.97675236810318,1.0957211202302624,1.011554333030926
58.337376905226456,49.73876174131391,1.0960906516181042,1.011554333030926
58.558590133730284,50.052359853729875,1.096460183005946,1.011554333030926
58.83262205848694,50.08587174114399,1.0968297143937877,1.011554333030926
58.99190613317637,50.16622352369179,1.0971992457816295,1.011554333030926
59.37170847909371,49.97307707174172,1.0975687771694713,1.011554333030926
59.5981884216595,49.78276761858803,1.0979383085573131,1.011554333030926
59.999150030487655,49.898795812697635,1.098307839945155,1.011554333030926
60.175615649667655,49.87755157416207,1.0986773713329967,1.011554333030926
60.231938769805964,49.701273768976826,1.0990469027208385,1.011554333030926
59.9792244136849,49.740443894302345,1.0994164341086803,1.011554333030926
60.15732217181308,49.85401780787656,1.099785965496522,1.011554333030926
60.527739302252385,49.773352675671866,1.1001554968843639,1.011554333030926
60.749464420318105,49.53414934492132,1.1005250282722057,1.011554333030926
60.687377133308686,49.84557562240772,1.1008945596600475,1.011554333030926
60.76495383207478,49.99095760813901,1.1012640910478892,1.011554333030926
60.52736837207516,49.758697702509046,1.101633622435731,1.011554333030926
60.620106558959684,49.420998810946905,1.1020031538235728,1.011554333030926
60.335697723972174,49.95687313782622,1.1023726852114146,1.011554333030926
60.69968269755965,49.93433927782278,1.1027422165992564,1.011554333030926
61.02249930248939,49.99955978080892,1.1031117479870982,1.011554333030926
61.01571752397517,49.41351098173852,1.10348127937494,1.011554333030926
60.61643392261176,49.86131158005645,1.1038508107627818,1.011554333030926
60.967107800057406,49.82747333384717,1.1042203421506236,1.011554333030926
61.33408508153023,50.03426335542215,1.1045898735384654,1.011554333030926
61.80551028225004,50.011956514343886,1.1049594049263072,1.011554333030926
61.93825256128477,49.90243845436239,1.105328936314149,1.011554333030926
62.35111352775418,49.890111110921204,1.1056984677019908,1.011554333030926
62.51570625432084,50.094032338627315,1.1060679990898326,1.011554333030926
62.70662601771683,50.10737457743833,1.1064375304776743,1.011554333030926
63.05624679632558,49.98802496424864,1.1068070618655161,1.011554333030926
63.47640076436056,50.089023866251594,1.107176593253358,1.011554333030926
63.79816676372817,49.98095969732154,1.1075461246411997,1.011554333030926
64.03460571357968,50.119148411031055,1.1079156560290415,1.011554333030926
64.37450786168438,49.837146646733565,1.1082851874168833,1.011554333030926
64.33474475363764,49.81024056317594,1.108654718804725,1.011554333030926
64.80860602004407,49.97449393867998,1.109024250192567,1.011554333030926
