return,lag_1,lag_5,ma_20,volatility_10,VIX,NASDAQ,TNX,Adj Close
0.7697247278857239,-0.7451436342481431,-0.745535930734415,-0.7498964003463644,1.7038911532582939,0.5636540764079462,0.10147205311583186,2.5893744049763447,0.7778923511505127
-1.3751188432794377,-0.7443816318219573,-0.7433662225174059,-0.750110013945252,1.7060885975958315,0.39637555773913863,0.15128011454841087,2.5508231046344227,0.7516502141952515
-0.6138362227128948,-0.7456367171119171,-0.7441120523504096,-0.7501774130739184,1.632498761744826,0.3595742921402264,0.16108734707335443,2.536173485501468,0.7408719062805176
1.7365376275630369,-0.7461522123148232,-0.744179853755788,-0.750189977707958,1.3953279442781505,0.23578812025950566,0.22222421632698286,2.441336632232742,0.7746123671531677
1.7299119370554494,-0.7445385039422953,-0.7472084420608999,-0.7499523746896662,1.6250505822923482,0.18337426098397447,0.23701992387411086,2.4737201362946246,0.8097586631774902
2.1522744972874333,-0.7428575585523711,-0.7464400108011807,-0.7496862157377553,1.669948955915907,0.3227730265413141,0.27165754844837886,2.561617483436399,0.8552131652832031
0.22861969519810507,-0.7406836015666045,-0.7477056849477137,-0.7493732207016354,1.4230784236330356,0.1510336452759664,0.3188331364698973,2.536944460036473,0.8613056540489197
-0.8198188310297927,-0.7403922155014325,-0.7482255292612431,-0.7490099658216905,1.428370845419378,0.33503997327052804,0.29016111538331124,2.590916721702308,0.844434916973114
0.2539677746024712,-0.7411990939187934,-0.7465982064143488,-0.7485290513880699,1.4276248482902167,0.3539982138945513,0.3447700693166046,2.580893317435337,0.8509959578514099
-1.6936610750155816,-0.7408852983652066,-0.7449030792873081,-0.7483097269221102,0.9510513801093674,0.5045489232376053,0.3045328559306938,2.553907002774442,0.8153813481330872
2.498031397665052,-0.7425886418406764,-0.7427107811426558,-0.7480287169551839,1.2762190318451156,0.5000880606410651,0.3148396549152552,2.490682679032594,0.8683341145515442
1.0293038949331674,-0.7400560646230591,-0.7424169367224411,-0.7477534182912184,1.0374538820368238,0.33727040456879764,0.3158302910652256,2.5007060832995656,0.8922334313392639
-1.6589673865335604,-0.7389130296258903,-0.743230622581417,-0.747615199034898,1.292780431264198,0.4030666389283133,0.3189000212946259,2.496850842968587,0.8556816577911377
0.2069765367067889,-0.740661194928907,-0.742914179609255,-0.7475900674420795,1.1873592462611393,0.3651501576802656,0.37300940876830146,2.5138133857065568,0.8613056540489197
-1.289591940151652,-0.7403922155014325,-0.7446318937891708,-0.7475912091796053,1.1964280435222139,0.6807489543938572,0.3118012973723725,2.447504796168735,0.834126353263855
0.8530552394191407,-0.7416921226189394,-0.7420779498189254,-0.7474529902138773,0.9149242919518273,0.6651363607172383,0.2985851174450566,2.338789665958013,0.8533386588096619
0.7896166572472945,-0.74077325377385,-0.7409252713068976,-0.747379882542878,0.9597532965829634,0.4454437700672647,0.3736386054256831,2.4043272809608296,0.8716142773628235
-0.4044538268385343,-0.7398991839505693,-0.7426881854654764,-0.7472882122654791,0.918326816801652,0.5000880606410651,0.4036759919734226,2.3418739317539865,0.8637653589248657
-1.695982700335399,-0.740274574952086,-0.7424169367224411,-0.7472813589344002,1.1162851328149201,0.5915338295194141,0.39156199552591764,2.338018691423008,0.8275652527809143
0.9713943731143679,-0.7420059210232434,-0.7437278108476372,-0.7470688880901117,0.9758751770851237,0.5335438919982083,0.3859177442091629,2.3943038766938582,0.8491215109825134
0.4255663560470574,-0.7409749477217348,-0.7428011897242859,-0.7468701236173888,0.47727033028338456,0.3874540452516943,0.43894281320507234,2.39044863636288,0.8594312071800232
5.3207852391763995,-0.7404818648579607,-0.7419197455814529,-0.746320670497019,2.20360038324673,0.1945259920640533,0.4779353588265712,2.3673179296889173,0.977051556110382
-2.554746933849823,-0.734856424750163,-0.7422983036677134,-0.7458968704006718,2.4185899665844044,0.12984497335367273,0.464741401218872,2.3804252320959085,0.9147267937660216
1.8793585430499722,-0.7378372373475522,-0.7440442566945673,-0.7454456562535275,2.5298719826727774,-0.07646524221231717,0.5362567473311194,2.3611493980969707,0.9597132802009584
-0.7601092460276018,-0.735685664193745,-0.7430045853161171,-0.7451223820925663,2.4553868929413185,0.17891339838743436,0.5318216516405657,2.39044863636288,0.9423749446868896
-0.9293326051533088,-0.7365149064880443,-0.7425073424293033,-0.744961316316737,2.5284569963329524,0.4922817638027559,0.5063842852534762,2.370401827828937,0.921286940574646
-0.3304897136151138,-0.7375234845547244,-0.736834441819069,-0.7448310934366874,2.5304227720268275,0.4376374732289551,0.52843492655781,2.364233663892944,0.9147267937660216
0.029432098117321635,-0.7378372373475522,-0.7398404028245525,-0.744655176064658,2.513996780341425,0.25809179512529806,0.5951848923075541,2.338018691423008,0.9166012406349182
1.072755923707264,-0.737747587991024,-0.7376706773589348,-0.7444312818879671,2.3304891935546,0.14991842962683138,0.5959702987998883,2.3734860936249107,0.942843735218048
-1.4361256037424777,-0.7364924855967605,-0.7385069157735686,-0.7442016777159811,2.476499200498193,0.3294641077304884,0.5328881051162871,2.354210259625973,0.9095715284347534
-2.336067720232151,-0.7380837987344601,-0.7395240029739119,-0.7442302358290431,2.753830350746968,0.5034337075884703,0.44337790889562606,2.3048642128261205,0.8566187620162964
0.6361018989680298,-0.7406163759520774,-0.7398404028245525,-0.7442804984334955,1.088750961562246,0.2725893858584175,0.38804607597715524,2.287901670088151,0.8716142773628235
1.7427216182758092,-0.7398991839505693,-0.7397499971176904,-0.7441445629428193,0.9949745937337425,0.09750457035130061,0.448179019262219,2.2586024318222417,0.9114462733268738
1.0589158917716746,-0.7379941351243455,-0.7384843057225489,-0.7439595096364364,0.795929224233869,0.2759350328058226,0.4842042316172571,2.2200511314803197,0.9372197985649108
-0.6790084096832426,-0.7367614621735177,-0.740089044391336,-0.7437447561888736,0.7880194685970622,0.34173105445970187,0.40026268725347836,2.206943461417375,0.9222243428230286
3.7584031786862653,-0.7374786513243086,-0.7426429883615815,-0.7433586531911618,1.6310374274711694,0.20121728595886307,0.44563129567793175,2.180728488947439,1.011729121208191
2.639631230988383,-0.7331978974008054,-0.7419197455814529,-0.7428480383257686,1.8572031814264391,0.17779818273829934,0.5139294163609702,2.1676208188844943,1.081083059310913
-0.8336131813256991,-0.7298808997164355,-0.7399986243106336,-0.7423708356288286,1.953714783889099,0.2636678733709736,0.5477772771253322,2.129069518542572,1.0595275163650513
-0.7801306189892787,-0.730911838809337,-0.7387555515908161,-0.7418533674323564,2.0187164437910483,0.38076275135688414,0.5577808068068897,2.20925638502239,1.0398454666137695
0.19664842568928903,-0.7318531741571863,-0.7394787914961766,-0.7413724531440321,1.8241820543217147,0.5168160826724547,0.5557864625542331,2.225448320881308,1.0464062690734863
-0.17401645084954703,-0.7315393900064687,-0.73516192186828,-0.7409246649359464,1.3191300711059222,0.5536173482713665,0.5001600749679023,2.20617248688237,1.0431267023086548
-0.95029500385885,-0.7316962421717859,-0.7318169394620636,-0.7408218552349164,1.4906250147921134,0.46886287328782805,0.41573203609722137,2.1899809186794057,1.0192270278930664
-2.992539778656055,-0.7328392942732582,-0.7328565763432967,-0.7407533155310938,2.031222851482664,0.6216438012235158,0.33239289088775714,2.125214278211594,0.942843735218048
3.0898035169649685,-0.7364924855967605,-0.7338058535139572,-0.7406105269999309,2.4131732992724118,0.4699780889369627,0.3836778651113301,2.092830774149711,1.0182892084121704
-0.7735120611326145,-0.7328841474586949,-0.7334894220408675,-0.7404711657154924,2.422766740879142,0.4610565764495188,0.22789090782923282,2.0643028780747605,0.99954491853714
-1.8175427725458217,-0.7337806324718249,-0.7336475975306591,-0.7403900602152604,1.8848009049908214,0.8056503419237133,0.19452039120487197,1.952503482068065,0.9545587301254272
0.893200093752236,-0.7359321913720457,-0.7348002932912955,-0.7402369883456665,1.4493259252522999,0.9495097573719572,0.2035914549260438,1.984115643938989,0.9775212407112122
-1.6127648116883728,-0.7348339610981202,-0.7384843057225489,-0.7401832989303784,1.5249802406266748,0.8089957761654829,0.24746964287503037,2.00955964187392,0.9386261701583862
2.0065567830585676,-0.7366941994996662,-0.7348455248924074,-0.7400736379324161,1.8439334423445934,0.5012032762902006,0.32728851121816027,1.958671646004058,0.9878298044204712
-2.0619512355200738,-0.7343409323979742,-0.735749573336724,-0.7400062406926005,1.9952905929538558,0.6796337387447222,0.21206011949290107,1.914722788605194,0.9372197985649108
-1.7976399310780984,-0.7367614621735177,-0.7379192844285013,-0.739911427367841,2.0761245953068337,0.8201477199511968,0.1530291418217697,1.9802604036080107,0.8955138921737671
-3.3989379326407128,-0.7387561346998142,-0.7368117886465279,-0.7400393667728391,2.434397071663178,1.0130755604332025,0.02529851665334962,2.050424233476811,0.8191298842430115
1.588200420296451,-0.7424093602319237,-0.7386877214377566,-0.7401810137117724,2.3968409285071,1.0599135541686944,-0.01613009628965667,2.0087886673389153,0.8533386588096619
-0.7191828398292132,-0.74077325377385,-0.7363146003803077,-0.7404208993333388,1.6782551484117267,1.5160265447943961,-0.17474593307236774,1.9864289351999576,0.8388118743896484
4.159139887931205,-0.7414680277347915,-0.7387555515908161,-0.740404906144909,2.7871367925271064,1.009730126191433,-0.07753472270807808,2.068929092940744,0.92878520488739
0.8995876545841534,-0.7371648643228736,-0.7407670526955846,-0.7405522636603219,2.709719996274723,0.6941313294778416,0.035980371747911875,2.110564659078639,0.9512788653373718
-1.829881435072539,-0.7360890577909491,-0.7444510996240552,-0.7409737778115821,2.7894913636324548,0.7944983981379989,-0.0029095590447688656,2.055821422877799,0.9081659317016602
-0.7801100523795365,-0.7381510243489872,-0.7428011897242859,-0.7413838697928095,2.718023114835525,0.6640211450681036,-0.03080979025643294,2.0658448271447702,0.8912960886955261
0.4855808986454254,-0.7389578600055889,-0.7435018253281628,-0.7417162816316787,2.5052545184775723,0.8335300950351813,-0.10282470282829823,2.0650738526097654,0.9034806489944458
2.4937439614046437,-0.7383751078302658,-0.7391623571483188,-0.7419218991448882,2.646750244566757,0.5959944794103184,-0.0007588960242205983,2.1653078952794793,0.9620561003684998
-2.1923050424506996,-0.7355736139009539,-0.7380774742921333,-0.7422474620115642,2.7214257631949015,0.7889223198923234,-0.036962649466767125,2.1753312995464507,0.9095715284347534
1.708317073922343,-0.7380837987344601,-0.7401568371724103,-0.7424153834432116,2.144733892932813,0.7019376263161509,0.027261815018306386,2.256289508217227,0.9503408670425416
-0.8832244239496098,-0.7361339195285377,-0.7409704799098649,-0.7424462266295834,2.1716526363160886,0.703052841965286,0.0659151434668332,2.2400979400142624,0.9301909804344176
0.028094936241541486,-0.7370976301561948,-0.7403828111928122,-0.7426564113834886,2.115984892204684,0.6673665793098728,0.10938298103348654,2.2717101018851866,0.9320654273033142
-2.08360186159467,-0.7370079807996666,-0.7375576817244296,-0.7429385629426444,1.4392294508041295,0.9595464855085365,0.032357262186880856,2.3156585916280967,0.8837983012199402
-0.9875046421883441,-0.7393164574317016,-0.740089044391336,-0.7431624563928544,1.3742866497074278,1.3086009008736352,-0.002507923297579408,2.3858224214968975,0.8627112507820129
-1.5434374911369932,-0.7403249898869055,-0.7381227145175495,-0.7435222876584798,1.3252500366718851,1.2126946948100181,0.0032612741005493863,2.418976900093784,0.8299081921577454
0.8133917349986205,-0.7418938650290177,-0.7390945557429404,-0.7437427537166693,1.3907794033214118,0.8513731200100699,0.04635427342308042,2.466009655632668,0.8481847047805786
-1.0919273368770974,-0.741019752444978,-0.7390041500360782,-0.7441379942469927,1.392463577275311,0.9260908668570293,-0.019431962612699697,2.5068742472355585,0.8256908655166626
-1.7217248701689432,-0.7420955675290543,-0.7413321027373132,-0.7444955385504577,0.8014347346353325,1.0074996948931632,-0.05707689884215063,2.4791173256956127,0.7905449271202087
-2.331102155936256,-0.7437764958146748,-0.742349143941367,-0.7448633635770221,0.8340941683070681,1.1123276261498607,-0.1464397087959423,2.4120373939668327,0.7446215748786926
1.3322762581416479,-0.7459728765424425,-0.7439312553105258,-0.7449810206606625,0.6882745102248246,0.8770224418232682,-0.09519482189403079,2.38890668729287,0.7708635926246643
1.786287960760918,-0.744717796953917,-0.7430497680461715,-0.7450941080335719,1.1676890703229734,0.6863248199338964,-0.08204116947387159,2.45907051716167,0.8069469928741455
-2.467138368708034,-0.7429920325871634,-0.7441346595266612,-0.7452928698909632,1.3429035150466542,0.5536173482713665,-0.046975220582286245,2.429000304360756,0.7572740912437439
1.7706221788394847,-0.7453677433858773,-0.7458297694050935,-0.7456252847810525,1.5783393657814815,0.495627410750161,0.0020699834763931863,2.3850514469618926,0.7924191355705261
-1.6525693420579137,-0.7436868578610156,-0.7480446804755337,-0.7460913500885084,1.646248222723602,0.4554804982038437,-0.03032787093298131,2.4320842025007754,0.7600855827331543
-0.2929686757670553,-0.7452332779032368,-0.7467790120785369,-0.746463742646361,1.5749729910775414,0.4532500669055736,-0.07773548611520316,2.4960798684335823,0.7553998827934265
-2.6807095167181476,-0.7454573813395364,-0.7450386878476012,-0.7469183827325636,1.7310897179346665,0.6182983669817471,-0.14390985021369987,2.4690939214286414,0.7047897577285767
-1.7473782236585278,-0.7478779168165144,-0.7474344419542146,-0.7474769768726537,1.7806412096175057,0.6807489543938572,-0.15559552234388752,2.3989300915598415,0.674329400062561
-1.8512129847313012,-0.7493347473672699,-0.7457393751973037,-0.7482537499634767,1.7952088368551857,0.6662515763663737,-0.24468164263186384,2.418976900093784,0.6434016227722168
0.8066219552325393,-0.7508139332428122,-0.7472988420182258,-0.7488683139426866,1.7569704789661644,0.4933969794518909,-0.19735877727641538,2.429000304360756,0.6574598550796509
-0.2398456936868842,-0.7501415687702854,-0.7475248361620044,-0.7495899708095546,1.5453625254906393,0.5223919482124935,-0.2264770966153028,2.361920740287929,0.6542966365814209
-0.4515921879726094,-0.7502928563355026,-0.7499657931220488,-0.7502787871032135,1.118553268214463,0.5101247887776441,-0.22658417769463213,2.321827123220044,0.6476188898086548
0.4886317466220574,-0.7506122335934928,-0.7514349146062387,-0.7509504684709167,1.0076725852546458,0.41533379836316225,-0.11308705717362624,2.358065499956951,0.6565225720405579
-1.6479254459826944,-0.7501863962992668,-0.7529265800217823,-0.7515696027420425,0.5497258643287946,0.41867923260493184,-0.13922039610988673,2.294840808559149,0.6298117637634277
2.3437684736997224,-0.751463896779076,-0.7522485429698528,-0.7520436636992879,1.2218724302443045,0.27481981715668713,-0.05819683839106704,2.225448320881308,0.6682379245758057
1.4628960039169945,-0.7496260849702484,-0.7524011069123346,-0.752374933655335,1.4600265411057243,0.1766829670891643,0.04481929937544097,2.1892095764884467,0.6940118074417114
-0.5810817460076156,-0.7483933949151169,-0.7527231786804148,-0.7527736030306408,1.0646052254076452,0.3138513013482339,0.0485584225168237,2.1529711997515393,0.6846391558647156
0.6206468226594903,-0.7488416616527787,-0.7522937486980519,-0.753088881832405,0.8705099465778976,0.35176778259628116,0.01938215085423006,2.1730180082854824,0.6963545083999634
1.5074011709518182,-0.7482813503237603,-0.7535820271460685,-0.7532510902175371,0.6280729138459683,0.28820197953503607,0.05636673560566024,2.162994604018511,0.7240024209022522
-0.7623419261038258,-0.7469590308671215,-0.7517287101553957,-0.7533333377458872,0.7170237710845384,0.32054259524304407,0.050253963716987496,2.156055465547513,0.7108812928199768
0.33713619673942546,-0.7475865763628187,-0.7504856201869696,-0.7534624185978187,0.6922005957011627,0.25028549828698915,0.07224218644710391,2.1622236294835058,0.7179109454154968
-1.9213224571227046,-0.7472503684701,-0.7509376688446567,-0.7537628487093067,1.0285919542241935,0.2703589545601474,0.024531084095999543,2.1329243912175966,0.6837019920349121
1.3748288447185097,-0.7488864834803255,-0.7503726303020006,-0.7538816502911008,1.1193141625476821,0.197871639011458,0.061631791360720736,2.1529711997515393,0.708538293838501
-1.738344065925185,-0.7476986352077616,-0.7490391547500891,-0.7541603732958665,1.1446092089864082,0.1766829670891643,0.03769366901718114,2.106709418747661,0.6780790090560913
0.7898917325245273,-0.7491554144456064,-0.7496719946981236,-0.7543248661731238,0.8210554939087595,0.08746784221472127,0.05925803368049143,2.103625520607642,0.6926059126853943
-0.5555942753346415,-0.7484606347832303,-0.7493329502992462,-0.754499641662331,0.6715864010441925,0.06739438594156262,0.06587058989466058,2.0511952080118157,0.6837019920349121
2.289515846010067,-0.7488864834803255,-0.7509828688233197,-0.7544516651482617,1.037874792361218,0.08189176396904614,0.12354949192323283,2.06738677621478,0.7244710922241211
1.8277688442472453,-0.7469366156772721,-0.7497849989569332,-0.7542449044445645,1.2054090611441914,0.10977151708051408,0.13404833967977547,2.086662610213718,0.7591485381126404
3.8256207908384408,-0.7452780940293491,-0.7512540686952974,-0.7537799813105232,1.850392694185074,0.07966154537641161,0.15664778513228952,2.149116327076515,0.834126353263855
-1.3740973187764682,-0.7416921226189394,-0.7505534273418843,-0.7534178684586966,1.957998868808314,0.23467290461037024,0.09990592424755336,2.1622236294835058,0.8060088753700256
-1.5571168537858384,-0.7430369000261864,-0.7509828688233197,-0.7531234367554571,2.1595440955006966,0.2725893858584175,0.05907960152592231,2.211569676283358,0.7750809192657471
1.8000097948973668,-0.7445160944538805,-0.7490165504486055,-0.7527236259332178,1.9443846852576654,0.28485654529326687,0.08887613734487526,2.148344984885556,0.8116326928138733
-1.7733282773615053,-0.7427679291508638,-0.7473440362473526,-0.752432335824377,2.1817607033573982,0.2123690170389415,0.06515664341050552,2.1352376824785653,0.7760180830955505
1.9873799224567803,-0.7444712726263336,-0.7437278108476372,-0.751977694721101,2.0191659881195374,0.04397549542663479,0.10146758686532066,2.155284491012508,0.8163185119628906
-2.34922935247698,-0.7425438200131297,-0.7450839338225537,-0.7517332382264339,2.4486215758708085,-0.021820738932880408,0.073308530989886,2.098999305741658,0.7685209512710571
0.8105818034867976,-0.7448298386945564,-0.7465756078624014,-0.751510487385527,2.4020511495354597,-0.03966376390776901,0.11296589433991681,2.0889759014746865,0.7853905558586121
0.6515864029827471,-0.7440230144408236,-0.7448126937038226,-0.7512306193014228,2.2389859156108733,-0.0073233609053972816,0.12448642413412964,2.0596766632087773,0.7994490265846252
-1.2934202121523708,-0.7433506385654278,-0.7465304078837385,-0.7510409952672354,2.2268519590845486,0.14099691713938708,0.06700392819511057,2.0565923974128038,0.7741436958312988
0.09154549152941419,-0.7445609191321445,-0.7445866938105079,-0.7509119142700077,1.3363831123492598,0.11646281097532424,0.11049398808138056,2.098999305741658,0.7769551277160645
1.937583352365428,-0.7444264565002213,-0.7468919990887378,-0.7506548935771895,1.514004889941566,-0.07535002656318254,0.13843877286521727,2.0727843332717217,0.8163185119628906
1.8867395478172686,-0.7425438200131297,-0.7460783678503556,-0.7503167702900634,1.4976283435032987,0.048436145317538586,0.11929282838724822,2.0951440654106794,0.8566187620162964
-0.17981564981442683,-0.7406163759520774,-0.7454003192993539,-0.7499021100510669,1.3617372105251864,0.023902039153475736,0.10864223704626431,2.112106608148649,0.8538074493408203
1.2846239221226219,-0.7407508328825662,-0.7466208107158325,-0.7494771699607482,1.1210662247707077,0.014980526666031831,0.17252312704079387,2.1344667079435604,0.8828608393669128
-1.6343278570512771,-0.7393612935128347,-0.7464852136546117,-0.7490647943591731,1.1851923271199512,0.014980526666031831,0.20610780582381338,2.068929092940744,0.8472472429275513
0.7739508785064083,-0.7410645885261111,-0.7445866938105079,-0.748644422962512,0.6729359409142331,-0.06419808277746779,0.2379301675148798,2.147574010350551,0.8650542497634888
0.3742554805515784,-0.7402129310419625,-0.7426429883615815,-0.7481795002643593,0.6593195051047908,-0.04970049204434834,0.2506419879332488,2.187667627418437,0.874426543712616
-0.7662131228529943,-0.7397646814086044,-0.7427785796732661,-0.7478527995831546,0.7494581607619817,-0.016244873392841187,0.20713852929544524,2.1838123870874586,0.8584930300712585
-3.1790348977095673,-0.7405267351477011,-0.7413773170898166,-0.7477774075653265,1.4050864007720878,-0.02739681717855515,0.15290866199090677,2.1907518932144106,0.790076494216919
1.7648718882088361,-0.743798899601655,-0.7430949823986749,-0.7477956856817699,1.5708081297576744,-0.10657521391641923,0.2104359293679771,2.085120661143708,0.8266281485557556
-1.1635545851795532,-0.7420507400000729,-0.7422361396825574,-0.7478025388675527,1.4482060255176707,-0.10657521391641923,0.17022976186976604,2.0750972568767367,0.8031975030899048
-3.6233893066873546,-0.7431713598073924,-0.7417841082734788,-0.7479122001561074,1.7874117576233166,0.0027133672311824447,0.1198639637879844,2.0943730908756746,0.7300947308540344
1.0574698403140115,-0.7466676533541013,-0.7425525912790237,-0.7480607015884891,1.928273804851424,-0.05639178593915811,0.14128105111736464,2.091288825079701,0.7507131695747375
-0.05099993124842824,-0.7456815332380294,-0.7458523622075047,-0.7481223865082708,1.7476875765139535,-0.02516638588028549,0.12260798452888554,2.091288825079701,0.7507131695747375
1.4680524316423598,-0.7456815332380294,-0.7440894537984621,-0.748211487512996,1.8911652584953638,-0.03297268271859476,0.057691904812212924,2.0750972568767367,0.7797667384147644
-2.8343864766495623,-0.7442919853161464,-0.7452195280090063,-0.7483188663435724,2.0925528654736256,0.10531086718960989,-0.02227859818241896,2.0943730908756746,0.7244710922241211
1.9800845157406277,-0.7469366156772721,-0.7487453189541787,-0.7483759824244001,2.3841357559467364,0.09415892340389552,0.024120624780726997,2.097456989015695,0.7619599103927612
-1.2097052575811469,-0.7451436342481431,-0.7477508791768405,-0.7485222000911378,2.402750143003034,0.07297025148160184,-0.012230405995749592,2.0681581184057385,0.7394663691520691
-1.6926544223769147,-0.7462194350786331,-0.7477508791768405,-0.7486821241294411,2.1134281159216157,0.011634879718626747,-0.024304315121593124,2.0511952080118157,0.708538293838501
0.572032496764497,-0.7476986352077616,-0.7463496079690867,-0.7488214857044722,1.9000608796037755,0.01051966406949172,0.020948170789569263,2.031919374012878,0.7197850346565247
-0.5620784393819659,-0.7471607362178753,-0.7490165504486055,-0.7490796484254085,1.8770407398413533,-0.14226126386619645,0.03320955350394359,1.9987652630719437,0.7104128003120422
0.41505872157321033,-0.7476089830005161,-0.7472084420608999,-0.7494154870751134,1.2197217571181063,-0.09653848577983991,0.06695479943948744,2.035003639808851,0.7188481688499451
-1.0233504528962933,-0.7472055437918358,-0.7482933191675492,-0.7497878823935937,1.159638027738245,-0.12330302324217282,0.060511851811804324,2.0087886673389153,0.7010402679443359
0.5787028587091647,-0.7480572440367435,-0.7497849989569332,-0.7502036840795236,1.2060118116951115,-0.07981067645408634,0.0627204671560588,2.004933427007937,0.7122871279716492
0.0006459075212100569,-0.7475193393454226,-0.7492425618409926,-0.7505303870854674,0.9857928339397131,-0.07869546080495131,0.02099729954519238,1.882339652199265,0.7132243514060974
0.052182255927389114,-0.7474745146671584,-0.7496945903753031,-0.7508959271840182,0.4198125041156295,-0.15006777341014166,0.03415095196535159,1.9108679159301702,0.7150992751121521
-0.5654338756517938,-0.7473848425048921,-0.7492877474458151,-0.7513071604668828,-0.10256730634773721,-0.22478552025710116,0.06102045970538381,1.8985312204022295,0.7057269215583801
-0.363785296211911,-0.7478330949889676,-0.7501466332834539,-0.751693262302225,-0.2141338327624955,-0.21363357647138678,0.061899439592574414,1.920891320197141,0.7001030445098877
1.4727847582967806,-0.7481020687150075,-0.7496041904179771,-0.7518463334453379,-0.2225154429187754,-0.20917271387484668,0.06615610312855902,1.933998622604132,0.7272823452949524
2.326319797764444,-0.7468021615975007,-0.7495589875645461,-0.7519811267625998,0.31994039612434466,-0.26939308269432266,0.10170408027653528,1.9239752183371606,0.7713320851325989
-1.1479156691296597,-0.7446953903162196,-0.7494685588595392,-0.7521113502238342,0.44217666542065975,-0.31734629207894927,0.09700569367169978,1.8946759800712512,0.7497761249542236
0.3415176991835789,-0.7457263493641417,-0.7499205931433859,-0.7520450960292102,0.4392589064649842,-0.2838904607218062,0.10718318925731515,1.8985312204022295,0.7572740912437439
0.8719555595402199,-0.7453677433858773,-0.7501918361368849,-0.7519856956015537,0.31283362100654766,-0.2705082983434577,0.10944093335719274,1.8915920819312315,0.7750809192657471
1.9423919078357892,-0.7445160944538805,-0.748880962011689,-0.7518303404022043,0.5327355889669626,-0.28054502648003704,0.13299975120609886,1.8630638182003272,0.8144443035125732
1.2475775004043432,-0.7426334579667887,-0.7467564164013575,-0.7516801246199794,0.5483495149996587,-0.31846129502244835,0.15186018245016944,1.8561246797293292,0.841389536857605
0.44085386319282743,-0.741344745615979,-0.7477960734059673,-0.7513694149477615,0.5205932330580355,-0.3753360168945193,0.1471305320917556,1.8599799200603075,0.8519330620765686
0.8125909522510679,-0.740840479388377,-0.7474344419542146,-0.7511043984598575,0.36198999806509224,-0.37422080124538426,0.15958374571223263,1.8946759800712512,0.8706772327423096
0.7095329991258769,-0.7399440000766816,-0.7465756078624014,-0.7507434256020025,0.21199389741931707,-0.33518931705383787,0.16475054395604688,1.9270594841331339,0.8875477313995361
0.15621929502421744,-0.7391371330621899,-0.7446770880182976,-0.7502956382656939,0.21806704072268154,-0.24597397947375893,0.17440614182948846,1.920891320197141,0.8922334313392639
0.8973158647338539,-0.7389130296258903,-0.743377503107387,-0.7498227184647897,-0.08839170547360839,-0.34076518259387706,0.22015841206614725,1.8661480839963005,0.913790225982666
1.5592765931661134,-0.7378820306679263,-0.7428689825053602,-0.7492355675193033,-0.5499091322680673,-0.26381700444864753,0.23264278050726334,1.8245125178584052,0.9512788653373718
-0.6697565076682789,-0.7360890577909491,-0.7419649398105796,-0.7487055348340876,-0.21964327430170394,-0.008438576554531913,0.19197266762058474,1.8306806817943981,0.9362826943397522
-2.5655505817937634,-0.7368062811503472,-0.7411512654506762,-0.7482783082174971,0.8200741531282615,0.09973500164957066,0.1340394071787531,1.8530404139333558,0.8763008117675781
2.3418286544914024,-0.739675040604228,-0.7409252713068976,-0.7477482734981347,0.9251696875814956,-0.05304613899175343,0.17196996557504177,1.8815686776642602,0.9297224879264832
-2.0293881584010864,-0.7371200367938923,-0.7398855740555346,-0.747334756449626,1.2661658741681237,-0.16010450154672098,0.11845393582171906,1.8622928436653223,0.8828608393669128
-0.34264907456787036,-0.7393612935128347,-0.7380774742921333,-0.7469418009926125,1.2743528314800854,-0.16679558273589482,0.08183972306389999,1.8885078161352582,0.8763008117675781
-0.5127743840665081,-0.739675040604228,-0.7388007486947109,-0.7465511298824278,1.2510518918407239,-0.14560691081360153,0.06094017612912164,1.8977602458672247,0.8659913539886475
0.11889546991311009,-0.740168112065133,-0.7416937111909211,-0.7461376122527345,1.211293571709136,-0.17571709522333953,0.08074200583460024,1.8653771094612956,0.8697397708892822
-0.8228647892219709,-0.7399888361578147,-0.7391171514201197,-0.7458320411258639,1.2355644059072357,-0.1824081764125134,0.08965250240324772,1.900844511663198,0.8526363372802734
-1.1727818619012131,-0.7408068437753754,-0.7413773170898166,-0.7456932502742996,1.1872889010829661,-0.1534132076519108,0.05456857957667831,1.946335318132072,0.8282680511474609
3.801880245615072,-0.7419723082159798,-0.7416937111909211,-0.745303722499899,2.0010714311063613,0.03951463283009468,0.006063356098096015,1.9756341887420275,0.9095715284347534
-0.5160693561265524,-0.7380837987344601,-0.7421909425786626,-0.7449587435569547,1.994170449147733,-0.03966376390776901,0.06813715756262126,1.959442620539063,0.8987942934036255
0.6754907338723622,-0.7385992426244553,-0.7420101541630831,-0.7446166192484174,1.6487738884159164,0.0038285828803174726,0.08232599970492352,1.9918261246009457,0.9154300689697266
-2.853914530386166,-0.7378036017345505,-0.7428350631166784,-0.7445298033170019,1.7410751386721723,0.03170833599178541,0.05173087650798144,1.9756341887420275,0.8500586748123169
-3.166807094836991,-0.7409301258941879,-0.7440103603040301,-0.7446731634434087,2.0177970264869134,0.09415892340389552,0.04052701476830612,1.9432510523360984,0.7825791239738464
0.9361133600784874,-0.7441574770727469,-0.740089044391336,-0.7447942493720316,2.1143907328691367,0.16887667025085504,0.012622317306130847,1.946335318132072,0.802260160446167
-1.564160307156723,-0.743216190187091,-0.7406088369590399,-0.7450364196310193,2.1836099234536617,0.2212905295263858,-0.010633013373892742,1.9201199780061822,0.7713320851325989
-1.9586740685683606,-0.7446953903162196,-0.7398064834358707,-0.7454110990057362,2.259633656743615,0.197871639011458,-0.02526804483555709,1.9363119138651006,0.7338435649871826
3.6083611154024138,-0.7464883574917622,-0.7429593853374541,-0.7456304237622884,3.0065147036577393,-0.047470273451714604,0.02917598462764003,1.9301433822731537,0.802260160446167
-20.410021385938002,-0.743216190187091,-0.7462139649115764,-0.7469166728142546,11.23182537712875,0.0752006827798719,-0.01789698856506025,1.9039284098032185,0.3861341774463653
-2.33737416666216,-0.7631182888966421,-0.7452647366119736,-0.7483491359005534,10.626829984538912,0.14880321397769636,-0.06426505670756716,1.9363119138651006,0.3636416494846344
-3.1869886855537635,-0.7641940412649385,-0.7467564164013575,-0.7498158664413763,10.53834626453049,0.21794509528461664,-0.11471560461612215,1.9725502906020078,0.3345879912376404
2.257806583232007,-0.7655835934628975,-0.7485645104152227,-0.7510884051261315,10.759435213872509,0.18337426098397447,-0.08470044038799934,1.9918261246009457,0.3542691469192505
-2.6469546233808003,-0.7646423008758071,-0.7452647366119736,-0.7525482839341336,10.760128604738854,0.12649953911190356,-0.10745609567546584,1.9625268863350365,0.3308385610580444
0.17137385377051678,-0.7657629178324092,-0.7653347446026111,-0.753889360651805,10.883334467455366,0.3138513013482339,-0.15702330637925832,1.933227648069127,0.3327129185199737
-0.8249252922194744,-0.765673272751957,-0.766419572838203,-0.7552304379506612,10.737141030471566,0.4599413608003838,-0.15945501638319384,1.933227648069127,0.3261526525020599
-1.630045243707964,-0.7659870312462193,-0.7678208483581089,-0.7565783689438369,10.734872401003951,0.5536173482713665,-0.21077572061085637,1.9170360798661625,0.3130316138267517
-2.4013968170006903,-0.7666145724658406,-0.7668716143089698,-0.7579811310171785,10.727384044180036,0.7443147574551023,-0.24292368285748264,1.8977602458672247,0.2942867577075958
0.6990645156651826,-0.7675110845607847,-0.7680016856447459,-0.7593284919407204,10.257217698046441,1.1836997260494155,-0.28478072905074553,1.8553537051943243,0.2999104559421539
3.9967064146510967,-0.7672421193868965,-0.767911284250036,-0.7605410587478713,2.809043805818927,0.8591794168483792,-0.17676271751051953,1.8553537051943243,0.3308385610580444
-1.0516695887164607,-0.7657629178324092,-0.7682276898502127,-0.7619723767548318,2.674540242181884,0.7688490763248012,-0.18858226822310367,1.8746291715373085,0.3224040567874908
-2.561242862397436,-0.7661663157056894,-0.7688605254860953,-0.7634276858521027,2.5331328433835747,0.885943954310712,-0.22263546757804123,1.8168020371964484,0.3017849922180176
-0.05099993124842824,-0.7671524657542924,-0.7697646012407087,-0.7649235474088973,2.165322979961271,0.984080591672599,-0.24155385114581804,1.8106338732604554,0.3017849922180176
-2.3670068480171866,-0.7671524657542924,-0.7694933668715139,-0.7663034628174339,2.1102393311375365,0.5792666700845648,-0.13132722426133753,1.8067786329294777,0.2839780151844024
1.1147825680449674,-0.7680041218130824,-0.7680016856447459,-0.7674983253554764,2.226870255893958,0.4844754669644466,-0.10253025709337739,1.794442305057491,0.2924124300479889
1.7102566825016277,-0.7676007282158782,-0.7684084868900966,-0.7687091787572093,2.4334510883420912,0.5346591076473433,-0.1089776709715717,1.7528063712636417,0.3055335581302643
-2.940545318463074,-0.766973182720181,-0.7694029568524997,-0.7698994694777258,2.67453130975817,0.4889363295609867,-0.13079628511520208,1.7844189007905196,0.2830408811569214
-0.8308909908788329,-0.7680489422152706,-0.7694029568524997,-0.7710120848506585,2.4832133064406086,0.753236269942547,-0.21567040437230575,1.832993605399413,0.2774170041084289
-0.05099993124842824,-0.7683179159413105,-0.7702617981312331,-0.7722914770117889,2.440877630011976,0.9729288605925209,-0.19665833847673317,1.8229702011324416,0.2774170041084289
0.08160007474409739,-0.7683179159413105,-0.7698550011980346,-0.7725542085716792,1.332034683555708,0.7331628136693876,-0.19390081005135917,1.8522694393983508,0.2783541977405548
1.5349099514011915,-0.768273092688405,-0.76922216125,-0.7727346949279587,1.597178956937202,0.6205285855743812,-0.23270152476675537,1.8653771094612956,0.2896009981632232
0.45705700995705506,-0.7677351908478015,-0.770306996672512,-0.7728352204274561,1.30163083356203,0.41644880130666134,-0.15317721109148558,1.8877368416002533,0.2933495640754699
1.8300403007224346,-0.7675559078136901,-0.7705782396660111,-0.7729494522985191,1.5274757093778353,0.4889363295609867,-0.16934710766785005,1.8715452733972888,0.3074079751968384
3.419418732828256,-0.7668835347890115,-0.7705782396660111,-0.7729403124411682,1.6565677086556962,0.4487894170146694,-0.12667796641212514,1.8746291715373085,0.3345879912376404
-0.16102301005140784,-0.7655835934628975,-0.7705330382499641,-0.772938027876395,1.6705480010632237,0.42090966390320145,-0.11661190922341103,1.9239752183371606,0.3336501121520996
-1.4842371407074613,-0.7656284494990515,-0.7699905982592554,-0.7729494501917241,1.7576637716542904,0.5157008670233196,-0.13239367773705893,1.9632978608700413,0.3214668929576874
-0.27995114977024965,-0.7662111375332361,-0.7698098026567557,-0.7729334587468487,1.0977974794095775,0.5591932138114061,-0.13258104239265045,1.9663821266660146,0.319591760635376
-2.35306686907704,-0.7663008196730129,-0.7691317569805219,-0.772917465631067,1.500085686385817,0.6428324731458099,-0.21472007340987537,1.959442620539063,0.300847589969635
0.19355746110746294,-0.7671972989847083,-0.7678208483581089,-0.7729106118640994,1.492696840193691,0.8145718544111576,-0.22870804321211324,1.9270594841331339,0.3027220666408539
-2.2383103279073246,-0.7671076482028215,-0.7678660828339889,-0.7730202731526541,1.8477830714198915,0.9628921324559416,-0.3051670929084939,1.9170360798661625,0.2858523726463318
0.5924025433915348,-0.7679144767326301,-0.7684536868687595,-0.773097951696754,1.7376421610237753,1.0219970729206467,-0.33295131053980626,1.8908211073962267,0.2905381023883819
1.7216149250108967,-0.7676903718709719,-0.7685441256354546,-0.7730933830030964,1.885968100763786,0.7710792949174352,-0.2564075110166522,1.8777134373332818,0.3036592006683349
-0.7778250336952445,-0.7670628278006333,-0.769448168330235,-0.773102521334837,1.7273720848902538,0.6974767637196112,-0.2442622508155689,1.8422460351313794,0.2980361878871918
-1.779014876320357,-0.7673317601912729,-0.7693577611859889,-0.7731002369880082,0.8788720278726745,0.5748058074880247,-0.30387765370603076,1.819886302992422,0.2849151194095611
-1.0839608963946878,-0.7679593028362528,-0.7701713967365231,-0.7731367908235078,0.8671999704652472,0.5480412700256918,-0.30597025546993356,1.839161769335406,0.2774170041084289
0.877292876308986,-0.7683179159413105,-0.7699454011553605,-0.7731893360312347,0.9864232159945401,0.8402211762243555,-0.3735902686058458,1.8160310626614435,0.2839780151844024
-0.3100727780201487,-0.7680041218130824,-0.7693125626447099,-0.7731916207413042,0.9854281889966434,0.7498908357007775,-0.37545977571006756,1.8129467968654702,0.2821036279201507
-0.7030766810222455,-0.7680937683188933,-0.7695837639540717,-0.7731916207413042,0.6969754773510994,0.8714463635775926,-0.42726675657875357,1.7612878264606031,0.2774170041084289
1.6728676125523068,-0.7683179159413105,-0.7702166010273382,-0.7731619202368835,0.9829373532044179,0.6807489543938572,-0.360766791924697,1.7836479262555145,0.2896009981632232
-1.3212897157371113,-0.7677351908478015,-0.7705782396660111,-0.7731573513252814,0.7476443597950335,0.7844616700014196,-0.371426206833764,1.7867318243955341,0.2802284955978393
-1.4292748981414143,-0.7681834504586701,-0.7702617981312331,-0.7732041853026957,0.8158966032224285,0.8636400667392837,-0.43635121905145896,1.7582039283205835,0.2703883647918701
-1.0714403018294925,-0.7686540753718358,-0.7703522009633271,-0.7732772927557507,0.435034536003328,0.8469122574135298,-0.4488668512461534,1.722736526118681,0.2633588016033172
-2.425565706946558,-0.7689902789884787,-0.7705782396660111,-0.7734235080977493,0.7092848774370084,1.0877933072801622,-0.497501487056621,1.6425492919829099,0.2474262714385986
1.2871334516329258,-0.7697522856907405,-0.7699905982592554,-0.7736154169146541,0.8877527367329587,0.8457970417643947,-0.47636991296113923,1.6996054517887649,0.2558615207672119
-0.9137180649305762,-0.7693488521834946,-0.7704426397300222,-0.7738187483374803,0.8728618215643948,0.8792528731215379,-0.4895503628843656,1.706544590259763,0.250237762928009
0.6839735667174702,-0.7696178202081,-0.7709172351938312,-0.7739809589020554,0.8352773064886998,0.5681147262988504,-0.3672721581265975,1.6356097858559582,0.2549234926700592
-6.256073560375876,-0.7693937153464417,-0.7712562752805565,-0.7742368374577834,2.601330780250417,0.5770362387862947,-0.40890164340966817,1.5500253623191986,0.2146230787038803
-0.05099993124842824,-0.7713211672469664,-0.7720247108524279,-0.774447023991567,2.639650736917055,0.6071464231960327,-0.4284626223863603,1.534604768651239,0.2146230787038803
2.005839718152347,-0.7713211672469664,-0.7716178736724761,-0.7746343638968697,2.7244425522030293,0.28039568269672677,-0.3549439995204339,1.5693011963181365,0.2258698940277099
0.2747177717211924,-0.7707832646936835,-0.771889110916439,-0.7747760120708206,2.773804948261727,0.4030666389283133,-0.31136461462394005,1.5816378918460765,0.2277442514896392
0.4336711570248397,-0.7706936196132312,-0.7716631153352763,-0.7749222272675229,2.8065602497122577,0.555847566864001,-0.3485456054649234,1.5685302217831316,0.230556458234787
-1.0083968128797738,-0.7705591199219837,-0.773606828689815,-0.7751141360117796,2.804113789367123,0.41644880130666134,-0.397180241275391,1.5184132004482753,0.2249327600002288
-1.5228102399303325,-0.7708280850958718,-0.773606828689815,-0.7753128981234393,2.6892863028741907,0.5536173482713665,-0.439238050875779,1.4682961791134175,0.2164983004331588
-1.0705943918132006,-0.7712314808311138,-0.7730643879804142,-0.7754933845523668,2.52972368495944,0.7420843261568323,-0.4728093309072649,1.4397682830384668,0.2108744382858276
0.4723086117531487,-0.7715004538444744,-0.7729739865857043,-0.7756487396427441,2.588340634666097,0.8703313606340936,-0.4856372738389249,1.4243476893705072,0.2136859148740768
-0.73955983013614,-0.7713659890745133,-0.7728383521524983,-0.7758292261443197,2.5019282351746517,0.8112262074637526,-0.5359719171000675,1.44593644697446,0.2099373042583465
1.000286337335919,-0.7715452742466626,-0.7731095865216931,-0.7759914366725708,0.4359274673647708,1.3208680603084846,-0.6158085415123029,1.3618939725077104,0.2155602425336837
-0.9042233558689678,-0.7712763454194196,-0.7735163856109677,-0.7761536452029991,0.5026107101393863,1.088908522929297,-0.612533472692327,1.3218003554398245,0.2108744382858276
2.565717520413569,-0.7715004538444744,-0.7737876278857747,-0.7763112847491773,0.7352410523482119,0.853603338602704,-0.5336026256703493,1.30560878723686,0.2249327600002288
-0.8686789700376124,-0.7708280850958718,-0.7736520286684779,-0.7764574998005835,0.7712211896889843,0.9851958073217344,-0.5440880746753585,1.3210293809048197,0.2202469110488891
0.2830281508737468,-0.7710521956589645,-0.7738328264270536,-0.7765751589183708,0.7580540842900668,0.9193995729622196,-0.5236391833104533,1.3703754277046718,0.2221212387084961
-0.05099993124842824,-0.7709625520038709,-0.773561628711152,-0.7766756823110733,0.6941340525231444,0.7443147574551023,-0.5154248771568555,1.3919641853086244,0.2221212387084961
0.11459689423661003,-0.7709625520038709,-0.7737876278857747,-0.7767350831382943,0.4894292330076054,0.7755401575139753,-0.5543504290206864,1.3888802871686048,0.2230583578348159
-0.05099993124842824,-0.770917732314362,-0.7731095865216931,-0.7768150462834915,0.35318676949658795,1.125709788528209,-0.634066573602059,1.2400711722340434,0.2230583578348159
3.907083083030664,-0.770917732314362,-0.773335587852392,-0.7768264690710333,1.3547748257359862,0.7476604044025075,-0.48913097106807063,1.3788568829016334,0.2455518096685409
1.5969751799053569,-0.769841935759948,-0.773245187895066,-0.7768241824721134,1.2882093767539626,0.7889223198923234,-0.5113779095290184,1.3140902424338217,0.2558615207672119
-1.6325713594926088,-0.7693488521834946,-0.773245187895066,-0.7767487885654346,1.6056937491463594,0.9785047261325602,-0.5824024038167918,1.2639732210989647,0.2455518096685409
0.39842249154118786,-0.769841935759948,-0.7731999900724792,-0.7766665409644364,1.4742430030498537,1.1089819792024556,-0.587636195818274,1.224650578566084,0.2483633905649185
1.4301936710109318,-0.7697074660012316,-0.7731999900724792,-0.7765888624929845,1.2614395642516174,0.9026717636364656,-0.567388067860494,1.2763099166269045,0.2577358186244964
-1.4783307039112972,-0.7692592099537596,-0.772115117277982,-0.7765385999248561,1.3956542273713386,0.7699640792683002,-0.530407949359575,1.368833478634662,0.2483633905649185
3.3557149752236386,-0.7697074660012316,-0.7716178736724761,-0.7764426452984594,1.8463797414844143,0.6573300638789293,-0.47847591347657553,1.393506502034588,0.2699197828769684
-1.8227448349453628,-0.7686764862856093,-0.772115117277982,-0.7763626824075306,2.154068723986089,0.5201615169142239,-0.48475382770122316,1.4814038491763624,0.2577358186244964
-0.1937255198124114,-0.7692592099537596,-0.771979513029841,-0.7762644436885734,2.1733755040054126,0.6004553420068585,-0.4883010110035639,1.4844881149723357,0.2567986249923706
-0.7673233822623311,-0.7693040332066651,-0.7715274751525343,-0.7761639201505747,2.2410119880716812,0.5614236451096761,-0.4596422797355721,1.4243476893705072,0.2521120607852936
4.326376755033135,-0.769528177978365,-0.771979513029841,-0.7760017115838223,2.391572402984659,0.3874540452516943,-0.42139941060231784,1.3773145661756698,0.2802284955978393
1.6555639531177646,-0.7681834504586701,-0.7709398351831626,-0.7758006647984174,2.3978570927656193,0.3729564545185749,-0.4205561607192168,1.4382259663125032,0.2924124300479889
-0.5541801031588015,-0.7676007282158782,-0.7715274751525343,-0.7756224627526427,2.2181819977168793,0.3740716701677099,-0.4261201284597093,1.4744647107053643,0.2886638045310974
2.4977145740434086,-0.767780014100707,-0.7715726765685813,-0.7753871462606227,2.3666909630797495,0.18671969522574364,-0.3893184421133594,1.5153293023082548,0.3074079751968384
-0.05099993124842824,-0.7668835347890115,-0.7717987123964971,-0.7751860992572733,2.378473336492977,0.23801855155777532,-0.3809479261248091,1.5376890344472125,0.3074079751968384
-1.1279632986738444,-0.7668835347890115,-0.7704426397300222,-0.774994190658313,2.3087761703059297,0.30604500450992506,-0.4277397434011828,1.5122450365122815,0.2989732921123504
-0.7893107092984828,-0.7672869412144433,-0.7698550011980346,-0.7748205598125555,1.9822595500786961,0.29823870767161537,-0.4156836992773841,1.4991373664493366,0.2933495640754699
4.212736985737366,-0.7675559078136901,-0.7700357996753024,-0.7745692501321056,2.341593230430772,0.3026995702681551,-0.39023304307170026,1.5315208705112193,0.3252156376838684
0.06208958098686636,-0.7660318459469729,-0.7691317569805219,-0.7743179407059241,2.316287521447526,0.29823870767161537,-0.39022857682118905,1.4675252045784126,0.3261526525020599
-0.2765614373864708,-0.7659870312462193,-0.7691317569805219,-0.7740712001913446,2.2428460534942674,0.2369033359086403,-0.41950757224554014,1.4420812066434816,0.3242783546447754
-0.9585762843299122,-0.7660766734759543,-0.7695385668501769,-0.7738975691639669,1.6940171909529598,0.19675642336232296,-0.41501888154885214,1.351099593705734,0.3167802095413208
-0.9799477151603231,-0.7664352880063706,-0.7698098026567557,-0.7737673455574361,1.6932286208278626,0.22909703907033102,-0.4695833908429121,1.4104690447725574,0.3092829585075378
-0.8836340078358527,-0.766793859776028,-0.7682728826419555,-0.7736279835828406,1.7283097839243835,0.2558615765326639,-0.47729802160395296,1.4166372087085506,0.3027220666408539
1.7717671049463384,-0.7671076482028215,-0.7682276898502127,-0.7734612062497823,1.5539280149994261,0.23244247331210016,-0.467803099815975,1.4544179021714214,0.3167802095413208
-0.7477052301918827,-0.7664352880063706,-0.7683180883701547,-0.7733309824979554,1.5934443263753555,0.197871639011458,-0.49308861368568396,1.4420812066434816,0.3111573159694671
-0.05099993124842824,-0.7667042146955757,-0.7686797284462116,-0.7731779118997032,1.504030318100016,0.17445253579089426,-0.5135062412970106,1.3803988319716434,0.3111573159694671
-3.1248576594900617,-0.7667042146955757,-0.7690413254007471,-0.7731367891526015,2.0369043000621856,0.23801855155777532,-0.5541496656135614,1.3164031660388364,0.2867895066738128
1.1034682271365435,-0.7678696563304419,-0.7693577611859889,-0.7730454036557513,0.8858893507938262,0.22575139212292591,-0.5458104133785894,1.3410761894387626,0.2952247560024261
-1.172482282854233,-0.7674662228231961,-0.7686797284462116,-0.7729722959121038,0.9022828012282073,0.16441602035995084,-0.5734473536759717,1.356496783106722,0.2867895066738128
0.7185666505602516,-0.7678696563304419,-0.7689509240060372,-0.7728740570841744,1.0089870523992455,0.18114382968570442,-0.545034048320217,1.3850250468376266,0.2924124300479889
1.0812564652200607,-0.7676007282158782,-0.7689509240060372,-0.7728237946250183,1.1257155563668908,0.04174506412836474,-0.5175889389289373,1.4413102321084768,0.300847589969635
-2.1296619459776043,-0.7671972989847083,-0.7701261981952443,-0.7728420705620187,1.3267465560016338,0.24805527969435465,-0.5744914758991372,1.3757726171056601,0.2849151194095611
-1.4712714773205349,-0.7679593028362528,-0.7697193610152925,-0.7728763398327452,1.388989775497908,0.5346591076473433,-0.6222470228894749,1.3788568829016334,0.2746055722236633
1.1546991754965608,-0.7684523785732337,-0.7701261981952443,-0.7729357386621435,1.232447821534017,0.6528692012823892,-0.6442933068762368,1.4035299063015596,0.2830408811569214
-0.18097350884700886,-0.7680489422152706,-0.7698550011980346,-0.7729974222016113,1.2302044695977168,0.7655034293773965,-0.6549929180399044,1.4228053726445444,0.2821036279201507
-0.05099993124842824,-0.7680937683188933,-0.769448168330235,-0.7730385448034167,1.2302044695977168,0.8156868573546567,-0.647162273698512,1.3657492128386886,0.2821036279201507
1.3833226121503661,-0.7680937683188933,-0.7702166010273382,-0.7730408292228936,0.7642306958053069,0.617183151332612,-0.6266420312583671,1.3318237597067961,0.2924124300479889
-0.3025920173951085,-0.7676007282158782,-0.7707138367272319,-0.773125361461313,0.6630038670359941,0.735393244967658,-0.6715643414305191,1.2701413850349577,0.2905381023883819
-2.330041089637264,-0.7676903718709719,-0.770306996672512,-0.7732533005757187,0.9616281971210906,0.9428186761827829,-0.6965464770642849,1.2331320337630456,0.2736683785915375
1.0242836122626648,-0.7684972018261391,-0.7703522009633271,-0.7733583950594662,1.0108640866576388,0.9127084917730446,-0.6824736485023343,1.1930384166951598,0.281165599822998
0.9957486973194424,-0.7681386314818405,-0.7703522009633271,-0.773426933455623,0.9951846953166881,0.8402211762243555,-0.7118062389328197,1.2601179807679863,0.2886638045310974
2.242843123514224,-0.767780014100707,-0.7698550011980346,-0.7734360732403258,1.0139674202694728,0.8056503419237133,-0.7005220936168822,1.275538574435946,0.3055335581302643
2.116286409669256,-0.766973182720181,-0.7699454011553605,-0.7733880951279983,0.9580867100041482,0.6684817949590082,-0.6730769842256026,1.2817071060278926,0.3224040567874908
-0.5074697469597521,-0.7661663157056894,-0.7707590381432788,-0.773383525925804,1.007870193577732,0.4710933045860981,-0.6643807587485531,1.241613488960007,0.3186546266078949
-0.8590690570802284,-0.7663456400752011,-0.7703974426261274,-0.7733812417242713,1.099966614362096,0.4900515452101218,-0.6890059211402413,1.216940465560081,0.3120943605899811
-1.1118516675721768,-0.7666593985694634,-0.7700357996753024,-0.7733995196227704,1.2343045888032687,0.6383718232549057,-0.7407415509336875,1.2508659186919735,0.3036592006683349
-3.200762849837026,-0.7670628278006333,-0.76922216125,-0.7734177975939176,1.777078393980668,1.1625110541271213,-0.7984784597524356,1.241613488960007,0.2792913615703583
1.9246936262700347,-0.7682282708608582,-0.7684084868900966,-0.7734223686849626,1.998914794706169,0.853603338602704,-0.7576967450694468,1.2508659186919735,0.2933495640754699
1.704626187461409,-0.7675559078136901,-0.7685893241767335,-0.773374392606782,1.7533013976458127,1.0833326573892572,-0.7767445954355786,1.1891831763641816,0.306470662355423
-1.4912995567656777,-0.7669283637433515,-0.7689057297769103,-0.77336753709626,1.9075618934035532,0.9662375666977108,-0.7907460184558197,1.1529447996272741,0.2952247560024261
-0.17570857855778074,-0.7674662228231961,-0.7693125626447099,-0.7733835302120418,1.8700414218184,1.1167882760407648,-0.8129662138801699,1.1128511825593885,0.2942867577075958
1.824153236226948,-0.7675110845607847,-0.7704878382713012,-0.7733264136953255,1.7753157497184031,1.1022908980132813,-0.7860743748875818,1.1614262548242358,0.3083459436893463
-1.7212526990520878,-0.7668386744767816,-0.7698098026567557,-0.7732761510182249,1.608815922572227,1.2338831540266757,-0.827900211793736,1.1429213953603028,0.2952247560024261
0.8211958808178152,-0.7674662228231961,-0.7691769641461051,-0.773230459141577,1.6808185153897626,1.3420567322307784,-0.8400410057443081,1.1251878780873283,0.3017849922180176
2.8745265555558985,-0.7671524657542924,-0.7697193610152925,-0.7731276512567493,2.116566987852286,1.4435390165400708,-0.8099366254389007,1.0789260970834498,0.3242783546447754
2.4446654977273927,-0.7660766734759543,-0.7697646012407087,-0.7729745823657276,2.242369868213261,1.1770086448602408,-0.7961136345732288,1.1490895592962957,0.3448968529701233
-2.132926830454558,-0.7650905505091652,-0.7690865181924899,-0.7728912374151921,1.8768269331181127,1.0197668543280125,-0.8006603320600926,1.186099278224162,0.3266029059886932
1.913290432330581,-0.7659654969280046,-0.7697193610152925,-0.7727634804295709,1.8751520189126767,0.796728829436269,-0.7766821223948915,1.2909591681039054,0.3429476618766784
-1.2523750542583598,-0.7651837746651429,-0.7694029568524997,-0.7726201885197292,1.951170109582928,0.9684679979959805,-0.8293770701182602,1.2817071060278926,0.332450807094574
0.5863066557722011,-0.7656858087811268,-0.7683180883701547,-0.7724820139419898,1.7480552107664729,1.034264232355496,-0.8443512098199574,1.275538574435946,0.3378487527370453
-0.8523615033163258,-0.7654276406988774,-0.7673236457180483,-0.7723789317379399,1.825668059591587,0.9751590791851555,-0.8355657137991536,1.2385292231640337,0.330951064825058
-0.9046033536457787,-0.7657575371035729,-0.7682059738520687,-0.7723345170875227,1.7802114215361642,1.2617629071381438,-0.8611279173346779,1.2817071060278926,0.3237537145614624
-2.505303458711266,-0.7661017654893149,-0.767417656384094,-0.7723805751105902,1.977646725158726,1.6531948790534658,-0.9101953437129741,1.2539498168319931,0.3035097420215606
-1.4861339254625339,-0.7670699759741736,-0.7679239260427072,-0.7724445448130892,2.056146700214852,1.5807073507991405,-0.9254549966485696,1.2446973871000266,0.2924124300479889
2.7067040773070397,-0.7676007282158782,-0.7676635798576494,-0.7724424420865081,2.0034432489388276,1.12013392298817,-0.8602221399444202,1.275538574435946,0.3129569590091705
-0.5776146052060147,-0.7666181429892142,-0.767996259519978,-0.7724300126505809,1.575697315712675,1.3152921947684455,-0.8890638240839619,1.2069170612931095,0.3087581098079681
-0.14632495553320762,-0.7668189617668989,-0.7683433920788738,-0.772360010467875,1.377505824376999,1.3398263009325082,-0.8777529357314269,1.2315900846930357,0.3080082535743713
2.815340767659284,-0.7668548252154426,-0.769319771125693,-0.772269447638099,1.666662969470884,1.064374416765234,-0.8303140567956266,1.356496783106722,0.3305010199546814
-0.47834919653513436,-0.7657790614442771,-0.7698550011980346,-0.7722196413363572,1.5974653758857544,0.9550856229119964,-0.8093788887896981,1.3881093126336,0.3269026279449463
1.0652744030154377,-0.765951162096241,-0.7688641261331267,-0.7721197583366485,1.6487128759552614,0.6941313294778416,-0.7815009343641205,1.4166372087085506,0.3361996114253998
-1.7667034488173143,-0.7655065143441464,-0.7690666391711546,-0.7720534121695308,1.780478136919635,0.717550219992769,-0.8046403603967315,1.5161002768432599,0.3215038478374481
-1.9549053130210965,-0.7662093700885323,-0.7691028051910979,-0.7720593528951887,1.9282849219128801,0.6372566076057703,-0.7985498652941451,1.4490207127704333,0.3059088885784149
4.5474218973095715,-0.7669552317535676,-0.7680179654564337,-0.7719459455074027,2.5704171490745966,0.47220830752959725,-0.7288461828953524,1.395048451104598,0.3417477011680603
4.995326118578298,-0.765241165305108,-0.7681915180807333,-0.7717414252710824,3.1137430092181515,0.4755539544770023,-0.6830225615834539,1.4837167727813771,0.3856850266456604
-1.0887404683371595,-0.7631397704765873,-0.7677431189411351,-0.7716165933158762,3.151719310672734,0.611607073086937,-0.6913796788204706,1.5068478471112934,0.3754879832267761
-1.2893265624824264,-0.7636274654847318,-0.7684519045125443,-0.771570899768322,3.246168132963386,0.9216300042604892,-0.7378234553557892,1.4490207127704333,0.3636416494846344
-0.407131630658459,-0.7641940412649385,-0.7692040588353437,-0.771488654564711,3.265651207318388,0.9584312698594015,-0.7568802382229434,1.4490207127704333,0.3603422343730926
1.0761052635662018,-0.7643518427191047,-0.7674755312152612,-0.7714210288466236,3.068756440837991,0.8368755292769509,-0.7376092931971305,1.4999087086402954,0.3706896603107452
-0.09865950462162291,-0.7638569553513024,-0.7653564074175456,-0.7713289125098961,3.044122983123789,0.6762880917973171,-0.7487283506435628,1.452104610910453,0.3702395558357239
2.3494819934332885,-0.7638784825427238,-0.7658482169926712,-0.7711947584959065,3.164556336601052,0.4599413608003838,-0.7305238590934714,1.545399515109169,0.3928825557231903
-1.11460736004406,-0.7627955335386937,-0.766419572838203,-0.7710697422324728,3.0510075967305554,0.6227590168726512,-0.7124263941562398,1.5646749814521532,0.3822363018989563
0.6265068734902765,-0.7633047129775006,-0.7665787056257681,-0.7709110980357318,2.716537317828578,0.48001481707354243,-0.6892245495494111,1.5261236811102312,0.3888340890407562
0.9480027034296475,-0.7629891599567205,-0.766079643010754,-0.7706789813292376,2.022648723442417,0.4833602513153116,-0.6658620288571189,1.523039415314258,0.3987306356430053
-2.45710025871525,-0.762515836839664,-0.7661013518219779,-0.7704793957876985,1.0604612986217146,0.6562148482297944,-0.6990585795774219,1.4590441170374047,0.3742881119251251
1.1912683285987085,-0.7636848518486211,-0.7650092662343455,-0.7703010141921469,1.0879674186653976,0.4476742013655344,-0.6788327828721978,1.44593644697446,0.3861341774463653
-1.2551571093507965,-0.7631182888966421,-0.7655227414991737,-0.7701412739535343,1.081241661855357,0.5536173482713665,-0.6868463256186707,1.4621280151774243,0.3742881119251251
-0.6642864391042231,-0.7636848518486211,-0.7652045262324848,-0.7699939617705351,1.1038898899142435,0.5067793545358753,-0.6756023765573339,1.471380444909391,0.3684399127960205
-0.9935434919462084,-0.7639645542490853,-0.7647272098006798,-0.7699230466918155,1.078541701326837,0.496742626399296,-0.6944048554776983,1.4336001191024736,0.3595924079418182
-1.6550679117081968,-0.7643877047422898,-0.7659060875116864,-0.7698791827866377,1.222309032910602,0.45771092950211373,-0.7067954326580793,1.5137869855822914,0.3448968529701233
-0.3069525044234739,-0.7650905505091652,-0.7653347446026111,-0.7698634642806707,0.6247675983379831,0.4064122858757179,-0.7163573482037251,1.6772457196498074,0.3426477909088135
0.7048113143500491,-0.7651981166236996,-0.7659060875116864,-0.7697958386352314,0.7099605479676254,0.4867058982627171,-0.7277396420979696,1.6248154070539818,0.3492458164691925
-0.23636207260748385,-0.7648825522000504,-0.7661881496948884,-0.769694218183584,0.6171354741354974,0.42537031379410567,-0.7261065194720232,1.6741614538538339,0.3475964963436126
1.506791070593623,-0.7649614343974712,-0.7666148702083274,-0.769646331971102,0.7757797905472925,0.22240574517552125,-0.6900277121108508,1.6641380495868625,0.3613919913768768
-0.9467322786403651,-0.7643016358866456,-0.7673236457180483,-0.7697256543237408,0.41015454119033373,0.17556775144002887,-0.6778735194087451,1.6641380495868625,0.3531447350978851
-0.08432282015246748,-0.7646960782316398,-0.7674321193423496,-0.769780850533253,0.1779722744920762,0.14880321397769636,-0.67555335673465,1.605539573055044,0.3528449237346649
-0.0010162243178973647,-0.7647104173394793,-0.7671138925765884,-0.769806074025917,0.0939103247379635,0.09638935470216597,-0.6279404029618526,1.6016847003800192,0.3532942533493042
-0.15091966802894694,-0.7646889272073822,-0.7671934402843784,-0.7698254470218624,0.07417436018838344,0.1621855890616808,-0.6242548748266042,1.6117081046469908,0.3523948788642883
-0.5020153480255126,-0.7647319416801834,-0.7665280752101852,-0.7698799142803479,0.009073169714759913,0.24359441709781413,-0.6556532695179252,1.605539573055044,0.3483456373214721
-0.10162251941131795,-0.7649256051575347,-0.7669258453715843,-0.7699343795046866,-0.32349444792746207,0.0752006827798719,-0.6384571157204401,1.6811005923248319,0.3478963673114776
-0.7953950987026047,-0.7649470924389145,-0.7669403054550717,-0.7700601242832582,-0.24846760895205197,0.07854632972727697,-0.6522845183701536,1.6780166941848123,0.3412984609603882
-2.2757095959266227,-0.7652626511611292,-0.766918634015833,-0.7702070727898731,0.18026078497602308,0.25028549828698915,-0.68596734573148,1.6949792369227816,0.3219538331031799
-3.1406382663296637,-0.7661878485985454,-0.7669620113915276,-0.7704318816787802,0.8195532503046001,0.31942737959390943,-0.7265884387954749,1.6918949711268083,0.2966110706329345
0.2863765684038211,-0.7673999194157041,-0.7671573087616521,-0.770674600212972,0.4795765500356321,0.30604500450992506,-0.7149919827425717,1.622502483448967,0.2991605699062347
1.798452523504667,-0.7672779842607989,-0.7671789773261227,-0.7708233743663179,0.9677902619689585,0.1889501265240137,-0.6976129305400063,1.5770116769800933,0.3132567107677459
-0.48314713971719764,-0.7666038067320919,-0.7674971983423479,-0.7710094326138558,0.9536556886379027,0.16553102330344993,-0.6947171662146638,1.553880602650177,0.3098077774047851
0.4809753078349102,-0.7667687592105157,-0.7684302014508566,-0.7711563785777872,1.0084097799505354,-0.03520311401686522,-0.6600348791352839,1.5053058980412835,0.3140066862106323
-0.4446461664059092,-0.7665679375821137,-0.7696524982216951,-0.7712967452392696,0.9993875641426089,0.05512722650671363,-0.667142644491499,1.508389796181303,0.3108575046062469
1.7098694540198827,-0.7667185538034151,-0.7695295343288413,-0.7713815496174684,1.3153088794255614,-0.02516638588028549,-0.64649745596998,1.5315208705112193,0.3248032331466675
-0.6671895466018719,-0.7660515700597248,-0.7688496689244072,-0.7714429608718606,1.3198061561588894,0.0027133672311824447,-0.6683160701136104,1.5608201087771287,0.3197042047977447
-2.40749176710046,-0.7662954417948937,-0.7690160130677236,-0.7715456783824528,1.5608573656464446,0.08969827351299134,-0.6880912112489611,1.525352706575227,0.3005101382732391
0.47788579644897256,-0.7672134383205003,-0.7688134971549277,-0.7716546089764265,1.378474636930406,0.08969827351299134,-0.6884615832425722,1.4891139621823652,0.3045593798160553
0.258206326977073,-0.767019774843149,-0.7689653840895246,-0.7717536705440784,0.6884466390789696,0.17333753284739514,-0.7100080829038378,1.5022216322453101,0.3069586157798767
-1.1823386809777863,-0.7669050263464672,-0.7682927731623631,-0.7719079283938906,0.8044880066467369,0.3595742921402264,-0.7446278969425307,1.469838495839381,0.2981110215187073
1.0546606490784318,-0.7673281811157475,-0.7685387023854547,-0.7720216117718051,0.6149079034465323,0.3250032451339483,-0.7516062499668605,1.4798619001063524,0.3065085709095001
-0.26221520569486134,-0.7669265506871714,-0.7694644438297708,-0.7721385849462403,0.604635296891213,0.3651501576802656,-0.7693646066640594,1.489885304373324,0.3048591911792755
-0.32129364823797085,-0.7670054357353094,-0.7692691464596462,-0.7722617709861127,0.5734421076118466,0.2725893858584175,-0.7675664506350774,1.4798619001063524,0.3027598261833191
2.8261650175755872,-0.7671058422734346,-0.7691534298571447,-0.7723286655737306,1.1924801087913386,0.20233228890236218,-0.7503524863020172,1.457501800311441,0.3249528110027313
1.4342624046208516,-0.7660444161847499,-0.769580154682736,-0.772355715076366,1.136670926895666,-0.05750700158829354,-0.7380733475185374,1.4413102321084768,0.3372491598129272
-0.4524034904670246,-0.7654563174891977,-0.7691751357936005,-0.7723900767554747,1.1154442457819616,0.013865311016896803,-0.7487462156456076,1.3996746659705812,0.3338002264499664
2.9995283716116607,-0.7656212699676214,-0.7692546863761587,-0.7723451154281115,1.0232100221824354,0.08635262656558625,-0.741593733317811,1.4058428299065742,0.3597428798675537
-0.4437127230042419,-0.764380508106556,-0.7693559400204045,-0.7722617722937786,1.1067526120308895,0.14545777973592722,-0.7354586301765823,1.4767776343103791,0.3561435639858246
-0.7285543157734695,-0.7645526529446376,-0.7682855589318438,-0.7721316383350021,1.2149141207024008,0.10977151708051408,-0.7309432509097664,1.4837167727813771,0.3499957323074341
0.2852939492663985,-0.7648466859007894,-0.7676924985872404,-0.7720004093514276,1.0007532599879743,0.012750095367762171,-0.708312541703674,1.5554229193761406,0.352994441986084
-0.5344902714533399,-0.7647032663152217,-0.7678588427305568,-0.7719141414772719,1.0711343964283422,-0.09319305153807075,-0.6926601855219113,1.6047685985200388,0.3486462533473968
1.04630303035192,-0.7649112275650122,-0.7666076128562869,-0.7717957066957304,1.0416485599822176,-0.1266486701895775,-0.6979341737779943,1.5592777920511651,0.3583931028842926
-0.14957318233971117,-0.7644450640243651,-0.7667812100394917,-0.7716897014954123,1.0199006885488058,-0.1088056452146893,-0.7014679583288014,1.5955161687880723,0.3574930429458618
-1.1211645755865114,-0.7644881112804148,-0.7670777236818769,-0.7715997795671669,0.7593775188624068,0.02167160785520608,-0.7285471619769811,1.6217315089139628,0.3477460443973541
-2.0143583866816965,-0.7649542819478551,-0.7669330940993206,-0.7715862548884972,0.9516205848285608,0.19341077641491788,-0.7624352734624135,1.5924322706480527,0.3303514420986175
1.1427077325213093,-0.765786215319252,-0.7671428098687954,-0.7715358097920196,1.041789318085009,0.28820197953503607,-0.7523737369906802,1.5662172981781168,0.340398222208023
-2.7483903574005266,-0.7653057069693308,-0.7666727134170457,-0.7714956000135798,0.7118448407123641,0.3740716701677099,-0.7808941234257643,1.5137869855822914,0.3170053362846374
2.5483919209170147,-0.7664245208472633,-0.7667161238525733,-0.7714140850686612,1.345718614291521,0.45882614515124914,-0.776766872221665,1.5238103898492628,0.3379991352558136
3.118311402893311,-0.7654204483392194,-0.7671862274912432,-0.7712718902177643,1.9156850203711264,0.24470963274694957,-0.7304970615904043,1.4814038491763624,0.3652909994125366
0.7385238159630296,-0.764115157642159,-0.768025179686953,-0.7710902164283047,1.932293709018907,0.13876648584111742,-0.7264590264635895,1.4844881149723357,0.3726387917995453
-1.4567809397410634,-0.7637637340460419,-0.7675406174021796,-0.7709615466919661,2.047439495460569,0.3361551889196626,-0.751298405480406,1.438997308503462,0.3592925667762756
1.816512969500837,-0.7644020452754879,-0.7686688704471395,-0.7707871848610353,2.1512958970112437,0.3026995702681551,-0.7342539408008925,1.4420812066434816,0.3763873875141144
-6.790833952341846,-0.7635844495865719,-0.7676563268177609,-0.7707652528357982,3.9890652694170843,0.4131033670648922,-0.7570765353795572,1.3711464022396769,0.31175696849823
-1.6179615535627603,-0.766675535054538,-0.7663400236930289,-0.7708277588970442,4.018951628651526,0.29154762648244154,-0.7435034911431031,1.3842540723026215,0.2993110418319702
-0.011699263769242232,-0.7672707876250651,-0.7659856352194764,-0.7709195087967599,3.937130127012445,0.2725893858584175,-0.7511868581505655,1.3904222362386147,0.2996107339859009
-0.9153783538871447,-0.7672564542186601,-0.766629331729199,-0.7710189351305174,3.8582212215185403,0.42871596074151075,-0.7693958159511681,1.3873379704426412,0.2930127084255218
-0.9549429897849958,-0.7675720186423094,-0.7658048381795927,-0.7711980505445183,3.6752705560113834,0.5959944794103184,-0.7824781172960875,1.3711464022396769,0.2862646281719208
-1.3258422327634518,-0.7678947597466715,-0.768922002401678,-0.7713910567836084,3.333955009012603,0.45771092950211373,-0.7712877087744154,1.3873379704426412,0.2769668996334076
0.20403859698787105,-0.768339443132732,-0.7695222769768006,-0.7715646897361608,2.7098683198055444,0.3473071327053774,-0.754046946938288,1.419721474504524,0.2787665426731109
0.7301866707660255,-0.7682533714263705,-0.7695078226428493,-0.7717321080070735,2.708540024819965,0.23467290461037024,-0.751320736732962,1.3780859083666286,0.2843146920204162
-0.11301508103809685,-0.7679880195366149,-0.7698260494086105,-0.771890021872474,2.7303292082086728,0.3116210827555998,-0.7563314340747631,1.3780859083666286,0.2838654816150665
-0.34126303285888565,-0.7680095039672774,-0.7701515134030358,-0.7720768124854992,2.3782842399553736,0.19229577347141877,-0.752186317868619,1.3325951018977553,0.281766265630722
0.5129358913411612,-0.7681099033786093,-0.770599948477235,-0.772251540680794,-0.10848675341357908,0.07408546713073687,-0.7337810629114025,1.3549548340367124,0.2858145534992218
1.5141335690510391,-0.7679162855127344,-0.7705131506043246,-0.7723747270112589,0.028787210501059535,0.02167160785520608,-0.7253034658435229,1.400445640505586,0.2972114980220794
-0.6847800136762978,-0.767371202715342,-0.7702455600036825,-0.7724672096397022,0.06782749011699785,-0.0006322797162222431,-0.7346956638697434,1.426660612975522,0.2924124300479889
-0.795751229949801,-0.7676007282158782,-0.7702672256933851,-0.7725977078560475,0.04739328669784424,0.22240574517552125,-0.7490049858429085,1.4397682830384668,0.2868641316890716
0.19524347254856741,-0.767866087232427,-0.7703684721507107,-0.7726667950359452,-0.040112511538864894,0.12426910781363391,-0.7518918176672286,1.4366840172424935,0.2886638045310974
-0.7646602543924784,-0.767780014100707,-0.7701732207768757,-0.7727998522089341,-0.19776386590228476,0.2703589545601474,-0.7793012515208882,1.3457024043047459,0.283415287733078
0.2605674949886429,-0.7680310354347748,-0.7696235392453508,-0.7729939537634147,-0.19486514476062575,0.2067931514989023,-0.7806576844810192,1.3256555957708036,0.2856650054454803
-0.1128365972877466,-0.7679234379623505,-0.7698550011980346,-0.7732070638383274,-0.26711505466923985,0.07297025148160184,-0.7837140704253557,1.3164031660388364,0.2852149605751037
0.0934531402426654,-0.7679449623030548,-0.7701225989855969,-0.7733850815395505,-0.2663358906823817,0.058472873454118314,-0.7722112967002484,1.2732256508309312,0.2862646281719208
-0.7912486083708453,-0.7678947597466715,-0.7700357996753024,-0.7736179311927166,-0.19783887283182777,0.06516395464329257,-0.7801177583673918,1.2793938147669242,0.2808658182621002
-0.6586545184186842,-0.7681529691643213,-0.7702889388167612,-0.7737038329204527,-0.2119887234363747,0.11311716402791916,-0.800481845439054,1.2978986742308571,0.2765176296234131
0.3960236076588215,-0.7683609304141118,-0.7701804335700109,-0.7737517188423423,-0.6588018317960618,0.18337426098397447,-0.7953819320199682,1.2547207913669982,0.2796668708324432
-1.271661415300853,-0.768210311342093,-0.7702021395064667,-0.7738215366441727,-0.5083033690866101,0.43986790452722513,-0.8236301495062177,1.1814730633581787,0.2709694802761078
0.057502290918858015,-0.7686262823038673,-0.7701515134030358,-0.7738734447280704,-0.5290295191961493,0.33169453902875845,-0.817231809917177,1.223879604031079,0.2717185318470001
-0.484156783430824,-0.7685904573400067,-0.7704119012722309,-0.7739162128093211,-0.5668970618092384,0.5023184919393356,-0.8395635526713676,1.2084590103631194,0.2687199413776397
0.5842201662644573,-0.7687338712241398,-0.7706216170417056,-0.7739257150353903,-0.48310499046405736,0.28374132964413185,-0.8267534747417524,1.223879604031079,0.2730688154697418
-0.9132011970070586,-0.7685258771911009,-0.7704697272323406,-0.7739542262177802,-0.4525869965109088,0.2603222264235681,-0.8343565581729526,1.2084590103631194,0.2670704424381256
1.623880388535116,-0.7688127619737125,-0.7708892076423477,-0.773968481663679,0.02735622513899155,-0.0207057359893813,-0.8014143658659091,1.2362162995590196,0.2784667015075683
0.6887811399578052,-0.7682677119595687,-0.7708530804317735,-0.7739688481733391,0.09705705203176536,0.07408546713073687,-0.803373143513885,1.2516368932269786,0.2837151288986206
-1.1298032750505074,-0.7680166949015766,-0.7709977042647936,-0.7739831061619213,0.163344340392705,0.23467290461037024,-0.8245359268964755,1.1868702527591668,0.2759172320365906
-1.2668529165007627,-0.7683896456891152,-0.7707879554354858,-0.7740280671986921,0.2707854305812796,0.34953756400364705,-0.8342672876291984,1.132127016558327,0.2673702538013458
-0.05099993124842824,-0.768798422865873,-0.771077260596888,-0.7741008101762338,0.23626978961204226,0.614952720034342,-0.8572415713258348,1.1352112823543,0.2673702538013458
1.5339716454297472,-0.768798422865873,-0.7705276121251962,-0.7741355361129113,0.3559469336083195,0.5603084294605412,-0.8511064681846061,1.1621972293592406,0.2781668603420257
-0.6857574682128905,-0.7682820524927668,-0.7702744772958896,-0.7741677029476491,0.40593956054042807,0.6640211450681036,-0.8665669389937963,1.2878752699638858,0.2736683785915375
0.5941915667411086,-0.7684972018261391,-0.7706505745806659,-0.7741932909884746,0.4082657702762953,0.7197806512910395,-0.8718185959973233,1.2786228402319193,0.2781668603420257
-1.8071677768358143,-0.7682820524927668,-0.7710628005134004,-0.7742364236905347,0.6657548692459652,0.9718136449433855,-0.8956317177930191,1.1930384166951598,0.2657210230827331
-1.0257256978607594,-0.7688773007872179,-0.7710628005134004,-0.7743011259764654,0.6816304396879558,1.2372288009740808,-0.9036363825049392,1.1467766356912812,0.2591222822666168
0.1535305059096208,-0.7691928994194743,-0.7705420736460677,-0.774361439736024,0.3816075789945261,1.332020004094199,-0.9002096245669917,1.1768468484921955,0.2604725360870361
-0.9097000455704134,-0.7691283206959272,-0.7707590381432788,-0.7744382031320194,0.2949717863681625,2.438288403359836,-0.9518917138207733,1.0041360523486667,0.2547740936279297
-1.6913190712988335,-0.7694008606692648,-0.7705420736460677,-0.7745277604031312,0.3989156759362674,2.1159985254570706,-0.9628100078600805,1.0766128058224813,0.244126871228218
1.7332269792908805,-0.7699100864322274,-0.7711423439090384,-0.7745796666708264,0.7232077708208092,2.3044659287538076,-0.9749820110977613,1.058108314014502,0.255224198102951
-3.1412865542527073,-0.7693793334778433,-0.7714606051720166,-0.7746882329709069,1.2896238690561557,2.6590964223645814,-1.0003567955112245,1.0943466907514092,0.2351298779249191
0.07416757163439512,-0.7703403865243307,-0.771395481613113,-0.7747737701504817,0.9992032988722792,2.5386556847256294,-1.0216579237267227,1.064276477950495,0.2358796894550323
1.745576994666658,-0.770304525213825,-0.7716703209414914,-0.7748348146409454,1.3663682241508128,1.9910973506328502,-0.9876537986609386,1.072757565491503,0.2466763406991958
-2.222320510237513,-0.7697881527026808,-0.772183842921301,-0.7749218138635149,1.4558762215113517,1.7747506196359168,-0.986654338942885,1.072757565491503,0.2330303788185119
-1.0360166989679065,-0.7704407994765696,-0.7716486121302675,-0.7750336697058479,1.3811756260982626,1.7134148224616699,-1.0034310464576057,1.0241828608826093,0.2271823585033416
0.8815996165915189,-0.770720493324882,-0.7726177733531073,-0.7751177453146403,1.494723965497637,1.572901053960831,-1.004916891749622,0.9640424352807809,0.232580229640007
-0.05099993124842824,-0.770462328806029,-0.77258160948924,-0.7752296011932973,1.4817624568832577,1.3420567322307784,-0.9879215013592619,0.9763787631527671,0.232580229640007
0.024968115279749445,-0.770462328806029,-0.7720608804658313,-0.7753531536701816,1.47852667107738,1.385549079018865,-0.9961046526922207,0.9517061074087948,0.2330303788185119
-1.2886246799978542,-0.7704407994765696,-0.7727190334655814,-0.7754756088338528,1.4198186050630086,1.2584174728963746,-0.9908083876500515,0.9278040585438736,0.2256826311349868
-0.23356833009455738,-0.7707922209346487,-0.773001087024479,-0.7755797882058196,1.1051061006755374,1.2762604978712633,-0.9513295109210594,0.8861684924059782,0.224632903933525
2.307112430288171,-0.7708424263417492,-0.7727407444328813,-0.7756510699394956,0.9724864288883156,1.3465173821216823,-0.943967387151585,0.9247197927479002,0.2381284534931183
0.5916756374660985,-0.7701969733528768,-0.7727407444328813,-0.7757391656761492,0.994875567761516,1.5048743883030458,-0.9404023388471995,0.9216358946078805,0.2420274764299392
0.09495960689376988,-0.770010494395711,-0.7727190334655814,-0.7758141016818592,0.7527882200509498,1.6978022287850514,-0.9401123593627899,0.9216358946078805,0.2429274916648864
-0.5356208434921109,-0.7699674492776992,-0.7730734197830578,-0.7759073149685595,0.33189775268469757,1.6654620384883152,-0.9560680937804957,0.9756077886177622,0.2399281114339828
1.9606252683176246,-0.770110900933836,-0.7731240487612567,-0.7759402147499693,0.4703922266351425,1.305255466631866,-0.9310502281426404,0.9871735096106972,0.2522245943546295
2.095934233442127,-0.7695227958241699,-0.7724731502387793,-0.7759233985312246,0.6986986308905627,1.2941035228461517,-0.8974923468626881,1.0450006439515571,0.2660207748413086
0.5463410450399562,-0.7688629645300957,-0.772285098002931,-0.7759000049715293,0.6702647742589798,1.7145302508164408,-0.8966311775110726,1.0411454036205787,0.2700692415237427
-0.09457754293801167,-0.768669338112069,-0.7722416897234794,-0.7758634514266222,0.6822507996312318,1.718991113412981,-0.8997946445347383,1.0018227610876982,0.2697694003582001
-0.007373884258684718,-0.7686836786452671,-0.7723863516471767,-0.7758002126003243,0.38807024858652384,1.4479998791366109,-0.888300857777123,0.9717525482867838,0.2700692415237427
-2.273930243476688,-0.768669338112069,-0.7717932848343452,-0.7758013098045654,1.0182859384083123,1.693341791599783,-0.9220907662177787,0.9655843843507907,0.2547740936279297
2.2823564157671643,-0.7694008606692648,-0.7711278867003188,-0.7757165036464881,1.01154480696489,1.6788442008666637,-0.9192440761815899,0.9655843843507907,0.2699197828769684
0.6031475324616212,-0.7686764862856093,-0.7709326267021795,-0.7756225595562348,1.0117686735201838,1.5851682133956806,-0.9109493775187905,0.995654597151705,0.2744182348251343
1.493281308084063,-0.7684613383775954,-0.7709470882230511,-0.7755286152843611,1.0648430601026,1.3777427821805557,-0.8945430419976811,0.9987388629476784,0.2852149605751037
-1.8669802296124414,-0.7679449623030548,-0.7709326267021795,-0.7754335736992742,1.3845674878239993,1.3498630290690876,-0.8961671776561354,1.0226409118125996,0.2720191478729248
1.7015925867126707,-0.7685760797474841,-0.7716703209414914,-0.7752946687175463,1.337899976672247,1.2327681510831767,-0.8840754035282471,0.9833182692797189,0.2841651439666748
0.44614802789221913,-0.7679951719862311,-0.7709398351831626,-0.7751601482302207,1.1326887440271518,1.0666046353578682,-0.8644743372298935,0.9470798925428122,0.2877643704414367
-1.1146148942479657,-0.7678230314242255,-0.7707228721233356,-0.7750446362633271,1.2449835636011024,0.9506249730210923,-0.8673790340562584,0.9347431970148716,0.2799665331840515
-2.2375166599898777,-0.7681959793610467,-0.7702021395064667,-0.7749682393043438,1.5711059159213325,1.3097161165227706,-0.8983623942488563,0.8931076308769761,0.2643705904483795
-0.11769350023862929,-0.768941888062917,-0.7708385815389168,-0.7748750260176435,1.5705592086731437,1.5126806851413552,-0.9126895267575966,0.8507010902040764,0.2639213800430298
-0.14028731519690119,-0.7689633724935794,-0.7702527727968178,-0.7747807173429047,1.2372243968266476,1.5238328416327054,-0.9025209092065339,0.735817428401407,0.2633210122585296
2.251314326768628,-0.7689920863432242,-0.770079179925765,-0.7746816552667161,1.2279907969036843,1.3844340760753657,-0.8774896448171451,0.7003500261995045,0.2787665426731109
-0.09321795505992499,-0.7682533714263705,-0.7704552743357733,-0.7745928286175371,1.2099086156749057,1.2060034009152079,-0.8777440032304045,0.7998130943342138,0.2784667015075683
1.005872777816399,-0.7682677119595687,-0.7712074760922462,-0.7744879181514247,1.124719319995114,1.1825845104002801,-0.8563625914386441,0.7612614263363379,0.2859647572040558
0.9780713617539465,-0.7679091017052283,-0.7712291417819488,-0.7743574200440515,0.8819243148504229,0.9930021041600438,-0.8378769984386959,0.7404436432673902,0.2934621572494507
-0.010904018633003597,-0.7675505228087778,-0.771258097883525,-0.7742561658841198,0.6966627371414319,1.029803369758956,-0.8367838019263769,0.6880136983275184,0.2937619388103485
-1.8141683317255657,-0.767536185126297,-0.7705131506043246,-0.7742207096161018,0.939951661243731,0.9729288605925209,-0.8411386140406685,0.7666586157373261,0.2805659472942352
-0.05099993124842824,-0.7681673111228782,-0.7705276121251962,-0.7741951221564611,0.8558660833576857,0.8413363918734905,-0.8408218370531917,0.7697428815332995,0.2805659472942352
0.03289041801927613,-0.7681673111228782,-0.7701659763612914,-0.7741673420318927,0.379508777745057,1.0543376886286546,-0.8356237205893294,0.7751400709342876,0.281165599822998
1.246974525569553,-0.7681386314818405,-0.7698043722198357,-0.7741176278479406,0.4566671879606731,0.7331628136693876,-0.8124308084835232,0.8167756370721831,0.2904634177684784
0.43535199361845694,-0.7676939438197041,-0.7697899135737322,-0.774021855786217,0.43229288382060804,0.7431995418059674,-0.8074870504329205,0.9301169821488884,0.2940625250339508
-0.37134704121734524,-0.767521808959133,-0.7704263642304865,-0.7739688542757794,0.05869839700603185,0.6316805293600956,-0.8086560642709903,1.0943466907514092,0.2916625142097473
-1.0195964677953666,-0.7676365945151392,-0.7704263642304865,-0.7739443633665469,0.19416916057969996,0.5770362387862947,-0.8095439766592033,1.2153985164900711,0.2844651043415069
2.080160246698202,-0.7679808257515984,-0.7703974426261274,-0.7739085406615168,0.5052700063172271,0.5090095731285095,-0.7935525122374079,1.1159354483553618,0.2999104559421539
-0.9734023030998568,-0.7672421193868965,-0.769949003239776,-0.7738577315980627,0.5235411756899229,0.4710933045860981,-0.8176065936948296,1.2030618209621313,0.2928624749183655
0.2505209158370797,-0.7675792038751741,-0.7697754161182594,-0.7738310462803482,0.5307935461907421,0.4788996014244074,-0.8200427699492763,1.2778518656969144,0.2951122224330902
0.2680729535355719,-0.7674716049773911,-0.7698911700927461,-0.7738072867195296,0.17310245977229868,0.3740716701677099,-0.8074825841824093,1.2971276996958523,0.2975112199783325
2.975879265172453,-0.7673568678835784,-0.77023830552641,-0.7737085911530011,0.8067931803720904,0.4342920389871859,-0.7905139912951163,1.306379761771865,0.3204542696475982
-0.7305915826852235,-0.7662595683688396,-0.7694933668715139,-0.7735854030063338,0.9041430804184075,0.45771092950211373,-0.7928609514722784,1.2655151701689744,0.3149058818817138
-0.9294786508297856,-0.7665249316614643,-0.7698332952615788,-0.7734783004564784,0.9539915332386253,0.6695970106081433,-0.8142780388016587,1.2624312720289548,0.3078579008579254
-0.2612704584491376,-0.7668620161497418,-0.7697247885774445,-0.7733737546838236,0.9621295391340995,0.5893033982211441,-0.7940701070984795,1.1159354483553618,0.3062086701393127
1.640480322165439,-0.7669408940710868,-0.7696090834740154,-0.7732746928982274,1.0832015783684825,0.43986790452722513,-0.7952659184396165,1.1066830186233954,0.3194045126438141
-0.5116612580533658,-0.7663097752012987,-0.7685025263038231,-0.7731840381686061,0.999199751163419,0.6550996325806593,-0.8067240296596119,1.0750708567524714,0.3156558573246002
2.4662479399094144,-0.766489062511486,-0.7687701284035374,-0.7730623135178958,1.1054258094949971,0.4666324419895576,-0.7807558330593263,1.0326639484236173,0.33589968085289
2.3321053783118058,-0.7655208591534204,-0.7691100567936023,-0.772909150910826,1.1500799593451259,0.348422348354512,-0.7433919438132626,1.2277348443620573,0.3562938272953033
-1.6699348445562556,-0.7645454662864142,-0.7691896001892402,-0.7727925422845521,1.4987947287687213,0.42537031379410567,-0.7400767332051555,1.306379761771865,0.3415981233119964
-0.46453488254926006,-0.7652483191800828,-0.768553156719406,-0.7726525393721021,1.5552977268991777,0.4008362076300428,-0.7548054469946157,1.4181791577785605,0.3379991352558136
-0.05099993124842824,-0.7654204483392194,-0.7687339566340579,-0.772512536459652,1.10081834312132,0.6383718232549057,-0.7678074102968033,1.4089270957025477,0.3379991352558136
-1.3744052646237703,-0.7654204483392194,-0.7677575847741589,-0.772401775496821,1.2102422654982756,0.6026855605994926,-0.7634302669299559,1.3634362892336738,0.3266029059886932
-0.5736810575157058,-0.7659654969280046,-0.7667739627491394,-0.7723242814062447,1.166154879689133,0.554732563920502,-0.7592137996485719,1.2840200296329074,0.3222537040710449
-0.9459689720912619,-0.7661735066399886,-0.7674827454457805,-0.7722734722701425,1.2349650534917231,0.6707122262572779,-0.7881580986169318,1.3734596935006453,0.3149058818817138
-1.1911341156406838,-0.7665249316614643,-0.7676563268177609,-0.7722391105910339,1.1232536591480782,0.5279678137525331,-0.7851864624993687,1.4282025620455319,0.3057586550712585
0.39172177843007105,-0.7669624169864323,-0.7676563268177609,-0.7721787971220676,1.135278069599526,0.4867058982627171,-0.7698911340261533,1.5153293023082548,0.309207409620285
0.6914518234943785,-0.7667974730601604,-0.7682059738520687,-0.7721418767042597,0.6416880727890758,0.37853253276425003,-0.7621675707640901,1.4058428299065742,0.3150562644004822
1.088497223140802,-0.7665177393018063,-0.7684157384926009,-0.7720654795999802,0.13980478710173713,0.29935392332075,-0.7719257289998803,1.3318237597067961,0.3242027461528778
-1.7756658190091565,-0.7660802896108041,-0.7687701284035374,-0.7720292921288444,0.17058740637517128,0.42090966390320145,-0.8006380008075367,1.3418471639737675,0.309957355260849
0.5756446034916283,-0.7667616053355408,-0.769211304688312,-0.7719868897581248,0.26536761117032087,0.2904324108333061,-0.7884615313193446,1.3642072637686788,0.3149058818817138
0.6219366620338617,-0.7665249316614643,-0.7690449691692999,-0.7719872540883419,0.34377865461070184,0.3038147859172905,-0.7890638760071895,1.4058428299065742,0.320304811000824
0.18782069977319224,-0.7662667165423799,-0.768762875363649,-0.7719693425542067,0.20637900145922758,0.2670135203183783,-0.7818266983190891,1.4413102321084768,0.3222537040710449
1.0083436961987866,-0.7661735066399886,-0.7683217350134756,-0.7719130491404534,0.2838039439041888,0.1889501265240137,-0.7748125608242002,1.3773145661756698,0.330951064825058
0.5892795119214613,-0.7657575371035729,-0.7690087988372044,-0.7718395753230346,0.17888616539215865,0.1677614546017204,-0.7699758838529267,1.3865669959076363,0.3363497257232666
-0.9785154742992394,-0.7654993348127161,-0.7687701284035374,-0.7718176434430938,0.11639894416383818,0.43540704193068497,-0.7864224156286369,1.3287398615667765,0.3284015953540802
2.4581659233588278,-0.7658794708331195,-0.7685097347848062,-0.7717353981668348,0.5659579055649063,0.3138513013482339,-0.7735498646583345,1.4251186639055122,0.349395215511322
0.420694355378203,-0.7648754068772274,-0.7684157384926009,-0.7716922651741822,0.5599551778998062,0.16107037341254576,-0.7445386263987764,1.3965904001746077,0.3535940647125244
0.13218200452670378,-0.7646745880995427,-0.767996259519978,-0.7716948236222891,0.5183489720599107,0.0618185204015234,-0.7377967667856613,1.4127819683775722,0.3552442789077759
-1.3599094500061126,-0.7645956631413628,-0.7677358788377031,-0.7716904366215273,0.366392695964172,0.227981823421196,-0.7477378234265318,1.3480156955657143,0.3433977961540222
-0.5480973444698274,-0.7651622460483628,-0.7681192219754477,-0.7716878779554761,0.43126689579990773,0.2157146639863462,-0.7394208479776461,1.3480156955657143,0.3390487730503082
-1.7175739710476778,-0.7653702472081949,-0.7671066869703733,-0.7717204117357627,0.7183295921770676,0.24917028263785376,-0.7442619911994308,1.3518705682407388,0.3246528506278991
-0.8124355133641961,-0.7660587624193826,-0.7669041739323456,-0.7717405178236763,0.7652179456830428,0.27481981715668713,-0.7432134571922238,1.274767599900941,0.3183548152446747
-0.3837605953162095,-0.7663599791830406,-0.7668245831030341,-0.7717566011683971,0.6565285447167244,0.30158435461902044,-0.7542700415979691,1.1953517079561284,0.3156558573246002
0.13548771669756474,-0.766489062511486,-0.767395946135486,-0.7717511171086904,0.6085580241508081,0.41087293576662176,-0.7684231537361818,1.2022908464271262,0.3171555995941162
0.9696678330254143,-0.7664173341890399,-0.7676057021517141,-0.7717032311141526,0.6641267945777328,0.3127362984047348,-0.7638853887503403,1.173762582696222,0.3254028558731079
-1.7151313250167068,-0.7660228918440457,-0.7683000262022516,-0.7716973827242288,0.13378611617660172,0.39637555773913863,-0.7890817410092343,1.1799311142881688,0.3116065859794616
3.1601570810556097,-0.7666827274141959,-0.768603784260221,-0.7716436484850635,1.1535298601180117,0.26255265772183817,-0.7706184247953723,1.2524078677619834,0.3370995819568634
-0.5922869253353699,-0.7654634713641725,-0.7687339566340579,-0.7716235424697979,1.1514678700894005,0.2926628421315762,-0.7953729995189458,1.217711440095086,0.332450807094574
-0.6706431417785461,-0.7656858087811268,-0.7686616231567872,-0.7715815046472397,1.0759384588695382,0.41421858271402684,-0.816705282555083,1.2269638698270524,0.3272024691104889
2.1075409112823555,-0.7659368215630429,-0.768263852995388,-0.7715076661363632,1.3914335577490757,0.2212905295263858,-0.7989246490717977,1.3040668381668503,0.3451965451240539
0.2729818962717968,-0.7650762171027603,-0.7689292554415664,-0.771440042743015,1.1568067312489463,0.13988170149025247,-0.7899116466072714,1.3264265703058085,0.3480458557605743
0.016709593125360873,-0.7649399428400155,-0.7676997128177597,-0.7713757065308559,1.075168389513038,0.12426910781363391,-0.7920890526644172,1.3588100743676905,0.3486462533473968
-0.01725379705555436,-0.7649112275650122,-0.7679239260427072,-0.7713318408821236,1.0457076631270998,0.13876648584111742,-0.7893181799539792,1.3649782383036837,0.3489460051059723
-0.3884060459760028,-0.7648968913078898,-0.7681770565598617,-0.7713084473950765,1.0814920766679765,0.496742626399296,-0.8120381597038259,1.2847910041679125,0.3459464013576507
1.6844751702134717,-0.7650403536542165,-0.7673091913840969,-0.77122839231371,1.1810933411543423,0.3707260232203044,-0.802913609909459,1.2817071060278926,0.3612424731254577
0.975481282808595,-0.7643087869109031,-0.7671717674077556,-0.7711764835759793,0.8223898283928323,0.1331906203010778,-0.7937265326079355,1.3233426721657882,0.3706896603107452
-0.5432507761175802,-0.7638569553513024,-0.7671428098687954,-0.771146142678565,0.2558294571716137,0.1365362672484829,-0.8038952046254677,1.2878752699638858,0.3660407662391662
1.4605281877084184,-0.7640792984696912,-0.767128352660076,-0.7710854629178828,0.27600216820265433,0.554732563920502,-0.8287523941778594,1.223879604031079,0.3801368474960327
0.1037715285936941,-0.7634051237917016,-0.7672730253641535,-0.7709922514837091,0.14012844262946686,0.6194135826308821,-0.8363420788575261,1.2462397038259903,0.3816357851028442
-1.2539208285243408,-0.7633334339539386,-0.7665352865659363,-0.7709169496221719,0.11914446119161448,0.6907856825304365,-0.847858251334167,1.24932360196601,0.3699397444725036
-0.6396693044777507,-0.7638928216505633,-0.766079643010754,-0.7708200800656149,0.19403014603498414,0.5814971013828344,-0.8615116336133529,1.2508659186919735,0.3643915057182312
-0.4871700681168082,-0.7641581778163948,-0.7663038619852377,-0.7707177287740904,0.23202017604727013,0.37518688581684534,-0.8451052436257739,1.2107723016240879,0.3603422343730926
1.500711781894324,-0.7643518427191047,-0.7656239994555717,-0.7705740724613834,0.4098729668050093,0.21013879844630737,-0.8327100912619423,1.2261928952920476,0.3745877742767334
-0.4752069682775968,-0.7636705198675747,-0.7655517047876701,-0.77044394068205,0.4211146513484723,0.19229577347141877,-0.838265180967882,1.2786228402319193,0.3705393671989441
0.4255239317732674,-0.7638641434348843,-0.7661158119054654,-0.7703229470165129,0.19285746213963317,0.10642608283874491,-0.8271327247699162,1.306379761771865,0.3750379085540771
-0.6944067675932023,-0.7636489912507947,-0.7663834068182596,-0.7701833087248724,0.14962470122252644,0.20902358279717234,-0.8341780715519139,1.2724546762959261,0.3688901960849762
-1.167912638442772,-0.763943018505512,-0.7665787056257681,-0.7701314022392329,0.2531397880394523,0.2759350328058226,-0.8512091374798938,1.198435606096148,0.3583931028842926
-2.153106089068882,-0.7644450640243651,-0.7658916346151191,-0.770114952312204,0.285479964753066,0.5056641388867403,-0.8755665971732587,1.2138561997641075,0.339199036359787
0.8339383497967082,-0.7653630605499715,-0.7660868917384903,-0.7700670666082586,0.4193039377741415,0.3082754358081947,-0.8644297291912513,1.2107723016240879,0.3468465507030487
-2.8170206435355727,-0.7649973021220908,-0.7658699243665111,-0.7701226270753397,0.8419157105723345,0.43540704193068497,-0.8909021219010749,1.204603770032141,0.3224040567874908
2.2126854422607947,-0.7661663157056894,-0.7661664322593601,-0.7701398076243016,1.3419358237080248,0.33057932337962304,-0.8871987287637817,1.1706786845562023,0.3409979045391083
1.7959622425462802,-0.7652770259029344,-0.7666727134170457,-0.7701193373514671,1.580718814795831,0.21682987963548161,-0.8669685202745161,1.1891831763641816,0.3570437431335449
-0.2817980752074262,-0.7645095999871532,-0.7675984548613617,-0.7701047155412044,1.4120964881307139,0.19898685466059302,-0.8683160207336248,1.2385292231640337,0.3549442887306213
-2.8866112104417883,-0.7646100108013542,-0.7672296106164739,-0.7701452894319173,1.8008599836433072,0.17779818273829934,-0.8749999280230337,1.186099278224162,0.3293018341064453
-0.5157334030449245,-0.7658364150249178,-0.7684084868900966,-0.7702326544376659,1.7492892525878538,0.1889501265240137,-0.8840977347808031,1.1953517079561284,0.3254028558731079
3.1143747884016024,-0.7660228918440457,-0.7675116943604364,-0.7702790789703935,2.389960797066923,0.0071740171220866355,-0.8523067457762543,1.2817071060278926,0.3516449928283691
1.354996153610815,-0.7647678065540858,-0.766737793854428,-0.7702834656079148,2.4276250943301014,0.06739438594156262,-0.8270613736946765,1.3032958636318455,0.3642412424087524
-1.2790689016945012,-0.7641653644746181,-0.766839051810826,-0.7703499941944093,2.270513613878813,0.0450904983701339,-0.8239513927442057,1.3102350021028435,0.3528449237346649
0.8497113078739855,-0.7647104173394793,-0.7680758029156158,-0.7704004390002944,2.271603541963011,0.0049437985294525,-0.8131937747903621,1.3287398615667765,0.3609418869018554
0.45454164021272575,-0.764323163078067,-0.768263852995388,-0.7704110403921034,1.7425399405788042,0.016095742315166858,-0.8171068638358028,1.4675252045784126,0.365590751171112
0.3997920728710172,-0.7641008213850368,-0.766998178848855,-0.7703978817872053,1.543477568728089,-0.06977394831750701,-0.7956719115043778,1.5477124387141838,0.3697895407676697
0.5856714820098535,-0.7639000054580694,-0.7663906541086118,-0.7703602307474645,1.3975964992545231,-0.006208145256261858,-0.7957522495471097,1.5507967045101574,0.3757877647876739
-0.5834922991102072,-0.763613127802251,-0.7669403054550717,-0.7703697330461818,1.4209047377645152,-0.034087898367729796,-0.8101953956362017,1.5384600089822174,0.3706896603107452
-0.41626797584361935,-0.7638569553513024,-0.766549784021409,-0.7703777757719397,0.7284720504843483,-0.048585489100849234,-0.8258521636020059,1.5060768725762883,0.3672400116920471
-0.14712208002078656,-0.7640219420383332,-0.7663255664843094,-0.7703989767393552,0.6819355186517418,-0.07758024515581628,-0.8293726038677491,1.609394813386022,0.3663406670093536
0.7844837798011827,-0.7640649550857758,-0.7661230563210496,-0.7703861830458589,-0.10463761811655387,-0.16456515143762518,-0.8230545478549703,1.5839508154510913,0.3741385340690613
-0.3813571392186832,-0.7636920057235959,-0.7658337583465678,-0.7703554770917465,-0.2853374346787379,-0.10769042956555427,-0.8191459250600409,1.5384600089822174,0.3709895610809326
0.1234886525480764,-0.7638426119673869,-0.766079643010754,-0.7702739621468279,-0.6073672915534544,-0.19356012019822813,-0.8174459720758356,1.5546515771851819,0.3726387917995453
0.05955395823315894,-0.7637637340460419,-0.7662460216512875,-0.7702085307645744,-0.7158899931512316,-0.16010450154672098,-0.8388630594052158,1.6101657879210272,0.3736883699893951
-1.0747657942270084,-0.7637135357657346,-0.766289397589598,-0.7701072762414024,-0.5189012265451936,-0.19467533584736277,-0.8228181089102254,1.6001423836540556,0.3639415502548218
-0.342092384700497,-0.7641796978810231,-0.7659133017422056,-0.7700579267509078,-0.5548219782978497,-0.2370524669863146,-0.8305996244959949,1.603997623985034,0.3612424731254577
-1.2567652314818336,-0.7643087869109031,-0.7660651786151144,-0.7700747429696526,-0.48494384639949706,-0.15787407024845093,-0.847956399912474,1.6171052940479789,0.3501452505588531
0.13397626324268402,-0.7648395348765319,-0.7659856352194764,-0.770082418967806,-0.46918283578444714,-0.1969057671456332,-0.8427448846970781,1.5615910833121336,0.3517953753471374
-0.03433443167827521,-0.764760614194428,-0.7659350134281977,-0.7700272231215345,-0.46821636500032027,-0.24485876382462388,-0.841593735861053,1.5585068175161603,0.3519447445869446
0.2835246727409664,-0.7647534702969636,-0.7664051084425633,-0.7699552109838699,-0.4299918785811314,-0.278314595181767,-0.8332946254142122,1.6171052940479789,0.3549442887306213
1.259002663138029,-0.7646100108013542,-0.7665352865659363,-0.7699182909293026,-0.2569329471316849,-0.12999431713698298,-0.8255889271541936,1.6340678367859482,0.3667906522750854
-0.6768830423446325,-0.7640434335957889,-0.7670705123261258,-0.7699263336550605,-0.22360434537064322,-0.08204110775235639,-0.8515660562555017,1.57238546211411,0.3609418869018554
-0.5727944098246299,-0.764323163078067,-0.7669909258089666,-0.7699182926728569,-0.21623017680494977,0.03393876729005546,-0.8605121738952994,1.5238103898492628,0.3561435639858246
1.8495827011842805,-0.7645526529446376,-0.7669837216401355,-0.7698879517027944,0.25393586743366897,-0.012899226445436104,-0.8581027406774503,1.5137869855822914,0.3733886182308197
-0.30318932072774823,-0.7637278720228569,-0.766839051810826,-0.7698747912090457,0.13908913493023456,-0.08538675469976147,-0.8669015809833179,1.4659832555084027,0.3709895610809326
-0.336650534990103,-0.7638426119673869,-0.7662676945279102,-0.7698784474425784,0.13863212211490913,-0.03185746706946013,-0.8598339574152339,1.4852590895073408,0.3682896494865417
-0.7861219696502248,-0.7639717409073086,-0.766549784021409,-0.7699135395256755,0.02036337620948934,-0.047470273451714604,-0.8791539767302002,1.4659832555084027,0.3613919913768768
0.8610557117070864,-0.7643016358866456,-0.7667812100394917,-0.7699157337162135,0.0856418026957895,-0.19021447325082305,-0.8682223384058291,1.4760066597753743,0.3697895407676697
0.26737848016628685,-0.7639000054580694,-0.7659494706369171,-0.7699022070033971,0.0819372473060478,0.0450904983701339,-0.8868864180268161,1.4598150915724097,0.372789055109024
0.26473203933443573,-0.7637565473878186,-0.7660651786151144,-0.7698791781371593,0.0815415440982725,-0.05304613899175343,-0.8730768803791473,1.4243476893705072,0.3757877647876739
-0.1449232126839859,-0.763613127802251,-0.7661953969852406,-0.7698773498750968,-0.07052731942554827,-0.008438576554531913,-0.8741521574229518,1.401987589575596,0.37488853931427
1.110772145661411,-0.763656135148259,-0.7665280752101852,-0.769840796548134,-0.03198439819592069,-0.19913598573826774,-0.8460377640526291,1.4405392575734717,0.3859847784042358
0.5131959643769529,-0.7631254342194651,-0.7661230563210496,-0.7697947388156587,-0.11697390317919697,-0.16344993578849015,-0.8487684405084663,1.4729223939794007,0.3915329873561859
-1.1032964242084249,-0.7628600794789923,-0.7659783879291241,-0.7697768274268196,-0.27445045308063654,-0.06754351701923694,-0.8524450361426924,1.469838495839381,0.3810361325740814
-0.7152479873181521,-0.7633621135949762,-0.7658337583465678,-0.7697508754916657,-0.21221813282616214,-0.17794752652160958,-0.8549437399042957,1.4505626618404432,0.3745877742767334
-0.7580168642926264,-0.7636705198675747,-0.7658771285353421,-0.7697347920016487,-0.15177747095185423,-0.014014442094571132,-0.8719658188647836,1.4343710936374787,0.3678403794765472
-0.49902863358682603,-0.7639932281886884,-0.7653419502088261,-0.7697018922928869,-0.1997645136374961,0.04286027977749977,-0.8846331401774498,1.4312868278415052,0.3636416494846344
-0.8279660037378204,-0.7641940412649385,-0.7650743567334161,-0.7696905620226994,-0.258330258904181,0.09750457035130061,-0.8921960818205189,1.3773145661756698,0.3564433753490448
0.526937742614606,-0.764538313836798,-0.7655806263920293,-0.7696668020986404,-0.21554715590570378,0.11757802662445926,-0.8920354602015249,1.3742306680356502,0.3616917431354522
-1.857276782106395,-0.7642872996295234,-0.7658916346151191,-0.7696909282417671,0.07085341264378209,0.25028549828698915,-0.9142601218763863,1.3487866701007192,0.3450470566749573
1.569492361725326,-0.7650833667016591,-0.7662170655497113,-0.7697092060676182,0.4331831265877367,0.4632867950421529,-0.9173655821098762,1.3803988319716434,0.3592925667762756
0.45687533428961635,-0.7644020452754879,-0.766419572838203,-0.7697018938911451,0.30072400772988095,0.2246361764737909,-0.9033998890937246,1.3742306680356502,0.3639415502548218
-0.5200500715838785,-0.7641796978810231,-0.7667667499560041,-0.769693486762522,0.23203399975140404,0.018325960907800993,-0.9081740930243111,1.3487866701007192,0.3595924079418182
-0.5256124635310604,-0.7643877047422898,-0.7665136180014657,-0.7697377165961751,0.1731119487198727,0.019441176556936023,-0.9227689826978444,1.3803988319716434,0.3552442789077759
-0.3493112578388194,-0.7645956631413628,-0.767316401302464,-0.7697826798123889,0.15400911967247252,0.032823551640920434,-0.9369533041231657,1.3518705682407388,0.352544367313385
-1.4867987757862697,-0.7647247920812845,-0.766629331729199,-0.7698524980501079,0.28053368479226376,0.29712349202248034,-0.9523691668937138,1.3649782383036837,0.3396482169628143
-0.3628817714320699,-0.7653415775446677,-0.7664051084425633,-0.7699120808971414,0.2780865446904228,0.227981823421196,-0.9544484243725525,1.3603520234377005,0.3369494080543518
3.2679699755261438,-0.76547065374632,-0.7666148702083274,-0.7699226805453959,1.201508249496781,0.05512722650671363,-0.8998035770357607,1.4659832555084027,0.3654412627220154
-0.3409810127275112,-0.7641079709839357,-0.7668245831030341,-0.7699471733434791,1.1937218458543142,0.1856044795766086,-0.9202390696491322,1.4482493705794746,0.3627414107322693
-1.462602785307855,-0.7642370970731401,-0.7669548014731604,-0.7700107766816142,1.100555222939435,0.28039568269672677,-0.9423879139982426,1.401987589575596,0.3496958613395691
0.9925087693037787,-0.7648610278593462,-0.7675767906090433,-0.7700495252161883,0.9913618704880531,0.09192849210562508,-0.9193243597578521,1.4736933685144056,0.3589927852153778
2.6870045594959433,-0.7644163829579688,-0.7677069557959599,-0.7700542781454255,1.451161704411741,-0.0608524358300627,-0.889648303769762,1.5307498959762145,0.3840349912643432
-0.5567021519751221,-0.7632186868826154,-0.7663327764026766,-0.7700846170086931,1.454557132879014,-0.07869546080495131,-0.8867436069433973,1.4983663919143317,0.3790871202945709
-0.15967945403612196,-0.7634553291988021,-0.7664629918980348,-0.7700919267151308,1.4289287531258341,-0.15564363895018085,-0.8845662553527212,1.4482493705794746,0.3780374825000763
-0.36243821851081287,-0.7635055303298266,-0.7670921866401326,-0.7700908294382417,1.4299039449039082,-0.24485876382462388,-0.8796804496258245,1.489885304373324,0.3750379085540771
-0.47469158130719985,-0.7636489912507947,-0.7666437903753025,-0.7700831527862553,1.2623098480271957,-0.07311959526491209,-0.8974388063230234,1.4497916873054382,0.3709895610809326
-2.0817444765806026,-0.7638426119673869,-0.7654359896225527,-0.7701120300424167,1.5852274219075615,0.017210745258665967,-0.9141307095445009,1.4181791577785605,0.3517953753471374
1.387839183475216,-0.764760614194428,-0.7656746284337707,-0.7700919241724473,1.0115563611008642,-0.03520311401686522,-0.9099945803058489,1.3811698065066482,0.3646913766860962
1.3369565959011507,-0.7641438358578381,-0.7657252530998175,-0.7700531760011137,1.122166236923133,-0.18575382335991886,-0.899205698598427,1.4181791577785605,0.3775873482227325
-1.6565733555877393,-0.7635270589466068,-0.7658699243665111,-0.7700115044702712,1.1684184509934623,-0.11103607651295895,-0.9153309871361492,1.4104690447725574,0.3621419072151184
-0.3273269808787368,-0.7642657695873846,-0.7660651786151144,-0.7700107735577458,1.1145338351306573,0.04620571401926893,-0.9194894476273572,1.407384778976584,0.3595924079418182
-0.05099993124842824,-0.7643877047422898,-0.7669909258089666,-0.7700213753127955,0.4538580823303695,0.05512722650671363,-0.9318845999911888,1.3634362892336738,0.3595924079418182
0.3091420399029282,-0.7643877047422898,-0.766368943860004,-0.7700133324417414,0.47472307804183916,0.07966154537641161,-0.9285247813444395,1.3287398615667765,0.36289182305336
-1.5108045354326822,-0.7642299032881236,-0.7657469633484254,-0.7700275905029716,0.6123753728254311,0.009404448420356691,-0.935748614747476,1.337221316763738,0.349395215511322
-0.707950315938784,-0.7648754068772274,-0.7664919063154737,-0.7700495223829125,0.6230014290856528,0.3874540452516943,-0.9594724659994176,1.3349080255027694,0.3435472846031189
-0.2736939485398973,-0.7651550964494639,-0.7666148702083274,-0.7700447691630831,0.6227676871652738,0.4454437700672647,-0.9525297885127078,1.3133192678988168,0.3415981233119964
-0.1544298982006967,-0.7652483191800828,-0.7666148702083274,-0.7700356314125271,0.3109122368941559,0.3026995702681551,-0.9448820970428652,1.3356790000377743,0.3406979739665985
-1.0184573275411026,-0.7652913707122085,-0.7664557374207622,-0.7701164177696594,0.06378407993071965,0.4755539544770023,-0.962899223937365,1.3117773188288069,0.3323003947734833
-1.3970797034631546,-0.7656930025661434,-0.7671066869703733,-0.770218402551524,-0.3068953510335357,0.4030666389283133,-0.9715553076262835,1.3518705682407388,0.3209043443202972
0.095657549710876,-0.7662380426027767,-0.7673887362171189,-0.7702856637940981,-0.41174066415901517,0.4264855294432403,-0.9736925718952982,1.337221316763738,0.3221033811569214
-1.9148164237739456,-0.7661806961489291,-0.7674827454457805,-0.7704128720686266,-0.15721099905782765,0.5078945701850104,-0.9886443258779697,1.2971276996958523,0.3068083226680755
-0.7608026034156796,-0.7669122144300491,-0.7675261601934602,-0.7706146496939088,-0.21460107605969098,0.4744387388278677,-0.9788549583550709,1.2655151701689744,0.3012600541114807
-1.1255333837651376,-0.7671775720212393,-0.7679311805199797,-0.7708244703355412,-0.38636690872464813,0.5714603732462555,-0.9887782044603661,1.2323610592280405,0.2930127084255218
1.0739107120833093,-0.7675720186423094,-0.7684808189299832,-0.7710112616750474,-0.004939117493241495,0.6762880917973171,-0.9852711629461565,1.1544871163532378,0.3014103472232818
0.8082020735509792,-0.7671703839376572,-0.7684229886577213,-0.7711746575660079,0.20186364634135603,0.5290830294016685,-0.9636086497045393,1.1930384166951598,0.3080082535743713
-0.7963270520029928,-0.7668548252154426,-0.7691606785848811,-0.7713424422012846,0.20663666539890818,0.4844754669644466,-0.9682178202320902,1.1868702527591668,0.3021595180034637
-5.953211294737266,-0.7671345532723621,-0.7694282749350593,-0.7715741965390602,2.0613829127916508,0.6874400355830315,-0.9888005357129221,1.0928043740254456,0.2567231357097626
-0.07386905830372424,-0.7693076436400803,-0.7698260494086105,-0.7718377516378022,2.111756346288466,0.8457970417643947,-1.003114269470129,1.1699077100211974,0.2565735578536987
-0.6474483995417704,-0.7693147975150552,-0.769421026207323,-0.7721422469189729,2.1074052591983206,0.8179172886529268,-1.013729130807023,1.115164473820357,0.2526746988296509
0.9273511777934537,-0.7695012686327485,-0.7691028051910979,-0.7723937387282072,2.2275480715255167,0.7900375355414588,-1.005081979619127,1.1837859869631933,0.2589727938175201
-0.3465290410465052,-0.7692000490183732,-0.7693848932472126,-0.7726437688576872,2.1692874416494314,0.885943954310712,-1.021300950484645,1.1814730633581787,0.2570229172706604
-1.4020247789893732,-0.7692933059575995,-0.771576317462366,-0.7729153646117163,2.1930258858590177,0.9506249730210923,-1.018918314769863,1.078154754892491,0.2481760829687118
1.1585309883592987,-0.7697164243802347,-0.7715835316928852,-0.7731763607538148,2.3436169802351987,0.7130895701018652,-1.0055906419791762,1.1575710144932574,0.2558237612247467
1.467523413985544,-0.7693506581128816,-0.7717715760231213,-0.7733803304628399,2.411957551994515,0.6138375043852073,-1.0038014184512167,1.1683653932952338,0.2657210230827331
-1.5129631179714702,-0.7688773007872179,-0.7714678150903838,-0.7735941710870373,2.3554405795256232,0.8045351262745779,-1.0303094866986602,1.1614262548242358,0.2558237612247467
-0.3271167005215689,-0.7693506581128816,-0.7715618588162625,-0.7738076472357215,2.361557429361766,1.0108451291349323,-1.0508253173547635,1.103598752827422,0.2540241181850433
1.3624077499262415,-0.769436729819243,-0.7719885469885606,-0.7739966309495631,0.4873996105782453,1.062143985466964,-1.040852942493845,1.1066830186233954,0.2631714642047882
2.610456504824985,-0.7689992387928404,-0.7716196948380605,-0.7741216445976651,0.9699168978209188,0.8045351262745779,-1.0104273189504498,1.199206580631153,0.2810162305831909
-1.5800107980134281,-0.7681457753793048,-0.7711423439090384,-0.7742455635842096,1.160245177047274,0.9316667323970687,-1.029501912353179,1.1591129635632673,0.2700692415237427
-1.097070516118215,-0.768669338112069,-0.7716196948380605,-0.7743899508094418,1.2222235606869598,1.1513591103414067,-1.040429084427039,1.1043700950183808,0.2628716230392456
-0.5211845419661151,-0.7690135793260385,-0.7717064927109709,-0.7745047298659874,1.233251512028581,1.5840527850409096,-1.0560947848938655,1.0311219993536074,0.2597226798534393
2.1698714532659906,-0.769164184144471,-0.7712653106766602,-0.7745701612482407,1.3247943723482467,1.5561730319294416,-1.043414064829666,1.00876226721465,0.2744182348251343
-1.7454005606779615,-0.7684613383775954,-0.7704046467949583,-0.7746443656149444,1.5197931693854299,1.4546907476201492,-1.0438290448619194,0.9917993568207266,0.2625719606876373
1.5629580116449673,-0.7690279113070849,-0.7709326267021795,-0.7747127217370205,1.5367485056151156,1.687765500648472,-1.039759800447996,1.0118461653546695,0.2733687162399292
-0.8476286394208085,-0.7685115338071855,-0.7712797721975317,-0.7748106861730795,1.4270118091675246,1.8684266071069,-1.0430437473025245,1.0796970716184546,0.2678204476833343
-4.951916358352758,-0.7687768913983757,-0.7714316476330564,-0.7749759102897784,2.689334288256506,1.7346037070895994,-1.0332320485270698,1.045771618486562,0.2343798726797104
-1.6581205328618507,-0.7703762570996676,-0.7707228721233356,-0.7750537692191085,2.604476124282119,1.6978022287850514,-1.0512134998839497,1.0033650778136616,0.224783182144165
-0.12959267121633583,-0.7708352389708465,-0.7712942250940991,-0.7751323606955461,2.067622727525006,2.0379351316627057,-1.068079423475955,0.9686686501467642,0.2243330925703048
-0.1558901253439484,-0.7708567654495887,-0.7707734910398462,-0.7752029094099019,2.0586483392050337,2.4505555627946856,-1.084365333632671,0.8931076308769761,0.2237336039543151
-1.2348933747780257,-0.7708854372511539,-0.7710410873900244,-0.7753052609556947,2.0648220207502317,2.79068846567234,-1.108281070257185,0.861495469006052,0.2169852703809738
1.929212225754804,-0.7712081904710644,-0.7726539465599709,-0.775376174254536,2.396354076553816,2.226402534959443,-1.0809832381998357,0.8437615840771246,0.227932259440422
-2.2201081116712706,-0.7706846277383003,-0.7731168007522125,-0.7754562272654318,2.084964752604981,2.1606063005999276,-1.1033596434591382,0.8321962307401427,0.2153360545635223
-0.1057951505846787,-0.77128706767973,-0.7731385088447443,-0.7755556555606881,2.074142642095995,1.741294575573138,-1.0935256134311275,0.8160046625371782,0.2150354385375976
1.8102683782770124,-0.7713014452722526,-0.7731674225434912,-0.7756543532340114,2.137874038726667,1.2751452822221276,-1.0608957863275192,0.9439956267468381,0.2252324223518371
1.0205256888687217,-0.7708137531148254,-0.7734928987556808,-0.7757139361173689,2.2808184689697675,1.3409415165816434,-1.0569068799563275,0.9810049780187503,0.2313811630010604
-0.48348047040633224,-0.7705196766852352,-0.7729649188484596,-0.7757753467905764,1.010084546667159,1.3532084633108568,-1.0640146453125428,0.8915656818069663,0.2288317084312439
-1.23414349169799,-0.7706416097021025,-0.7735724414326267,-0.7758758700016586,0.9235410319380603,1.9018822257584072,-1.0855477462222747,0.8422196350071142,0.221933975815773
-0.979226350210046,-0.7709715082448361,-0.7735869403254834,-0.7760326867354661,0.9795394805792885,2.385874756789941,-1.0998614799794812,0.7342754793313971,0.2166855335235595
-1.3006069379519776,-0.7712225260155073,-0.7730951336251258,-0.7761796346608962,1.0655376494600468,2.8085319160585005,-1.1185612896045578,0.716541594402469,0.2097870111465454
2.053237820444972,-0.7715524623302445,-0.7727985761425272,-0.7762816214405834,1.306679556583094,2.468398587769575,-1.0946722960166415,0.8175466116071881,0.2210337370634079
0.7212901202251377,-0.7710145640530376,-0.772921537879305,-0.776365330685012,1.081616465770948,2.1003859317804516,-1.0851461649415548,0.7581771605403645,0.2253827601671219
0.6540430115126535,-0.7708065628932055,-0.7732542196977096,-0.7764749940077135,0.6968736585032945,1.8327405571571227,-1.069252903564536,0.8530140138090905,0.2294312119483947
-0.8205872069929832,-0.770612937187858,-0.7735073552457082,-0.7765667457962795,0.7736233536673621,1.721221544711251,-1.0738932833791957,0.7389016941973804,0.2249327600002288
-0.07710121595488928,-0.7708280850958718,-0.77384007515479,-0.7766851810863578,0.5051134733518559,1.9130339568384855,-1.0735720401412077,0.7003500261995045,0.224783182144165
-1.0983844699088425,-0.7708352389708465,-0.7732976387575414,-0.7768047132174367,0.4608025489937165,1.775865622579416,-1.0903308826538836,0.6224760833247017,0.2187849581241607
1.5093224566909509,-0.771122116626665,-0.7730878827413135,-0.7768215272930625,0.6996280735847609,1.390009941615405,-1.0613196443943254,0.5816114917218111,0.227482259273529
1.0874032419045612,-0.7707061499409665,-0.772892623461866,-0.7767988647185406,0.6469640300714399,1.063259201116099,-1.0565409742132277,0.658714460061609,0.2340800166130066
0.45185064733996444,-0.770390598345545,-0.7731095865216931,-0.7767677947611275,0.5164137477304974,0.9941173198091787,-1.0494019451034342,0.7774529945393024,0.2370788753032684
0.37108927800115904,-0.7702471716331842,-0.7731168007522125,-0.7767290486965887,0.22984286076459287,0.9718136449433855,-1.0344412041532707,0.7628033754063478,0.2396283447742462
-0.2229360267464352,-0.7701252379036376,-0.7734060987266943,-0.7766764112257758,-0.057070885986513484,1.0811022260909877,-1.042450335115702,0.6556301942656356,0.238578662276268
0.4670606135135524,-0.7701754411727002,-0.7729866226288393,-0.7766427827839317,-0.0797585603852586,0.9294363010987986,-1.0278777766947247,0.6795322431305568,0.2417276054620742
-0.4161373121004091,-0.7700248363542678,-0.7726684087995346,-0.7765839306314793,-0.06339710097231785,0.8759072261741327,-1.021765004806052,0.7566352114703546,0.2394788861274719
-0.6409097721729391,-0.7701323860771779,-0.772523772030058,-0.7765331193159342,-0.10349887564147531,1.0509920416812497,-1.04065217908672,0.7088314813964661,0.2358796894550323
-0.5501304899750361,-0.770304525213825,-0.7724008095745882,-0.7765144767603014,-0.05085302142254363,1.114557844742495,-1.0356905560340723,0.691868571002543,0.2328801304101944
-1.7695285024489193,-0.7704479854221137,-0.7724514363967112,-0.7765356779093372,0.18468185599749604,1.1390921636121931,-1.0553050210839596,0.7504670475343616,0.222683846950531
-0.44752643534904163,-0.770935644083613,-0.7722995609611866,-0.7765561482184957,-0.09440590682836554,1.4970680914647365,-1.0702077552439473,0.7011210007345094,0.2204342037439346
-0.05099993124842824,-0.7710432379926407,-0.7724080180555714,-0.7765598041614361,-0.3331413904410009,1.536099575656283,-1.0606637591668158,0.6571721433356454,0.2204342037439346
0.0825174128607542,-0.7710432379926407,-0.77258160948924,-0.7765488382941138,-0.3996734835037014,1.421235128968642,-1.0699980593357998,0.6386676515276662,0.2211840450763702
-1.913739191894256,-0.7710073752567763,-0.7727262800372416,-0.7765466439219557,-0.16870794415472504,2.2386696943942925,-1.0927581808737774,0.5176158257890043,0.2106872051954269
1.1501662319885384,-0.771509408660081,-0.7732180529590742,-0.7765561483637919,0.14918117819709714,1.9565263036265712,-1.0800551295570218,0.49679804272005657,0.2171347439289093
-0.8641828543655826,-0.7712010415848448,-0.7733265546123644,-0.7765872201737317,0.06475996847212104,2.1148835225135714,-1.0984872364837752,0.46364374795114616,0.2126362174749374
0.5027020773345733,-0.7714161930562551,-0.7733265546123644,-0.7766208486882239,0.17731804502181123,1.8327405571571227,-1.0787210278494468,0.5607933409969097,0.2156358361244201
-0.07835402746317942,-0.7712727299972492,-0.773290389311113,-0.7766438778087298,0.18501929334921793,1.8461227195354712,-1.0745714998592613,0.5692747961938712,0.2154855579137802
-0.16021576926362716,-0.7712799173681518,-0.7737966582510343,-0.7766680039155326,0.18666058135246144,1.693341791599783,-1.06766003165966,0.5237839897249974,0.2148859649896621
-0.16052323431620497,-0.7713085941584722,-0.7734856895560057,-0.7766789700007991,-0.07577983109670404,1.663231607190045,-1.0697303566374765,0.5777562513908329,0.2142863571643829
-0.46307104151953754,-0.7713372716614719,-0.7737026562092929,-0.776716621149512,-0.07474052490085413,1.9632175975213821,-1.0856905028392239,0.5075924215220329,0.2120366841554641
0.03232289572130981,-0.7714448669958582,-0.7735579827865232,-0.7767692581844362,-0.07085339371196442,1.775865622579416,-1.0804611770882528,0.4559334511171664,0.2124868035316467
0.8631086338608104,-0.7714233390917574,-0.7735652307955675,-0.7768171423990956,0.04849455739273744,1.8784633352434794,-1.0873860440393877,0.4358866425832232,0.2174354046583175
0.7610666257064393,-0.7711866618542843,-0.7735941495251586,-0.776860275355424,-0.39223594087421904,2.0200921066878172,-1.0944983301125835,0.4274051873862616,0.221933975815773
0.5323550997956223,-0.7709715082448361,-0.7736230689734416,-0.7768928090267384,-0.545358183228531,1.9654480288196523,-1.0979830403742372,0.41661080858428495,0.2252324223518371
-1.2007849515945241,-0.7708137531148254,-0.7737315720641158,-0.776949102040927,-0.4140952752775397,2.314502656890387,-1.113903099254323,0.3634097052814317,0.2186346054077148
0.7297860513849427,-0.7711293075609642,-0.7737098625341999,-0.7769893116740708,-0.3740432197913912,2.12826568489192,-1.1118327742765066,0.3603256233134355,0.2229837477207183
-0.10378993132761348,-0.7709213006996976,-0.7734711885070729,-0.777021478726753,-0.3726165814454862,2.2063290786862844,-1.1279669408487816,0.2870777114766387,0.222683846950531
-0.606059817660945,-0.770935644083613,-0.7732542196977096,-0.7770540102186243,-0.31093136733543913,2.3000050661572673,-1.1291984277275386,0.260091580643721,0.2195347845554351
0.726429998486995,-0.7710862546034799,-0.7730951336251258,-0.7770510869317636,-0.2580317769491019,1.9442595696029945,-1.1112973144133904,0.34721813707846716,0.2238830626010894
-0.6556463351138252,-0.7708782890776136,-0.7734133503291988,-0.7770510869317636,-0.220498478531194,1.6398122912638455,-1.1116007471158034,0.3526153264794557,0.2204342037439346
0.002368798693578049,-0.7710432379926407,-0.7732035885634345,-0.7770503563098308,-0.219741308427646,1.904112657056677,-1.1216176755488942,0.2932458754126318,0.2207339257001876
-0.6375397000914875,-0.7710289031608771,-0.7732180529590742,-0.7770594942420069,-0.25553420899902174,2.2074440816297827,-1.133709395210313,0.2300215516707833,0.2174354046583175
-0.024009411951963305,-0.7711866618542843,-0.773369934144135,-0.7770426799121127,-0.3635778165092642,1.5862832163391796,-1.1151211873815465,0.3009561722466116,0.2175849229097366
-0.9706624652611321,-0.7711795108300268,-0.7731602140625081,-0.777054010037004,-0.3539290483496994,1.8885000633800586,-1.1269094743405523,0.3017273306095934,0.2124868035316467
0.3090337949934304,-0.7714233390917574,-0.7733265546123644,-0.7770496230725663,-0.4777260758305309,1.9420291383047243,-1.1366096257861664,0.2893908189096303,0.214435875415802
-0.7920296419067584,-0.7713301206372144,-0.773312098841029,-0.7770624168750347,-0.5711395361078876,2.1817947598165857,-1.1480588589716092,0.2901617934446353,0.2103874534368515
-0.7784082540036503,-0.7715237449172032,-0.7734711885070729,-0.7770843487549756,-0.5376077352938018,2.5364252534273595,-1.157205740018532,0.24775525277173485,0.2064884752035141
-0.30752344702577006,-0.7717102217363311,-0.7734639771513216,-0.7771081086790346,-0.5519634826447615,2.3557645723802034,-1.1528241848676428,0.25238128380974123,0.2051389664411544
-0.30919958498647926,-0.7717747648259125,-0.7737098625341999,-0.7771336964655917,-0.805902263811837,2.4795507442609246,-1.1595660989472276,0.20920358477385903,0.2037895172834396
1.450743120180272,-0.7718393050647765,-0.7736158576176904,-0.7771347937061568,-0.25687999181978527,1.9687934630614214,-1.1375868087181338,0.2670309029426959,0.2115865647792816
1.061734677879366,-0.771466394899959,-0.7738111154597537,-0.7771223661954042,-0.05983794941641023,1.7624834602010675,-1.1165713026694732,0.38885370321636265,0.2175849229097366
0.6523438377307933,-0.7711795108300268,-0.773999165539526,-0.7771124973507028,-0.045910611514997715,1.8003999414491147,-1.1120826119727854,0.3873117541463528,0.2214838862419128
0.9853549477213216,-0.7709930347235782,-0.7740642531638284,-0.777099339181693,0.05282142648346084,1.5751314852591012,-1.0844590704269366,0.5299523374889674,0.2273318320512771
-1.604411714760998,-0.7707133444386624,-0.7741293379133628,-0.777116153293643,0.24888038565926024,1.7959390788525746,-1.1067774144295937,0.5592513919268998,0.2183347940444946
-1.2641490026639992,-0.7711436466688038,-0.7737532815940318,-0.7771333340605493,0.3976181951044225,1.5840527850409096,-1.088987848445286,0.6378966769926613,0.2115865647792816
0.5887886758882638,-0.771466394899959,-0.7734639771513216,-0.7771527093812337,0.3758833996273253,1.5204869819796645,-1.082040704708065,0.6363543602666977,0.2150354385375976
0.5512355884618307,-0.7713014452722526,-0.7732759277902415,-0.7771633109183389,0.3151495797753434,1.4736492009498088,-1.0723092895088724,0.7034342919954779,0.2183347940444946
0.3264171402973924,-0.7711436466688038,-0.7729938778248039,-0.7771611184350314,0.2887596229771049,1.5829377820974104,-1.079836501147852,0.7273359732044453,0.2204342037439346
0.4295839694912239,-0.7710432379926407,-0.7734278104126863,-0.7771629463701776,0.2547467180562989,1.4836859290863882,-1.067597558618973,0.7149996453324592,0.2231331914663314
-0.5522267151807584,-0.7709141532388366,-0.7737532815940318,-0.7771633129888098,0.15429131429593002,1.5762464882026004,-1.0771995614862802,0.6425228918586445,0.2202838063240051
1.899579058806862,-0.7710504310649778,-0.7735869403254834,-0.7771377248753363,0.38552566220934986,1.1268250041773442,-1.0627340841446322,0.6062841474657835,0.2312308996915817
0.43262835649782266,-0.7705268633434585,-0.7734278104126863,-0.7770971508756513,0.37025065833773624,1.2461503134615253,-1.06956080251746,0.5978030599247757,0.2340800166130066
-0.47848913691356726,-0.770390598345545,-0.7733265546123644,-0.7770631559967952,0.32703326303935765,1.3799732134788256,-1.076383000173307,0.4821484235871019,0.2315305918455124
1.3217879350410637,-0.7705125299370537,-0.7731963808011435,-0.7769969939926089,0.1264600262457491,1.2639933384364137,-1.0646973280431193,0.506821446987028,0.2396283447742462
0.17004472353041894,-0.7701252379036376,-0.7733338083709449,-0.7769322935592048,-0.21401586811398782,1.2539566102998347,-1.0633498275840108,0.4644147224861504,0.2409778386354446
0.6573559199564242,-0.7700606955267356,-0.7728058234328796,-0.7768471232162066,-0.21109824014308443,1.0487616103829795,-1.049540289936342,0.5153027183560127,0.2453267574310302
1.2205540017250895,-0.7698526993556587,-0.7726684087995346,-0.7767330750358624,-0.1417495314228095,1.2182705603500572,-1.0335488255145466,0.5677328471238614,0.2532742917537689
-0.027703930653969613,-0.7694725918424281,-0.7727913690989282,-0.7766153707672816,-0.10646499628574561,1.2639933384364137,-1.0314829667872414,0.5954897686638071,0.2534246146678924
0.6921697246237041,-0.7694654023334875,-0.7724008095745882,-0.7764826802855729,-0.10368494068960458,1.208233832213478,-1.0235318970814555,0.5600223664619047,0.2582229375839233
-2.8318704082835042,-0.769235912466917,-0.7723357226689778,-0.7764135930693513,0.8490041498848397,1.2851820103587075,-1.0423967945760373,0.4420548065192163,0.2399281114339828
-0.44348481512660654,-0.770110900933836,-0.772125971683594,-0.7763649761622883,0.6386799173245447,1.061028769817829,-1.0501738439112955,0.4189239160172769,0.2375289648771286
-1.7360344119506723,-0.770225645154442,-0.7717426572935302,-0.7763507208253617,0.8598808659048913,1.271799635274723,-1.0680616129403797,0.4189239160172769,0.2273318320512771
1.1918432136164114,-0.7707133444386624,-0.7717354071284098,-0.7763331738030638,0.9683036888735571,1.191506022887724,-1.0545107910235423,0.418152941482272,0.2345301210880279
-0.17649001506931322,-0.7703690711541236,-0.7715039811103271,-0.7762955228359711,0.821767301407277,1.265108554085549,-1.049259188486485,0.40812953721530093,0.2337802946567535
1.7364645566659525,-0.7704049331773086,-0.7723863516471767,-0.7762154698613994,1.062680462827138,0.9785047261325602,-1.0268649182251377,0.5492279876599284,0.2444265782833099
-0.8938043893499777,-0.769895752313143,-0.7725020639375261,-0.7761566179632153,1.0782827322354291,0.753236269942547,-1.027034472345154,0.5723590619898447,0.2391781657934188
-0.7892446612187669,-0.7701467686584557,-0.7729938778248039,-0.7761167748034076,0.9454668534765647,0.8658704980375534,-1.0348205086479043,0.5476860385899186,0.2346795946359634
-1.0039476430347876,-0.770361922267904,-0.7726466999883107,-0.7760959383115054,0.9661865383758798,0.8379907449260855,-1.043378389292046,0.5176158257890043,0.228981927037239
0.6172063888249173,-0.770634425181917,-0.77268286457087,-0.7760721785327425,0.9538183292074244,0.6049159918977627,-1.0233712754624615,0.5908635537978238,0.2328801304101944
2.0214908600854775,-0.7704479854221137,-0.7721693878686576,-0.7760114984088199,0.7893188219117281,0.43652225757982005,-1.001864917589327,0.6432938663936495,0.2451765239238739
-0.8671586063167677,-0.7698598845885234,-0.7724225219792723,-0.7759899310407165,0.8363140755571241,0.36403494203113057,-1.0013339784431916,0.6679668897935755,0.2400784492492675
-0.14902316531880275,-0.7701037107122162,-0.7726394907886355,-0.7759767704016715,0.5583259237881892,0.465517226340423,-0.9954621117497751,0.6749060282645736,0.2394788861274719
-1.427359348578895,-0.7701323860771779,-0.7729142927450288,-0.7759778654991177,0.6307379908537538,0.6774033074464517,-1.01218081247432,0.5939478195937973,0.2310813516378402
0.7384985466237342,-0.7705340157930748,-0.7727262800372416,-0.7759873698683059,0.6826750639278337,0.8201477199511968,-0.9927671652980274,0.7335045047963922,0.23572938144207
-0.6002281393062618,-0.7703117140100862,-0.7721332175365622,-0.7760082045440055,0.389619072438737,0.8480274730626648,-0.996854220247526,0.697265760403531,0.2324308604001999
-0.8614506001520671,-0.7704694727034934,-0.7723791007633644,-0.7760513393891846,0.385527374589101,0.8435666104661247,-0.9941770843313535,0.7018919752695143,0.227631613612175
-0.10269149037016621,-0.7706990067561815,-0.7724080180555714,-0.7761145784334268,0.3517372036264705,0.9405882448845125,-1.0101596162521265,0.7126863540714907,0.2273318320512771
-0.5429540128786697,-0.7707133444386624,-0.7728130362260148,-0.7761851295451697,0.2924506250036927,1.0063844792440282,-1.0184631929494785,0.6656535985326071,0.2244825363159179
-0.9423860082417236,-0.7708496179887278,-0.7725888589356684,-0.7762798046205965,0.28187812948556773,1.1379769479630586,-1.0272084927156815,0.6209337665987381,0.2193845212459564
0.8074785872987599,-0.7710934412617032,-0.7727479486017124,-0.7763181863549182,-0.22843552178678134,1.001923616647488,-1.0219925657162443,0.6047421983957736,0.2241828292608261
-0.5760372312667131,-0.770863952107812,-0.7729794191787004,-0.7763580298053183,-0.2571315787805627,1.213809910459153,-1.046666802397086,0.5715880874548397,0.2211840450763702
1.3593336159253149,-0.7710073752567763,-0.7729938778248039,-0.7763536428045565,0.09125380003965403,0.9885414542691399,-1.036127812852412,0.570816745263881,0.2291315048933029
0.4884255029217537,-0.7706272713069423,-0.7731313010824532,-0.776359126682643,-0.07188946047029955,0.8770224418232682,-1.0335265487284602,0.5284102045909806,0.2322804778814315
-0.8111646990781239,-0.7704766650631513,-0.7733771814344873,-0.77637374871085,-0.09764585529289373,0.824608582547737,-1.032205791305949,0.5376626343229471,0.2277819216251373
-1.0846085348338068,-0.7706918179599203,-0.7731457561350966,-0.7764289446660937,-0.0189627093273423,0.9238604355587593,-1.0487728029125223,0.5808401495308525,0.2217836230993271
0.10831934812668736,-0.7709786991791352,-0.773290389311113,-0.7764691523014148,-0.0673261553607907,0.7075134918561901,-1.0318578050313636,0.633270462126678,0.222683846950531
0.5569079179450549,-0.770935644083613,-0.7729070785145095,-0.7764899866865221,-0.013750718185546329,0.7543514855916816,-1.0355522112011648,0.6209337665987381,0.2261327356100082
-1.378407090405053,-0.7707706937432273,-0.7727552016416008,-0.7765155741461628,0.15353933280029977,0.9361275949936088,-1.0491788504437531,0.5746719855948594,0.2184852212667465
-1.0479131246660471,-0.7711364521711079,-0.772972169732272,-0.77656419127117,0.17324531349899427,1.150243894692272,-1.0524851285508379,0.4937137769240832,0.2129359990358352
-0.21677147498526944,-0.7714018553737743,-0.773261471300214,-0.7766449751219431,0.05546723446788126,0.7599273511317209,-1.0484917014626653,0.49679804272005657,0.2120366841554641
0.9205425210139065,-0.7714448669958582,-0.7732180529590742,-0.7767005377684671,0.17734744570706926,0.703052841965286,-1.0401747804802493,0.5075924215220329,0.2172850668430328
-0.4030723365949453,-0.7711938520759042,-0.7730517109718339,-0.7767593899209195,-0.10799242244881688,0.735393244967658,-1.044288632932815,0.48369055648508863,0.2153360545635223
0.058294449185346375,-0.77128706767973,-0.7734205552167217,-0.776796310048135,-0.17515360025711063,0.8335300950351813,-1.0463321604075644,0.46672782991914236,0.2159356623888015
-0.9778301640934902,-0.7712583901767304,-0.7736881975631894,-0.7768569899541133,-0.14989378035721995,1.0766413634944476,-1.055068527672745,0.38885370321636265,0.2108367532491684
-0.023025973022695136,-0.7715022562104648,-0.7737315720641158,-0.7769092628767648,-0.22659636945817632,1.0844478730383926,-1.0589816167181856,0.3664937872494279,0.2109870165586471
0.6743357665005113,-0.7714950695522415,-0.7734784393908852,-0.7769403325072616,-0.13244698698939683,0.9729288605925209,-1.0607797727471675,0.392708943547341,0.2148859649896621
1.2363772396110466,-0.7713085941584722,-0.7735724414326267,-0.7769534906762711,0.046219851780290096,0.6127222887360724,-1.0387648069804536,0.55770944285689,0.221933975815773
0.21410370767025447,-0.7709715082448361,-0.7735435219843436,-0.77695604923335,-0.17538710436928787,0.5335438919982083,-1.0377698135129112,0.5623356577228732,0.2234329432249069
-0.05099993124842824,-0.7708998169817144,-0.773789445457899,-0.7769461805339448,-0.3641952597775581,0.5591932138114061,-1.0224922955752709,0.5839244153268259,0.2234329432249069
-0.18259442652585675,-0.7708998169817144,-0.7737821981675467,-0.7769498345517105,-0.3679393837355973,0.583727319975469,-1.0179188550518095,0.5523122534559018,0.222683846950531
-0.8440713250040186,-0.770935644083613,-0.7735941495251586,-0.7769571465465633,-0.35667173734229496,0.6283350951183264,-1.0315276292923532,0.5183868003240093,0.2181844562292099
0.29978201859000947,-0.7711508368904236,-0.7732542196977096,-0.7769790785718004,-0.36936315735777425,0.4855906826135816,-1.0148446041054284,0.647148739068674,0.220134362578392
0.05590416927623696,-0.7710575785258389,-0.773181923592424,-0.7770072252060288,-0.3693759446841672,0.4933969794518909,-1.010712886650818,0.6502330048646482,0.2207339257001876
-0.2909497046813835,-0.7710289031608771,-0.773181923592424,-0.777027695260919,-0.5360402960642817,0.5580779981622714,-1.0114624542061232,0.6317281454007144,0.2193845212459564
-0.10464800701253947,-0.7710934412617032,-0.7732180529590742,-0.7770342744180719,-0.5309668691891231,0.5212767325633588,-1.004791945668248,0.5985740344597805,0.2190846651792526
-0.5345361694532643,-0.7711077825075807,-0.7734350612964987,-0.7770496271408599,-0.5442157163368331,0.6261046638200567,-1.014692860520987,0.5885506301928092,0.2163857221603393
0.4656753087528253,-0.7712368651233468,-0.773341016133236,-0.7770664436865211,-0.8503491851139405,0.5703451575971209,-1.0214080315639744,0.5854663643968357,0.2192341089248657
-1.4469296014500652,-0.7711006350467198,-0.773312098841029,-0.7770836244897513,-0.5355766585531978,0.64729333574235,-1.0426288217367408,0.5446017727939452,0.2114371657371521
-0.2737798964567368,-0.771473540222782,-0.7733771814344873,-0.7770902035379321,-0.5448393003361758,0.8580642011992441,-1.0479562960660187,0.5245551480879792,0.2102370858192443
-0.4429400775811687,-0.7715309365641817,-0.7733916436740509,-0.7770997078344721,-0.5434690341008046,1.0164212073806078,-1.050084627834011,0.4736671522181169,0.2081377506256103
0.7691459837655958,-0.7716313416769482,-0.7735218153291957,-0.7771114043963754,-0.43314486400104885,0.8513731200100699,-1.0372388199003062,0.4921718278540733,0.2124868035316467
-1.075876670756955,-0.7714233390917574,-0.7733844359117599,-0.777131874705534,-0.3574445071616425,1.2952187384952871,-1.057821535381138,0.45824655855015767,0.206938549876213
0.8874699352542054,-0.7716886959702682,-0.7737604872002467,-0.7771417455117341,-0.1815665753527972,1.6498490194004247,-1.0653487470201177,0.49988212468805315,0.2118863761425018
1.1990693628464846,-0.7714520557921195,-0.7738183677809501,-0.777122736954978,0.04113409996047846,1.3420567322307784,-1.0578036703790934,0.5160736928910177,0.2186346054077148
0.8912368391570343,-0.7711293075609642,-0.773919619987812,-0.7770913007058491,0.1332594729527027,1.2673389853838193,-1.0507181818089646,0.5584804173918949,0.2238830626010894
-1.6547135606841956,-0.7708782890776136,-0.7737098625341999,-0.7770916672518332,0.3878198330156242,1.2740300665729931,-1.066651639440584,0.5253261226229842,0.214735597372055
0.05875531737203826,-0.7713157858054508,-0.7739774581656861,-0.7771077507781743,0.3595899154047194,1.2573022572472394,-1.06729412591656,0.5137605854580256,0.2153360545635223
0.7689754608720697,-0.77128706767973,-0.7737388215105442,-0.7771165223823107,0.20274972870164343,1.240574447921486,-1.0660090984981385,0.5268682555209708,0.2198345810174942
-0.21173172715536148,-0.7710719162083197,-0.7734133503291988,-0.7771274884312532,0.19792105807838797,1.4346172913469906,-1.073879884627662,0.4798353161541103,0.2189343571662902
-0.4541704525247085,-0.771114971303842,-0.7731602140625081,-0.7771421103141639,0.19930412353549054,1.4658429041114995,-1.0759546758559897,0.5338073939919689,0.2166855335235595
-0.10530813809249175,-0.7712225260155073,-0.773601401846355,-0.7771464950265106,0.1496565127515442,1.5004135257065057,-1.0758520610271716,0.49062969495608666,0.2163857221603393
-0.8126142436824558,-0.7712368651233468,-0.7735724414326267,-0.7771658680224559,0.09056551253898804,1.5740160569043302,-1.084445671675403,0.4744381267531218,0.2121870070695877
0.5037033926070198,-0.7714376774869176,-0.7733554747793395,-0.7771793927374496,0.031110410407031417,1.571786051017332,-1.0781052844100683,0.5153027183560127,0.2151857018470764
-0.05099993124842824,-0.7712942586140292,-0.7733988931204793,-0.7771896280554872,-0.16622773879204855,1.537215004011054,-1.078649676774207,0.49988212468805315,0.2151857018470764
0.05836266033647519,-0.7712942586140292,-0.7735073552457082,-0.7771976708902172,-0.31586763671656126,1.6097025322653793,-1.0860073342931702,0.4651856970211553,0.215785264968872
0.3582169435366848,-0.7712655832490676,-0.7735218153291957,-0.7771936505444117,-0.725554342311757,1.5394454353093239,-1.086690017023747,0.43357353515023156,0.2180349826812744
0.29987764111921084,-0.7711579857766432,-0.7737243218989954,-0.7771918223549972,-0.7087603091587564,1.419004697670372,-1.0720861948491913,0.49602688435707515,0.219984084367752
1.5544413499110104,-0.7710647658967414,-0.7735796930351311,-0.7771490540921263,-0.3893416142186168,1.250611176058065,-1.0558582914826509,0.4929428023890783,0.228981927037239
-1.130578525701234,-0.770634425181917,-0.7735796930351311,-0.7771187130494157,-0.18643189103572244,1.2729148509238581,-1.0613107663597725,0.44128383198421134,0.222683846950531
-0.26250734871413683,-0.770935644083613,-0.7735507757429241,-0.7770861796323697,-0.20729861350575338,1.2561870415981045,-1.06268947610599,0.41429770115129333,0.2214838862419128
0.5601988149263551,-0.7709930347235782,-0.7734422704961739,-0.7770558405511577,-0.17896787663039873,1.154704757288812,-1.0547517506852682,0.4505360778882013,0.2249327600002288
-0.7313780997092781,-0.7708280850958718,-0.7733482641422803,-0.7770214811967883,-0.19889731252638246,1.3476325977708177,-1.0666382406890504,0.41275575208128384,0.2210337370634079
0.6945934583919245,-0.7710145640530376,-0.7729142927450288,-0.7769889479976866,-0.1738465221028664,1.3208680603084846,-1.0636934020745548,0.3849986467133612,0.2252324223518371
-1.4097666601993901,-0.7708137531148254,-0.7732180529590742,-0.7769918712482232,0.0975778460276432,1.3431719478799133,-1.0749819591745338,0.3580125158804435,0.2174354046583175
0.9234132274224439,-0.7711866618542843,-0.7732759277902415,-0.7769944301685427,0.18466329813968213,1.185930157347685,-1.0659422136734098,0.341820947677479,0.2228333204984665
0.3452632130349184,-0.7709284951973934,-0.7731095865216931,-0.7769692067122027,0.1839066419382241,1.0855628759818918,-1.059882927857932,0.2986432486415968,0.225082978606224
-0.9924460785237532,-0.7708209005756863,-0.7732976387575414,-0.7769586072455683,0.2846452745152928,1.1747782135619707,-1.0675707611159058,0.28322265497363724,0.2196842581033706
-0.29210685188731483,-0.7710791057172603,-0.7730951336251258,-0.7769622632248327,-0.037067445236648504,1.3309047884450635,-1.0731570601089542,0.2593206061087161,0.2183347940444946
0.1106725563264188,-0.7711436466688038,-0.7734711885070729,-0.7769615325302517,-0.14741452915728498,1.1692021353162956,-1.0701988227429249,0.24004477210977818,0.2192341089248657
-0.21200922606310318,-0.7711006350467198,-0.7732108437593991,-0.7769575121844462,-0.1492447392939015,1.2796061448186682,-1.0753344661661,0.2647177955097046,0.2183347940444946
-0.13191386098064586,-0.7711436466688038,-0.773102341387417,-0.7769538581666805,-0.2160071921139985,1.2472655291106598,-1.074263600906337,0.24004477210977818,0.2178847044706344
-0.48319253138557583,-0.7711651731475458,-0.7733627249444599,-0.7769458174024213,-0.24800253008184486,1.4959530885212375,-1.0862750369914935,0.20457736990787578,0.2154855579137802
-0.43340464784177496,-0.7712799173681518,-0.7734278104126863,-0.7769502040762667,-0.3612581717167321,1.5294087071727447,-1.089353754188386,0.21382979963984228,0.2133861631155014
-0.07849714399076155,-0.7713803253316355,-0.7733844359117599,-0.7769549551529773,-0.6223087866891849,1.5182565506813943,-1.0858868544623073,0.21614290707283423,0.2132366746664047
1.3290266242253006,-0.7713874749305344,-0.7734278104126863,-0.7769428919724418,-0.43887808676392276,1.3230984916067552,-1.0584328125700053,0.3264003540095191,0.2207339257001876
0.10906903982047164,-0.7710289031608771,-0.7734495185052181,-0.7769341185157789,-0.46495797926994814,1.2361135853249459,-1.058629164193089,0.30712452001058155,0.221634104847908
0.5597845581778255,-0.7709858502033928,-0.7735652307955675,-0.7769216891161757,-0.5700353354446155,1.3219832759576198,-1.0354540626228579,0.39116681064935427,0.225082978606224
-0.07719553218544999,-0.7708209005756863,-0.7736664858771973,-0.7769315596317834,-0.5901886589974706,1.1747782135619707,-1.0317596019865871,0.45439131821917933,0.2249327600002288
-0.18186258869237615,-0.7708280850958718,-0.7736736957955646,-0.7769279056140177,-0.5799609419798305,1.2985643854426918,-1.0333123865698015,0.5060502886240466,0.2241828292608261
-0.1559734749565336,-0.770863952107812,-0.773312098841029,-0.776922788027647,-0.584873270948585,1.1758934292111058,-1.030769074769556,0.5376626343229471,0.2235832661390304
0.18590762297305954,-0.7708926274727738,-0.7732686826559653,-0.776922788027647,-0.5891287614616837,0.9785047261325602,-1.0222602684145676,0.6062841474657835,0.2249327600002288
-1.6995334630614731,-0.7708280850958718,-0.773102341387417,-0.7769363126336686,-0.15804119282814863,1.170317350965431,-1.0454888560579936,0.5122186363880165,0.2154855579137802
0.44060433788299,-0.7712799173681518,-0.7731095865216931,-0.7769534932189546,-0.15705248429261906,0.9874262386200044,-1.0360162655225715,0.5029662066560496,0.2181844562292099
-0.4286636548915208,-0.7711508368904236,-0.7731457561350966,-0.7769567847590297,-0.13076408450628688,0.9294363010987986,-1.037604725643406,0.4898587204210817,0.2160851210355758
0.1669637132323344,-0.7712512420031901,-0.7731746734273036,-0.7769703095466716,-0.4034201874995788,0.8993261166890606,-1.039032509678777,0.47598025965110885,0.2172850668430328
0.16579770475736316,-0.7711938520759042,-0.7731095865216931,-0.776986392673448,-0.3989134526270775,0.8759072261741327,-1.0455691941007255,0.4528491853211926,0.2184852212667465
-1.2094743006241273,-0.7711364521711079,-0.7735652307955675,-0.7770050349021643,-0.3238494864322814,1.0320338010572263,-1.0582543259489665,0.3965640000503425,0.2120366841554641
0.004487935382599441,-0.7714448669958582,-0.7734350612964987,-0.7770196568940472,-0.317867422635356,0.9439338918319176,-1.0550729939232562,0.39964808201833935,0.2123364359140396
1.1686351180429697,-0.771430530738736,-0.7735363135033605,-0.7770203875886281,-0.05687844404151528,0.9060174105838708,-1.0334685419382843,0.4806062906891152,0.2189343571662902
-0.4273807550283606,-0.771114971303842,-0.7734784393908852,-0.7770240436768646,-0.04713842166624414,0.9272058698005285,-1.0335310149789714,0.4682697789891522,0.2168349623680114
-0.18673352841972057,-0.7712153792673256,-0.7734205552167217,-0.7770284304596822,-0.06427347614669901,1.029803369758956,-1.0393626854177873,0.4898587204210817,0.2160851210355758
0.1669637132323344,-0.7712512420031901,-0.7737315720641158,-0.7770240438584849,-0.4191426662078089,0.9539706199684973,-1.0366855495016147,0.5438307982589402,0.2172850668430328
-0.15930049974221552,-0.7711938520759042,-0.7737171148553964,-0.777016001096403,-0.45653915242439935,0.8067653448672124,-1.0396170438310466,0.48369055648508863,0.2166855335235595
-0.7572603464362039,-0.7712225260155073,-0.7733988931204793,-0.77701709826432,-0.40117392872064755,0.8045351262745779,-1.0513071822117455,0.4567044256521713,0.2127865850925445
0.4468535615588198,-0.7714090014092766,-0.7735001482021092,-0.7770298920304644,-0.3651071910535719,0.6361413919566357,-1.0473494851276626,0.4821484235871019,0.2154855579137802
-3.246818532053377,-0.7712799173681518,-0.7735363135033605,-0.7770876489401745,0.6291674369388525,0.5067793545358753,-1.050365729283868,0.5183868003240093,0.1979405730962753
1.0790129633691017,-0.7721190430992065,-0.7734784393908852,-0.7771399216812056,0.723402956681609,0.3919146951425985,-1.0387201989418113,0.5492279876599284,0.2036392092704773
-0.6001995559440934,-0.7718464938610379,-0.7735073552457082,-0.7771987739789543,0.7311501787518183,0.29712349202248034,-1.0360162655225715,0.5106765034900291,0.2007898688316345
-0.4905944425405832,-0.7719827695491411,-0.7736954038880964,-0.7772612799675521,0.5359753391260313,0.2926628421315762,-1.0343609205770086,0.48523250555509845,0.1985410898923874
-0.4067695654714938,-0.7720903221227685,-0.7735652307955675,-0.7773267112045094,0.5359732308446331,0.17891339838743436,-1.0206272002550907,0.49988212468805315,0.1967415064573288
0.008804674012665934,-0.7721763909784127,-0.7744114360311658,-0.7773947013254621,0.5472566344124457,0.22909703907033102,-1.0211313963646287,0.5168448512539994,0.1970412731170654
1.0541992716538637,-0.7721620540086112,-0.7741365873597912,-0.7774261377198872,0.6970972471489066,0.08969827351299134,-1.0090887509923636,0.5199289332219956,0.2025894522666931
0.15238521992501164,-0.7718967006934969,-0.7742740127735165,-0.7774615941695255,0.712294343263571,0.10085000459306977,-1.0024851272792168,0.5291811791259856,0.2036392092704773
-0.45565610606314766,-0.7718464938610379,-0.7743824727426694,-0.7774970508371082,0.6946535107902694,0.048436145317538586,-1.006469621866367,0.4597885076201675,0.2015397846698761
-0.3138135244598461,-0.7719469032498801,-0.7744692677408117,-0.7775387221136824,0.6488929108984445,0.10085000459306977,-1.0165936313787873,0.44513888848721284,0.200190320611
1.448441802684363,-0.7720114442014235,-0.7744548098134003,-0.7775646766641678,-0.15814125129738776,0.10531086718960989,-1.0042342090190453,0.4559334511171664,0.2078379243612289
0.5153360846153042,-0.771645681497467,-0.7741872177753742,-0.7775676016945829,-0.2659694955872183,0.09638935470216597,-1.0001917076417193,0.4782931832561236,0.2108367532491684
0.39578446145345264,-0.7715022562104648,-0.7741365873597912,-0.7775654072134526,-0.33916791688366993,0.1465727826794263,-1.0033105666267428,0.4227791563482549,0.2132366746664047
0.3354350427167141,-0.7713874749305344,-0.7742378438788051,-0.7775741786722927,-0.42145885451128906,0.1889501265240137,-0.9996295047420055,0.42200799798527344,0.2153360545635223
0.19497829089536828,-0.77128706767973,-0.7743029293470315,-0.7775745429298617,-0.5066294234014188,0.08189176396904614,-0.9861010685441937,0.4659568553841371,0.2166855335235595
4.403614539846071,-0.7712225260155073,-0.7739340807899915,-0.7775131324019505,1.0211043526008339,0.137651270191982,-0.9855834736831222,0.4459100468501946,0.2412774711847305
3.3886848341925453,-0.7700463649710478,-0.773789445457899,-0.7774031048216802,1.4482133174935738,0.10085000459306977,-0.9768069646298104,0.3849986467133612,0.2624215185642242
0.2854974032692678,-0.76903510651746,-0.7736736957955646,-0.7772861316472449,1.4346807451907388,0.12315389216449849,-0.9843698518064099,0.2963301412086052,0.264671266078949
0.7273539379630667,-0.7689275076196771,-0.7735724414326267,-0.7771468600105605,1.2879809292054356,0.14991842962683138,-0.9919863339891438,0.2793674146426586,0.2699197828769684
0.6031475324616212,-0.7686764862856093,-0.7735073552457082,-0.7770032018453271,1.156465917254578,-0.022935954582015434,-0.9783953702841752,0.2947880083106185,0.2744182348251343
0.5066758914572119,-0.7684613383775954,-0.7723212712097945,-0.7768072705394979,1.1836369528986839,-0.04189419520603907,-0.9689138472477309,0.2546943912427332,0.2783171832561493
0.1816056211854131,-0.7682748629838262,-0.7713014810087556,-0.776621210039869,1.2193856417978974,0.0015981515820474167,-0.9696812798050809,0.2423578795427698,0.2799665331840515
-0.30331008921988084,-0.7681959793610467,-0.7711929743246213,-0.7764325908015406,1.3163188300957582,0.011634879718626747,-0.9718140778235844,0.17604929000494826,0.2781668603420257
0.3298360878220735,-0.7682820524927668,-0.7709398351831626,-0.7762319106347679,1.3168416867066912,-0.07311959526491209,-0.9644608865551324,0.17604929000494826,0.2808658182621002
0.09570245721008246,-0.7681529691643213,-0.7707228721233356,-0.7760242847285341,1.3285010336940306,-0.16679558273589482,-0.9701944084156413,0.11822197183611173,0.2819155752658844
-1.5124698362293756,-0.7681027623318623,-0.7705348234809474,-0.7758429775213826,0.6932541882005332,0.06850960159069804,-0.990612036026968,0.11051167500213195,0.2714186608791351
-0.7231529273124405,-0.7686047992985635,-0.7704552743357733,-0.7756865250451441,-0.2966770536000197,0.15549450787250654,-0.991361658048743,0.05037143322828,0.2667707204818725
0.08132744237401213,-0.7688270968054761,-0.7705420736460677,-0.7755304391512137,-0.3074403360432544,0.1465727826794263,-0.9919059959464119,0.06270794492824304,0.2676700949668884
0.8065482394366695,-0.7687840823326749,-0.7704119012722309,-0.7753549799707457,-0.28921047145431655,-0.012899226445436104,-0.9840173448148436,0.023385302395362646,0.2735181450843811
0.12119809738803092,-0.7685043870590039,-0.7703612708566479,-0.7751733061449619,-0.3451406058325828,-0.08092589210322136,-0.9828840609808632,0.018759087529379055,0.2747181057929992
1.1487847918317566,-0.7684469964190387,-0.7708675433900292,-0.7749898046383005,-0.187183624138681,0.01051966406949172,-0.9620916495918839,0.07118921629722809,0.2831154763698578
-1.2983084420821194,-0.7680453745426143,-0.7710917163682234,-0.7748355445727213,0.007267047644199282,0.014980526666031831,-0.9591690877634743,0.09432010679916711,0.2741186320781708
-0.4376052882962523,-0.7684756675079245,-0.7710483389925288,-0.7746937163404567,0.015037641358563565,0.05958808910325334,-0.9539442282630146,0.023385302395362646,0.2714186608791351
-0.37620494425826506,-0.7686047992985635,-0.7707662839962471,-0.7745624875021784,-0.010979743531863276,-0.047470273451714604,-0.9445920630919858,0.03186657376434701,0.2691698670387268
-1.14438022008296,-0.7687123525848701,-0.7707084091650799,-0.7744528260683275,0.06442071499925739,0.10642608283874491,-0.9468944152305058,0.09277797390118041,0.261671781539917
-0.36591299898827206,-0.7690709642645692,-0.7703033989002487,-0.7744082292528017,-0.1250629453351535,0.10531086718960989,-0.941178703905572,0.025698409828353926,0.2595723569393158
0.6066284779816101,-0.7691713736534116,-0.7707373221451348,-0.774404573091917,-0.09224868498928016,0.08077676102554703,-0.9273066932172161,-0.013624232704526465,0.2639213800430298
0.03817664681278131,-0.7689633724935794,-0.7708675433900292,-0.7744049393836329,-0.09390399547306419,0.10419565154047446,-0.9222379890852392,0.01721713845936922,0.2645210027694702
-1.1412993230583828,-0.7689346942779004,-0.770976004077874,-0.7744360113388687,-0.1041255019977962,0.1510336452759664,-0.9305326332815689,0.03340870666233406,0.2571731805801391
-0.8749628461396942,-0.7692861192993761,-0.7713376412791628,-0.7744912091466392,-0.09317115189353836,0.2514007139361242,-0.9409958055004917,-0.02287647860851643,0.2517745196819305
0.8608049830004886,-0.7695443215902328,-0.7714388977981768,-0.7745416538798761,-0.20214841097176373,0.08300697961818156,-0.9304210859517283,-0.08841409361133307,0.2576233148574829
0.5658119029002213,-0.769264590682596,-0.7712291417819488,-0.7745862503684854,-0.22646791216619974,0.03505377023355457,-0.922233522834728,-0.09304030847731633,0.261671781539917
0.6687426134089044,-0.7690709642645692,-0.7712002216149737,-0.7746147632217817,-0.13869118976903375,0.05735765780498329,-0.9188424949008701,-0.1084609021452759,0.2664700746536255
-0.824077566629782,-0.7688414758233574,-0.7715546115259101,-0.7746626489983751,-0.08433832785571618,0.08523741091645122,-0.9309476133138223,-0.15780676511715117,0.261221706867218
1.864258521739876,-0.7690924900306321,-0.7718149922081851,-0.7746820221396167,0.18019905169764563,0.0361689858826892,-0.9130598987512077,-0.10691876924728919,0.2739681601524353
-0.22291084086625257,-0.7684828641436583,-0.7715329012773022,-0.7746787323430959,0.16629008405715057,0.012750095367762171,-0.9122299931531705,-0.03289988287548784,0.2727682292461395
1.955863949481428,-0.7685402533582648,-0.7713376412791628,-0.7746301155813291,0.4582575267991888,-0.015129657743705765,-0.9083481133948386,0.0395768705983268,0.2867147028446197
-0.009944094407668951,-0.7678732339806087,-0.7711062166984641,-0.7745829601360761,0.4607425865467238,-0.010669007852801969,-0.9210645089966581,0.02492743529334901,0.2870146036148071
0.07196959638527038,-0.7678588905966932,-0.7713593486530027,-0.7745478683435714,0.24752810148831897,-0.08427153905062605,-0.9228135907364866,0.06733397596624942,0.2879137992858886
-0.3371857448489174,-0.7678158846760438,-0.7707445794971753,-0.7745208189135839,0.12537457822259512,0.07631589842900652,-0.937970628843264,0.0048806267594061845,0.2858145534992218
-0.6276287091581858,-0.7679162855127344,-0.7708024528909586,-0.7745244749291723,0.21357314802571264,0.09527413905303056,-0.9402640484807615,-0.03367085741049276,0.281615674495697
0.5969563244621419,-0.7681171057157776,-0.7701298060291959,-0.7744948670510781,0.2153792653747455,0.1019652202422048,-0.9415802851862918,0.04034802896130824,0.2862646281719208
0.36016715388760745,-0.7678947597466715,-0.7701153416335562,-0.7744513676214135,0.20095905909266493,-0.055276570290023086,-0.9275922609175843,0.17373618257195664,0.289263367652893
-1.1904791806559334,-0.7677513387357452,-0.770071972882166,-0.7744228568022642,0.2993342639609706,-0.08204110775235639,-0.9314964174620025,0.2099747431368408,0.2808658182621002
0.6405803835458189,-0.7681529691643213,-0.7701732207768757,-0.7743640047951079,0.008257959032891185,-0.04189419520603907,-0.9325940257583629,0.16911015153395026,0.2858145534992218
0.01080847243948424,-0.7679162855127344,-0.7703757352522875,-0.774298937961016,-0.005526951228171135,-0.048585489100849234,-0.924861584461747,0.1853017197369144,0.2862646281719208
0.3190712854783029,-0.7678947597466715,-0.7701515134030358,-0.7742378932889319,-0.5198133106166408,-0.09653848577983991,-0.9076386876276644,0.17527831546994332,0.28896364569664
-0.3361824238493253,-0.7677656735675088,-0.7700068823830954,-0.7741834282098894,-0.5033020091122679,-0.05639178593915811,-0.9144520072489586,0.2670309029426959,0.2868641316890716
1.4672951321949799,-0.767866087232427,-0.7704119012722309,-0.774084002094076,-0.1778320861873663,0.018325960907800993,-0.8889076687154791,0.30712452001058155,0.2979606091976166
0.9960359442583,-0.7673353749007641,-0.7701732207768757,-0.7739520405997181,-0.11589404042772324,-0.04635505780257918,-0.8774182937419053,0.327171328544524,0.3059088885784149
-1.0322519728234667,-0.7669552317535676,-0.7701515134030358,-0.7738529788141219,-0.009467898566784608,-0.10769042956555427,-0.8769721044225433,0.30635354547557664,0.298261284828186
-0.6627827471631044,-0.7673209944575242,-0.7700213381544309,-0.7737751182138854,0.03727815522627918,-0.07869546080495131,-0.8910716760210913,0.28399362950864215,0.2936124205589294
0.49019914177032,-0.7675433361505545,-0.7701225989855969,-0.7736990855851192,0.04846527683966536,-0.15898928589758635,-0.8830090045189953,0.25546554960571466,0.2976608276367187
0.047882895595007365,-0.7673497125832449,-0.7695874091600086,-0.7736084312187386,-0.17321759787164637,-0.034087898367729796,-0.8736881575680147,0.31252170941157004,0.2984107136726379
-0.6229277978648965,-0.7673138477093425,-0.7692040588353437,-0.7735594478746636,-0.13150305747486213,-0.03854876096426991,-0.8744065158362112,0.46672782991914236,0.2940625250339508
0.46930605389660335,-0.767521808959133,-0.7695729073923837,-0.7734980372741042,-0.11335307084256312,-0.015129657743705765,-0.876744543512351,0.49062969495608666,0.2979606091976166
1.9836730466251018,-0.7673353749007641,-0.7697971249294834,-0.7734329721835665,0.2581212166351857,0.0361689858826892,-0.8990316782278994,0.49756901725506186,0.3134062588214874
-0.1260998204454187,-0.7665966542824758,-0.7696018678061121,-0.7733700999032529,0.23493739593325758,-0.08761697329239601,-0.8943556228756199,0.5091345544200196,0.3128066062927246
-0.5213740661303147,-0.7666253339235134,-0.7695657003487847,-0.7733185574572381,0.11617478149673949,-0.012899226445436104,-0.9064428762865273,0.6671955476026169,0.3090579807758331
0.3108579561900561,-0.7668046198083421,-0.7697754161182594,-0.7732549522302524,0.022201225748748457,-0.08092589210322136,-0.8954264881353828,0.6486910557946376,0.3119072318077087
-0.06990920274450631,-0.7666683483963147,-0.7695874091600086,-0.7731814778316487,-0.13202453527161548,-0.14003104527356192,-0.8895902969795861,0.6116817045227261,0.31175696849823
-0.5796153440595054,-0.766675535054538,-0.768842456131272,-0.7731295709101207,-0.14887308491011353,-0.1444916951644665,-0.8975146236487744,0.6617983582016287,0.3075583279132843
1.9201330469343831,-0.7668763438547123,-0.7688713777356312,-0.7730473234544187,0.19419888016968906,-0.23928289828458468,-0.8844502417723694,0.6702798133985903,0.3230036199092865
-1.0532789177757529,-0.7661376403407276,-0.7690521762128989,-0.7729647114505552,0.3611363185323606,-0.17125623262679981,-0.8823709842935306,0.7520089966043714,0.3147556185722351
-0.5558448345867179,-0.7665321183196876,-0.7689147551113257,-0.7729040314719289,0.35090869911631356,-0.13668539832615723,-0.8841512753204678,0.8399063437461456,0.3107072114944458
-0.8844969817920006,-0.7667257418869972,-0.768922002401678,-0.7728605321875605,0.4351503879740857,-0.11661194205299857,-0.8888183981717249,0.7759110454692926,0.3041092753410339
1.4973849926345357,-0.7670413020345704,-0.7691245053780176,-0.7727943682945236,0.26755706545443775,-0.04523984215344415,-0.8825226734115021,0.8985048202779643,0.3161059617996216
-0.7026977458844831,-0.7664675353200645,-0.7683795695978896,-0.7727358804722883,0.3127508905669276,0.09527413905303056,-0.8911787571004206,0.8530140138090905,0.3108575046062469
0.8578060191516192,-0.7667185538034151,-0.7687773756938897,-0.772686896910269,0.3581437135009262,0.1532640765742365,-0.8918747841160612,0.7797662858002709,0.3180550634860992
-1.586936411973064,-0.7663743154401628,-0.768972632817261,-0.7726876276774981,0.5791152442752322,0.3105058671064648,-0.909972249053293,0.8730608223430333,0.3056091070175171
-1.4954709668800459,-0.7669695694360485,-0.7692908552708702,-0.7726971320103623,0.7261379565158205,0.17891339838743436,-0.919261886717165,0.7550932624003448,0.294362336397171
0.5488419263084339,-0.7675074698512935,-0.768712247822834,-0.7726843380262736,0.7611502129100706,0.0406298484792301,-0.9194849813768461,0.709602455931471,0.2988608777523041
-0.6221798301352945,-0.7672923176672038,-0.7689653840895246,-0.7726920142423713,0.3356886688478225,-0.034087898367729796,-0.923121435222941,0.7558642369353498,0.2945118248462677
-0.011042952336436745,-0.7675003202523946,-0.7686182414689405,-0.7727007875900621,0.296481191408022,-0.016244873392841187,-0.9153220546351268,0.8190885606771979,0.2948116362094879
0.028924017384150756,-0.767485981144555,-0.7692185174814472,-0.7726974981567818,0.2968140980635225,-0.21809422636229098,-0.9039442269913935,0.8082941818752216,0.2954119443893432
0.9053227743099104,-0.7674572701456275,-0.7697609560347719,-0.7726861657071513,0.35413073302091624,-0.12553345454044287,-0.9041227136124323,0.9648134098157859,0.3026095032691955
-0.45945273823974775,-0.7671130317823751,-0.7695439886627927,-0.7727201608765998,0.06937964516230742,-0.15898928589758635,-0.897996542972226,0.9848602183497287,0.2994604706764221
-0.5620442914191088,-0.7672636408768835,-0.7697537461164048,-0.7727621986991581,0.05662434396252596,-0.18129296076337875,-0.8972513872009623,0.9401403864158604,0.2955614924430847
1.2035904733327325,-0.7674501176960113,-0.7697392860329172,-0.7727720695416823,0.15588683498076197,-0.19132968889995808,-0.8805282202259064,0.9008181115389334,0.3050086796283722
-0.08957412286040957,-0.7669982861364106,-0.7697103328061091,-0.7727896166003042,-0.09870867433303405,-0.22701573884973528,-0.8708816093199568,0.8267990413391546,0.3047089278697967
1.281878950336062,-0.7670126223935329,-0.7693631901855249,-0.7727815740198426,-0.24360431369235913,-0.2314766014462754,-0.8711359132667466,0.8730608223430333,0.3150562644004822
1.200644342113527,-0.7665177393018063,-0.7695150699332016,-0.7727388061565362,-0.1315936201665572,-0.22924617014800533,-0.8635462285870799,0.9239488182128953,0.3251029253005981
-1.4993792957438756,-0.7660372366533198,-0.7697031200129738,-0.7727629322996631,0.14681304983408985,-0.15006777341014166,-0.8690031697147127,0.886939466940983,0.3131063878536224
-0.08858023452383261,-0.7666109962410326,-0.7692474764577916,-0.7727676833400495,0.15107215045305375,-0.04077897955690404,-0.8694537708181164,0.9393694118808555,0.3128066062927246
0.30652150778054993,-0.7666253339235134,-0.769261933666511,-0.7727556201958381,0.1486982994243871,-0.04523984215344415,-0.8666249457839722,0.9077572500099308,0.3156558573246002
0.7507268580840915,-0.766489062511486,-0.768762875363649,-0.7727117565812526,0.12728807767973016,-0.08538675469976147,-0.8615027011123305,0.9463085503518528,0.3221033811569214
1.2464522875705686,-0.7661806961489291,-0.7682783188284118,-0.7726711823272994,0.1668871526598471,-0.15787407024845093,-0.853448962111257,0.8645793671460718,0.3327506780624389
0.6919123695356101,-0.76567146682257,-0.7688569190895277,-0.7726024614391176,0.06025555245726961,-0.14114626092269733,-0.8488666435532429,0.8830842266100047,0.3390487730503082
0.36564789136153464,-0.7653702472081949,-0.7688713777356312,-0.7725425125909607,-0.005406914238253237,-0.09765370142897493,-0.8350213759014846,0.9964255716867099,0.3426477909088135
0.12071871231122072,-0.7651981166236996,-0.7687339566340579,-0.772448570462206,-0.026782073243760956,-0.05081570769348337,-0.8299258742664405,0.9948836226167,0.3441468477249145
-0.2561443297654172,-0.7651264210845021,-0.7684229886577213,-0.7723315970698265,-0.0860874830113886,-0.13222474843525303,-0.8227556358695384,0.9285750330788786,0.3423481583595276
-0.6183758510655605,-0.7652124471793873,-0.7679094630844515,-0.7722376529069249,-0.13301469857467224,-0.1924449045490931,-0.8275432385516585,0.8059812582702068,0.3373994529247284
0.36761873085433333,-0.7654491294056157,-0.7676057021517141,-0.7721243353848376,-0.5815887749267185,-0.1824081764125134,-0.8139880048507794,0.8329672052751477,0.3409979045391083
-0.6896354312738485,-0.7652770259029344,-0.7674321193423496,-0.7720252735265933,-0.4410651207806894,-0.11661194205299857,-0.8207655944679841,0.8190885606771979,0.3354496359825134
-0.38439545637814554,-0.7655423834941246,-0.7673598189249119,-0.7719346206858226,-0.3877845819512737,0.012750095367762171,-0.8429055063160721,0.7404436432673902,0.332600325345993
0.6214928138146497,-0.7656786577568693,-0.7674465708015329,-0.7718476219717898,-0.41029764673587776,-0.07200437961577706,-0.8329644496752017,0.7905606646022473,0.3382988572120666
0.8885089584017972,-0.7654061135074558,-0.767685249859504,-0.7717332078266461,-0.5269570658170641,-0.1355701826770222,-0.8289754888375405,0.7404436432673902,0.3463964164257049
-1.5632601427554063,-0.765018830738871,-0.7675116943604364,-0.771641822475092,-0.2148119945395684,-0.06865873266837197,-0.8331384700457293,0.7219387838034572,0.3330503702163696
0.21413054116679683,-0.765657133416165,-0.7677792907106147,-0.7715679822206611,-0.23259222684987496,-0.20805749822571165,-0.8145992820396467,0.7574061860053596,0.3353000581264496
-0.4723268836194221,-0.7655495373690994,-0.767916714686956,-0.7715021849099324,-0.22983927713118613,-0.19467533584736277,-0.8164509786082934,0.6803032176655617,0.33170086145401
1.2975410277241086,-0.7657216765057464,-0.7676418710464255,-0.7714338306040589,0.026746020745292955,-0.2593563545577433,-0.8046492384312842,0.6749060282645736,0.3430971503257751
-0.5656277595661008,-0.765176625066244,-0.7672513208650819,-0.7714009324209071,0.01961927316996574,-0.2627017887995125,-0.806367110884004,0.6579434855266048,0.3385986983776092
-0.9200954551650206,-0.7653917729742578,-0.7678950087505002,-0.7713570666268788,0.07562446374522358,-0.02739681717855515,-0.8202346553218486,0.7188548856634375,0.3311013877391815
0.5711686644739332,-0.7657503475946323,-0.767786504941134,-0.771299676372125,0.08591610872747266,-0.047470273451714604,-0.8081429356604299,0.6980371025944898,0.3363497257232666
-1.9934667333096405,-0.7654993348127161,-0.7679600963748027,-0.77128980785434,0.4484854647498438,0.14768799832856094,-0.8340308486844534,0.6371257024576563,0.3197042047977447
-1.6895192566373234,-0.7662954417948937,-0.7674104464657269,-0.7713281894433655,0.5457851748786274,0.2636678733709736,-0.845837000645504,0.6116817045227261,0.3063581585884094
0.44853057192131685,-0.7669337444721879,-0.7676274095255539,-0.7713830213226605,0.4547359564971727,0.2603222264235681,-0.8570676054217768,0.5507699367299382,0.310257077217102
1.10624409474439,-0.7667472705037772,-0.7679890093548576,-0.7714309074624944,0.5074518339785307,0.197871639011458,-0.8425708643265505,0.5924058705237875,0.3194045126438141
-1.1197859214019084,-0.7663097752012987,-0.7677358788377031,-0.7715087679174345,0.5528460109475903,0.31496651699736855,-0.8593565588087632,0.48446153102009354,0.3107072114944458
0.08161265336852556,-0.7667257418869972,-0.7685387023854547,-0.7715877236151172,0.5639280190523587,0.13096018900280776,-0.8391396946045615,0.4806062906891152,0.31175696849823
-0.46640145132050864,-0.766675535054538,-0.7691823902708731,-0.7716703375804793,0.29884990276149903,0.10085000459306977,-0.8373683360786467,0.5399755579279619,0.3084575533866882
2.086128351272438,-0.7668333365087041,-0.768994343065869,-0.7716999477833127,0.817688300648515,-0.04412462650430912,-0.817579850658232,0.6833874834615351,0.325252503156662
1.0348398753488273,-0.766030082778345,-0.768553156719406,-0.7717163960394354,0.8642619546519711,-0.0430094108551737,-0.8118284637956784,0.6494620303296426,0.3342503607273102
1.5866471931938322,-0.7655997413508413,-0.768972632817261,-0.7716853241568477,1.0232862103396503,-0.054161354640888455,-0.8054077929540817,0.7211678092684523,0.3481962084770202
-0.32145232040736454,-0.7649327519057163,-0.768922002401678,-0.7716531550700186,0.6635773194200395,-0.07981067645408634,-0.8116856527122596,0.7196258601984424,0.3457970023155212
0.612793158990991,-0.7650474989770395,-0.7690811351892433,-0.7716206216529726,0.2589838220779576,-0.11995758900040365,-0.8036007044240773,0.7658876412023211,0.3516449928283691
0.33395744566958746,-0.7647678065540858,-0.7682711045978925,-0.7715994203223167,0.26158054726046076,-0.16121950449022007,-0.8020791835944411,0.7242520750644257,0.3550938069820404
1.0595386924619672,-0.7646028597770966,-0.7678371324819488,-0.7715211949559746,0.2557722878068017,-0.2615867858560134,-0.7939496272676165,0.7296492644654139,0.3651406466960907
0.2714256000892666,-0.7641223485764582,-0.7671645158052511,-0.7714411419087548,-0.05882863859504888,-0.28166002942353613,-0.7896394776584369,0.8028969924742334,0.3681401014328003
0.3806462776267797,-0.7639788933569248,-0.7672802309703686,-0.7713424463422262,-0.09041475201198218,-0.24597397947375893,-0.7914643767240165,0.8391353692111407,0.3721885979175567
-2.533755356307289,-0.7637852655135393,-0.766998178848855,-0.7713289194841135,0.7655394011466983,-0.3017334856966948,-0.7865384292089886,0.8838552011450096,0.3486462533473968
-0.8951431384852396,-0.7649112275650122,-0.7668318404550748,-0.771322704875122,0.6166126231910827,-0.2537802763120682,-0.803395474766441,0.8321962307401427,0.3411481082439422
0.7599170525066173,-0.7652698420954285,-0.7663472752955333,-0.7712810334169278,0.5796221972669487,-0.31846129502244835,-0.7976931621930409,0.8260280668041496,0.3481962084770202
-0.11860295006793042,-0.7649327519057163,-0.7662026097783758,-0.7712536175499284,0.35634249406452595,-0.3731057983018851,-0.7906612141625767,0.8152336880021733,0.3475964963436126
-0.7621757771034114,-0.7649614343974712,-0.7660073483428524,-0.7712009779723206,0.3976565530888015,-0.24820441077202898,-0.8097715375693956,0.7435275414074098,0.3412984609603882
0.3456240790179515,-0.7652626511611292,-0.7671428098687954,-0.7711073982122842,0.3670503415949629,-0.24708919512289396,-0.8153756470980191,0.7766820200042975,0.344747245311737
-0.7169024951959585,-0.7650977058094987,-0.7675044499448522,-0.7710375800472133,0.37185675148711816,-0.2437437608811248,-0.824263757947641,0.6964947858685262,0.3388984799385071
-0.05099993124842824,-0.7653774352917768,-0.7671645158052511,-0.7709900602717433,0.19191513165547175,-0.2058272796330775,-0.8165357284350666,0.7373593774714168,0.3388984799385071
1.8941682240681759,-0.7653774352917768,-0.7671934402843784,-0.7708803988378925,0.6137247524130023,-0.3429956138921471,-0.7945162964178415,0.6787612685955519,0.3556934595108032
-0.1005669052253753,-0.764574180136059,-0.7674971983423479,-0.7707743913128352,0.585234809679589,-0.3864879606802336,-0.7925976605579966,0.7450698581333735,0.3552442789077759
-1.0451899138168579,-0.7645956631413628,-0.7673308613859516,-0.770682275194052,0.09168011296680924,-0.397639904465948,-0.7943244655117389,0.7944159049332256,0.3462462127208709
-0.390925421757856,-0.7650260145463771,-0.7676129508794504,-0.7706384091820793,0.020336794107102013,-0.42328922627914584,-0.7945386276703975,0.7651166666673163,0.3432475924491882
0.3948383177381863,-0.7651694298558688,-0.7676129508794504,-0.7706069728239782,-0.03472886044895433,-0.3731057983018851,-0.7787033730835545,0.8167756370721831,0.3471464514732361
-0.4579457066092314,-0.7649829587381755,-0.7668029188507156,-0.7706183053462567,-0.016496192346828288,-0.3731057983018851,-0.7830447864463125,0.7682005648073359,0.3435472846031189
0.15459782653168755,-0.7651550964494639,-0.7668245831030341,-0.7706194027684421,-0.07667466453553587,-0.338534751295607,-0.7824201105059116,0.8028969924742334,0.3453468084335327
0.10238303942004173,-0.7650690304445369,-0.767258565280666,-0.7706314659126535,-0.0913364309269493,-0.35191712637959144,-0.7748348920767562,0.8553273050700589,0.3466963469982147
-1.1035333866848953,-0.7650044859295969,-0.7674031905510702,-0.770674598832658,-0.006560730340611949,-0.33072845445729776,-0.7773469401234235,0.8799999608140313,0.3373994529247284
-1.0977476721278232,-0.7654491294056157,-0.7672151462208342,-0.7707641563580382,0.10792559370088503,-0.2537802763120682,-0.7903310384235664,0.887710441475988,0.3284015953540802
-0.6961681094205285,-0.7658794708331195,-0.7673887362171189,-0.7708741840109566,-0.5494922472262361,-0.2627017887995125,-0.7951900466473958,0.887710441475988,0.3230036199092865
1.3885368755122405,-0.7661376403407276,-0.7673019440937446,-0.7709652032160912,-0.09539044095560732,-0.3508019107304564,-0.7762894736151942,0.8507010902040764,0.3348499238491058
0.10720875994070979,-0.7655710659858795,-0.7672368550320581,-0.7709955439682095,-0.17279179628180602,-0.38202731078932944,-0.7788595284520374,0.7419855923374,0.3361996114253998
-1.7317044999395381,-0.7655065143441464,-0.767685249859504,-0.7710426993408144,0.10653865374170285,-0.32961323880816273,-0.7954086750565657,0.7126863540714907,0.3218036293983459
-0.6545727165465011,-0.7661950324060514,-0.7681192219754477,-0.7711190984065925,0.05365672772534339,-0.1444916951644665,-0.8046224953946868,0.6779902940605469,0.3168551325798034
-1.3884495049988337,-0.7664317046547694,-0.7683795695978896,-0.7712203543100785,0.15560484773004638,-0.08761697329239601,-0.8170533232961381,0.6617983582016287,0.3060584366321563
-0.03173312445484405,-0.7669480793039515,-0.7678082151897418,-0.7713058914896532,0.1321073779338202,-0.1221880202986737,-0.8090665235862629,0.7142286707974542,0.3062086701393127
-0.12785362064692338,-0.7669408940710868,-0.7677431189411351,-0.7714012971870128,0.10543827685504127,-0.04635505780257918,-0.8169774515039175,0.651774953934658,0.3056091070175171
-0.24362975256651664,-0.7669695694360485,-0.7684374458664408,-0.7714861016378598,0.06898138588635548,-0.10211456402551505,-0.8116410446736172,0.6463777645336691,0.3041092753410339
1.632859345668899,-0.7670413020345704,-0.7686761148627237,-0.7715391035115378,0.40497846086293177,-0.27385373258522683,-0.7878769971670749,0.7080605068614618,0.3171555995941162
-0.9232361678874601,-0.7664173341890399,-0.7691968460422085,-0.7716502263345506,0.4323671968722388,-0.3552627733269965,-0.7897063624831655,0.6764479773345834,0.3101077079772949
0.02487991919477296,-0.7667544144012416,-0.7691896001892402,-0.7717587928162515,0.1592820192482715,-0.4087918482516623,-0.7851239894586817,0.7196258601984424,0.3107072114944458
0.3089447478758297,-0.7667257418869972,-0.7692185174814472,-0.7718384793538112,0.18294375938508944,-0.398755120115083,-0.7820229954757031,0.7797662858002709,0.3135565221309662
1.4507182754215768,-0.7665894676242524,-0.7692908552708702,-0.7718816126370561,0.1925668743190606,-0.34857147943218636,-0.7688336675179239,0.8352804965361161,0.3255530893802643
-0.3583797051496122,-0.766015706611181,-0.7686616231567872,-0.7719404647895085,0.15827202269442028,-0.4043309856551222,-0.7731840133817043,0.8260280668041496,0.3230036199092865
-0.980309058659132,-0.7661376403407276,-0.7690015472346999,-0.772009185459746,0.04198124771593602,-0.36418428581444084,-0.7820274617262143,0.8491587734781121,0.3153561055660248
0.17297347658322837,-0.7665033987686083,-0.768972632817261,-0.7720779062026316,0.041257562148824437,-0.40098555141335307,-0.7782125212590806,0.8175466116071881,0.3171555995941162
-0.6078357689667945,-0.7664173341890399,-0.7688352088409197,-0.772160884643507,0.09076908533563016,-0.31288542948240916,-0.7920355121247525,0.6988080771294947,0.3126562237739563
0.32557240808661136,-0.7666325262831712,-0.7682566071424198,-0.7722138882607394,0.08613175129691938,-0.37422080124538426,-0.7871140308602361,0.7473827817383889,0.3156558573246002
-1.1697553515078003,-0.766489062511486,-0.7683795695978896,-0.7722668899891213,-0.09750061154254987,-0.2526652733685691,-0.8051980970459341,0.8044393092001977,0.3066587746143341
-0.1853517923425602,-0.7669193668796653,-0.7687484138427774,-0.7723092919966005,-0.17964295151585402,-0.22590052320060025,-0.8068355769894524,0.7782239690743074,0.3056091070175171
1.547487691240812,-0.7669695694360485,-0.7686616231567872,-0.7723502322516771,0.12760938263986774,-0.35303234202872646,-0.7900276601876232,0.716541594402469,0.3180550634860992
-0.6431573123309804,-0.7663743154401628,-0.7688786307755197,-0.7724061593737145,0.16382476019584155,-0.38871839197850366,-0.7870470915690377,0.7196258601984424,0.3132567107677459
-1.4038054990763642,-0.7666038067320919,-0.7687339566340579,-0.7724533124942282,0.024869366110525343,-0.2972728358057906,-0.8007629468889107,0.7450698581333735,0.3024600744247436
-0.14833308486151014,-0.7671201785305568,-0.7691678913780163,-0.7724902311684817,0.028222565829551037,-0.4422474669031697,-0.7980724122212046,0.7134576962624494,0.3017100393772125
-0.5192108444205161,-0.7671560505312524,-0.7692185174814472,-0.7725096043097233,-0.023960342324452287,-0.4812791638003516,-0.7993931696437158,0.6787612685955519,0.2981110215187073
0.2648789876652139,-0.7673281811157475,-0.7686182414689405,-0.772523495425405,-0.013105844182870044,-0.4165981450899716,-0.7838434282907714,0.6417515496676859,0.3005101382732391
-0.7168930259714015,-0.7672134383205003,-0.7688496689244072,-0.7725483526990012,-0.002310298278514552,-0.38760317632936864,-0.7861457804292912,0.6355833857316928,0.2954119443893432
0.24780389203604383,-0.7674572701456275,-0.7693703972291239,-0.7725640718588012,-0.012920847812922241,-0.32961323880816273,-0.7840129824107877,0.6594854345966139,0.2976608276367187
-0.13004488709966208,-0.7673497125832449,-0.7694065718733716,-0.7726130548396357,-0.1270660934383855,-0.3797968794910594,-0.7755443178439304,0.7404436432673902,0.2970613837242126
1.1377797314917761,-0.7673783822467721,-0.769580154682736,-0.7726229256095118,0.06392892207505281,-0.36083863886703577,-0.7780206903529778,0.6772189518695882,0.3060584366321563
0.6605265687965841,-0.7669480793039515,-0.7694644438297708,-0.7726207332351764,-0.20490876144992431,-0.2727385169360918,-0.7762760748636607,0.647148739068674,0.3116065859794616
0.6479667180957318,-0.7666827274141959,-0.7697103328061091,-0.7726119598874857,-0.1822940349360976,-0.31288542948240916,-0.76140013820674,0.7103734304664759,0.3171555995941162
0.19019945701332264,-0.7664173341890399,-0.7696018678061121,-0.7726276792652299,-0.5293289281617741,-0.24708919512289396,-0.759883083627615,0.7481537562733938,0.3191045522689819
0.11501881584233171,-0.7663241214359314,-0.7696307793487829,-0.7726338937289251,-0.5481851796553058,-0.17683231087247456,-0.7627877804539798,0.7311912135354237,0.3204542696475982
-0.2163194260297383,-0.7662595683688396,-0.7691968460422085,-0.7726247562689617,-0.6151949508050575,-0.18686903900905427,-0.761310867662986,0.8206308774031614,0.3191045522689819
1.5906241150910325,-0.7663241214359314,-0.7689292554415664,-0.7725874716662329,-0.3202575866629492,-0.26827786704518763,-0.7431599166525591,0.8314252562051379,0.332450807094574
-0.19269047067001369,-0.7656858087811268,-0.7686616231567872,-0.7725421445556906,-0.46211680984002,-0.35303234202872646,-0.7386935027419574,0.7466118072033839,0.3312506973743438
0.8374838609661883,-0.7657432065478852,-0.7685676239898138,-0.7724858513598818,-0.44033352049731767,-0.49020067628779607,-0.7296314804547472,0.7227097583384621,0.3387489318847656
1.286900894967725,-0.765384587741393,-0.7685025263038231,-0.7723794795046073,-0.4196403137343105,-0.47793362320576466,-0.7195609570155219,0.7250230495994306,0.3502955436706543
-0.655924364610919,-0.7648323467929499,-0.7685676239898138,-0.7722837091137901,-0.265699758238402,-0.3508019107304564,-0.7255086955011592,0.5993450089947855,0.3448968529701233
1.1948059584702686,-0.7650905505091652,-0.7679239260427072,-0.7721915928497106,-0.19321770594579143,-0.3429956138921471,-0.7144163810913243,0.5970320853897707,0.3558437824249267
0.5940485488364137,-0.7645669906271184,-0.7679818080607946,-0.7720735244325329,-0.19537952053033097,-0.20694228257657662,-0.7212609644661969,0.5546251770609173,0.3616917431354522
0.07923241527495693,-0.7642872996295234,-0.7676201636725857,-0.7719262120315895,-0.185078080316643,-0.3508019107304564,-0.7147064695086732,0.5222420406549872,0.36289182305336
-2.2406117459074975,-0.7642299032881236,-0.7670632635983894,-0.7718264194787642,0.5435072044931911,-0.4835094887458039,-0.7156210704670141,0.5106765034900291,0.3426477909088135
-0.27435365400967693,-0.7651981166236996,-0.7673236457180483,-0.7717226067254296,0.5484681691492008,-0.545960182510732,-0.7016197019132426,0.5438307982589402,0.3406979739665985
-0.033678290781198036,-0.7652913707122085,-0.7667956686855952,-0.7716242757070625,0.351238896396259,-0.5225411856429861,-0.6982643495170047,0.5769852768558279,0.3408483266830444
-0.25822911689509065,-0.7652841797779093,-0.7665136180014657,-0.7715179037064919,0.3549297083657042,-0.6195627137085564,-0.7007317895250297,0.561564683187869,0.3390487730503082
-0.7975179538994829,-0.7653702472081949,-0.7664557374207622,-0.7714327328912811,0.33893988670030234,-0.578300691865922,-0.7111904410269716,0.5091345544200196,0.332600325345993
0.6214928138146497,-0.7656786577568693,-0.7674321193423496,-0.7713322097165229,0.18570441941301488,-0.5638032074856205,-0.7090219130043786,0.5839244153268259,0.3382988572120666
0.7319512293729774,-0.7654061135074558,-0.7675261601934602,-0.7712371684946765,0.22940964474853126,-0.5961437168408107,-0.6956540984255607,0.6409805751326809,0.3450470566749573
0.05130466273706951,-0.7650833667016591,-0.7675189085909557,-0.7711534595045163,0.0445380172985991,-0.5069284856135494,-0.7125156102335243,0.6001159835297903,0.3459464013576507
-0.9867074474583183,-0.7650403536542165,-0.7676057021517141,-0.7711033808450508,0.03119859055496634,-0.34745626378305133,-0.7297697163547157,0.6833874834615351,0.337699294090271
0.22784523982466182,-0.7654347888724176,-0.767916714686956,-0.7710522049086962,0.04739319140091139,-0.3073095639423699,-0.7338479477361312,0.6849294325315449,0.3400983810424804
-0.25868263526290924,-0.7653200475025289,-0.7676418710464255,-0.771008705769624,-0.5615482721495095,-0.36418428581444084,-0.7347760563789448,0.6394386260626711,0.3382988572120666
-0.46858863675791884,-0.7654061135074558,-0.767316401302464,-0.7709706900364257,-0.5423036853036035,-0.3106549981841391,-0.7361146243370311,0.6494620303296426,0.3346996903419494
-0.1564812899248673,-0.7655782512187442,-0.7672730253641535,-0.7709674006031455,-0.5435889800283578,-0.2850056763709412,-0.7347492588758777,0.6101393877967618,0.3338002264499664
-0.8797534610054023,-0.7656212699676214,-0.7676707883386324,-0.7709783663251716,-0.45303069274444085,-0.22590052320060025,-0.7579823127698151,0.6286442472606948,0.326752245426178
1.0838526555161299,-0.7659583544558989,-0.7675550789230512,-0.7709845807162188,-0.3074222872852153,-0.2437437608811248,-0.7555639470509434,0.6671955476026169,0.3361996114253998
0.45673708155970716,-0.7655065143441464,-0.7676418710464255,-0.7710083404949817,-0.33524722600870727,-0.4344411700648602,-0.7357308535918864,0.601658300255754,0.3405486047267914
-0.12020696528147165,-0.7652985146096729,-0.7678154610427101,-0.7710204037844893,-0.43669213725767597,-0.3909488232767737,-0.7372657187065865,0.583153440791821,0.3399481475353241
0.4857617191193143,-0.7653272327353936,-0.7678588427305568,-0.7710478196514887,-0.38620926619102297,-0.44113235760685243,-0.7306799599954846,0.6116817045227261,0.3445970118045807
1.3496066719154427,-0.7651048910423633,-0.7681987711206217,-0.771059516213392,-0.29437436080969454,-0.5024677293698275,-0.7242861411234246,0.5492279876599284,0.3568934798240661
-0.16644431222254857,-0.7645167866453766,-0.7677431189411351,-0.7710766969802981,-0.2800588557294054,-0.5113892418572719,-0.7314473925528346,0.5777562513908329,0.3558437824249267
-1.2584807191592604,-0.7645669906271184,-0.7675333643622911,-0.7710712145188497,-0.05051900326336128,-0.4812791638003516,-0.7403935101926323,0.5700457707288762,0.3448968529701233
0.2220193123241036,-0.7650905505091652,-0.7675623247760195,-0.7710551310288326,-0.08409248851126218,-0.5013526200735107,-0.7284400808976518,0.5700457707288762,0.347295880317688
0.11851143003180646,-0.7649758119899939,-0.7673381072389199,-0.7710357578875912,-0.09366419917043511,-0.48016394815121677,-0.7301713521019051,0.570816745263881,0.3487957417964935
-1.384091806003461,-0.7649040779661133,-0.7667450411447803,-0.7710408754376378,0.06032714229612911,-0.456744951283471,-0.7437845925929599,0.5731300365248496,0.3369494080543518
-0.17328094919593534,-0.76547065374632,-0.7667956686855952,-0.77103283271188,-0.07535785521842911,-0.4299803074683201,-0.7473674514329207,0.608597438726752,0.33589968085289
-0.41896851924175926,-0.7655208591534204,-0.7673236457180483,-0.7710463573179014,-0.10020964089606217,-0.40210055435685216,-0.7609360838853332,0.5715880874548397,0.3327506780624389
0.24972049493997955,-0.76567146682257,-0.7672079391772352,-0.7710701172419605,-0.08285512808593087,-0.44559311385057476,-0.761864192528147,0.5553961515959221,0.3353000581264496
0.7388629472924804,-0.7655495373690994,-0.7671355999504282,-0.7710796215021766,-0.03800494082109061,-0.5537664793490414,-0.7540380144372656,0.5446017727939452,0.3420474827289581
0.34486840065650554,-0.7652268276226272,-0.7677069557959599,-0.771060612691152,-0.30511342309275835,-0.5649184231347554,-0.7497590741151947,0.5685038216588664,0.3454972505569458
1.4481217226712957,-0.7650618352341618,-0.7677575847741589,-0.7710152852173693,0.013459842716973184,-0.5961437168408107,-0.7509860947434405,0.5206999077570005,0.35869300365448
0.11312537044376754,-0.7644307206404496,-0.7679094630844515,-0.7709619149451806,-0.2118893061810917,-0.60841087627566,-0.7385016718358547,0.5268682555209708,0.3601928651332855
-0.39416389223342946,-0.7643589866165691,-0.767786504941134,-0.770907447614047,-0.18074237604592133,-0.5615728825401685,-0.7466000188755705,0.5685038216588664,0.3570437431335449
0.13030730105277502,-0.7645095999871532,-0.7674610725691577,-0.7708467673448282,-0.1805485592188116,-0.5961437168408107,-0.7494065671236283,0.5792982004608427,0.35869300365448
1.9837435535511414,-0.7644307206404496,-0.7672946881790881,-0.7707235791981609,-0.12051996981415437,-0.6128716325193824,-0.7397018949610333,0.5553961515959221,0.3772875368595123
2.4138342026683506,-0.7635413980544462,-0.766658249021406,-0.7705656659139452,0.23843624534730293,-0.6039501200319379,-0.7430394368216963,0.40273234781431244,0.400980144739151
-1.1371876681973478,-0.7624082493447502,-0.7665859097945992,-0.7704454032335816,0.4412773173043481,-0.457860166932606,-0.7603738809856194,0.3603256233134355,0.3898837864398956
1.6096237214661107,-0.7629389559749786,-0.766737793854428,-0.7702834669155806,0.5109484380304148,-0.36752972005621,-0.7664509773366722,0.31637694974254804,0.4063790440559387
0.7890353357647553,-0.7621500356510243,-0.766658249021406,-0.7701116620071465,0.5112853142177005,-0.13668539832615723,-0.7802873124874081,0.32871327761453417,0.4150762856006622
-0.8026070174122956,-0.7617340718160432,-0.765761423431913,-0.7699892069524474,0.6944877055880143,0.08635262656558625,-0.7893271124550018,0.33796570734650067,0.4071280360221863
0.5417793070995869,-0.762114213537881,-0.7646187146156178,-0.7698492048391266,0.6280703314224401,-0.17794752652160958,-0.7711047559028654,0.3479891116134721,0.4132766425609588
-1.6318950002015633,-0.7618201435224047,-0.7651538986916699,-0.7697230939141353,0.9676401385219748,0.137651270191982,-0.791419768685374,0.3541572755494655,0.3966311514377594
-0.9858864164715854,-0.7626162490792237,-0.7643583224342705,-0.769625859882065,1.0568444744993097,0.049551360966674014,-0.7896840856970792,0.2924749008776269,0.3871840536594391
0.5115239375258575,-0.7630680763627484,-0.7639388492111837,-0.7695187555160071,1.0574470315351954,-0.19913598573826774,-0.7746608717062285,0.2886198443746254,0.3927330076694488
-0.8303406634149507,-0.7628026859883098,-0.7643221980984645,-0.7694017824142199,0.8921114780858406,-0.15229799200277577,-0.7810503332607167,0.3395078402444874,0.3849351108074188
0.23953884831387207,-0.7631756367758483,-0.7640256470840942,-0.7692753046889762,0.363926247909967,-0.08315632340149103,-0.790853099535149,0.3695780530454013,0.3877844512462616
-0.05099993124842824,-0.7630393610877451,-0.7648284691944618,-0.7691411507476347,0.2576486044128251,0.18783491087487827,-0.8044930830628014,0.32023200624554915,0.3877844512462616
-0.9161967745648736,-0.7630393610877451,-0.765284108437492,-0.7690340481977793,-0.051997352925645786,0.08635262656558625,-0.8081072056563404,0.3102086019785781,0.3792365789413452
0.2749317356354037,-0.7634481810252618,-0.7650164790274807,-0.7689357171067642,-0.1697395237978317,-0.009553792203666941,-0.8046805021848626,0.31252170941157004,0.3823857009410858
2.0577304066641826,-0.7632975676546776,-0.7653925763122571,-0.7687957171002381,0.3863036433177489,-0.22478552025710116,-0.7789398120282995,0.3317975434105076,0.4029292464256286
0.1973524430064591,-0.7623150294648484,-0.7652551508985317,-0.7686816691741621,0.3545179471079091,-0.28612089202007623,-0.7821300765550324,0.41198459371830204,0.4054787158966064
1.2119128258799186,-0.7621930957353018,-0.7652551508985317,-0.7685394743959134,0.21377614346796325,-0.37868166384192437,-0.7676066468896782,0.4482231542831862,0.418525218963623
-0.03698879124387831,-0.7615691193376195,-0.7656674199527875,-0.7683892389260535,0.057843426351248235,-0.4032157700059872,-0.7640103348317143,0.4574754001871762,0.4186746180057525
-1.2881139959970676,-0.7615619740147965,-0.7655155358929587,-0.7682751909999777,0.28199904308543755,-0.35191712637959144,-0.7668704236194368,0.4073583788523191,0.4054787158966064
0.05061168296635044,-0.7621930957353018,-0.7645247082617243,-0.7682039115183927,0.18442047191322103,-0.3619538545161708,-0.7575941302406287,0.45439131821917933,0.4065284132957458
0.5136404045855895,-0.76214289175356,-0.7644017458062545,-0.7681761309579358,0.19572262606304083,-0.4745879762583596,-0.7387828277521813,0.6409805751326809,0.4123765230178833
1.1193871887192994,-0.7618631936291718,-0.7637725050678673,-0.7680913267976813,0.26425164449474936,-0.5493057231053191,-0.728988885045832,0.7026629498045193,0.4246728718280792
-0.7301220698385621,-0.7612750949336194,-0.7637652994616523,-0.7680646439500021,0.21882552343875572,-0.5102741325609546,-0.7375647396249579,0.6648826239976021,0.4173251092433929
-0.7843400524115745,-0.7616265171043779,-0.7644017458062545,-0.768078168773968,0.337504409948276,-0.46120570752719314,-0.7418748892341375,0.6617983582016287,0.4095280170440674
0.26514831720093474,-0.7619994294072333,-0.7643511182654396,-0.7680642775856382,-0.07529938837249926,-0.40544620130425724,-0.740696997361515,0.6849294325315449,0.4128265976905823
0.6761154081483592,-0.7618416678631089,-0.7640690603943898,-0.7680467324158667,-0.031579881133007345,-0.5147348888046769,-0.7350749683643769,0.7103734304664759,0.4204741716384887
-1.6047586799159559,-0.761475906584511,-0.7634760000497863,-0.7680291852845967,0.073953109709588,-0.29392718885838554,-0.7508700811630887,0.7951868794682305,0.4038294851779938
-0.4737055351672406,-0.7622719736566468,-0.7638303870859547,-0.7679992106788981,0.07920480743420703,-0.47681840755662963,-0.7532036425887174,0.8275700158741595,0.3994804918766022
3.8681713324935174,-0.7624799733911203,-0.7642064455613619,-0.7678855288992417,1.206950893254563,-0.4634361388254632,-0.7633231858506264,0.8453039008030876,0.4393685162067413
-0.21175917730376437,-0.7605722448906681,-0.7640473530205499,-0.7677572250913784,1.2199344733397461,-0.5526513700527241,-0.7661922071393713,0.8044393092001977,0.4375689923763275
-1.1674155688131507,-0.760658310895595,-0.763678505900894,-0.7676662058862438,1.335188600138138,-0.4991221887752406,-0.7551757645217573,0.8198599028681566,0.4251231253147125
-0.9093728623138033,-0.7612535606154048,-0.7644812892018924,-0.7675978496915197,1.3052218486621474,-0.35972342321790074,-0.7738264998576803,0.8530140138090905,0.4158261120319366
-0.05099993124842824,-0.7616982097928582,-0.7646910437807364,-0.7675086566416528,1.2761920392230328,-0.4790487325020815,-0.7662412814285248,0.8591821777450835,0.4158261120319366
0.019707414106838704,-0.7616982097928582,-0.7627672202279133,-0.7674253140885047,1.2341632984948558,-0.5894526356516364,-0.7496073305307535,0.8190885606771979,0.4165751934051513
-0.163975988181168,-0.7616623834036389,-0.7628540123512876,-0.7673949726825534,1.2323388628606524,-0.6563639793074687,-0.742084585142285,0.8815422775399949,0.4153761565685272
-0.8587366220686751,-0.7617197298574865,-0.7634542840516423,-0.7673916831766251,1.2350323793286089,-0.5716095043239299,-0.7478850462939921,0.8668926584070402,0.4068281650543213
-0.3258806519479848,-0.7621285554964378,-0.7639026846286244,-0.7674271418420304,1.0770635365668686,-0.5381538856724225,-0.7497768846507699,0.8445325586121296,0.4039790630340576
-0.7649245479341171,-0.762264819781672,-0.7639026846286244,-0.7674808764444363,1.1014205708734017,-0.40210055435685216,-0.7689585591328284,0.8931076308769761,0.3966311514377594
0.4239284904828022,-0.7626162490792237,-0.7638665559806662,-0.7674907450348694,-0.6476031983833037,-0.36752972005621,-0.7826833469537238,0.9493928161478262,0.4014303386211395
-1.5025924719919104,-0.7623867178772528,-0.763924386252928,-0.7675393618692843,-0.4577813822283819,-0.3017334856966948,-0.79991964253934,0.9193226033469121,0.3865844011306762
0.3905802372305577,-0.7630967560037861,-0.7643366610567202,-0.7675916326124927,-0.42415803978614575,-0.36529928875793993,-0.7916339308440327,0.9193226033469121,0.3909335732460022
0.054377301260397776,-0.7628887477171609,-0.7644740749713731,-0.7676713192953488,-0.4572735865684877,-0.3731057983018851,-0.786386740091017,0.9517061074087948,0.3919831216335296
0.7147823305045553,-0.7628385508622122,-0.7648284691944618,-0.7677144522880013,-0.3157732835872294,-0.4600904918780581,-0.7833615634337893,0.9732948650127474,0.3996307253837585
-0.15409847756872133,-0.7624727881582556,-0.7645970014922417,-0.7677411373877716,-0.3233720995798436,-0.31734629207894927,-0.7920711876623724,0.9971969138776693,0.3985810279846191
0.08188850644544106,-0.7625229921399974,-0.765313030041851,-0.7677725738185209,-0.3109488305054911,-0.1969057671456332,-0.8008968254713072,1.123645561361365,0.399930477142334
-0.62493798888099,-0.7624584519011334,-0.7651032668387028,-0.7678369077785889,-0.3513746228448784,-0.014014442094571132,-0.8106639162081197,1.1352112823543,0.3940825462341308
1.2334410608829809,-0.7627381414733698,-0.7650526464848081,-0.7678292314898431,-0.10775113333796343,-0.14783734211187158,-0.7949223439490726,1.1251878780873283,0.4069785177707672
0.1803980459216121,-0.7621213645621385,-0.7646837979277681,-0.767805105128772,-0.1906062429589434,-0.1957905514964978,-0.7974923987859157,1.147547610226286,0.4093778133392334
-0.20913491143548676,-0.7620066132147394,-0.7647344254685831,-0.7678822329276325,-0.2010731741612755,-0.11549672640386394,-0.7972960471628322,1.1891831763641816,0.4077284932136535
-0.23871391252793409,-0.7620854954121603,-0.7646693407190487,-0.7679597273814492,-0.5928581913851853,-0.15898928589758635,-0.8070140636104912,1.140608471755288,0.405778557062149
-0.6602075834587033,-0.7621787552021038,-0.7649513899657941,-0.7680222355494902,-0.5043921643931719,0.0071740171220866355,-0.8193333441821021,1.071986590956498,0.3994804918766022
0.5678122688263256,-0.7624799733911203,-0.7643294094542157,-0.7680467281296289,-0.45971550428563357,-0.06308286712833315,-0.809883084899236,1.1005148546874024,0.405778557062149
-0.9067411162467117,-0.7621787552021038,-0.7642136899769462,-0.7680927861526965,-0.4030505542654914,-0.10769042956555427,-0.8097268750642836,1.1452346866212713,0.3969317972660064
0.3048249214473159,-0.7626018700613424,-0.7642932376847361,-0.7681318985815992,-0.38432327231995256,-0.13668539832615723,-0.8104318890474163,1.0866362100894527,0.4005301594734192
0.5368099844890512,-0.7624297708347371,-0.7643872842853829,-0.7681534664219153,-0.33910907619250225,-0.1567588545993159,-0.8035159545973038,1.122103612291355,0.4065284132957458
0.2819804708462914,-0.76214289175356,-0.7646910437807364,-0.7681457902058175,-0.4073177773560675,-0.20248163268567282,-0.7986569463734744,1.103598752827422,0.4099771678447723
1.4851510673635306,-0.7619779478272881,-0.7643872842853829,-0.7680920558940041,-0.308917822779152,-0.4389019263085824,-0.7800642178277272,1.091262424955436,0.4260224103927612
0.08718668993283127,-0.7612105504186795,-0.7648139688642209,-0.7680167536692265,-0.30903770378208273,-0.43778671065944735,-0.7749330406550631,1.0503978333525452,0.4275222718715668
-0.5190635600609879,-0.7611388163947989,-0.7646404176773055,-0.7679655779508161,-0.2652218603090783,-0.5147348888046769,-0.7712073707316837,0.9864021674197385,0.4224240779876709
-0.20432579343899535,-0.7613826482199262,-0.7643511182654396,-0.7678822352523716,-0.26842789486171237,-0.49020067628779607,-0.7702079110136301,1.038061505480559,0.4207739531993866
-0.05099993124842824,-0.7614615689020301,-0.7641847827464274,-0.7678094943816248,-0.3581663191887707,-0.40098555141335307,-0.7684097549846481,1.0758418312874762,0.4207739531993866
1.1520499139963556,-0.7614615689020301,-0.7634109109880999,-0.7677078736393851,-0.2397839248838972,-0.4255196575774159,-0.7692084512955766,1.0958886398214192,0.4336708486080169
-0.7567775278955535,-0.7608447478046813,-0.7633385717612929,-0.7676439040095342,-0.2862001475391301,-0.3195765106715834,-0.7820229954757031,1.0820099952234694,0.4258728921413421
0.47421503127538206,-0.761217701442937,-0.7635844607376312,-0.76756348423471,-0.2786731170861115,-0.34745626378305133,-0.7738309661081915,1.1298140929533116,0.4315715134143829
1.353652438562147,-0.7609451529174477,-0.7636640472547905,-0.7674487053961087,-0.12842173525081546,-0.5024677293698275,-0.7550910146949837,1.1228745868263599,0.447016030550003
0.660032672325382,-0.7602064864627874,-0.7636640472547905,-0.7672999316060033,-0.11622356003344242,-0.5448449668615969,-0.7537925885250286,1.1275008016923431,0.455113798379898
-0.2449390513829929,-0.7598191937166922,-0.7630420221843066,-0.767188075545726,-0.2798391982055363,-0.5024677293698275,-0.7684811605263576,1.1591129635632673,0.4528650641441345
0.6508389125030749,-0.7599267441522816,-0.763418122343851,-0.7670623288056557,-0.25567549801236505,-0.5414994262670098,-0.7643494430717471,1.1429213953603028,0.46096271276474
-0.8427033740655338,-0.7595394571076208,-0.7631432743911684,-0.7669552265463927,-0.17188412502114644,-0.42663487322655097,-0.777681582112945,1.2038327954971362,0.4516648948192596
0.6918344720388632,-0.7599841447697572,-0.7623983759830255,-0.7668225339942132,-0.1768464022776822,-0.5403842106178748,-0.7662546801800585,1.0619631866895265,0.4602128267288208
2.5708149210631555,-0.7595753219815231,-0.7620078157399935,-0.7665995533673687,0.3252608113708128,-0.5693791793784777,-0.7650812000914773,1.0974305888914289,0.4909535050392151
0.03291876302180279,-0.7581050845074736,-0.7621162735530703,-0.7663893665793168,0.3075788546806678,-0.5292323731849786,-0.7715776882588251,1.0665894015555097,0.4920031726360321
0.06867162585995713,-0.7580548819510904,-0.7617257190595745,-0.7661539576789146,0.15907541395534758,-0.5470753981598669,-0.7702123772641413,1.0804680461534595,0.4935032427310943
-0.7428329917250638,-0.7579831379496993,-0.762174158445926,-0.7659485244012845,0.3180995308002964,-0.516965213750129,-0.7757228044649691,1.0650474524855,0.4848047494888305
0.7624880151555212,-0.7583991616497431,-0.7617618865169019,-0.7657332196999453,0.23595500155415386,-0.6229082543031436,-0.7669016329065456,1.0758418312874762,0.4948525428771972
0.7815890801721113,-0.7579186048376284,-0.7602792449983897,-0.765500734086404,0.24508841156569594,-0.6597096262548737,-0.7549303930759897,1.071215616421493,0.5053493976593018
-0.6566772704701914,-0.7574165707216445,-0.7602286188949589,-0.7653263704392705,0.31380243186515555,-0.5671487480802077,-0.7573442925443502,1.0311219993536074,0.4975513517856598
0.5641700958314367,-0.7577895286359762,-0.7601562696064635,-0.7651366539240531,0.30884177773933097,-0.5247716169412562,-0.7529270073893716,1.0303510248186025,0.5053493976593018
-1.460303479560329,-0.7574165707216445,-0.7605758031996803,-0.764978740349245,0.4832147876251332,-0.42663487322655097,-0.7554479879370614,1.1028277782924172,0.4872047305107116
-0.03894468390745993,-0.7582843775190954,-0.7600911920438493,-0.7648164395557306,0.46924319504346623,-0.4935462168823832,-0.748706019391007,1.0689026928164782,0.4873543679714203
-0.0026953383175071146,-0.7582772207934033,-0.7595849223852361,-0.7646526767192215,-0.25163990883708887,-0.6195627137085564,-0.7429680312799868,1.00876226721465,0.4879541397094726
-0.3404592591749312,-0.7582485354509312,-0.7599610268569328,-0.764529124097041,-0.24450378932156255,-0.5236564012921212,-0.757353170578903,0.9678976756117592,0.4843556582927704
-1.533562291634071,-0.7584206403789711,-0.7595849223852361,-0.7644311595156859,-0.011887048400048741,-0.5370386700232874,-0.7613198001640082,0.8861684924059782,0.4660607576370239
-0.21514178373386292,-0.7592956324092867,-0.7604600506625777,-0.7643518373083432,-0.043217624581202325,-0.40656141695339226,-0.7806085557253962,0.9031310351439475,0.4641117453575134
-0.7611919024483804,-0.7593888480131126,-0.7604528335572903,-0.7643306340161885,-0.15890963052867724,-0.45562973563433595,-0.7794261976022624,0.8969628712079545,0.4557142257690429
-0.37393341135782115,-0.7597904770163301,-0.7604239062033951,-0.76433831008699,-0.3719870840843947,-0.4121372824934315,-0.7931509854231578,0.8954205544819909,0.4519648551940918
-0.19423441432260463,-0.7599697985351245,-0.7605974631398467,-0.764344524986574,-0.36707797047138674,-0.45897538258174103,-0.7882384366596635,0.8923366563419712,0.4503155350685119
-1.2142687236616712,-0.7600486807325454,-0.7614798372701564,-0.7644030122276245,-0.4857555785147603,-0.5504209387544541,-0.7924370389390026,0.8746027714130431,0.4369695782661438
0.056767518455360835,-0.7606869791337636,-0.7615738393118978,-0.7644359099022394,-0.5773709729314054,-0.60618044497739,-0.7947839991161648,0.9023600606089426,0.4381693303585052
0.43253897661315077,-0.7606295984713088,-0.7619788567636493,-0.7644764862629877,-0.46814099698913,-0.6842437324189367,-0.8022710689670134,0.906215300939921,0.4435672461986542
4.394269834180177,-0.7603714318144179,-0.7621596911755182,-0.764469540886767,1.4796473596752666,-0.578300691865922,-0.8032393193979582,0.9069862754749258,0.4938026964664459
-0.9211339622091594,-0.7579688159461634,-0.7622392388833081,-0.7644918392037199,1.5253174171999855,-0.6195627137085564,-0.8164286473557373,0.8113784476711949,0.4828557670116424
-0.3313445056954035,-0.7584923758282103,-0.7628829224565744,-0.7645262011007727,1.3781531327567829,-0.5270019418867086,-0.8161252691197941,0.8113784476711949,0.4794070124626159
0.23136138388294256,-0.7586573197544821,-0.7628250576870955,-0.7645309520685112,1.3722252606147913,-0.6385209543325803,-0.8012939405015158,0.8784580117440215,0.4828557670116424
-0.7579747740389561,-0.7584923758282103,-0.7625647129394217,-0.7645813968017481,1.3718494709919706,-0.38871839197850366,-0.8203462026516891,0.9085282245449356,0.4741586744785309
0.023440106767788446,-0.7589083325363982,-0.7601418267715846,-0.7646552372741233,1.354759179376464,-0.46232092317632817,-0.8137916532276959,0.8892523905459978,0.4750579297542572
-1.2652024111498108,-0.7588653237650315,-0.7606698038040376,-0.7647458919310964,1.4721093399150955,-0.37868166384192437,-0.8316258817171155,0.8661216838720353,0.4603622257709503
0.6649763518632397,-0.7595681766587001,-0.7608361393230497,-0.7648350852715557,1.3670854343850845,-0.2894665389674813,-0.836118984197845,0.8992757948129692,0.4687597453594208
1.4180854199496353,-0.7591665476554826,-0.7606698038040376,-0.7648372794620936,1.4405902109385382,-0.3731057983018851,-0.8226976290793626,0.9917993568207266,0.4863046109676361
-0.24463539204428492,-0.7583274276258625,-0.7610892698402042,-0.7648456865907166,1.463143714726469,-0.41771336073910664,-0.827534306050636,0.9840892438147237,0.4839055240154266
0.3990208014297052,-0.7584421689957511,-0.7610458982140459,-0.7648420313016092,-0.08572004602061964,-0.47012722001463764,-0.8173611677825926,0.9748368140827572,0.4894536435604095
-0.4117580178772867,-0.7581768185313542,-0.761754680910687,-0.7648405702756877,-0.16879696468077932,-0.5102741325609546,-0.8145502077504932,0.8992757948129692,0.4849550127983093
-0.9733593829478849,-0.7583919749915197,-0.7613496634589355,-0.7648222921592442,-0.06822791415868426,-0.5046981606680976,-0.8124397409845456,0.8838552011450096,0.4735589623451233
-0.4114714021127105,-0.7589370150281531,-0.7605034639728734,-0.7648098646121676,-0.07377080635288932,-0.43109552311745514,-0.8270167111895645,0.8584112032100786,0.4692098796367645
0.5762603575018246,-0.7591450190387025,-0.7606191733884546,-0.7647586881672762,-0.07434601449957237,-0.41102227954993237,-0.8289620900860069,0.8638083926110668,0.4767082631587982
-0.5449095703061323,-0.7587863931054172,-0.7603515842251967,-0.7647129946923701,-0.044057385853180524,-0.17571709522333953,-0.8438782229975281,0.8414486604721092,0.4707096219062805
-2.0641716105122025,-0.7590732907162564,-0.7605685559093279,-0.7647221326608703,0.24019714082050167,-0.06196765147919773,-0.8638407287884703,0.7018919752695143,0.4465668797492981
0.63432014073896,-0.7602279680427326,-0.7611181943193315,-0.7646797309439836,0.2349158691731503,-0.11215129216209399,-0.864844654757035,0.7211678092684523,0.4543639719486236
1.5294080539507673,-0.7598550557398772,-0.7613279532103275,-0.7645956574056619,0.2731552712585151,-0.2705082983434577,-0.8496474748621266,0.7543222878653406,0.4726586937904358
-0.6860848338302497,-0.7589800722617134,-0.7609663016351983,-0.7645433847736028,0.29985563148272665,-0.20694228257657662,-0.8613732887804453,0.7450698581333735,0.4650109708309173
-0.8610948865403008,-0.7593458406671044,-0.7612556197330568,-0.7646369645336393,0.29278569231495366,-0.09096262023980109,-0.8747277590741992,0.7257940241344355,0.4554136097431183
0.5564617218894409,-0.7598048546088526,-0.7624200387979599,-0.7646866782090547,0.3605302585642865,-0.21363357647138678,-0.8726172923082517,0.697265760403531,0.4624617993831634
-0.1273303418598723,-0.7594677601430646,-0.7620439803225528,-0.7647301772754787,0.29747647770676994,-0.2593563545577433,-0.8611859241248537,0.7319621880704286,0.4615624547004699
0.06373525024288451,-0.7595107731905073,-0.7611616148165473,-0.764778794327838,0.2918180475435518,-0.3206917263207184,-0.8556486994209588,0.691868571002543,0.4629116654396057
1.0552119715235864,-0.7594462443545122,-0.7615304691231235,-0.7647744081262052,0.377287831021146,-0.4087918482516623,-0.839532343384259,0.7080605068614618,0.4759580194950104
-1.324739476260857,-0.7588222750836231,-0.761993355656506,-0.764809864975408,0.5042670172267449,-0.32738302021552856,-0.8446545880559007,0.6957238113335212,0.4605125188827514
0.06402477973428707,-0.7595609885751182,-0.7616534172047528,-0.7648062088871715,0.07096402151595066,-0.4344411700648602,-0.8365651735172072,0.7111444050014808,0.4618620574474334
0.30582062905835494,-0.7594964440601782,-0.7616967931430633,-0.7648127881169725,0.04023321291353471,-0.44782343879602665,-0.8362617952812639,0.7481537562733938,0.4660607576370239
1.0477500378460818,-0.7592956324092867,-0.7616317198926013,-0.7648303328508553,-0.1109253110759418,-0.5091589169118195,-0.8370693696267452,0.7512380220693665,0.4791072607040405
1.300348571646167,-0.7586716560116044,-0.7610024863411342,-0.7648018200702072,-0.010717366148065894,-0.548190613809002,-0.8264366977542755,0.7342754793313971,0.4956022799015045
1.861067803741713,-0.7578827470905193,-0.7617474321829506,-0.7647279794525359,0.09045526431496975,-0.5559969106473113,-0.8299169417654181,0.7080605068614618,0.5197451710700989
-0.40209600094055603,-0.7567280626372498,-0.761682343121264,-0.764654505635117,0.16740895002916678,-0.578300691865922,-0.8258254205654083,0.7080605068614618,0.5150960683822632
-0.31378160344272105,-0.7569504157331491,-0.7614798372701564,-0.7645616584585123,0.19179278686562237,-0.4968918638297883,-0.8372478562477839,0.6779902940605469,0.5116475224494934
0.3746156915898504,-0.7571153496819106,-0.7608505965317692,-0.7644446853567252,0.1807694044934971,-0.5136196731555419,-0.8365294979795873,0.6348124111966879,0.5171955823898315
1.5081030912701199,-0.7568500020682309,-0.7600550317734422,-0.7642959117119159,0.2644656076287451,-0.5559969106473113,-0.8310368813143345,0.6278732727256898,0.5377394556999207
-0.2698992138419673,-0.7558674481994567,-0.7588906055216188,-0.7641398258179855,-0.04737834418475454,-0.6262539012505487,-0.8207655944679841,0.6826161412705765,0.5347405076026917
-0.5243117478605838,-0.7560108791878934,-0.7591148345577908,-0.7639406067134583,0.05982807045734609,-0.6675159230931831,-0.8336828079433983,0.7589485027313232,0.5282922387123108
0.5394605233288107,-0.7563192811844162,-0.7592811600151146,-0.7637410215351595,0.0555403934206551,-0.6496728981182942,-0.8274004274682395,0.7227097583384621,0.536239504814148
0.5965928241972142,-0.7559391864994133,-0.7590135737266247,-0.7635644658769314,0.01970838851899419,-0.6507880074146115,-0.8309342664855165,0.658714460061609,0.5450868606567383
-0.7528395377247107,-0.7555160431330019,-0.7580227302841658,-0.7633930267516764,0.06401024329400662,-0.6563639793074687,-0.8224522031671255,0.6864713816015547,0.5353401899337769
0.1359162723941326,-0.7559821981214973,-0.7581673713657945,-0.7631919780047727,-0.312658015136359,-0.6842437324189367,-0.8114491593010449,0.6718217624686001,0.5378895401954651
-0.3573708075644093,-0.7558602700933852,-0.7584783752767321,-0.7630183449069242,-0.31909214010765946,-0.750039966778452,-0.8042789209041428,0.6494620303296426,0.5336910486221313
-0.1613105076640758,-0.7560610717667663,-0.7580950738231248,-0.7628461757409211,-0.33500612932074475,-0.7065475136375473,-0.8020390418063099,0.6355833857316928,0.5321911573410034
-0.3717731753631829,-0.7561328072160055,-0.7576683604966059,-0.7626878976179515,-0.31887698907363193,-0.5861069887042313,-0.810463098334525,0.6641116494625972,0.5278418660163879
1.2313499095270202,-0.7563408212040653,-0.7581384483240513,-0.7625193846128331,-0.43885651431647704,-0.6139867418156992,-0.8070899354027118,0.5862373389318406,0.5450868606567383
0.8020475208765135,-0.7555160431330019,-0.7580154916181178,-0.7622843427306276,-0.36651447722328184,-0.6541336543620165,-0.8044083332360281,0.6309571708657096,0.5569334030151367
0.5514258723589291,-0.7549494573752847,-0.7582179874075371,-0.7620317536445042,-0.42039544323415584,-0.6095259855719773,-0.8053096443757747,0.5777562513908329,0.5654813051223755
0.2612364424205569,-0.7545406360124094,-0.758290328071728,-0.7617784340817438,-0.4383944895001405,-0.6953956762046509,-0.7994600544684445,0.561564683187869,0.5699796676635742
-1.1765478552561908,-0.7543254923804715,-0.7585000970244125,-0.7615967603649324,-0.22216480665726748,-0.5749551512713349,-0.8152864310207346,0.5245551480879792,0.5536350011825562
0.32108163101963566,-0.7551072103672575,-0.7576683604966059,-0.7614425025151202,-0.3124207269030599,-0.5682639637293427,-0.8149651333162771,0.5546251770609173,0.5588832497596741
-0.029944008066303044,-0.7548562018614172,-0.757096994589386,-0.7613463661231796,-0.3092767539088679,-0.6262539012505487,-0.8180661817657252,0.5569384683218851,0.5591830611228943
0.20164863815757855,-0.7548418627535778,-0.756684724097746,-0.7612301227715481,-0.34594429315097697,-0.5883374200025013,-0.8268114815319282,0.5307233120239723,0.5627824068069458
0.48236822052353223,-0.7546697164901376,-0.7564677653500711,-0.7610868309343546,-0.3529246504090889,-0.6764374355806272,-0.8223540545888185,0.5422888491889304,0.5704299211502075
0.6093393898524325,-0.7543039580622569,-0.7572560785058936,-0.7609336698528949,-0.4025457072226352,-0.7455792105347296,-0.8116143016370198,0.6024292747907589,0.5800266265869141
0.020025545715579827,-0.7538449754783986,-0.7570029523008913,-0.7608280293460344,-0.555729138411558,-0.7310817261544281,-0.8103203417175757,0.6247890069297165,0.5810762047767639
-0.13201090749440797,-0.7537947771980913,-0.7569884922174037,-0.7607180019110602,-0.6201593974954376,-0.7968779605139433,-0.7900812007272878,0.6803032176655617,0.5798768997192383
0.07081828570467687,-0.7538521364801666,-0.7568148935968149,-0.7605878686787647,-0.6644800036750647,-0.7232754293161189,-0.7855300369899127,0.6664245730676119,0.5816766023635864
0.5358752458401019,-0.7537660619230878,-0.7564460493519269,-0.7604559073297029,-0.6279662757668755,-0.6630551668494609,-0.7841468609931842,0.6664245730676119,0.5903738141059875
1.2151330682159949,-0.7533500995134653,-0.7559831944409935,-0.7602990898694144,-0.8349335797180826,-0.7377729136964204,-0.7772175277915382,0.7057472156004927,0.6094178557395935
-1.0361085200534417,-0.7524392782432131,-0.7559325726497147,-0.7601557975963321,-0.4832174830687955,-0.6017196887336679,-0.7872612537276964,0.7211678092684523,0.5941227674484253
-0.6058013140084091,-0.7531707979496917,-0.755990415858433,-0.7600391908589088,-0.3894204589609236,-0.5403842106178748,-0.7999999805820719,0.6355833857316928,0.585724949836731
-0.5232903248412978,-0.7535724412064956,-0.7559036151107544,-0.7599295298609466,-0.32965612327151544,-0.578300691865922,-0.7960779590356089,0.6355833857316928,0.5786771178245544
-0.35612029314592725,-0.7539095185679799,-0.7554841433250516,-0.7598271782788296,-0.3404215893011524,-0.5403842106178748,-0.7976797634415073,0.6116817045227261,0.5741786956787109
1.4455927421541648,-0.754124665050635,-0.7545656376720156,-0.7596608569942137,-0.10146655777222661,-0.4991221887752406,-0.7997500884193237,0.5931768450587924,0.5960716009140015
5.11331722897176,-0.7530775908980176,-0.7553033290365594,-0.7593453951192397,1.7428740064275068,-0.3864879606802336,-0.8075628677586714,0.5446017727939452,0.6744983196258545
0.40277855987197514,-0.7493266684345429,-0.7557083608621513,-0.7590398024885319,1.7138564838784784,-0.5414994262670098,-0.8037791910451161,0.5739010110598545,0.6822962164878845
1.8899889064024769,-0.7489537176470044,-0.756048282065296,-0.7586727992572647,1.7696163353949732,-0.578300691865922,-0.7926155255600414,0.5739010110598545,0.7160364985466003
-0.3222629923251441,-0.7473400178266281,-0.756265243687739,-0.7583288244563465,1.8342402695772002,-0.5314626981304305,-0.7986926219110942,0.5623356577228732,0.7110879421234131
-0.009610951334114133,-0.7475766929260633,-0.7552093356191223,-0.7579431789963631,1.8423235782166925,-0.5626879918364853,-0.7941995194303647,0.526097097157989,0.7118377685546875
0.3375809288253692,-0.7475408309028783,-0.7514267675134745,-0.7575531483518203,1.6804746910051622,-0.5972589324899457,-0.7849856990922437,0.5307233120239723,0.7188849449157715
-0.4849224339697423,-0.7472037848992837,-0.7510506702286982,-0.7571832216157482,1.661943451458716,-0.5147348888046769,-0.8021550553866618,0.5206999077570005,0.7109375596046448
0.0649038539255967,-0.7475838852857212,-0.7494233560061082,-0.7568169514038011,1.5904249907388883,-0.36976015135448004,-0.802645852744666,0.5106765034900291,0.7130368947982788
0.2956876866645663,-0.7474834801729547,-0.7496620278771592,-0.7564539708430787,1.5203987518960884,-0.3909488232767737,-0.7960645602840752,0.5245551480879792,0.7193349003791809
1.8554939273432083,-0.7471822648346554,-0.7496258632945999,-0.756029212518304,1.5588555998605447,-0.46566646377091525,-0.777681582112945,0.6008869580647953,0.7542746067047119
1.423821013870974,-0.7455112000307694,-0.7492859737139042,-0.755537925824979,0.03557268544400373,-0.5024677293698275,-0.7751159935266131,0.5947187941288022,0.7826160192489624
0.10693708705409158,-0.7441557124787603,-0.7496692809170477,-0.755036039192807,0.05495763212564339,-0.4043309856551222,-0.7754506355161347,0.5553961515959221,0.7857651114463806
-0.01354445743681663,-0.7440051005335347,-0.7495680287101859,-0.7545367118078711,-0.1972446357746357,-0.4043309856551222,-0.7732732294589889,0.6024292747907589,0.786514937877655
0.7347586283459203,-0.7439692385103497,-0.7492642720896006,-0.754020203728677,-0.24897793468397528,-0.41436771379170156,-0.7710779583997983,0.5908635537978238,0.802260160446167
1.2769460242657085,-0.743216190187091,-0.7475791089087561,-0.7534839545456193,-0.1983564835815593,-0.6530184387128816,-0.7623594561366625,0.5870086811227994,0.8294025659561157
-0.6613276309815339,-0.7419180476635708,-0.7462121854301293,-0.7529418590794327,-0.022069194992312455,-0.6608247355511908,-0.7537479804863864,0.5854663643968357,0.8165057897567749
0.14365907080869558,-0.7425348630594851,-0.7460603028076845,-0.7523694215534621,-0.12887244739709763,-0.6753222199314923,-0.7469168503295169,0.6764479773345834,0.8205551505088806
-0.2949098609293082,-0.7423411938806994,-0.7460241382251253,-0.7517922335682897,-0.07069518781626508,-0.6797829761752144,-0.7467785054966093,0.6988080771294947,0.8154560923576355
-0.2891507046997941,-0.742585067041227,-0.7452647366119736,-0.7512161408258596,-0.0041804074359016955,-0.7009716480975081,-0.744958072681541,0.7011210007345094,0.8105083703994751
0.4573367424288714,-0.7428217022306205,-0.7439556419682246,-0.7506678276994614,-0.30661625460226455,-0.7600766949150309,-0.7488711072605121,0.7281069477394503,0.8210052847862244
0.34326849262469805,-0.7423196652639192,-0.7445776612891724,-0.7502905895133972,-0.5406688343251848,-0.7645374511587533,-0.7369534079696209,0.7281069477394503,0.8292521834373474
0.09096228608821921,-0.7419252400232287,-0.7443823581695116,-0.7499250488336616,-0.5401908273833005,-0.732196941803563,-0.7262136005513525,0.6857004070665499,0.8322514295578003
-0.23485846664777682,-0.7417817947812057,-0.7446282888299872,-0.7496512587801226,-0.5164936741167654,-0.726620969910706,-0.7223094440069342,0.6795322431305568,0.8283529877662659
-0.26419841860257887,-0.7419682459438781,-0.7448669204542849,-0.7493763737744334,-0.564137170180139,-0.7455792105347296,-0.729211979705513,0.6934108877285066,0.823853611946106
-0.07956195508542539,-0.7421834380380095,-0.7443606479209037,-0.7491047779840804,-0.9518099563261054,-0.7455792105347296,-0.7198153154287813,0.6440648409286543,0.8232541084289551
0.29931726354897226,-0.742212110552254,-0.7439628950081131,-0.7488324497555919,-1.0473567777373893,-0.7712286387007455,-0.71776280098654,0.6232470578597066,0.8306017518043518
-0.20687675789629692,-0.7418606940829301,-0.7438182395526439,-0.7485487892954172,-1.039508131343671,-0.7132387011795396,-0.7327771369428379,0.6841584579965401,0.8273031711578369
4.345757339496511,-0.7420184556270545,-0.7440062637595034,-0.7480443422536397,1.024846491558063,-0.7723437479970625,-0.7262805943090204,0.6602564091316189,0.9199754595756532
-0.10219617228899794,-0.7375862088866911,-0.7442232713782359,-0.7475581727471209,1.0067111925259562,-0.8057994730013879,-0.7266865873737818,0.6749060282645736,0.9187754988670348
1.729919365807121,-0.7376435995266564,-0.7442521857956748,-0.7470555542579984,1.1120652015886057,-0.8002235011085305,-0.7185391660449124,0.6833874834615351,0.960463047027588
0.25540782724061106,-0.7356498050212772,-0.7438978045090425,-0.746603745558811,1.115702663850546,-0.7935324199193563,-0.7187935244581719,0.716541594402469,0.9679608345031738
2.314373279201024,-0.7352912075951645,-0.7440568970498544,-0.7460174182974726,1.2731713365569681,-0.7355424823981503,-0.716607131433534,0.7874763988062738,1.0262932777404783
-0.8481801465668632,-0.7325013360401391,-0.7395872564961736,-0.7454837295240203,1.380596706685447,-0.7422336699401425,-0.721095822130222,0.8090651564102265,1.005449295043945
0.38221183930081676,-0.7334982432703391,-0.7396451313273408,-0.7449613710934039,1.319362990579681,-0.7723437479970625,-0.702614695380785,0.8221728264731714,1.0165464878082275
-1.5448433228709648,-0.7329674967300689,-0.7376345156511436,-0.7445994870830895,1.6075955898770498,-0.7712286387007455,-0.7002320051995333,0.8391353692111407,0.9778577089309692
-1.573813467496232,-0.7348178687991631,-0.7372728928236952,-0.744298645347472,1.8708600081476732,-0.7734589636461976,-0.698273282018027,0.7412146178023951,0.939919650554657
1.8902362238578052,-0.7366323360843132,-0.7344594837848113,-0.7438943573681799,1.9318282177183965,-0.7478096418329997,-0.6968053017280554,0.7180835434724788,0.986405611038208
-1.7754541588545212,-0.7344090474362878,-0.7354648016845982,-0.7435832809683578,1.2557407232669897,-0.6942804605555162,-0.7131314081393724,0.7080605068614618,0.943068504333496
0.19238461782110947,-0.7364817355419567,-0.7349295773617928,-0.7432458888117012,1.2540368680096803,-0.7478096418329997,-0.7080224532863251,0.6363543602666977,0.9489162564277648
0.38942155150506896,-0.736202054521872,-0.7367955605806656,-0.7429081294915517,1.0600143026232949,-0.7823804761336419,-0.7067285478333507,0.6571721433356454,0.9595637917518616
0.6605214313537627,-0.735692813792644,-0.7386253360954578,-0.7425480711279684,1.0877288864826606,-0.7957627448648084,-0.7071479396496456,0.6533172706606208,0.976958394050598
-0.19560396171916586,-0.7348608804212471,-0.7363832900890257,-0.742204097634716,0.6186398509091762,-0.8202969573816892,-0.6980323223563012,0.6494620303296426,0.9733591675758362
0.17878965102131597,-0.7350330209832527,-0.7384734649720853,-0.7418367301458798,0.5925341232704671,-0.7991083918122134,-0.6929724962588769,0.6348124111966879,0.9790576100349426
-0.06904593859762566,-0.7347604810099152,-0.7381914243496441,-0.7414594919598156,0.5667894734182382,-0.8414855229511647,-0.691763340632676,0.5916348959887826,0.9786074757575988
0.7549580546486334,-0.7347820096266953,-0.737677887277302,-0.7410318091131626,0.42763468209356936,-0.8504070354386092,-0.6990809108299778,0.6756770027995784,0.998701810836792
-0.999846314272268,-0.7338209558675286,-0.736838935081592,-0.7406808890086719,0.2712030318442605,-0.8860931917412044,-0.7039666620904048,0.6926395455375478,0.9745591878890992
-1.4219590098644876,-0.7349756274925703,-0.7370125279526448,-0.740404905418428,0.05295791283022995,-0.8994754604723706,-0.7072460882279525,0.6864713816015547,0.9405195116996764
0.5559924351731017,-0.7366036464657651,-0.7367376886242665,-0.7403193708541848,-0.2494728776358701,-0.9307007541784259,-0.6969570453124967,0.6625697003925873,0.9550641775131226
-0.013991402839753465,-0.7359080172896443,-0.7367593988728744,-0.7402287160519155,-0.2551708842621521,-0.9418526979641403,-0.6942263143901899,0.6880136983275184,0.9559646844863892
0.1090846906976715,-0.7358649486532151,-0.7357902369313425,-0.7402301772957812,-0.27818953498444243,-0.9663869104810211,-0.6926244555178218,0.7011210007345094,0.9598636031150818
-0.5722345099198456,-0.7356784746848044,-0.7369546502467095,-0.7402809876669011,-0.3341821402589692,-0.8649045198189107,-0.6954801325215028,0.7574061860053596,0.9471169710159302
0.5828585077672168,-0.73628810912393,-0.7385964044294103,-0.7404367090126701,-0.2587761272726357,-0.8805172198483472,-0.6852311769277083,0.7574061860053596,0.9624119400978088
0.1080292904361759,-0.7355565951188859,-0.7378949063951068,-0.7405321144194374,-0.26367458710330616,-0.9228944573401165,-0.6853159267544817,0.7813082348702808,0.9663112759590148
0.16826094695371918,-0.7353701011954544,-0.7378514743988185,-0.7406414126127926,-0.2543568535473592,-0.8180665260834191,-0.6847179938506783,0.735817428401407,0.9717092514038086
-0.29326843207783776,-0.7351119316878463,-0.7376634271938144,-0.7406710209267755,-0.3679207687036594,-0.7366576980472853,-0.6860120082365919,0.6995790516644996,0.9657115340232848
-0.7275034329911423,-0.735398785112568,-0.738278204973946,-0.7406487226098227,-0.43017845299404733,-0.6485576824691592,-0.6964037749138052,0.7026629498045193,0.9490670561790466
0.35210672270713433,-0.7361948422071933,-0.7375405193589384,-0.7407159816729539,-0.758593988017296,-0.6597096262548737,-0.7161654083646831,0.7512380220693665,0.958814024925232
0.29277175520039705,-0.7357286729651118,-0.7373524520305577,-0.7406571287213723,-0.8109494374221676,-0.6474424668200244,-0.7235811271402919,0.7466118072033839,0.967211663722992
-0.020597620255706585,-0.7353270382604596,-0.7370921044081158,-0.740610704406589,-0.8108912917773488,-0.704317188692095,-0.7241343975389833,0.7427565668724049,0.9679608345031738
2.8069063894786126,-0.7352912075951645,-0.7373813779470689,-0.7404184314774115,0.24960134908377776,-0.7143539168286746,-0.7247545527624033,0.7527799711393763,1.0384396314620972
-0.2153415740559561,-0.7319204111745825,-0.738184151186379,-0.7402791595501348,0.19750564893839,-0.7433488855892776,-0.7209932073014039,0.7473827817383889,1.0340917110443115
-2.555416361224208,-0.7321283595961452,-0.7377140489850932,-0.7402919533162792,0.8515554010567127,-0.7478096418329997,-0.728765790386151,0.7211678092684523,0.9681107997894288
0.4961949822065187,-0.7352840351905274,-0.7373090257838055,-0.7402857381261029,0.8694563281826079,-0.8180665260834191,-0.7230055254890445,0.7149996453324592,0.9816072583198548
2.5513216677565107,-0.7346385387282168,-0.7372728928236952,-0.7401197809537597,1.2888338876218952,-0.786841232377364,-0.7328082917634768,0.6772189518695882,1.0466878414154053
0.17390269649611892,-0.731525923218112,-0.7338736577941037,-0.7399881873493757,1.2665958658598933,-0.8325640104637207,-0.7250669724323082,0.6995790516644996,1.052685260772705
0.20060181109588499,-0.7312390840469767,-0.7340833606271221,-0.7397812931184722,1.186634835321428,-0.8281032542199984,-0.7169775034271452,0.6833874834615351,1.059433102607727
-0.47877882227917945,-0.7309163543454836,-0.7372656599071834,-0.7395195677347547,1.2361348873432911,-0.748924751129317,-0.731456325053857,0.6772189518695882,1.0478867292404177
0.2747915929734403,-0.7314685838910576,-0.7366147175444925,-0.7392720951816043,1.2362348211456455,-0.6764374355806272,-0.7438202681305799,0.6602564091316189,1.0565844774246216
-0.034295763228014774,-0.7310525958249797,-0.7334758416364152,-0.7390257216488976,1.2368933029930886,-0.6173323887631044,-0.7490005195923973,0.6425228918586445,1.0570341348648071
0.09933560018060769,-0.7310310900139377,-0.7331865824713025,-0.7387789832774371,0.7185029070251135,-0.5849918794079144,-0.7604096109897089,0.627102298190685,1.0610827207565308
0.6645782515473448,-0.7308374578944764,-0.7328611299759497,-0.7384540172875433,0.7375725299500746,-0.6507880074146115,-0.7553899811468855,0.6787612685955519,1.0804272890090942
0.05796142081387112,-0.7299122633077775,-0.7334180185510736,-0.7381590240144976,-0.06215690726691728,-0.7199298887215317,-0.7437265858027842,0.6810741922005666,1.083426594734192
0.16087786328067172,-0.7297688152150372,-0.732998520892458,-0.7378592795557692,-0.057449523350485435,-0.7422336699401425,-0.7432535989803549,0.6926395455375478,1.0892750024795532
0.6730511794375922,-0.7294891028370626,-0.7329768336419947,-0.7375237118834741,-0.965388645690317,-0.7422336699401425,-0.7483044925767567,0.6394386260626711,1.1093686819076538
1.4982115091106196,-0.7285280804357859,-0.7327815678943191,-0.7370667871598502,-0.5898487846382358,-0.7890716636756339,-0.7364448000760415,0.6355833857316928,1.1531550884246826
0.2705773674637537,-0.7264339036233783,-0.7318485676605785,-0.7365462584442583,-0.5920189047217,-0.87717167925376,-0.7336382518279837,0.6378966769926613,1.162602782249451
1.012146509820664,-0.7259820478326808,-0.7317039093303412,-0.7359727266926185,-0.6685825378011844,-0.9184337010963944,-0.7308004398263475,0.6409805751326809,1.194093108177185
-0.9480803837202667,-0.724475956887598,-0.731421837085451,-0.7354861923473458,-0.3423070186386124,-0.9039362167160929,-0.7385731318440338,0.658714460061609,1.166801929473877
0.4685586766757835,-0.7257812148014099,-0.7304527067663681,-0.7349638347885065,-0.36660664003443405,-0.9686172354264732,-0.7256247090815109,0.589321604727814,1.1822468042373655
-0.001207376983475595,-0.7250425312424461,-0.7283408618814539,-0.7346096250327914,-0.35573031796795784,-0.9106274042580852,-0.7276905133423465,0.5731300365248496,1.183746576309204
0.9235490294465575,-0.7249708014946413,-0.7278851938907427,-0.7341731709452424,-0.3238597452167784,-0.9251247822855685,-0.7256157765804885,0.561564683187869,1.2131376266479492
-1.098991373519685,-0.7235651128116077,-0.7263663964139755,-0.7336548351851705,-0.0441137128785002,-0.8805172198483472,-0.7408441657625057,0.5153027183560127,1.1807469129562378
-0.24040126758388364,-0.7251142666916853,-0.7276826664788745,-0.7331832881427472,-0.012593404736689552,-0.935161510422148,-0.7405987398502687,0.589321604727814,1.1750493049621582
1.3765830582505754,-0.7253867667549811,-0.7269377508221231,-0.732766205816126,0.10986754025796712,-0.9440830229095926,-0.7300866022751318,0.6062841474657835,1.2177869081497192
1.6019608672360823,-0.7233427511635566,-0.7268654159074682,-0.7322387286004451,0.13853249515168495,-0.934046294773013,-0.7272979190291187,0.589321604727814,1.2690714597702026
1.7021206519184613,-0.7208899598207329,-0.7254478677627947,-0.7315895268793501,0.31554606110785727,-0.9619260478844809,-0.7244869045305496,0.608597438726752,1.325754165649414
0.7125955240374396,-0.7181789904181491,-0.727010091486314,-0.7308493075513786,0.2911013527571945,-0.9808842885085044,-0.7252811345909669,0.6548592197306307,1.351545810699463
-1.0613108997889917,-0.716945450849273,-0.7272848905679391,-0.7302150937143177,0.32467706084720477,-0.9061665416615451,-0.7369221442160426,0.6756770027995784,1.316757082939148
-0.4979828638949653,-0.7186092947863284,-0.7252236301023184,-0.7296185290281468,0.4024581796615115,-0.9719627760210605,-0.7381357660927548,0.7335045047963922,1.3017619848251345
-0.7382734247481408,-0.7193264668328158,-0.7227501451413473,-0.729087396741303,0.4971287599089382,-0.7533855073730389,-0.7507630000837594,0.7527799711393763,1.278968334197998
1.3019914808763344,-0.7204166210247315,-0.7200163039336299,-0.7284959514213812,0.5544940956199476,-0.8370247667074427,-0.750348020051506,0.7396726687323852,1.3230550289154053
0.26040721393344707,-0.7183080822987464,-0.7187723572843133,-0.7278862295832742,0.3494331820412942,-0.9284704292329736,-0.7412234702571392,0.7496960729993567,1.3335518836975098
-0.02450917075372911,-0.7178060481827624,-0.7204502386775883,-0.7272885702355458,0.32396922367311914,-0.9373919417204181,-0.7351106983684664,0.7427565668724049,1.3344519138336182
0.27096305034522933,-0.7177630023520712,-0.7211734613343403,-0.7267132094953626,0.22829054614947272,-0.8715957073609026,-0.7412145377561168,0.8098364986011851,1.3453980684280396
-0.3659578971202539,-0.7172394795293489,-0.7222728128983177,-0.726270902005171,0.0683432824626827,-0.8760564636046251,-0.7325004472770225,0.8198599028681566,1.3346022367477417
-0.38621068774781514,-0.7177558128431307,-0.720146484931771,-0.7258794089543928,-0.261288782309247,-0.8247577136254113,-0.7341736572246303,0.8252570922691447,1.3232043981552124
-2.1238334180349034,-0.7183009384012821,-0.7196402152731578,-0.7257350194044214,0.1106942089339628,-0.776804504240785,-0.738234023604001,0.8283409904091644,1.2533258199691772
0.9070331835336507,-0.7216430280990124,-0.7195968062750143,-0.7254495318445539,0.18158496969058444,-0.8872084073903393,-0.7327859605109209,0.7720558051383143,1.2839170694351196
-0.10602601490415409,-0.7201799373731445,-0.7190688666145464,-0.7252060813807634,0.165872402503323,-0.8515222510877443,-0.7240407152111876,0.767429590272331,1.2821171283721924
-2.089283159683273,-0.7202660233330922,-0.719589556109894,-0.7251285870722428,0.505390713648505,-0.8359096574111259,-0.7314741900559019,0.8221728264731714,1.2155369520187378
-1.1937574185839688,-0.72345036003885,-0.7201392807629401,-0.7252090061932341,0.3039786787224911,-0.8024539324068005,-0.7369444754685985,0.9293460076138834,1.180147409439087
0.4278010453757774,-0.7251429392059298,-0.7235095668778756,-0.7251753747728179,0.3319543053742336,-0.8258729292745464,-0.73764502320122,0.886939466940983,1.194543480873108
0.38257857035671533,-0.7244544168679489,-0.7220341324029624,-0.7250956885258506,0.3828707418815475,-0.7913019886210862,-0.7457299714894025,0.9455375758168479,1.2077388763427734
-0.002246739272576418,-0.7238233193785403,-0.7221209446497132,-0.7251165254536414,0.351656875721994,-0.8370247667074427,-0.74151791599206,0.9308879566838932,1.2092390060424805
0.5720260903230505,-0.723751572526432,-0.7253321468481411,-0.7252155878204224,0.44530411705173717,-0.752270398076722,-0.7486837426049205,0.950934765217836,1.2284332513809204
0.15979524977957926,-0.7228335674486737,-0.7270390059037529,-0.7254367417108144,0.4681687428026404,-0.7143539168286746,-0.7572639545016183,0.9324302734098568,1.2350305318832395
0.9688782479859565,-0.7225180386589903,-0.7263446746662952,-0.7256425406989755,0.20266469194619413,-0.7366576980472853,-0.7569649880497167,0.8954205544819909,1.267121195793152
0.6086161013589588,-0.7209832352896213,-0.7257082527572216,-0.7257116281694654,0.15214447205565593,-0.7533855073730389,-0.7608156040544702,0.9270330840088686,1.2884154319763184
0.625093173837105,-0.7199647937412066,-0.7256359005939583,-0.7256900635983139,0.1924665589348911,-0.7009716480975081,-0.7609405501358444,0.9378274628108451,1.3106083869934082
-0.832416458022273,-0.7189033690778807,-0.724710150525338,-0.7256765394281809,-0.30807679752085854,-0.6273690105468657,-0.7690478296765826,1.0033650778136616,1.2845163345336914
-0.3075847412044804,-0.720151276261769,-0.7243919596941779,-0.7257909529194916,-0.6018373528188683,-0.6507880074146115,-0.7686551808968852,1.0010517865526931,1.276119351387024
-0.09713703134350513,-0.7205528796085312,-0.7228442075532185,-0.7259346107578086,-0.5877272307516936,-0.722160213666984,-0.7682803426527629,0.988715458680707,1.2746193408966064
-0.023280688748729152,-0.720624620759205,-0.7218171736552874,-0.7260782683055331,-0.5864948089221322,-0.6853589480680716,-0.7676289236757645,1.014159456615638,1.2755194902420044
-0.7708871567051452,-0.7205815692270793,-0.7207467940041108,-0.7263056356425471,-0.4430620549385172,-0.6028349043828028,-0.7759458991246502,0.988715458680707,1.2521255016326904
0.9361613094112395,-0.7217004358432811,-0.7220052294845958,-0.726429921429344,-0.36589344112959993,-0.6976260011501031,-0.7617615232328592,0.963271460745776,1.2836166620254517
-1.0873027624895122,-0.7201943049881566,-0.7224102210634344,-0.726609036189512,-0.17196811508186205,-0.6552487636583336,-0.7646350107721152,0.9154673630159337,1.249726414680481
-0.7856999643905531,-0.7218151772131699,-0.7224825674771616,-0.7266748335728888,-0.2600234272781815,-0.6474424668200244,-0.7710690258987759,0.88077130300499,1.2263338565826416
0.1409833513027656,-0.7229339754121574,-0.7224391527294819,-0.7268005804582554,-0.34065618722786273,-0.6452121418745723,-0.7682759308687214,0.8846261756800146,1.2323321104049685
0.713168782593077,-0.7226470963309803,-0.7235674589576514,-0.7268634547727157,-0.3166158780266194,-0.6931652449063811,-0.7645948689839841,0.8954205544819909,1.256324291229248
0.361294224507035,-0.7214996199163137,-0.7220486212341308,-0.7267318600059621,-0.3475728410677087,-0.752270398076722,-0.7646751525602464,0.869205582012055,1.269520878791809
1.0895151009665611,-0.7208684654125599,-0.7236831683732327,-0.7264240750009189,-0.1783877148474766,-0.8437159542494348,-0.7559075215414873,0.8969628712079545,1.3064095973968506
0.11121108687614845,-0.7191041850048481,-0.724811405606968,-0.7261382218758164,-0.18132150127175956,-0.8113754448942448,-0.7645814702324506,0.9116124903409091,1.3118085861206057
-1.6842005854727933,-0.7188459670350464,-0.724522106195102,-0.726017591450775,0.16156162177294725,-0.8827476511466172,-0.7678074102968033,0.8761450881390067,1.2572249174118042
0.6418552141123111,-0.72145654557845,-0.7233649487943916,-0.7258465197069572,0.14974483584228143,-0.9585805072898939,-0.761882003063722,0.8106074731361901,1.2794175148010254
-1.5415379126431448,-0.7203951380194276,-0.7227284693899564,-0.7258406726973474,0.26878994675545037,-0.7344272667490153,-0.7757272707154803,0.8214018519381664,1.2308318614959717
-3.6661923305510484,-0.7227188488845232,-0.7209493041673706,-0.7261272560811423,1.157325812297617,-0.5983741481390807,-0.7880688825396472,0.8090651564102265,1.117465853691101
-2.0630306119197375,-0.7281408161968632,-0.7206889076738712,-0.7266317012340692,1.314931507710845,-0.2403981139337197,-0.805273914371685,0.7419855923374,1.0601834058761597
0.24880005645137246,-0.7308804695165604,-0.7233215110485672,-0.7271683149652882,1.3261325334786602,-0.3719905826527501,-0.8031455826036928,0.7250230495994306,1.068281173706055
1.5688250138073878,-0.7304931767704651,-0.7222511486459992,-0.7276515593687439,1.5112130049444774,-0.5504209387544541,-0.7944716883791992,0.6895556473975282,1.1123677492141724
-1.723033695945252,-0.7283846437459146,-0.7245944641079015,-0.7281867102578391,1.532862476240131,-0.3318436701064328,-0.8027707988260402,0.6957238113335212,1.0649821758270264
1.7949215268830212,-0.7306509582696104,-0.730062175271017,-0.7285793014572836,1.7125053559331687,-0.6117564168702472,-0.7810636775457807,0.7643456921323113,1.1150672435760498
-1.824566452999896,-0.7282555347610137,-0.7328249423952456,-0.7290910579149064,1.741633086496311,-0.5035829450189625,-0.7945475601714199,0.7296492644654139,1.0646822452545166
1.5853489653314972,-0.7306653030788844,-0.7324343821522137,-0.7294968097533958,1.9669751485571585,-0.5883374200025013,-0.7862528615086205,0.7265649986694405,1.109068512916565
-0.8895058904527084,-0.728542436647929,-0.7303080599352033,-0.7299032901070233,1.8909054649458914,-0.5559969106473113,-0.7966669594383898,0.7389016941973804,1.0853756666183472
-0.31127612960448425,-0.7296755967604941,-0.7325934948164022,-0.7304040798981947,1.8443993108962482,-0.5604576668910335,-0.7953328032643452,0.715770619867464,1.0781784057617188
-0.49863423804097573,-0.7300198208701602,-0.7301778616884536,-0.7308522303297026,1.1640493062450137,-0.338534751295607,-0.8070452728976,0.6664245730676119,1.0658823251724243
0.5232562473829031,-0.7306079067374848,-0.732607960649426,-0.7312053436803058,0.900686181972612,-0.5113892418572719,-0.7992503585602969,0.6880136983275184,1.0814766883850098
0.35174856614197214,-0.729862073579622,-0.7304671840984642,-0.7315460281035184,0.9046575999266669,-0.5325779137795655,-0.7961270333247623,0.6826161412705765,1.092573642730713
-0.2880499477824648,-0.7293313384422209,-0.7316099044138318,-0.7319612823133733,0.7011501986046531,-0.5983741481390807,-0.7941549113917225,0.6764479773345834,1.085975170135498
0.9679525946413823,-0.7296469242462497,-0.7319570326605755,-0.7323399826150805,0.5187046396872379,-0.674207004282357,-0.7811440155885124,0.6764479773345834,1.1141672134399414
-0.5475763935280333,-0.7282985805917049,-0.7325500800687226,-0.732842966088253,0.24176542500185155,-0.6597096262548737,-0.7813358464946152,0.6579434855266048,1.1000714302062988
0.5482619799547904,-0.7289727410161082,-0.731797954493604,-0.7333181689283205,-0.13009643094547224,-0.6519032230637465,-0.7788595284520374,0.7381303520064216,1.1168668270111084
-0.3355844173789657,-0.7281694659053696,-0.731262741669871,-0.7336800546821891,-0.4633664178382223,-0.6853589480680716,-0.7733624455362734,0.7473827817383889,1.1087690591812134
-0.6349433778504352,-0.7285567586514649,-0.7315809899963929,-0.7341362490018245,-0.529246862286336,-0.5559969106473113,-0.7809030559267867,0.7042052665304829,1.0922735929489136
-0.9239333536166313,-0.7293456889529295,-0.7302212706865971,-0.7345332237875701,-0.40913098758480637,-0.607295660626525,-0.7769855006308348,0.6887846728625233,1.067981481552124
-1.682306919679501,-0.7305075101768701,-0.7309011188424227,-0.7347620498984144,-0.08436948182734857,-0.4210587949808758,-0.7804077923182711,0.6749060282645736,1.023594856262207
0.6850074112212758,-0.7326303937121291,-0.7300910666903112,-0.734804452269134,-0.051395873658305724,-0.398755120115083,-0.7746519392052063,0.6263309559997263,1.0427887439727783
0.8294986774978773,-0.7317124057386745,-0.7304816269333432,-0.7348095710541984,0.03691399428711054,-0.47012722001463764,-0.7667766868251715,0.6294152217956998,1.0661813020706177
-0.2607795597548313,-0.7305936075396869,-0.7312772132524309,-0.7349360487794421,0.036017245443443875,-0.5939133918953584,-0.7624397397129247,0.6232470578597066,1.0604829788208008
0.4818552090662959,-0.7308661418115899,-0.732448836486165,-0.7349119217645381,-0.07025554766841553,-0.6987412167992381,-0.7506157227498294,0.5854663643968357,1.074879765510559
1.8216900684078574,-0.7301775852650019,-0.7345896302857353,-0.7348848731336798,0.3082760539624316,-0.7333121574526981,-0.7452927146710626,0.6163075517327549,1.126163363456726
-0.05099993124842824,-0.7277248395336543,-0.7336638974657236,-0.7347350027205181,0.28039000525381796,-0.7533855073730389,-0.743579308468854,0.6294152217956998,1.126163363456726
2.2591125785658104,-0.7277248395336543,-0.7325356602319882,-0.7345317609454461,0.688031684867622,-0.7745741792953327,-0.7390148549128847,0.5885506301928092,1.192444086074829
-0.11024316944122524,-0.7245548248314325,-0.7328104938108304,-0.7342751512955729,0.6290239520702426,-0.8035691480559356,-0.7367971981346685,0.561564683187869,1.1906442642211914
0.028092119424062388,-0.7246409050899458,-0.7321161280761556,-0.7339951486671891,0.49140437904522827,-0.8158362011379668,-0.7419283753073326,0.5885506301928092,1.1930434703826904
0.8962313283160674,-0.7245261580186226,-0.7296426891114738,-0.7336149881386895,-0.013665420671624899,-0.8537526823860143,-0.7325049135275337,0.5954897686638071,1.221835017204285
-0.22443142552059855,-0.7231491418498334,-0.7296426891114738,-0.7332860018029902,0.06982345942278274,-0.8637894105225938,-0.7305015278409155,0.589321604727814,1.2164362668991089
-0.8251544590761275,-0.723407348416766,-0.726445929747925,-0.7330425510486075,0.24709991069990797,-0.7366576980472853,-0.7338524139866424,0.5376626343229471,1.192444086074829
0.4820911146621988,-0.7245548248314325,-0.7265327362451397,-0.7327435364126829,0.19482091113470598,-0.8403704136548478,-0.7250891947519249,0.4613306405181542,1.2086395025253296
-0.3042393534474975,-0.7237802450406765,-0.7264170210800223,-0.7325322533648151,0.2533603769357958,-0.8983602448232358,-0.7206540990613712,0.4482231542831862,1.2008415460586548
-1.8155216889061812,-0.7241531986789322,-0.7250283873527876,-0.7324182045669619,0.40945057474176044,-0.8637894105225938,-0.7324201637007604,0.5168448512539994,1.146857500076294
-0.3794633210566911,-0.7267350990066568,-0.7252887723472146,-0.7323684923445084,0.424218209088025,-0.8492919261422921,-0.7304881290893819,0.5037371811910549,1.1372601985931396
-1.4794243114023853,-0.7271941100976878,-0.726445929747925,-0.7323999295017387,-0.046194620835869234,-0.8370247667074427,-0.7343254008090716,0.4644147224861504,1.0958726406097412
0.35718333774454064,-0.7291735569430756,-0.7256648150113972,-0.732363375593591,0.008539228454997591,-0.8024539324068005,-0.7374397935435838,0.48677463845308516,1.107269048690796
0.7250894071771726,-0.7286284998021386,-0.7260409151709417,-0.7322142363108988,0.11802077229740006,-0.8715957073609026,-0.7299750549452912,0.5060502886240466,1.1291626691818235
-1.9692114942418266,-0.727581391440914,-0.7286445983786626,-0.7320914151097802,0.20476821999775732,-0.8849779760920693,-0.7361815091617597,0.5692747961938712,1.0739796161651611
0.04764095323286098,-0.7302206367971276,-0.7291074820372769,-0.7320088028879724,0.23057457269400974,-0.9195489167455296,-0.733522238247632,0.5993450089947855,1.0766786336898804
0.05831471497159371,-0.7300915506179648,-0.7311036290056824,-0.7319759043415803,0.24718533658226727,-0.9039362167160929,-0.7334865082435424,0.6309571708657096,1.0796772241592407
1.181036379400402,-0.7299481367338316,-0.7305539733470704,-0.7318465029662354,0.4199992743094889,-0.9407374823150052,-0.7308629673335042,0.6217047411337431,1.1135671138763428
0.8475750266393095,-0.728327281613122,-0.7294980307812365,-0.7316900523788474,0.5434909236470439,-0.9753084229684655,-0.7245137020336169,0.5916348959887826,1.1390602588653564
0.29002250950426556,-0.7271080184363055,-0.7321595428238353,-0.7316344896596753,0.2885534897225519,-0.9385071573695531,-0.7240852687833602,0.5931768450587924,1.1489567756652832
-0.7681997716075002,-0.7266346967446077,-0.7320293675752303,-0.7316301034580426,0.3300781679887431,-0.9396222666658702,-0.7249688238540013,0.6124526790577303,1.1279627084732056
0.20992777706544566,-0.7276387820808792,-0.7318847437422101,-0.7317690089483072,0.09397416314590118,-0.9831147198067745,-0.7236569444660429,0.570816745263881,1.1354610919952393
0.6643397873944059,-0.7272801561475939,-0.730250213851717,-0.7318530828498693,0.12191524443057011,-0.9864602604013617,-0.7232286201487256,0.49062969495608666,1.156154751777649
0.29519509430799873,-0.7262904384263345,-0.72902066404099,-0.7319181473592222,0.0821269309314832,-0.8660197354680457,-0.7327637381913042,0.5014242575860398,1.166352152824402
-1.1915242662346897,-0.7258027263138864,-0.7285433490465689,-0.7321360114530934,-0.2614453118440876,-0.8604437635751887,-0.7405229225245177,0.46672782991914236,1.1324609518051147
-0.7370358905759995,-0.7274236441503759,-0.7295559056124038,-0.7323889651600265,-0.1577852393307475,-0.8225272823271412,-0.7441237008329927,0.4574754001871762,1.112667441368103
0.17117193509211592,-0.7283703103395096,-0.7291942540372746,-0.7325680813731563,-0.1570459054566981,-0.9273552135838385,-0.7331073126818483,0.5145317438210077,1.11896550655365
-1.039889884467006,-0.728069092150493,-0.7281961863026081,-0.7328553979215676,-0.20945739980650507,-0.9061665416615451,-0.7335535020012103,0.5253261226229842,1.0907740592956543
0.4238565447127215,-0.7294174072978651,-0.7277043594788739,-0.733091537661847,-0.3062990186135861,-0.8760564636046251,-0.738876510079977,0.49062969495608666,1.103970289230347
-0.3815639897991366,-0.7287862698984149,-0.7293389526142651,-0.7332187465175601,-0.3384580405562969,-0.9474286698569976,-0.7386935027419574,0.570816745263881,1.0946727991104126
1.5405609526198756,-0.7292309418816063,-0.7302936056012519,-0.733214358572373,-0.01674158144927402,-0.9162032697981246,-0.7291540273818068,0.6093684132617568,1.1390602588653564
-0.6607842697958988,-0.7271080184363055,-0.7299898461058985,-0.7331522185848985,0.020967857102666073,-0.8504070354386092,-0.7336605830805396,0.5908635537978238,1.1213642358779907
0.2009940124236173,-0.727954367884908,-0.7313495366680134,-0.7331003097745199,-0.04143948778839395,-0.8258729292745464,-0.7305327915944938,0.5569384683218851,1.1285635232925415
0.5956755230586825,-0.727610046850855,-0.7307130745121866,-0.7330564451428612,0.000848100657134016,-0.9418526979641403,-0.7139256381997896,0.6170788939237135,1.1471571922302246
-0.20493049061059282,-0.7267207656002519,-0.7311614980873135,-0.7328890293419837,-0.16168827031996597,-0.9608109385881639,-0.7038640472615867,0.6116817045227261,1.1426583528518677
0.09324215488089022,-0.7269359320379278,-0.72902066404099,-0.7327179567263888,-0.24414470684340142,-0.9976122041870761,-0.7004194787880641,0.6417515496676859,1.146857500076294
0.061923128610380844,-0.7267350990066568,-0.7298741539389257,-0.7325461506555851,-0.2456666286162182,-1.0098792572691075,-0.6999910455378074,0.658714460061609,1.1501569747924805
2.4053515242733856,-0.7265772947017735,-0.729526927950067,-0.7322814982799539,0.1438015071557746,-1.0132247978636946,-0.6961047539954339,0.6718217624686001,1.222135066986084
0.7195715240687048,-0.7231347913391248,-0.7286301440447112,-0.7320205027190403,0.15368112722638047,-1.0667539791411782,-0.6943378617200304,0.6679668897935755,1.2461280822753906
-0.10767215844021054,-0.7219872750144165,-0.7288471257905309,-0.7317880174687392,0.11071108192415471,-1.0176855541074168,-0.6996519372977748,0.7049762410654877,1.244328856468201
1.5572191931207775,-0.7220733267657572,-0.7286445983786626,-0.7313800739823955,0.11483083008414613,-1.053371710410012,-0.6870204004556678,0.6787612685955519,1.295312762260437
0.3488590254222325,-0.7196349144408146,-0.7284854627163293,-0.7309582422136458,-0.047712395516380735,-1.0779059229268928,-0.6801534858282393,0.6695088388635854,1.3085085153579712
-0.35687565311093106,-0.7190037998471025,-0.7250139157702277,-0.7306117116526004,0.0367346320608343,-0.995381772888806,-0.6846019802703266,0.7504670475343616,1.298311471939087
0.5927804798527373,-0.7194914948552469,-0.7238567181227641,-0.7302381298453652,0.03667712668523834,-1.0455653072188846,-0.6840933723767472,0.7049762410654877,1.319606065750122
-0.22048872356834046,-0.7184730362025287,-0.7239434958722979,-0.7297958229363584,0.03936207603211982,-0.9808842885085044,-0.6898938335284542,0.7234811005294207,1.3139078617095947
-0.212295920258026,-0.7187455647729972,-0.7214845112415674,-0.7293184278672519,0.07922290751860132,-0.993151447943354,-0.685766582324355,0.717312568937474,1.3085085153579712
0.272880259447914,-0.7190037998471025,-0.7208480720838855,-0.7288300652599166,0.0633328678780427,-1.0634084385465914,-0.6812020743019159,0.7342754793313971,1.3193057775497437
-0.22050956805394534,-0.7184873981161063,-0.7213398816590111,-0.7282868701921017,-0.4696110852635352,-1.0455653072188846,-0.675749653891264,0.6841584579965401,1.313608169555664
-1.0815735331771281,-0.7187598981794022,-0.7203128305124715,-0.727859919057103,-0.28024830543608215,-0.9284704292329736,-0.681822229525336,0.7535509456743813,1.2791178226470947
0.04103601425330435,-0.7204094714258326,-0.7205876583417775,-0.7274029924446285,-0.2845831397847989,-0.8715957073609026,-0.6771150193524174,0.7789949436093122,1.2821171283721924
0.35297075065830597,-0.7202660233330922,-0.7208480720838855,-0.7270221010762516,-0.6846143309919849,-0.9083969729598151,-0.6669552798359075,0.7921026136722571,1.295312762260437
-0.02373074534939419,-0.7196349144408146,-0.7203273135941037,-0.7265958790375757,-0.722212724277423,-0.8994754604723706,-0.6675531038067716,0.7643456921323113,1.296212673187256
-0.5141567841700024,-0.719591874311558,-0.7206021126757289,-0.7262244912029341,-0.6983717040679321,-0.8225272823271412,-0.6789264651999936,0.7789949436093122,1.280917406082153
0.2063167506525591,-0.7203234025701883,-0.7222656029799505,-0.725877958607742,-0.7911097884941046,-0.8269881449236813,-0.6849099336897203,0.8352804965361161,1.2893147468566897
-0.3614255341722233,-0.7199217821191226,-0.7221209446497132,-0.7255453160385099,-0.7812643777495252,-0.7455792105347296,-0.6909424220021309,0.8560982796050639,1.2791178226470947
1.0257621026985988,-0.7204094714258326,-0.7214845112415674,-0.7251373719709813,-0.5244461693593312,-0.8359096574111259,-0.6865697448857946,0.836822445606126,1.3142077922821045
-0.4451134738466368,-0.7187312199637232,-0.7214411079929601,-0.7247696380451332,-0.5192184250570502,-0.8381399823565777,-0.6938782736491347,0.8445325586121296,1.3010119199752808
0.5099734419554185,-0.7193623402588699,-0.7221788079818081,-0.724532036334507,-0.46476220782746436,-0.8336792261128558,-0.6864090688003309,0.7905606646022473,1.319606065750122
1.8223405429941406,-0.7184730362025287,-0.721773799154361,-0.7241993934746827,-0.2333323625724968,-0.7979931761630784,-0.6942843756468353,0.716541594402469,1.3825876712799072
1.294239719758508,-0.7154608087008868,-0.7222656029799505,-0.7237468548073953,-0.11506979973064284,-0.8515222510877443,-0.6897599549460578,0.7412146178023951,1.4299731254577637
-1.2281917073652113,-0.7131944998786255,-0.7205731925087538,-0.7235231425415445,0.1682465252223897,-0.7110082698812695,-0.7031367020258981,0.7080605068614618,1.3870859146118164
0.7128012479884364,-0.7152456707703835,-0.721209637415972,-0.7232657994364624,0.1810756911360179,-0.7355424823981503,-0.6995271001493399,0.7435275414074098,1.4140779972076416
-0.7586055140324086,-0.7139547177558039,-0.7203128305124715,-0.7230457422417748,0.23007797953874085,-0.722160213666984,-0.7035739588442378,0.6995790516644996,1.3885852098464966
-0.44942740485790156,-0.7151739638283169,-0.7172751895626475,-0.72291195379302,0.28068433372067286,-0.722160213666984,-0.7038059860049412,0.6957238113335212,1.3744899034500122
-0.016757022709124172,-0.7158481014469821,-0.7149897604309847,-0.7227613519587963,0.2504804918952107,-0.722160213666984,-0.7011958438464365,0.7018919752695143,1.3756890296936035
-0.1622442468822733,-0.7157907507170586,-0.7170582365645087,-0.7226070927286703,0.18811730569155113,-0.7310817261544281,-0.7030519521991246,0.6772189518695882,1.371790051460266
-0.025240769622827747,-0.7159772275361864,-0.7157563920858802,-0.7224769590604863,0.15252184712770422,-0.6385209543325803,-0.7067732103384626,0.6710507879335952,1.3726903200149536
0.19767950971943785,-0.7159341703026263,-0.7169859246479986,-0.7223117363604251,0.13856909164489797,-0.6875893793663417,-0.7043369251510766,0.6564011688006406,1.3813872337341309
-0.32369394047058764,-0.7155182221465901,-0.7176657498056794,-0.7220858324467201,-0.252086701458124,-0.6887044886626588,-0.7104051434675768,0.6787612685955519,1.371790051460266
0.03482187299701537,-0.7159772275361864,-0.7176079152212654,-0.7218599282424226,-0.5888121308951961,-0.7110082698812695,-0.7028735200445556,0.6664245730676119,1.374789476394653
0.5740394706312093,-0.7158337737420116,-0.7177959653010376,-0.7216128238698386,-0.7533767306048993,-0.6965108918537862,-0.7063939058438291,0.6024292747907589,1.3966820240020752
0.21873131030044085,-0.7147867166936978,-0.7177525448038218,-0.7213445164230443,-0.881137534465858,-0.8136057698396968,-0.6964304634839331,0.5484570131249235,1.4062800407409668
-0.5783692324523856,-0.7143276713940597,-0.7173330873919594,-0.7210849831230697,-0.9441645360577285,-0.752270398076722,-0.6983000795210942,0.5476860385899186,1.387385368347168
-0.08494816686802607,-0.7152313487668476,-0.7177959653010376,-0.7208488448357524,-0.9976392879430228,-0.7054324043412301,-0.7013474784979385,0.5553961515959221,1.3861854076385498
2.1399896798065083,-0.7152887394068127,-0.7176513012212643,-0.7203992295279738,-0.18241008775316597,-0.776804504240785,-0.6898402385223199,0.5985740344597805,1.4635628461837769
-0.14752770337228066,-0.7115880009700589,-0.7165954104012561,-0.7200439256918857,-0.1838529387063952,-0.8225272823271412,-0.6875334745997586,0.6394386260626711,1.45996356010437
0.8359515565786484,-0.7117601443827818,-0.7161324922454246,-0.7195760338659217,-0.1458458597978848,-0.776804504240785,-0.690210610515931,0.6402096005976761,1.4929544925689695
1.155365940086495,-0.7101822837798526,-0.7170437937296297,-0.7190416141072962,-0.06021595266112995,-0.8827476511466172,-0.6859807444830136,0.6278732727256898,1.5388402938842771
0.017836933487148605,-0.7079876990039614,-0.7171016685607969,-0.7186541437270627,-0.10894099368506421,-0.9195489167455296,-0.6827146081640602,0.6633406749275923,1.5415390729904177
-0.49390002314370285,-0.7078586242276678,-0.7133697078725875,-0.7184245853233793,-0.025301122759738653,-0.8370247667074427,-0.6876584206811326,0.6363543602666977,1.5241445302963257
-0.9855324864076357,-0.7086905547483473,-0.7135433036184083,-0.7181789423399573,0.15472624028732884,-0.7790349355390548,-0.6976619503626901,0.6625697003925873,1.4878556728363037
0.1546842519592174,-0.7104261455375112,-0.711952130980233,-0.7179800911254041,0.15498082821394837,-0.8258729292745464,-0.6990809108299778,0.6980371025944898,1.495652437210083
1.0036851942122327,-0.7100532489136006,-0.7097390310136888,-0.7176211298934138,0.13092942864442716,-0.9675020197773381,-0.6927449353486848,0.735046453866402,1.5358413457870483
1.0450337780843173,-0.7081311299923981,-0.7096088672641562,-0.7171232654958979,0.147177802763981,-0.8649045198189107,-0.6994779713937168,0.7234811005294207,1.5787280797958374
0.3591169934055629,-0.7060799819063782,-0.7104478165850979,-0.7165881134444332,-0.24141187949642415,-0.8091450135959748,-0.7056933581112077,0.7203968347334473,1.5952236652374268
-0.8479806667880538,-0.7052910459034791,-0.7121980501416363,-0.716122415009878,-0.09628650341128663,-0.6808981918243495,-0.7167098551952915,0.6779902940605469,1.5628328323364258
-0.20917641497096556,-0.7068402054849913,-0.7118220074774536,-0.7156742637065929,-0.1352104305061632,-0.732196941803563,-0.7148625704106865,0.6687378643285804,1.556534767150879
0.9321671442368992,-0.7071414236740078,-0.7098836720953174,-0.7151522711318035,-0.19210511412129538,-0.7734589636461976,-0.7121586369914468,0.7242520750644257,1.595523476600647
0.4211853415261183,-0.7052767067956396,-0.7078152189599382,-0.7145600949720046,-0.18073427083793725,-0.7645374511587533,-0.7100972989811223,0.759719477266328,1.6147176027297974
-0.34262072916702796,-0.7043587074193158,-0.7070196268913143,-0.7140044747545002,-0.2044682024574632,-0.7957627448648084,-0.7123461105799775,0.7651166666673163,1.6027207374572754
-1.784353129163634,-0.7049324826859735,-0.7085818563643699,-0.713674754091815,0.09822266892960617,-0.8102602292451099,-0.712801232400362,0.735046453866402,1.5319428443908691
0.9171987824752748,-0.7083175840057879,-0.7088856158597233,-0.7132763144297986,0.17117546574306447,-0.8537526823860143,-0.7012805936732099,0.7558642369353498,1.56973135471344
0.9013937683593385,-0.706510269170254,-0.7070051668078268,-0.7127389686963327,0.152839679810024,-0.8894387323357917,-0.6966090045714416,0.785934449736264,1.60781991481781
0.5566836759025737,-0.7046886038240114,-0.7060794224887427,-0.712138018389714,0.07646100783557765,-0.8292184698691335,-0.6949402608743449,0.8306542816701329,1.6327123641967771
-0.5484762515374005,-0.7034980701757847,-0.706658038561083,-0.7117761323452529,0.10576272668547594,-0.7466944261838647,-0.7021104448047774,0.8229438010081762,1.6120188236236572
-0.7593447801425364,-0.7044877821956095,-0.710071699176945,-0.7114763880318208,0.0892763432057584,-0.5961437168408107,-0.7183250038862538,0.8113784476711949,1.5829272270202637
-0.8541510521856277,-0.7058791488751073,-0.7082491364552881,-0.7113360205712093,0.1634394852815058,-0.5504209387544541,-0.7267758034510663,0.8152336880021733,1.5505372285842896
-0.3546795274899676,-0.7074282685465777,-0.7064121021510712,-0.7113367505393093,0.04259541196716563,-0.5916829605970885,-0.7239781877040309,0.8113784476711949,1.5385408401489258
-0.7625671995193233,-0.7080020210074973,-0.7052115242531449,-0.7114120502940515,0.02183111313059485,-0.48462470439493893,-0.7290782100560559,0.8113784476711949,1.5106489658355713
0.8996836714755319,-0.709336008449899,-0.7062095862382752,-0.711355755863225,0.17057127661523083,-0.4757031919074946,-0.7370336915458832,0.8291119649441693,1.5472381114959717
-1.8313164603603076,-0.7075860557471575,-0.7076126915480698,-0.7113820742353909,0.18735068991285453,-0.40990706390079734,-0.7475727355570265,0.8730608223430333,1.4770591259002686
3.5273867681281015,-0.7109425130599001,-0.7091748807743722,-0.7110991430168352,1.1976314203806202,-0.38202731078932944,-0.7432223896932462,0.8992757948129692,1.6117188930511477
0.13889450654634303,-0.7045021270048836,-0.7097534738485678,-0.7108951712736633,1.14611430493602,-0.5604576668910335,-0.7353649478487865,0.9116124903409091,1.619516372680664
-0.4580598887392898,-0.7041291961723658,-0.7110987158262675,-0.7108366851949823,1.1318505642943006,-0.5827614481096444,-0.7329243053438286,0.9100701736149456,1.6027207374572754
-0.9543943255099042,-0.7049324826859735,-0.7093339991880969,-0.7109083310409311,1.1681237371290774,-0.5091589169118195,-0.7393048343972943,0.9039020096789524,1.565832495689392
2.0013700578324625,-0.7066967402879474,-0.7127187741342008,-0.7107014339041036,1.4006401617798896,-0.7132387011795396,-0.7235811271402919,0.8900233650810027,1.6477079391479492
0.8063090893571904,-0.7027808753235593,-0.706224052071299,-0.7103914549264668,1.348003346342118,-0.4221740106300108,-0.7339014338093262,0.886939466940983,1.683696985244751
-0.38659854492900686,-0.701059623642235,-0.7058479749098993,-0.710211609617014,1.3508279107436223,-0.4199437920373767,-0.7276102297660842,0.8337381798101525,1.669301152229309
0.7458529943173362,-0.7017481345773469,-0.706658038561083,-0.7099959418204755,1.2738139919412843,-0.5749551512713349,-0.71260929256132,0.8769160626740116,1.7031906843185425
-0.527885102366095,-0.7001272965609407,-0.7084371807855241,-0.7098014730298539,1.3106480849871256,-0.5983741481390807,-0.7154560370639785,0.9247197927479002,1.6824973821640017
0.5996819867781338,-0.7011169971778966,-0.7044882785982483,-0.7093664806220593,0.948626963288312,-0.5916829605970885,-0.7196501730928064,0.988715458680707,1.7103891372680664
-1.1659518694554427,-0.6997830154369294,-0.7027525051251974,-0.7091420383881086,0.2231697036552509,-0.43221073876659016,-0.735820069669171,0.963271460745776,1.661803960800171
-0.7168798110732394,-0.7021067034962869,-0.7034468248635829,-0.7090791663983873,0.28201445480129694,-0.6295994418451357,-0.7241879925451177,0.970210599216774,1.633611798286438
2.1972635410933257,-0.7034550528522662,-0.7018123122216982,-0.7088488751206798,0.6540685331644709,-0.5102741325609546,-0.7106148393757242,0.9640424352807809,1.7271844148635864
-0.11236014835253955,-0.6989797460276252,-0.7028103627077561,-0.7085747218266452,0.5288592905345247,-0.5626879918364853,-0.7134035226217372,0.9779210798787307,1.7244843244552612
1.621452310835277,-0.6991088835196988,-0.7014651264795926,-0.7080505346980774,0.4226977802929949,-0.7154691324778096,-0.6999018294605229,1.0033650778136616,1.7979637384414673
1.1929723968513515,-0.6955945762905966,-0.7038084189433503,-0.7073084863815625,0.47239025513329425,-0.7689982074024755,-0.6928029966053302,1.0295800502835977,1.854946613311768
-0.49522956679669156,-0.6928692506758698,-0.7051681440026822,-0.7065883708167655,0.48828974483797066,-0.750039966778452,-0.6886936104032757,1.039603454550569,1.833952784538269
-0.6415266618219665,-0.6938733246092723,-0.7006550800770174,-0.7058675238309065,0.5426328071719386,-0.7578462636167609,-0.6847626563557903,1.0257248099526193,1.8063609600067136
-0.26606614983115895,-0.6951929615409653,-0.7007853070714479,-0.705259995965393,0.5135802732485623,-0.7600766949150309,-0.6875156095977137,0.9686686501467642,1.7964633703231812
0.08661347255903733,-0.6956663345455739,-0.6972413504667213,-0.7044660417444234,0.49956552578310726,-0.7913019886210862,-0.6858468659006172,1.0226409118125996,1.802761793136597
0.6477028769050903,-0.6953650992522538,-0.6944930319269079,-0.7039221158367313,0.3162791857923696,-0.8916691636340618,-0.6765349514506588,0.9678976756117592,1.8348528146743772
0.17993911546107266,-0.6938302787785812,-0.6955055769936705,-0.7033708812396747,0.19064983357933596,-0.9217792416909816,-0.673951497862282,0.9678976756117592,1.8456485271453855
-0.10838874689140723,-0.6933139511662338,-0.6968363473888103,-0.7027852826387706,-0.21792496790093413,-0.8604437635751887,-0.6746297143423475,0.9987388629476784,1.8429499864578247
0.4791405595032524,-0.6934430145396585,-0.697313714129057,-0.7020490848189743,-0.22746392863239567,-0.8548678980351493,-0.6809700471412126,0.9625004862107711,1.867841839790344
1.6317157577012158,-0.6922525093986044,-0.697009937385095,-0.7013172729102183,-0.22349595230615776,-0.8515222510877443,-0.680439107995077,0.906215300939921,1.9479180574417116
-0.3108709038999028,-0.6884226961855568,-0.695462167995527,-0.7007046282937872,-0.33300226521520504,-0.9641564791827509,-0.6659245563642756,0.886939466940983,1.9350212812423704
-0.026652228731134372,-0.6890395115814713,-0.6949414842497157,-0.7000539654741226,-0.39313828132389955,-0.9786539635630525,-0.662975197032799,0.9200935778819169,1.9362215995788572
0.19218599364238412,-0.6889821038372025,-0.6950716365001759,-0.6994566711104443,-0.5171053943658338,-1.0121096885673775,-0.656460898329876,0.8884814160109928,1.948217868804932
0.8915832695661507,-0.6884083570777173,-0.6938710873499305,-0.698694886339544,-0.5152818743939088,-1.0366437947314402,-0.6511556463202148,0.8630374180760618,1.9950032234191892
0.2971581164767658,-0.6861707492768732,-0.6900089629121885,-0.6979579556457237,-0.5294831429179919,-0.9964969885379411,-0.6482911457484508,0.8985048202779643,2.0126991271972656
1.253284647315811,-0.6853244055297052,-0.6906309822331361,-0.6969395565754717,-0.4169972869898947,-1.0054185010253853,-0.6469391790388309,0.8653507093370304,2.079580307006836
0.13010672574569776,-0.6821256727017627,-0.6905730901533603,-0.6958290440744161,-0.41220576237763007,-0.8983602448232358,-0.6574870466180573,0.8460748753380924,2.0891757011413574
-0.9299999636248603,-0.6816667528336843,-0.6899945028287009,-0.6950606791292896,-0.18430986799282015,-0.8927842729303787,-0.66045873720209,0.9046729842139574,2.0423896312713623
-0.21236646846303778,-0.6839043948431356,-0.6877380168621579,-0.6943062004324221,-0.1478998584890752,-0.873826032306355,-0.6604096084464669,0.9185516288119071,2.0339930057525635
2.136671321826437,-0.6843059810855942,-0.6868845327137583,-0.6934544906820562,0.05163649497802957,-0.965271694831886,-0.6450830706861428,0.9347431970148716,2.1473593711853027
0.5136471125736479,-0.6788839966689506,-0.6836588129364811,-0.6926663837612889,-0.004358112289108408,-0.9909210166450839,-0.6423166097597464,0.9332012479448618,2.178250551223755
-0.48875625488547514,-0.6774065611338086,-0.6831960212704455,-0.691886320728649,0.06862465016110966,-0.9251247822855685,-0.6493352679716162,0.970210599216774,2.153956890106201
1.167718483356452,-0.6785684564763981,-0.6854525417342057,-0.6908759681618559,0.12543845292587547,-0.934046294773013,-0.6479431050073956,0.9139254139459239,2.2208364009857178
-0.10399651572544374,-0.675369803468539,-0.6858575160644358,-0.6898487981413005,0.132714695943196,-0.8604437635751887,-0.6518472615518139,0.9316592988748519,2.2178378105163574
0.017992575179930463,-0.6755132173526721,-0.6803897876527116,-0.6888274786174637,0.1455637299271495,-0.8570982229806015,-0.6543236340608614,0.8907947072719614,2.221736192703247
0.08146103793315708,-0.6753267690407169,-0.6788998873447748,-0.6878661091768015,0.04350329313546769,-0.9150881605018073,-0.6497412610363775,0.9470798925428122,2.229233980178833
0.2552995912846133,-0.6749681716146042,-0.6800715853224792,-0.6868886499257376,0.04216816701169808,-0.9396222666658702,-0.6478583551806223,0.9547900055488144,2.2466301918029785
-0.014344488581752548,-0.6741361612738412,-0.6768459460387086,-0.6858994981084159,-0.1333915492041741,-0.9797691792121875,-0.646051266650618,0.9455375758168479,2.2487282752990723
-1.6057298258201318,-0.6740358160261374,-0.6769905698717288,-0.6851881537845147,0.25227290580204165,-1.050026169815425,-0.6471265436944225,0.8799999608140313,2.1596555709838867
0.041659971315463375,-0.6782959051001914,-0.6768025485396374,-0.6846595804543142,-0.26007113419510114,-1.022146416703957,-0.6480011662640411,0.893878605411981,2.1647539138793945
-0.6328715039758802,-0.6780520661482711,-0.6764409257121891,-0.6841777971494282,-0.2638383494486508,-1.0277222822439964,-0.6516375656436664,0.8784580117440215,2.132662534713745
0.09803363023673863,-0.6795869037262473,-0.6756018958977408,-0.6836792004590732,-0.28056034431396487,-0.9496589948024495,-0.6649072316441773,0.8738317968780382,2.1407601833343506
0.3504377550320182,-0.6791996166815865,-0.6755007040610089,-0.6831564747196675,-0.512228104112304,-0.9708476667247432,-0.6650500427275963,0.8923366563419712,2.1626548767089844
0.7056034694080748,-0.6781524570074512,-0.6797967344950285,-0.6826461752923207,-0.39795504557010924,-1.0132247978636946,-0.6609272577740081,0.9077572500099308,2.204342603683472
0.22666385598104924,-0.6761586539499203,-0.6795508383317699,-0.6821410001712938,-0.3856111772079631,-1.0712147353849006,-0.6543102353093277,0.8668926584070402,2.2199363708496094
-0.4062677981822397,-0.6754128492992302,-0.6810986249699464,-0.6818478395191967,-0.3717234377857206,-1.0734450603303527,-0.6530029311048199,0.8260280668041496,2.199843168258667
0.4198946272363625,-0.6763738488947688,-0.6807080704764507,-0.6815137349796179,-0.3494524440979226,-0.9284704292329736,-0.6630555895420004,0.7959578540032354,2.2262349128723145
-0.3999914079615547,-0.6751116083044755,-0.6796520761647913,-0.6811138333472546,-0.33667393331532186,-0.9530045353970364,-0.6621408796507202,0.824485750078186,2.206440687179565
-1.1820555146029865,-0.6760583087022164,-0.6776414518642897,-0.6808484533282627,-0.5205142920029634,-0.9240096729892516,-0.6669508135853963,0.8229438010081762,2.14285945892334
0.19074120220377838,-0.6790992144195374,-0.6768893550368521,-0.6808272511258294,-0.5104320447385341,-0.8727109230100377,-0.6726798147289244,0.8375934201411309,2.156057119369507
1.5104972583145853,-0.6784680086028727,-0.6778584623577903,-0.6806722636711577,-0.23954357736418236,-0.9764235322647824,-0.6555372559375735,0.818317586142193,2.241830825805664
0.06449901293497438,-0.6743657010279639,-0.6765855725433539,-0.6804419755899668,-0.23888299595470425,-0.9507742104515845,-0.6467384156317059,0.8075232073402167,2.248427629470825
-0.3598706635496066,-0.6740501950440185,-0.6775402600275579,-0.6804178477032856,-0.21512775563443054,-0.9574652916407588,-0.6407549471419791,0.8075232073402167,2.230734348297119
0.9621815386483674,-0.6748964133596269,-0.680606821144357,-0.6802460442478135,-0.16214765496902664,-0.9920362322942189,-0.6279270042103191,0.8252570922691447,2.288316488265991
-0.17961093805367687,-0.6721424266335246,-0.6799702899940961,-0.6801020214254465,-0.15565791959676875,-0.9775387479139175,-0.6220953882379728,0.8252570922691447,2.280818462371826
2.4315089108422367,-0.6725010354625064,-0.6758333722242651,-0.6796246275187096,0.36985429303312684,-1.0076489323236555,-0.6213680430022842,0.8630374180760618,2.425074577331543
1.4246893953485613,-0.6656016839279352,-0.6755152043912497,-0.6789673871401501,0.4719889012625284,-0.9987274198362112,-0.6164420954872565,0.8861684924059782,2.516248941421509
0.13145368421136858,-0.6612410785631413,-0.6763685620498534,-0.6782867488430097,0.41029448764559157,-0.9697324510756081,-0.622987766876697,0.8491587734781121,2.5279455184936523
0.5543722023105824,-0.6606816652100612,-0.6735913405916735,-0.6772939387580084,0.07936648808086308,-0.9663869104810211,-0.6228315570417446,0.8028969924742334,2.566934585571289
-0.45458575151790165,-0.6588169312273894,-0.6739529749181942,-0.676377896209944,0.19166071311722443,-0.8905539479849265,-0.6292344173477663,0.7890183478762837,2.5405406951904297
-1.079648094076243,-0.6600792744435043,-0.6669954151929672,-0.6755459261104799,0.33477961517281507,-0.8526374667368792,-0.6395191029456503,0.7951868794682305,2.473960399627685
-1.692584868558022,-0.6632636168506966,-0.6625980204361304,-0.6749859173666036,0.68438148301784,-0.8827476511466172,-0.629627011660994,0.8252570922691447,2.370491743087769
-1.5159523206561472,-0.6682122225612971,-0.6620338874454224,-0.6746949501059153,0.8836305272499843,-0.5950285011916756,-0.6537703636621699,0.8113784476711949,2.282017946243286
0.7640581913735349,-0.6724436676282793,-0.6601534211449173,-0.6743900896227504,0.8581639511925272,-0.6652854917949131,-0.653426789171626,0.8082941818752216,2.3294050693511963
-0.8747385678735847,-0.6701772789859346,-0.6614264144510048,-0.6742424099856658,0.9159861138532978,-0.7344272667490153,-0.6459397193207774,0.8337381798101525,2.2805187702178955
-1.0007863000955142,-0.6725153688689114,-0.6646376223989688,-0.6741802697075989,0.3677429451239713,-0.7834956917827769,-0.6479922337630187,0.9023600606089426,2.225334882736206
-1.0402055318532142,-0.6751546541351666,-0.66962797832091,-0.6743191763602332,-0.005274818174170289,-0.8336792261128558,-0.6380198589021003,0.9362851460848814,2.1692514419555664
-0.21377910067121692,-0.6778369624263749,-0.6738951230851716,-0.6744317611535928,-0.05666027377959343,-0.8838627604429343,-0.6285472683666784,0.9208645524169219,2.160255193710327
1.5673908080838048,-0.6782672268845125,-0.6716096134600023,-0.6741722284348031,0.32375231194311466,-0.8370247667074427,-0.6274094638157172,0.9455375758168479,2.2493271827697754
0.2159352891050489,-0.6740071720190656,-0.6739674292521455,-0.6739075778027263,0.37760147937591454,-0.7745741792953327,-0.6278377881330345,0.9393694118808555,2.2646243572235107
-0.09779402857551445,-0.6732755525374827,-0.6766289815414974,-0.6738585961295576,0.348154565330909,-0.8403704136548478,-0.6257228551165758,0.9655843843507907,2.2619245052337646
-1.778833907744137,-0.6734046786266871,-0.6793339198308482,-0.6740684160447089,0.37122406759455984,-0.7433488855892776,-0.6386578791275651,0.9655843843507907,2.162353515625
-0.18709855121262042,-0.6781668702339395,-0.6797678143280534,-0.6742533827545575,0.22907013062496331,-0.7734589636461976,-0.6471310099449337,0.9439956267468381,2.154855728149414
-2.5365891606808164,-0.6785254676600523,-0.6754718183912508,-0.6749113554259561,0.5265796945212663,-0.7645374511587533,-0.6488176186440751,0.9532480564788046,2.018397331237793
0.1239777350318426,-0.6850518769592367,-0.6747340264098239,-0.6755291165027122,0.5573840129830909,-0.7032019730429603,-0.6549929180399044,0.970210599216774,2.027395248413086
0.6515603428231735,-0.6846215326810158,-0.6748642419051821,-0.6764100653694212,0.6272265125162627,-0.7879564480264989,-0.6451678205129161,0.9917993568207266,2.063684225082397
-2.2528396624076876,-0.6828859361904174,-0.6796666109922491,-0.6777954660726822,0.8796284028724717,-0.7556159386713089,-0.6501249228485829,0.9501637906828312,1.9479180574417116
1.3751965447024102,-0.6884226961855568,-0.6800282338196975,-0.6790368442441684,1.1069386422158651,-0.7834956917827769,-0.6474434296148385,0.9810049780187503,2.0186967849731445
-1.5671460995704172,-0.6850375549557008,-0.6866097048844523,-0.6805633458632496,0.8962594352375352,-0.7299665105052929,-0.6572907494614435,0.9825472947447139,1.9407200813293457
1.7262527725400716,-0.6887669545038301,-0.6861757298937405,-0.6818112983971143,1.2280143981593274,-0.8526374667368792,-0.6473140172829532,1.0064489759536814,2.028594970703125
0.8658381103874109,-0.6845641534439196,-0.6844254905876661,-0.6827814416940041,1.3309905810322054,-0.8459462791948871,-0.6409513532315323,1.0002808120176883,2.0759799480438232
0.7145094410244952,-0.6822978674273964,-0.6900089629121885,-0.6834006667752537,1.2302543260413592,-0.9385071573695531,-0.6328307294057302,0.9925706990116854,2.1164679527282715
-0.20674059931981187,-0.6803614436069616,-0.6865952620495732,-0.683824693388374,1.230490285944605,-0.8794020041992121,-0.6383053721359988,0.9501637906828312,2.108070135116577
-0.726669103519188,-0.6807630868637655,-0.6903561256561492,-0.6844526937788131,0.7955621408483508,-0.8347944417619907,-0.6469615102913869,0.9671267010767544,2.0717813968658447
1.221744756073156,-0.6824986719514947,-0.6861178665616456,-0.684797764113066,0.8914556952835063,-0.8938994885795136,-0.6379440415763493,0.9424536776768283,2.13896107673645
0.18565608257273905,-0.6792856627314926,-0.6838324604281276,-0.6849768771296796,0.8723053357950449,-0.8950147042286487,-0.6396618050961298,0.970210599216774,2.151857614517212
-0.2096370725477308,-0.6786688587384473,-0.6818796994597209,-0.6850404779251313,0.342660583430021,-0.9407374823150052,-0.6362172366226072,0.970210599216774,2.143160581588745
-0.30917314065039925,-0.679084812595918,-0.6822847312853129,-0.6851165120068595,0.24565424350743556,-0.9262399979347037,-0.627231031661148,0.9879444841457021,2.129063844680786
-1.4332574829315496,-0.6797590186317976,-0.684034959092315,-0.6855924436526574,0.19751853414452022,-0.8426007386002999,-0.6387382716367666,0.9547900055488144,2.054086446762085
0.2985880619304804,-0.6833449700871864,-0.6807948424764483,-0.6860610680620529,-0.10831066836451438,-0.9318159698275609,-0.6239024767679772,0.9871735096106972,2.0723812580108643
0.23868635211095146,-0.6824699823329466,-0.6801728346545729,-0.6864858269680124,-0.20064519925892205,-0.9117425135544023,-0.6254774292043388,1.0249538354176144,2.087676286697388
-1.116710504790739,-0.6817384654771853,-0.6805922978159714,-0.686806040028669,-0.1567918866158047,-0.8849779760920693,-0.6292745046694277,1.0604212376195168,2.0309929847717285
-1.3493051375803224,-0.6844494633869417,-0.6812721919680864,-0.687271737591447,-0.005155817395245803,-0.7979931761630784,-0.6366678921924805,1.102056803757412,1.963813304901123
0.4465224778321419,-0.6876624726069439,-0.6848883972444252,-0.6873441160208273,0.029362047408134036,-0.8069146886505227,-0.6445431990389849,1.1005148546874024,1.9887056350708008
-0.43574321311210384,-0.6864719446601516,-0.6840060274262676,-0.6874859474859323,-0.26797740619093713,-0.8448311698985698,-0.6449536583542574,1.0989729056173925,1.9692119359970093
-1.0851765902638704,-0.6874042717414458,-0.6832683389364919,-0.6878427170700683,-0.2613454326913482,-0.8046842573522528,-0.6528690525224233,1.0958886398214192,1.9173271656036377
-0.5053269155623273,-0.6898857698071212,-0.68600220889189,-0.6879713867337587,-0.2746412555477379,-0.8972450291741005,-0.6473719696066594,1.115164473820357,1.8951340913772583
1.4956649880275337,-0.6909472001718817,-0.6892423255077568,-0.6880905528637141,0.19123013363001978,-0.9507742104515845,-0.6451454892603602,1.1305850674883167,1.96981143951416
0.9290952987632668,-0.6873755992272014,-0.6880417533593667,-0.6878997376912936,0.1779926424388,-1.021031201054822,-0.6322640602555052,1.0696736673514833,2.01899790763855
-0.6865467836576576,-0.6850231531320815,-0.6889819462628659,-0.6880028233098042,0.18584549671884779,-0.9530045353970364,-0.6251517197158396,1.096659614356424,1.986306309700012
-1.1888576805154318,-0.6865866974329093,-0.6914843801384931,-0.688361783379425,0.24628965341794898,-0.8827476511466172,-0.6306309376295588,1.0311219993536074,1.9287242889404297
0.16260762046238675,-0.6893406784575771,-0.6925547655392059,-0.6887938530088955,0.19373540086755822,-0.8671349511171808,-0.6275433423981137,1.05271075695756,1.939220666885376
-0.457712187360612,-0.6888386671473312,-0.688953031845427,-0.6892544341113485,0.04657433227739707,-0.9039362167160929,-0.6241388612462525,1.0388324800155642,1.9191266298294067
-1.3881876662958308,-0.6897997066529116,-0.6865807387211877,-0.6897859313822423,0.1506751883657057,-0.9228944573401165,-0.6330091615602993,1.0858652355544478,1.8537460565567017
-0.13989633088450604,-0.6929266698230077,-0.6881574742740202,-0.6904914246282401,0.15156033549324402,-0.9686172354264732,-0.6289398626799061,1.0750708567524714,1.8495476245880127
-1.0120658228996495,-0.6931274686456714,-0.690934689982664,-0.6913387493393427,0.13902244258657095,-0.9730779916701955,-0.6303677556482162,1.1028277782924172,1.8042608499526975
-0.18148600827533062,-0.6952934037130563,-0.6904284433221956,-0.6921794950385888,0.1331554148410863,-0.9708476667247432,-0.6247144628974999,1.0534820991485188,1.7982627153396606
-0.34557809500778486,-0.6955802770927988,-0.691397590889887,-0.6930187764427488,-0.30121542763834946,-0.9407374823150052,-0.6234829760187429,1.0735289076824615,1.784766674041748
-0.5786399508527881,-0.6962257536000885,-0.6945509355057561,-0.6937337732224815,-0.6621200754100033,-0.9273552135838385,-0.6284446535378603,1.1328979910933321,1.7607743740081787
2.369145241927747,-0.6973732357161897,-0.6947534284204073,-0.6942287165852278,0.37956892716273055,-0.9976122041870761,-0.6135775949154925,1.1575710144932574,1.8693413734436035
0.2134893954709099,-0.6921807910536687,-0.6969376369676573,-0.6947302380880535,0.30004213614622655,-0.9284704292329736,-0.6122211619553615,1.192267442160155,1.881937861442566
-0.06974657204503745,-0.691578337571332,-0.697226930629987,-0.6950957757165689,0.2907601046852687,-0.9485437791533144,-0.6126807500262571,1.1907254930901452,1.881039023399353
-0.09482435275500617,-0.6916213263876778,-0.6978778528693013,-0.6953026714004344,0.28058765435082444,-0.9284704292329736,-0.6140416492368993,1.2069170612931095,1.8789387941360476
-0.9782309506169282,-0.6917217742612033,-0.6990350160195479,-0.695678446308486,0.18616745653843506,-0.9764235322647824,-0.6101954450161873,1.2053751122230998,1.8345520496368408
3.824666129541254,-0.6938446634978969,-0.6937987639343481,-0.69556512835051,1.3199769801387156,-0.9775387479139175,-0.6037748286410601,1.1799311142881688,2.015698194503784
2.3025276801405186,-0.6851809688398339,-0.6931912276950326,-0.6950307062671454,1.3919423463318543,-0.9418526979641403,-0.6031412746661066,1.2215666804260643,2.1365623474121094
-0.8498989519427891,-0.6794003869970776,-0.6932345791978144,-0.6945481918317897,1.4885247772323384,-0.8515222510877443,-0.613024324516801,1.275538574435946,2.0930752754211426
-0.680907089746767,-0.6814802475073837,-0.6933358745261975,-0.6943295977698184,1.5336605269809898,-0.8593286542788715,-0.615589913103133,1.275538574435946,2.0594849586486816
-0.439685135347029,-0.683086774923123,-0.695476674075304,-0.6942806184213888,1.5152781011532657,-0.7689982074024755,-0.6258165374443715,1.2516368932269786,2.039090633392334
-0.7899398054054678,-0.684062176342281,-0.6867398858825934,-0.6942455256118107,1.3581777193788396,-0.7957627448648084,-0.6238846117659325,1.2855619787029173,2.000702381134033
-0.19220842439910907,-0.6858981750949285,-0.680910534643421,-0.6940876127634835,1.3695203037725583,-0.8381399823565777,-0.6187845894139075,1.3318237597067961,1.9935046434402464
-1.0312339003516207,-0.6862424220103326,-0.6830079424429925,-0.6940766460970321,1.4571726005587524,-0.8158362011379668,-0.6254552068847221,1.3094640275678384,1.943719506263733
0.802933794458904,-0.6886235007096552,-0.6846280237490705,-0.6939136144636406,1.480194165764452,-0.9474286698569976,-0.6053856200144505,1.2840200296329074,1.9860068559646609
-0.3888678830022655,-0.6866010194364452,-0.6856116543983942,-0.6936328798330101,1.411659507642853,-0.9563501823444415,-0.5988087938043709,1.3256555957708036,1.968911409378052
1.1327927695699864,-0.6874186450578925,-0.6874631430365624,-0.6931971574571156,0.4306244084533547,-0.9206640260418465,-0.6025254767602584,1.3341370509677646,2.028293371200561
-0.3933975628708334,-0.684578578073277,-0.6878102942814509,-0.6926941719497963,-0.25879428163787194,-0.9262399979347037,-0.6113109183145925,1.3133192678988168,2.0105998516082764
-0.8062822963437862,-0.6854248077917544,-0.6902114615763758,-0.6922708758859608,-0.2657868176411705,-0.9083969729598151,-0.6155408932804493,1.292501484829869,1.971910834312439
0.19972716785462993,-0.6872751912637176,-0.6881719171088992,-0.6917839755395647,-0.26732480490910504,-0.9083969729598151,-0.6169150823096857,1.3588100743676905,1.9845070838928225
1.1235038274827787,-0.6866727491842499,-0.6889964408435706,-0.6910938348710588,-0.07281390904654082,-0.9072817573106801,-0.6154293459506087,1.3850250468376266,2.0438897609710693
0.6459088849464618,-0.6838326479910274,-0.686132412888176,-0.6905798815349184,-0.11365670506833274,-0.8983602448232358,-0.6103784523542068,1.368833478634662,2.0801796913146973
0.5318734665827958,-0.6820970058889528,-0.6869857820458519,-0.6900213330178346,-0.10902246934376143,-0.9262399979347037,-0.6203641170337195,1.3572677576417271,2.111070394515991
-0.49153822411188325,-0.6806195931595489,-0.6888517767637972,-0.6895183515788089,-0.2535446855617337,-0.8202969573816892,-0.6282973762039301,1.4050718553715693,2.087376356124878
1.0881728074780592,-0.6817528102864594,-0.688244252023554,-0.6888625720082266,-0.196998539909644,-0.8816324354974822,-0.6260440983545638,1.3888802871686048,2.147958278656006
-0.3140641903487934,-0.6788553526618788,-0.6853801895709424,-0.6881336849119415,-0.20999443058771333,-0.8816324354974822,-0.6286632819470301,1.4150952596385407,2.1335623264312744
-0.05651330368763041,-0.6795438692984251,-0.6836299042685784,-0.6878471021093314,-0.3239616684355643,-0.8961299198777837,-0.6197707593133667,1.419721474504524,2.133262634277344
0.3684042461686409,-0.6795582027048301,-0.6821400269587862,-0.6877995803723627,-0.3724947198750419,-0.9228944573401165,-0.6114403306464777,1.3873379704426412,2.156057119369507
-0.05099993124842824,-0.6784680086028727,-0.6832828047695155,-0.6876460516915215,-0.5539219577902732,-0.8805172198483472,-0.6103605873521621,1.3958194256396028,2.156057119369507
-0.5205719427984679,-0.6784680086028727,-0.6803609019829536,-0.6874735176867646,-0.4437056894156757,-0.8816324354974822,-0.613367899007345,1.400445640505586,2.130263328552246
-0.2886134127215194,-0.6797016507975705,-0.6810552274708753,-0.687282705420268,-0.573687663489829,-0.905051432365228,-0.6211806783466928,1.400445640505586,2.1173672676086426
-1.4130890001804246,-0.6803184319848776,-0.6810696818048266,-0.6871774290256804,-0.3137121867657217,-0.8258729292745464,-0.6426156306781177,1.4235767148355023,2.0438897609710693
-0.31016534394459366,-0.6838326479910274,-0.6799702899940961,-0.6870875043368072,-0.38437467041648415,-0.636290629387128,-0.6555193909355287,1.4474783960444697,2.0303943157196045
0.0011601566249835218,-0.6844780959911445,-0.6799702899940961,-0.6868696428582675,-0.3957074288898361,-0.7054324043412301,-0.6578663511126909,1.4220343981095394,2.033092498779297
-1.6780097774701173,-0.6843490497220235,-0.6812143401350639,-0.6869602986776102,-0.3894313293379291,-0.7299665105052929,-0.6620561298239469,1.3850250468376266,1.948817253112793
0.11813622214730302,-0.6883796902649074,-0.6818363249587945,-0.6869888107317773,-0.3472149362480283,-0.40544620130425724,-0.6769275457638866,1.4220343981095394,1.9572149515151975
-1.3020066513393727,-0.687978052709538,-0.6853801895709424,-0.6873141396715743,-0.2591233020435652,-0.3240373732681235,-0.6838345477129766,1.3603520234377005,1.8948341608047483
0.7752661218029671,-0.6909615449811557,-0.6860310830625757,-0.6874991037660914,-0.13866399574102228,-0.3028487013458298,-0.6777843033314604,1.3457024043047459,1.9347223043441768
-0.7385606076992266,-0.689053810779269,-0.685900948060724,-0.6876723715166494,-0.15841425728359287,-0.24262854523198976,-0.6871631026061474,1.3318237597067961,1.9008314609527588
-0.19342935443990103,-0.6906747115114549,-0.6899655941607982,-0.687893158679437,-0.14406580584098247,-0.1824081764125134,-0.6934544155823286,1.3549548340367124,1.893933892250061
0.06710442000240546,-0.6910046022147159,-0.6895605680847424,-0.6882448091879162,-0.10868702402217115,-0.28277524507267116,-0.6888096239836274,1.3302818106367862,1.899632692337036
0.5624949182692031,-0.6907320451370748,-0.6925692313722296,-0.688612544276134,-0.13839519721035118,-0.49020067628779607,-0.6758388699685485,1.3611229979727053,1.9293242692947388
-0.5269286506276123,-0.6893119831375945,-0.6906454020698705,-0.6891126067145369,-0.13041002440116625,-0.6284842261960008,-0.6704265368795579,1.344160455234736,1.905930519104004
-1.4900802323999636,-0.6904308383509273,-0.6922799779566532,-0.6897252519121527,0.012858346735901619,-0.13780061397529225,-0.6907862121671784,1.3703754277046718,1.8360518217086792
-0.980659010510317,-0.6937729337500922,-0.6926126518694455,-0.6905915828189482,-0.1518140077986968,-0.3853727450310986,-0.6844771431218918,1.3911932107736196,1.7925646305084229
1.5250654831419128,-0.6958527999618328,-0.6923377952924586,-0.691247362098938,0.22537119546609052,-0.5994892574353978,-0.6661922045961293,1.3873379704426412,1.8645429611206052
-0.3729746766997922,-0.6924102851963151,-0.6909057525670804,-0.6919396947058907,0.0903462152105131,-0.6217931450068263,-0.6663930769361937,1.299440623300867,1.849248051643372
-1.107697699988386,-0.6931417963506419,-0.6920340472961775,-0.692808951878119,0.06170707389458661,-0.3619538545161708,-0.688608751643563,1.3241136467007932,1.7994630336761477
-0.2341690709310236,-0.69552286934853,-0.6954043391606491,-0.6936986792505337,0.039480123914125025,-0.2850056763709412,-0.6916607258038578,1.3086930530328336,1.7910655736923218
-0.8134084597319029,-0.6959244955010303,-0.6975017527097569,-0.6946103358875577,0.0683974058300682,-0.23370703274454546,-0.6965598758158185,1.3241136467007932,1.7562757730484009
1.4235662168861223,-0.6975883907509965,-0.6940301942645829,-0.6953297200312927,0.3644181661127246,-0.17237144827593445,-0.6994511738906496,1.2978986742308571,1.8222553730010984
-1.032917705376833,-0.6944327778723941,-0.6947678770048225,-0.6959811154343889,0.34976516393515705,-0.19802077008913233,-0.7040290806646222,1.2894172190338957,1.7766687870025637
-1.5351584550749358,-0.6966130520476184,-0.6971690385502113,-0.6967633756361388,0.4710609329352167,0.11869302956795838,-0.7235453971362024,1.294043433899879,1.709488868713379
0.8648565741566774,-0.6998260726704897,-0.6975740531271946,-0.6974549785655838,0.48498509194081474,0.43652225757982005,-0.7319561093793534,1.273996625365936,1.7493772506713867
-0.5354884451869049,-0.6979183270657339,-0.6992519862662951,-0.6979937839446574,0.4383002335087521,0.17445253579089426,-0.7259191548164317,1.3426185061647262,1.7277839183807373
1.1549206544540933,-0.6989510735133808,-0.6960697502311319,-0.6984236598921268,0.32600808031677314,-0.44559311385057476,-0.699973289468702,1.3796278574366383,1.780867576599121
-1.254035277178348,-0.696412236120651,-0.6982684188618694,-0.6988345290627186,0.4219521074655225,-0.29504240450752056,-0.7063091560170558,1.4027585641106008,1.7262839078903198
-0.2964685450899745,-0.6990228146640546,-0.7015085469768085,-0.6993689491119365,0.35251927914521886,-0.23036138579714036,-0.7150232464961501,1.4158662341735457,1.7154879570007324
0.13427034920074707,-0.6995391536792709,-0.6995847061753769,-0.6998010158354832,0.36408563018090934,-0.35749299191963063,-0.7165223816067606,1.4251186639055122,1.7235853672027588
0.21537626382132977,-0.6991518780374791,-0.7006261656595785,-0.7001877547946547,0.330780312508419,-0.487970244989526,-0.7012895261742322,1.4235767148355023,1.73528254032135
1.1157751289698858,-0.6985924361772264,-0.6980659086986096,-0.7004626424156752,0.24343795281182243,-0.44782343879602665,-0.7094190825010568,1.4567308257764362,1.7868659496307373
-0.5450835932315662,-0.6961253513380394,-0.7006985120733057,-0.7008647383112243,0.16996152064230408,-0.4467082231468916,-0.7100928327306112,1.4798619001063524,1.7643730640411377
0.05575206745849397,-0.6972011208106393,-0.7012192073181893,-0.701198110557964,-0.11740393271639102,-0.47681840755662963,-0.7046493448209815,1.4883429876473604,1.7691717147827148
-1.0890048285870615,-0.696971615265124,-0.7008286643237659,-0.701475192151578,-0.06401875178243092,-0.3898336076276387,-0.7195609570155219,1.4659832555084027,1.722385048866272
-1.0146626631751179,-0.6992092857817479,-0.7002645025853769,-0.7017493483515368,0.012977705146852576,-0.457860166932606,-0.7143895835882572,1.4929692025133436,1.6800979375839231
2.015937635558875,-0.7012317556520888,-0.6977766035372076,-0.7019832941192226,0.33443926418498116,-0.7656526668078883,-0.6864849950590212,1.4582727748464461,1.7685717344284058
-1.1825266758795732,-0.6970003105851065,-0.6988614490214079,-0.7023042397633108,0.3176854841879401,-0.7600766949150309,-0.6875066770966913,1.4104690447725574,1.7175869941711426
0.4150422191478614,-0.6994387628200908,-0.6986300071921007,-0.7024541130823965,0.32964067493032473,-0.7634222355096183,-0.6793236346966718,1.420492449039529,1.7379807233810425
-0.6944621574935653,-0.6984633899081054,-0.7008865564035417,-0.7026529698182052,0.371238850163631,-0.6407513856308503,-0.6958727268347306,1.4790909255713482,1.709488868713379
-0.8979662954000664,-0.6998260726704897,-0.7029260893719459,-0.7028569412707847,0.418051331651775,-0.6965108918537862,-0.6950918955258468,1.4467074215094649,1.6726008653640747
-0.3114106007807562,-0.7015903188695943,-0.6986589446076843,-0.7032487995962052,0.22804083458571892,-0.6608247355511908,-0.7062600272614327,1.4058428299065742,1.6615039110183716
-0.33439489491030977,-0.7021210540069954,-0.701117969485168,-0.7035587759585105,0.22238435861891098,-0.6552487636583336,-0.7121185496697853,1.4043008808365645,1.6495076417922974
0.4128717292998283,-0.7026948007664805,-0.7001343675835252,-0.7036574698541327,0.26178112352490923,-0.7533855073730389,-0.7067954326580793,1.3811698065066482,1.669001817703247
-1.948285471719036,-0.7017624508794482,-0.7015085469768085,-0.7040500584382456,0.46796879508959693,-0.6028349043828028,-0.724027316459654,1.3811698065066482,1.5883262157440186
-0.577228615136237,-0.7056209309053056,-0.7032876777021773,-0.7044419185072206,0.42931474933960906,-0.23482203568804455,-0.7401480842803954,1.3588100743676905,1.567031741142273
-1.2378980830347366,-0.7066393838565893,-0.7038228905259102,-0.7050786883950011,-0.2123814388539725,-0.2058272796330775,-0.7476262760966913,1.349557644635724,1.519646406173706
1.2658762902031022,-0.7089056869774161,-0.7044014778505697,-0.7054581177930311,0.12874064844397792,-0.14003104527356192,-0.747461188227186,1.3572677576417271,1.5706311464309692
0.3462255710544175,-0.7064672347424319,-0.7034612619489257,-0.705772483262893,0.11664212099816776,-0.2403981139337197,-0.7450071469706945,1.4043008808365645,1.5865262746810913
0.8393785889430925,-0.7057070168652534,-0.7073522950545705,-0.7060188573767846,0.24890671715120474,-0.48462470439493893,-0.7282795137451274,1.349557644635724,1.6225156784057615
4.592328802585147,-0.7039857480796256,-0.7083793404515739,-0.705825853753026,1.7455243417017448,-0.41102227954993237,-0.7467026337043887,1.3256555957708036,1.814458131790161
0.09171106660931001,-0.6948056973020427,-0.7106647638337006,-0.7057425115631183,1.7250768928894906,-0.278314595181767,-0.755193629523802,1.3387632658337478,1.821055293083191
0.4014997485634036,-0.6944901742137938,-0.7082057389562169,-0.705553163010523,1.6949431761018,-0.548190613809002,-0.7366990495563616,1.337992291298743,1.842049241065979
0.2749446296282116,-0.6934860945789568,-0.7074391073013214,-0.7053382237291224,1.6960481643361869,-0.5626879918364853,-0.7313180891538886,1.3541838595017073,1.857345938682556
1.1785263232622893,-0.692754497903112,-0.705703316579662,-0.7048674076718725,1.325900153089191,-0.5883374200025013,-0.7328529542685888,1.3318237597067961,1.9155272245407104
-0.33982651069321473,-0.689971855767069,-0.6964458158934592,-0.7043278697093674,1.2881230154246306,-0.5526513700527241,-0.739987517127871,1.3349080255027694,1.9014317989349363
1.3048354291944135,-0.6906459990871687,-0.6961276308118353,-0.7038438927224803,0.9859738492253469,-0.6206779293576913,-0.7222872216873176,1.2963563575048935,1.9671128988265991
1.3672740623985282,-0.6875046626006259,-0.6951150799955366,-0.7030623648135695,0.9907968173139557,-0.5515361544035892,-0.7234785123114738,1.2948144084348838,2.0381920337677
-0.5015051508220845,-0.6841051537557578,-0.6943773110122543,-0.7023875758507782,1.1202628860401356,-0.5403842106178748,-0.736632164731633,1.2909591681039054,2.014798402786255
0.5215776289514857,-0.6852240032676561,-0.691571192385244,-0.7015716871345361,1.1304628163988026,-0.6195627137085564,-0.7291272298787397,1.273996625365936,2.044189691543579
0.7724862493219355,-0.6838183031817533,-0.692251023292461,-0.7005613325335963,-0.36004195929338473,-0.60618044497739,-0.7230902753158179,1.2662865123599332,2.087077140808105
-0.7786040539921878,-0.6817671208871262,-0.6890831840958873,-0.6996182378675649,-0.1549998865329954,-0.6195627137085564,-0.7263430128832378,1.2277348443620573,2.0483882427215576
-0.6773982432729765,-0.683617498657655,-0.6856549944021036,-0.6987255877168262,-0.014522031290413951,-0.5203108606975341,-0.7319427106278199,1.243155438030017,2.015698194503784
-1.4701240484212548,-0.6851809688398339,-0.6867832833816646,-0.698058110930508,0.3067553802593336,-0.5203108606975341,-0.7371407726252125,1.2446973871000266,1.9428198337554927
-0.7720566144275007,-0.6886665294360428,-0.6853657237379186,-0.6972809759068551,0.24046036106150817,-0.5236564012921212,-0.7373951310384719,1.255491765902003,1.907129168510437
0.24529591368829357,-0.6903735104267419,-0.6832972361053222,-0.6964168381008758,0.23807592645614817,-0.60618044497739,-0.7322818188678526,1.2477816528960002,1.921525716781616
-0.3082990138536267,-0.6896849652830228,-0.6851632250737312,-0.6954678958440498,0.027885082767129664,-0.6240234699522785,-0.7385418680904554,1.2786228402319193,1.9089295864105225
0.1278349818189444,-0.6902874016610561,-0.6867398858825934,-0.6946220357186255,-0.2927120702495737,-0.6284842261960008,-0.7334865082435424,1.3048378127018552,1.9176270961761477
1.4898062787210158,-0.6898714249978471,-0.6902548533259109,-0.6936314213497722,0.0634308470746124,-0.722160213666984,-0.7129751983044199,1.2508659186919735,1.992904543876648
0.8527426730119978,-0.6862711230317496,-0.6919762357099082,-0.6926166814189768,0.12122944800833539,-0.8347944417619907,-0.6975682680348944,1.204603770032141,2.0387909412384038
-0.27617260162192164,-0.684076509748686,-0.6912818814743057,-0.6920983442059431,0.035132723309182635,-0.8537526823860143,-0.6939674897264193,1.2015198718921214,2.027094841003418
0.1348328647719248,-0.6846359002960278,-0.6918894004650127,-0.6915726936540665,-0.011605192983655754,-0.9206640260418465,-0.6911387191587448,1.1768468484921955,2.0366921424865723
-0.8312989583788756,-0.684176889204997,-0.6914699143054694,-0.6911969184554225,0.014007732205163497,-0.8559830073314664,-0.6983669643458228,1.1645101529642554,1.9962029457092283
0.574100300771505,-0.686113370039777,-0.6878392374465707,-0.6907809351492448,-0.2384958193575387,-0.8593286542788715,-0.6973541058762357,1.1583419890282625,2.027994155883789
-0.230945331594767,-0.6845928886739439,-0.6856261087323456,-0.6905294422502889,-0.34421598488780036,-0.8359096574111259,-0.7042076217521306,1.1645101529642554,2.0186967849731445
0.24059088791398475,-0.6850375549557008,-0.686190218724909,-0.6902070323111148,-0.3443120750278478,-0.8359096574111259,-0.703114370773342,1.1521738250922693,2.033693552017212
0.4930798957786374,-0.68432030308913,-0.6857273350662946,-0.6899760122276769,-0.3760044702800156,-0.8459462791948871,-0.7016955192389936,1.1429213953603028,2.0618839263916016
-1.06151762729907,-0.6829720392546688,-0.687680153530063,-0.6900476595265876,-0.14469328923578947,-0.8604437635751887,-0.6925888344466715,1.147547610226286,2.0088002681732178
-0.34400866194293883,-0.6855108766473986,-0.6861468442239825,-0.6900988357535347,-0.433125104239833,-0.8492919261422921,-0.6874129947688956,1.1367532314243096,1.9938044548034668
0.23241759551691107,-0.686228082902493,-0.6865952620495732,-0.6901865638544827,-0.5703800432704781,-0.8559830073314664,-0.6814207027110858,1.1213326377563502,2.0082011222839355
0.4706755201169167,-0.6855395320573395,-0.6858719588993147,-0.6903137741631581,-0.523861677423556,-0.8459462791948871,-0.6823041488487875,1.0974305888914289,2.0348918437957764
0.2556031474701847,-0.6842629922692484,-0.6845123200830254,-0.690307926281771,-0.5141412070555013,-0.8849779760920693,-0.6781055465694484,1.0928043740254456,2.050787210464477
1.7284179037349112,-0.6835027629892008,-0.6870725770439943,-0.6899957568186493,-0.23494023518690593,-0.8102602292451099,-0.6725103150753776,1.1352112823543,2.14375901222229
-0.8472039275873681,-0.6790561913945843,-0.6877958341979633,-0.6896119394754323,-0.11715448348008899,-0.6864741637172067,-0.6894029817039803,1.1506318760222594,2.1002726554870605
1.5015290442699425,-0.6811360176962832,-0.6871014742128246,-0.6889386121923953,0.07794430456399529,-0.6708614636877701,-0.6950026794485623,1.1460056611562761,2.183347225189209
-0.20195716554726392,-0.6771628020019715,-0.685814164561654,-0.6883208482097152,0.10103727986623535,-0.7511551824275868,-0.6903176915952604,1.1275008016923431,2.174950122833252
-0.06179533144679949,-0.6775644110501683,-0.6850475214076861,-0.6876738372646973,0.0983979234563725,-0.7701134230516105,-0.6869891367020895,1.1490895592962957,2.174351930618286
0.019376692396502186,-0.6775930208486329,-0.6805634351443581,-0.6870385244071928,-0.09771048752337284,-0.8894387323357917,-0.6679948268756224,1.129042750762353,2.178250551223755
0.7974297790394781,-0.6774065611338086,-0.6826608084467125,-0.6864719369420522,-0.12947275731312466,-0.9719627760210605,-0.6627075488009453,1.1228745868263599,2.225334882736206
-0.06686214126956017,-0.6751546541351666,-0.6786540716750227,-0.6860193974029876,-0.10641418797587021,-0.9307007541784259,-0.662234561978516,1.1444637120862664,2.224435567855835
-0.08804214359561645,-0.6751976657572506,-0.6790590690033975,-0.6855434640136354,-0.0860168869061448,-0.9072817573106801,-0.6591736553171988,1.148318584761291,2.2223362922668457
-0.1622525959779189,-0.6752980680192998,-0.6790879201759384,-0.6851062805391712,-0.060730200758441,-0.905051432365228,-0.659102304241959,1.1575710144932574,2.2160372734069824
-0.1147360918593021,-0.6755993318197926,-0.6788998873447748,-0.6845791697605025,-0.3961818439692353,-0.8827476511466172,-0.6650722650472128,1.1012858292224073,2.2124388217926025
0.7417931589814292,-0.6757714353224739,-0.6766289815414974,-0.6840206226963805,-0.5102823537617421,-0.9485437791533144,-0.6514546672385861,1.0951176652864143,2.2571260929107666
-0.3691449028956083,-0.6736341727693335,-0.6766723560424239,-0.6834840089651614,-0.8493333934558462,-0.8526374667368792,-0.6582099256032349,1.0326639484236173,2.238831043243408
-0.9185636060979945,-0.6745091719264423,-0.6767736053745176,-0.683104580729501,-0.6576457085407853,-0.814720985488832,-0.6666072390948523,0.9933416735466902,2.1893458366394043
1.427627414275562,-0.6768759058164909,-0.6770774108661605,-0.6825928231095086,-0.32479286143982666,-0.8671349511171808,-0.653159032006833,0.9609581694848075,2.2718214988708496
0.9127864430702476,-0.6729313341292512,-0.6772509663652281,-0.6818156831457851,-0.2462662697340861,-0.932931185476696,-0.647684280343625,0.9840892438147237,2.3276052474975586
-0.6578996430250462,-0.6702633592444479,-0.675095672235417,-0.6810897194090085,-0.21566601725742196,-0.9273552135838385,-0.6467696793852842,0.9910283822857218,2.2916154861450195
0.2572155967004454,-0.6719846451343794,-0.6759780535526471,-0.6803549844313362,-0.21488651206648046,-0.9117425135544023,-0.6438113875527851,1.015701405685648,2.309610366821289
-0.06627118890426777,-0.6711240021894136,-0.6783647550145482,-0.6796875029955396,-0.21600219719430522,-0.8827476511466172,-0.6489827609800498,1.021098595086636,2.3087117671966557
-1.1319723958509615,-0.6711669796028904,-0.6743869039126164,-0.6792137618352265,-0.03484678728654257,-0.8169514167871018,-0.6582768104279634,1.0095332417496548,2.245129346847534
-0.4599729976812176,-0.6742079423345567,-0.671696419957217,-0.67902367953683,-0.011024700669049436,-0.8537526823860143,-0.6555774521921742,1.0079912926796448,2.221736192703247
0.6378072174479391,-0.6753267690407169,-0.6734322279274848,-0.6786325497265474,-0.0296022549831645,-0.8961299198777837,-0.6344726755997596,0.9686686501467642,2.260725259780884
-0.33740647153173187,-0.6734620350580451,-0.6725643239423509,-0.6784841401213629,-0.032118758964056866,-0.8827476511466172,-0.6276057609723311,1.0018227610876982,2.2442290782928467
-0.3709648615629925,-0.674250999568117,-0.6726076639460603,-0.6783598572404899,-0.12195828931640847,-0.9295855385292908,-0.630439106723456,1.0696736673514833,2.2259345054626465
0.1658443252166307,-0.6751259759194876,-0.6756742825582212,-0.6782041392365336,-0.43595820014732545,-0.9162032697981246,-0.6251829834694179,1.0696736673514833,2.238231897354126
-0.4822805675994203,-0.6745378273363832,-0.6768025485396374,-0.678117875140079,-0.6371192606969313,-0.934046294773013,-0.6235499697764109,1.109767284419369,2.2136385440826416
-0.35942356292894795,-0.6757140560853777,-0.6749220822391323,-0.6781887884025961,-0.6718045854377835,-0.9228944573401165,-0.6267446460871853,1.1375242059593147,2.196244239807129
1.0370642643763226,-0.6765459752031882,-0.6757177030554371,-0.6781090998308896,-0.4311604680044095,-0.9819995041576396,-0.6098296482060266,1.1328979910933321,2.2571260929107666
-0.17616003295019364,-0.6736341727693335,-0.6766000613745223,-0.6780418387336116,-0.4319371394665378,-1.019915985405687,-0.6048724369374205,1.1544871163532378,2.2499287128448486
0.14780139077101465,-0.6739784025804341,-0.6760069507214774,-0.6779314438445521,-0.6234876182940094,-0.9819995041576396,-0.601949875109011,1.140608471755288,2.261324405670166
-0.6288382866207577,-0.6734333796481042,-0.6771931030331332,-0.6778934285472423,-0.5889709290613135,-0.9106274042580852,-0.6103784523542068,1.1328979910933321,2.228033781051636
0.075828036305228,-0.6750255736574384,-0.6780320408550026,-0.6779467964220438,-0.685875776077995,-0.9541197510461716,-0.613858750831819,1.122103612291355,2.2352330684661865
2.297804123437441,-0.6746812526233854,-0.675095672235417,-0.6776295078832655,0.067535382414608,-1.0031881760799335,-0.6121676758821664,1.1390661550293244,2.3689918518066406
0.42603142251377374,-0.6682839580105363,-0.675442806231697,-0.6771214070779906,0.03297996851772578,-1.0332982541368534,-0.6115608104773407,1.1375242059593147,2.3977832794189453
0.6903428179713003,-0.6669069475431816,-0.6748931850703019,-0.6767039577331726,0.051898621721963675,-0.9831147198067745,-0.6056443357452819,1.1699077100211974,2.443071126937866
-0.24855606257861715,-0.6647409611628861,-0.6764988120424287,-0.6764524651248092,0.013839878655970724,-1.0165704448110997,-0.6104274721768906,1.1683653932952338,2.430774688720703
0.2540844903761349,-0.6653290641345142,-0.67615158605357,-0.676067184939468,-0.048256033706067784,-1.0299527135422661,-0.6051847476743861,1.129042750762353,2.449668407440185
0.19408160582586842,-0.6644254323732026,-0.669700318985101,-0.6756884843471685,-0.10679890092612658,-1.0411045509751626,-0.595141021738228,1.0889495013504211,2.4649641513824463
-0.9010574834667018,-0.6636938813088341,-0.6683116910074025,-0.6754377257751987,0.0390795040439597,-1.0143400135128298,-0.6078484848390251,1.0534820991485188,2.4115800857543945
-0.04614156750226508,-0.6662470863165761,-0.6661274307143269,-0.6750312468745332,0.04693683092292206,-0.9697324510756081,-0.6019811388625894,1.0519397824225551,2.4118785858154297
0.27114499208964304,-0.6662328099245164,-0.6667204953710825,-0.6745194892545409,-0.04887115415695213,-0.9808842885085044,-0.6006693684075702,1.0002808120176883,2.431673765182495
-0.9804656574926018,-0.6652860639152993,-0.6658092398831668,-0.6742431411161355,0.12771298601243983,-0.935161510422148,-0.6151079937796814,0.9655843843507907,2.374091148376465
-0.1402531660448403,-0.6680400734471397,-0.6650715168961739,-0.6739397405691705,-0.5678742868129402,-0.9451982385587275,-0.6152552711136114,0.9925706990116854,2.368692636489868
-0.39391249098936115,-0.6682982686112031,-0.6676462626883113,-0.6736421890659623,-0.6012706103119477,-0.9741932073193303,-0.6166964539005159,1.0843232864844379,2.34799861907959
0.6609409772826748,-0.6692880034367661,-0.6676318658497217,-0.6732707974536195,-0.6106658586563087,-0.9741932073193303,-0.601008476647603,1.0796970716184546,2.390587329864502
0.3429220782187277,-0.6672511089370678,-0.6666771323692283,-0.6727809708417907,-0.5758495155806996,-0.9819995041576396,-0.5965778472075605,1.0411454036205787,2.414579391479492
0.8948011270807014,-0.6661036382238358,-0.669454376825553,-0.6721069127188765,-0.43415766821593715,-1.019915985405687,-0.5925353458302345,1.021098595086636,2.472762107849121
0.37267525358301806,-0.6633209276705784,-0.6697147503209077,-0.6715161999823863,-0.41718858007073134,-0.9909210166450839,-0.5965197859509149,1.021098595086636,2.49945330619812
-0.1546129426395362,-0.662044365076749,-0.6707128353041827,-0.6709240261473266,-0.5690588853615874,-1.0154552291619647,-0.5904025478117311,0.9848602183497287,2.4928553104400635
0.5298361859689191,-0.6623599280750396,-0.6686587560092483,-0.6702697068035368,-0.5408129260711861,-1.0076489323236555,-0.5829690729670168,0.9995098374826833,2.529744863510132
0.2514597447376636,-0.6605956077572861,-0.667501604358074,-0.669486716633687,-0.5417045283139482,-1.0477957385171548,-0.5721355832209526,0.970981573751779,2.549238681793213
-0.48967685863737465,-0.6596632749745573,-0.6646954167366296,-0.6687907275026092,-0.7207973228820167,-1.0689843040866305,-0.5667411151340068,1.0072199504886863,2.520747661590576
0.6774971978547681,-0.6610259178268999,-0.6634080840873141,-0.6683067505157219,-0.706134591913595,-1.085712219765202,-0.5639256343849266,1.038061505480559,2.567533016204834
0.059043274402218106,-0.6587883100260558,-0.6637263094156913,-0.6678754102731665,-0.803253485729326,-1.0979792728472335,-0.5653534184202974,1.0010517865526931,2.5747313499450684
0.23246176831465618,-0.6584440346034789,-0.6619471039463524,-0.6675091400612195,-0.8366090611659258,-1.1069007853346777,-0.5622926206919195,0.9917993568207266,2.593325614929199
0.9158552017393645,-0.6575547248457032,-0.6610069052933168,-0.6669571749148783,-0.7446008821916597,-1.1147071885258053,-0.561346647047061,0.9786920544137356,2.6572065353393555
0.706555820473762,-0.6544994857219772,-0.6623810444398469,-0.6663262500025608,-0.7874719291076633,-1.087942544710654,-0.5563761459598606,0.970981573751779,2.708491802215576
0.5226976897112628,-0.6520466601705464,-0.6601245584733039,-0.6656361087528702,-0.7780427705511305,-1.022146416703957,-0.5589283357946591,0.9555609800838193,2.748079776763916
-0.9462690270460606,-0.6501532821808027,-0.6597773784807346,-0.6649686302229973,-0.5060233555031344,-0.847061494844022,-0.5831743026246531,0.9478508670778164,2.685398817062378
0.94407245600333,-0.6531511306645635,-0.6588805658276979,-0.6641359243435853,-0.4381834899123581,-0.9228944573401165,-0.5801892132890868,0.9254907672829051,2.7534782886505127
-0.05529581781207033,-0.6498950870167393,-0.6557995503769475,-0.6633522071115594,-0.42029152134327535,-1.0109944729182423,-0.5714350354883311,0.9347431970148716,2.7531769275665283
-0.11083961579482965,-0.6499095002432276,-0.6533260309187592,-0.6624383544677951,-0.4952998198828363,-1.0020729604307983,-0.5716402651459673,0.8861684924059782,2.7489795684814453
-0.1965876235153779,-0.6501102477529807,-0.6514166789484961,-0.661536197586805,-0.49206575709932787,-0.9184337010963944,-0.5799215650572331,0.8607244944710472,2.738783121109009
-0.1369857200040579,-0.6505979142539525,-0.6544398195680793,-0.6605982211246532,-0.4757593916194675,-0.9663869104810211,-0.5642246553032979,0.8668926584070402,2.732783317565918
0.013628427856692847,-0.6508848674537784,-0.6511563054531414,-0.6597530930014757,-0.47167046727898854,-0.9619260478844809,-0.5624443642763608,0.8738317968780382,2.7372829914093018
-0.6702830542501365,-0.6506696611060607,-0.6511708402805992,-0.6590717270609743,-0.491958185849416,-0.9552349666953065,-0.5653534184202974,0.9039020096789524,2.6940951347351074
-1.2700795798493338,-0.6527352110157,-0.6513732814494249,-0.6587361637475652,-0.3660559087161847,-0.8057994730013879,-0.5734607524275053,0.9054439587489623,2.610419750213623
0.49917466559519214,-0.6567371619400358,-0.6518650622768697,-0.6583764702227356,-0.37132237552616304,-0.8727109230100377,-0.5691460276348752,0.9586452458797927,2.64700984954834
0.16690460763802656,-0.6549871636258182,-0.6521544364327059,-0.6579648710840438,-0.4646195101164116,-1.024376741649409,-0.5666919863783837,0.9339722224798667,2.661705017089844
-1.2052915538568219,-0.654284336388605,-0.651937414440133,-0.657834006866575,-0.5089821758625441,-1.0310679291914013,-0.5717160824717183,0.9116124903409091,2.5834290981292725
1.2749625989125086,-0.658028046537401,-0.6540203909038979,-0.6575379193678603,-0.16242067211097405,-1.083481788466932,-0.571354751912069,0.9779210798787307,2.6707022190093994
-0.27138290633999085,-0.6538540263189911,-0.6580561053379246,-0.6572089339039383,-0.16156625800703783,-1.1069007853346777,-0.5617883701159119,0.9917993568207266,2.655706882476806
-0.41889887928067304,-0.6545712097683475,-0.6562913427034646,-0.6570546740926275,-0.1545011545614204,-1.0979792728472335,-0.5602937012558125,0.9933416735466902,2.630814790725708
-1.0577861359557121,-0.6557617263122707,-0.6555825858797363,-0.6570824570504719,-0.06982954438581711,-1.0366437947314402,-0.5699447239458035,0.9856311928847336,2.5633339881896973
0.3347639555869979,-0.6589891373558922,-0.659357880822119,-0.6570941545568003,-0.03314965031542195,-1.0700995197357654,-0.5726307923629985,0.9948836226167,2.588526964187622
-0.7558701605294874,-0.6577842303912187,-0.6551486453862417,-0.657374887734469,-0.023626444006753174,-1.0745602759794877,-0.5734963734986556,0.9917993568207266,2.542041778564453
-0.9123574323412884,-0.6600074819799198,-0.655871879542066,-0.6579166228660839,-0.09995147654631142,-1.0444501979225678,-0.5787435642516713,0.9563319546188243,2.486256599426269
-0.38242894751982154,-0.6626755252819374,-0.6570724401913838,-0.658606035891229,-0.1796165429131469,-0.9518894261007196,-0.5852892356411118,1.014159456615638,2.4652628898620605
-0.38046460058804193,-0.6636795935139054,-0.660327080135636,-0.65919309646248,-0.2168326164935133,-0.963041263533616,-0.5797876864748367,0.9979678884126735,2.444569826126098
-0.046172678626544415,-0.6646692827279921,-0.6591120076570052,-0.6599453791526072,-0.32135369213596876,-1.0321830384877182,-0.5718856910582044,1.0372901632896012,2.4448704719543457
-0.3639863766156837,-0.6646549037101109,-0.6613540162914521,-0.6607444507056792,-0.8222750479325962,-0.993151447943354,-0.5744066171394244,1.0650474524855,2.425374984741211
1.875878975245907,-0.665587316312923,-0.6640445692412856,-0.6612430485584038,-0.020934611473414313,-0.9295855385292908,-0.5789934564144195,1.0804680461534595,2.544440507888794
-0.532159524912676,-0.6598927577143348,-0.6650571085585121,-0.6617928249628147,-0.013680515182239372,-0.8760564636046251,-0.5754820031161683,1.0450006439515571,2.513249158859253
0.8201995038271275,-0.6613845494616197,-0.6660551475454977,-0.6621919943023387,-0.00934930003591621,-0.935161510422148,-0.5619758437044428,1.0095332417496548,2.569032669067383
-0.3304970263678625,-0.6587165859796855,-0.6660406472152569,-0.6626467260704425,-0.020786290665376187,-0.8649045198189107,-0.5705337243485845,1.0311219993536074,2.550739049911499
0.1428105699390877,-0.65959151671958,-0.6669809263617988,-0.6629654780325294,-0.07762356690865971,-0.8805172198483472,-0.5687712983236921,1.0419163781555838,2.5633339881896973
3.2095513390883754,-0.6589891373558922,-0.6612383241244794,-0.6625611907797183,0.7209496879245394,-0.8905539479849265,-0.5662591958105552,1.0388324800155642,2.7762699127197266
1.827383941285265,-0.6488050297492105,-0.6627427017645123,-0.6619222263381594,0.7978962201385653,-0.9396222666658702,-0.5593432613604428,1.0588792885495069,2.9091312885284424
-0.5365662475360178,-0.6424506555354929,-0.6600522293081853,-0.6614068119034496,0.8249732613081461,-1.0065337166745203,-0.5479565012156872,1.1012858292224073,2.873142719268799
-0.5344730768637272,-0.6441718844110791,-0.6609345416309812,-0.6607868562729152,0.8925183595330055,-1.0868274354143372,-0.5399384922187032,1.1275008016923431,2.8377525806427
0.977764518369271,-0.6458644920853315,-0.660327080135636,-0.6601983351842794,0.8248725856673674,-1.021031201054822,-0.5421873038175584,1.1120802080243837,2.912130355834961
-0.9200971881650417,-0.6423072188456216,-0.6500570516312791,-0.6597304436489079,0.8580406165858641,-1.0377590103805754,-0.5503793876515396,1.1398374972202838,2.847649335861206
-2.481686168182153,-0.6453911589907646,-0.6436490670711579,-0.6596317485909161,1.3680191896005984,-1.0087640416199724,-0.5665358854763706,1.1120802080243837,2.671302318572998
-0.30220355476047434,-0.653825325297574,-0.6453848175460639,-0.6594102329129904,1.353601488965144,-1.0589476823028694,-0.5629217084163619,1.129042750762353,2.6542060375213623
-0.8093873959925992,-0.6546429908290629,-0.6470917053493567,-0.6593751415563742,1.394428792343468,-1.0176855541074168,-0.571952575882933,1.1182483719603766,2.6029224395751958
-0.5439485178460116,-0.6570957365604104,-0.643504420239993,-0.6593064222664506,1.4143231176992024,-1.0656387634920435,-0.571800941231431,1.1529447996272741,2.570232391357422
0.40701002829874233,-0.6586592067425894,-0.6466143788558633,-0.6590286077988124,0.5922507007914228,-1.1158222978221222,-0.5562422673774642,1.1575710144932574,2.600224018096924
-0.2547296722612349,-0.6572247942324004,-0.6551197022211219,-0.6587325173941738,0.09824386560289926,-0.9675020197773381,-0.5705381905990957,1.2015198718921214,2.5867276191711426
-0.44691393782619093,-0.6578702878439938,-0.6559442662025464,-0.6584495873379878,0.09831834250228329,-0.9775387479139175,-0.5699804539498932,1.2107723016240879,2.560635805130005
0.206437238115474,-0.6591181836250132,-0.6584177051672282,-0.6581264503366376,0.1470361557326417,-0.9418526979641403,-0.5674817501882897,1.2207957058910592,2.577430486679077
-0.2291225689420547,-0.6583149427228817,-0.6599943659760904,-0.6577843021995238,-0.1005370352689572,-0.9964969885379411,-0.5641131079734574,1.2076880358281146,2.5657339096069336
0.03158669782512216,-0.6588743560759618,-0.6585478516681523,-0.657719236237209,-0.08924619833244651,-1.0567172510045992,-0.5572908558511408,1.1699077100211974,2.5711324214935303
-0.5042562900630099,-0.6586161609118982,-0.659198791156075,-0.657650512297807,-0.8955270773990398,-1.0689843040866305,-0.5553053351665673,1.1783887975622052,2.5414416790008545
-0.046386136074552255,-0.6600361830013369,-0.6604572151374878,-0.6577170416834307,-0.8873096350528342,-1.0946337322526463,-0.5519589152713517,1.1706786845562023,2.5417404174804688
-0.4261277137910795,-0.6600218952064082,-0.6596471974825935,-0.6577981930972612,-0.9828700539785499,-1.0422197666242976,-0.5543146990165969,1.1560290654232477,2.5174484252929688
0.047192365955311726,-0.6611837107289142,-0.6602113304733015,-0.6578946947638443,-1.0211222177113959,-1.0310679291914013,-0.553917638452858,1.1228745868263599,2.5237462520599365
0.8818926150062495,-0.6608825039427667,-0.6599509569779469,-0.6583640439106766,-0.8160575550081903,-1.0678691947903132,-0.545435575134467,1.1074539931584004,2.5837295055389404
-0.03736335569120466,-0.6580136789223889,-0.6613829594565719,-0.6591550765156918,-0.8251931894528085,-1.054486926059147,-0.5462521364474403,1.0958886398214192,2.584627151489258
-1.376351458089241,-0.6579707471203883,-0.6613685511189099,-0.6600711242944194,-0.5065938684530557,-0.9808842885085044,-0.5591246329512729,1.1375242059593147,2.497353792190552
0.7079137630221538,-0.6621447787416673,-0.6625401686031078,-0.6607831965522737,-0.4071344641935549,-0.9240096729892516,-0.563336742915085,1.1529447996272741,2.545640230178833
-0.13424579936804212,-0.6598353784772386,-0.6622364206068267,-0.6616897378913421,-0.4099886977500879,-1.0656387634920435,-0.5590979443811451,1.160655280289231,2.540241241455078
0.22705272905995952,-0.6600935964470402,-0.6593433919909506,-0.6623952299749702,-0.39683632116305506,-1.0779059229268928,-0.5463815487793255,1.0958886398214192,2.5582363605499268
-0.09241609514468482,-0.6592329420992055,-0.6593000979835306,-0.6626774271571323,-0.43130181728448586,-1.0790210322232099,-0.5424906820535016,1.0773837803574862,2.555536985397339
-0.22603824194401262,-0.6593620453826717,-0.6635093449184802,-0.6629457299544483,-0.4251420909122361,-1.1013248134418205,-0.5428431890450679,1.0650474524855,2.544140577316284
0.44407251518701024,-0.6599071025236087,-0.6611804607923845,-0.6630107970791327,-0.42272801342792254,-1.0767907072777578,-0.5353784504467753,1.0573369718235432,2.576230049133301
1.4568880517706477,-0.658372356168585,-0.6614408572858839,-0.6627549194315062,-0.15418091743188017,-1.0812514635214798,-0.5329780041964182,1.0665894015555097,2.675200700759888
0.08542209288524835,-0.6536388769856187,-0.6605729418016776,-0.6625494857179874,-0.22912358278238154,-1.083481788466932,-0.5300688411195422,1.0958886398214192,2.684498786926269
-0.24394860624249493,-0.6531941764952547,-0.660703134298891,-0.6623433208739992,-0.21527143083255054,-1.0388742260297104,-0.534459274304984,1.0557950227535335,2.671302318572998
-0.29778252232469854,-0.653825325297574,-0.661252789957503,-0.6621144944725625,-0.5552354510709118,-0.9753084229684655,-0.5391799921623754,1.019556646016626,2.6545069217681885
-2.082048207823724,-0.6546286004083126,-0.6597050953119054,-0.6622614429791774,0.046268179521071616,-0.17683231087247456,-0.5823086125560567,0.9285750330788786,2.517148017883301
0.2670115514731268,-0.6611980783439264,-0.6549316808890305,-0.662330165175025,0.05885977589441127,-0.4991221887752406,-0.5786097946022141,0.9571032968097829,2.5375421047210693
1.0855719322569088,-0.6602226883276374,-0.6544832285662229,-0.6622329300532331,0.18730665184442286,-0.4545146263380187,-0.583937268931492,0.9617295116757661,2.611021041870117
-0.7949139964987899,-0.6567084039042734,-0.6551197022211219,-0.6621839501236187,0.2548539666143028,-0.14337647951533186,-0.6000937667563229,0.9301169821488884,2.5615346431732178
0.3671877624760307,-0.6590751948086673,-0.6559297543732333,-0.6620691713576656,0.2637632689768826,-0.0296272484768256,-0.6122836894625181,0.9324302734098568,2.5888259410858154
0.799331674579357,-0.6577699311934209,-0.6625546574342763,-0.6617584612495593,0.3061024510498975,-0.4389019263085824,-0.59244612975295,0.9401403864158604,2.6449105739593506
-0.2601825095500112,-0.6550875658878673,-0.661571038284025,-0.6614974639450912,0.07373597670302043,-0.5191956450483991,-0.5971311176062519,0.9162387052068923,2.630814790725708
0.07427431595556426,-0.6557617263122707,-0.658027104677443,-0.6613622175942833,0.07324676714038021,-0.6251386856014136,-0.591290460199944,0.9254907672829051,2.639211416244507
-0.0643782029373301,-0.6553601400698121,-0.660413863634706,-0.6612313522144448,0.07095460269263744,-0.6474424668200244,-0.5913707437762062,0.9871735096106972,2.6383118629455566
0.7967402968193912,-0.6554031630947651,-0.6590975878202708,-0.6607488392320511,0.1424855686120815,-0.6585944106057388,-0.5847939175661266,0.9594162204147977,2.6952943801879883
-0.6930061450758433,-0.6526778545843419,-0.6563925920355583,-0.6604914987423005,-0.40368188979000025,-0.1969057671456332,-0.6078708160915811,0.9146963884809288,2.651208639144897
0.6594144406094001,-0.6547863476988508,-0.6570724401913838,-0.6601040251655508,-0.36744410544875944,-0.2928119732092505,-0.5984250230592263,0.9355141715498765,2.699193954467773
-0.23852625814326045,-0.6524913492580414,-0.6566674658611538,-0.65979185337769,-0.49778830833152593,-0.3864879606802336,-0.5953195628257364,0.9463085503518528,2.686298131942749
-0.042249029407367245,-0.6531081190424796,-0.6567108518611525,-0.659471641479403,-0.6478870655185719,-0.3463410481339163,-0.5980145637439537,0.9532480564788046,2.686897039413452
0.6237002440101032,-0.6530794750354076,-0.6539625505699477,-0.659011061829912,-0.6122027020276447,-0.5916829605970885,-0.5883099460478283,0.9732948650127474,2.733083486557007
0.09975219527579805,-0.6508705112416353,-0.6560888325402048,-0.6586031171811986,-0.7056053262665941,-0.7388880229927375,-0.5821525116540436,0.9547900055488144,2.7435805797576904
0.9744614728136775,-0.6503684657227823,-0.6537744717424946,-0.658261701336924,-0.6028547620836797,-0.8593286542788715,-0.5608648366565486,0.9324302734098568,2.8152592182159424
-0.013368235518687686,-0.6469402843636696,-0.6543964450671529,-0.6579363715253499,-0.5965052116787425,-0.776804504240785,-0.5627298775102592,0.9871735096106972,2.817958354949951
-0.23480052176100458,-0.6468111924830724,-0.6543675593973949,-0.6576110399702213,-0.5733023678780603,-0.7745741792953327,-0.5639836956415721,1.0056780014186764,2.804762601852417
0.9268951919824903,-0.6474423070767845,-0.6521399591006098,-0.6570744274013718,-0.5408118635260654,-0.7511551824275868,-0.560994248988434,0.9856311928847336,2.874640703201294
-0.2106998895982436,-0.6441002401847923,-0.6516336779429243,-0.6562314909260486,-0.6710620961718253,-0.7154691324778096,-0.5691148728142361,1.0049070268836715,2.8629446029663086
-0.9638059834142902,-0.6446596307321343,-0.6481765738317017,-0.6556005683384704,-0.4692843692939168,-0.548190613809002,-0.5781858276024686,1.0110751908196647,2.796364545822144
0.16368610646210377,-0.6478439617364574,-0.6480463928335606,-0.6551114786689591,-0.490393810797087,-0.5303474824812955,-0.5778378957943527,1.0203276205516312,2.811659574508667
-0.40267986402960765,-0.6471124448806961,-0.6486828319912425,-0.6545631674314114,-0.4482270687757672,-0.5861069887042313,-0.5761602195962338,1.0326639484236173,2.7864675521850586
0.26163086893087756,-0.6483173062338934,-0.6453125688744518,-0.6540272813435531,-0.494140730993875,-0.5983741481390807,-0.5758835299304184,1.0280381012135877,2.808661699295044
0.3052402012147028,-0.6472558245562221,-0.6458766788670152,-0.6535659711447775,-0.4845381986849095,-0.7176994574232617,-0.5633589652347016,1.0450006439515571,2.834153175354004
-0.14651072420775177,-0.646036641199489,-0.6490878753159068,-0.6530871114899925,-0.6508192093666363,-0.7422336699401425,-0.5596288835272806,1.0357482142195913,2.827256679534912
0.11968454149369963,-0.6463664805898393,-0.6483501868261311,-0.652598750045027,-0.646526158851007,-0.7433488855892776,-0.5539845232775865,1.05271075695756,2.8395512104034424
-0.4779810013082833,-0.6457784688411635,-0.6495652133084726,-0.6521834940916177,-0.6143280774779802,-0.7533855073730389,-0.5549483619244898,1.1074539931584004,2.808661699295044
0.20045957582819193,-0.6472558245562221,-0.6484947761619342,-0.6518632798685915,-0.8231562919745046,-0.8046842573522528,-0.5511869075305511,1.091262424955436,2.826655387878418
-0.7423020627936426,-0.6463952386256017,-0.6472653068447137,-0.6515569571244874,-0.737415917716779,-0.7143539168286746,-0.5593521938614652,1.1028277782924172,2.7768709659576416
-0.2205722889298205,-0.6487762831163171,-0.6475979290116805,-0.6513968505941591,-0.9121705949808286,-0.8013387167576655,-0.5499777519043502,1.1012858292224073,2.764874219894409
-0.8812275239150321,-0.6493500526815403,-0.6470049563475038,-0.6513478689209904,-0.7944732834774876,-0.8582134386297364,-0.5447930886584911,1.1197906886863402,2.7063918113708496
0.4665978503617478,-0.6521470966412027,-0.6484947761619342,-0.6512133490511736,-0.7184548678970265,-0.8827476511466172,-0.5330180915180797,1.0997438801523975,2.7420809268951416
-0.5146316669617743,-0.6504401897691524,-0.6476269296721621,-0.6512703714159533,-0.7267624993756148,-0.8649045198189107,-0.5336338894239278,1.06350550341549,2.709691286087036
-0.029283917611550025,-0.6519892923363193,-0.6500280624698699,-0.6513493276948208,-0.780386416713337,-0.8336792261128558,-0.5365117887472254,1.0372901632896012,2.7111904621124268
-0.10744829436373048,-0.6519175910956873,-0.6506066727926741,-0.651612517228328,-0.7786260562558108,-0.8202969573816892,-0.5388096201687643,1.0496268588175404,2.7072913646698
0.2533801823887324,-0.6521040736162497,-0.6534273147480699,-0.6518311089655601,-0.7534081878686987,-0.8727109230100377,-0.529421888393055,1.0511688078875503,2.728285789489746
1.0449108144885815,-0.6510999711756745,-0.6517060071080428,-0.6518318424207689,-0.4993477015285977,-0.7645374511587533,-0.5306355102697672,1.034206265149581,2.804461717605591
-0.1643263406666272,-0.6474566974975348,-0.6532681790857366,-0.6520226535248959,-0.5110415703508635,-0.7556159386713089,-0.5302472732741114,1.012617507545628,2.796364545822144
0.8372337657389045,-0.6478439617364574,-0.6531958729187627,-0.6520306953788765,-0.4784872669727341,-0.7455792105347296,-0.5198288180267702,1.0311219993536074,2.8596456050872803
1.3856618284750044,-0.6448174122312795,-0.6533839287480712,-0.6516212884692238,-0.2567034806688494,-0.7924172042702212,-0.5168973236973382,1.0604212376195168,2.9643149375915527
0.37787343962078435,-0.6398113816721067,-0.6523713549336276,-0.6511702106099135,-0.4742438348845321,-0.8303336855182685,-0.5156703030690925,1.071215616421493,2.996704578399658
-0.09812602849811342,-0.6382622791049398,-0.6486973438205558,-0.6506664936815324,-0.4465083341667905,-0.6329449824397229,-0.5300018473618743,1.0187856714816212,2.9931066036224365
-0.18080172842734032,-0.6384343598018829,-0.6490878753159068,-0.650241007132212,-0.5245141860542548,-0.7121234855304045,-0.527128414289088,1.0280381012135877,2.983208417892456
0.3120455223663134,-0.6389077613136641,-0.6460357915312037,-0.6498103980201262,-0.5507334759093229,-0.7600766949150309,-0.515389147152766,1.0311219993536074,3.010801315307617
-0.04709606500044329,-0.6375880730690603,-0.6409875262808782,-0.6493622475886183,-0.5608771235315688,-0.7589614792658961,-0.5119892411843553,1.05271075695756,3.0111007690429688
0.10928508055543047,-0.6375737510655244,-0.6394253543031845,-0.6489140930888168,-0.5509171311889209,-0.7790349355390548,-0.5090042607817283,1.0264957844876241,3.0233969688415527
1.1598953927801428,-0.6369856594967652,-0.6395988868041074,-0.6481632726596287,-0.5195467390824501,-0.752270398076722,-0.509539666178375,1.0234118863476045,3.1166696548461914
0.37956904815939196,-0.6325246974813985,-0.640076282292035,-0.6473729735098223,-0.5782910276966372,-0.7455792105347296,-0.5091826929362975,1.0218695696216409,3.1508586406707764
0.6289550290814848,-0.6308895374614565,-0.6387454601510695,-0.6463282601356979,-0.604282116337864,-0.7823804761336419,-0.5071346447445674,1.0480849097475307,3.205442190170288
0.1179334194046009,-0.6282789646194874,-0.6387310173161905,-0.645220672447113,-0.8390420098158332,-0.702086757393825,-0.526142353322568,1.0326639484236173,3.21923828125
0.4609304248849782,-0.6276191376014891,-0.6381379641585073,-0.6438681734867606,-0.8330535847466655,-0.7745741792953327,-0.5134348902217709,1.0496268588175404,3.261225461959839
0.17278393730208663,-0.6256110125404223,-0.6336393660658661,-0.6425573478008051,-0.8703592996370831,-0.6619399512003259,-0.5204757707532573,1.0650474524855,3.2798190116882324
-0.7113868262484793,-0.6247217369912538,-0.6319904105891024,-0.6413020833810597,-0.6842387003304607,-0.6563639793074687,-0.5299126312845898,1.0820099952234694,3.2246365547180176
-0.11670840815893782,-0.6273609538402947,-0.6293578129639427,-0.6400636326373756,-0.6589160511479839,-0.7132387011795396,-0.5200385139349176,1.0789260970834498,3.21923828125
0.7169028702714916,-0.6276191376014891,-0.6286924191420684,-0.6386621496791154,-0.6332791308642798,-0.7121234855304045,-0.5236258934918591,1.1159354483553618,3.282219648361206
0.15702267068483225,-0.6246069215027162,-0.626667352006688,-0.6372694402864901,-0.6364152446450342,-0.7957627448648084,-0.5151170326704011,1.1529447996272741,3.299614906311035
0.6482503670549029,-0.6237749567734294,-0.6257705738508683,-0.6359191300680681,-0.7795706086211692,-0.7355424823981503,-0.5060415026987181,1.140608471755288,3.358397483825684
0.49579580794157846,-0.620963556601624,-0.6284320571457862,-0.6344350345974077,-0.7692080197151188,-0.7623070198604832,-0.5019231839956412,1.173762582696222,3.4051828384399414
-0.2756975436684507,-0.6187259488007798,-0.6286924191420684,-0.6331527160255485,-0.7542206966334267,-0.7422336699401425,-0.5068178677570905,1.1953517079561284,3.3856892585754395
-0.8159243154581077,-0.6196582701806395,-0.6256547896913168,-0.6322863856999377,-0.5702947130922962,-0.6485576824691592,-0.5242773124688574,1.1938093912301648,3.3197083473205566
0.9879778524941727,-0.6228139457750217,-0.624815805873158,-0.6312848037928558,-0.4514609685108228,-0.7310817261544281,-0.5156792355701149,1.1968936570261381,3.4075820446014404
0.20118878478250032,-0.6186112017294566,-0.6219806865856661,-0.6302210810265222,-0.45088170544947287,-0.7098931605849524,-0.5090443481033897,1.2130852252291027,3.429476022720337
1.4661624472021946,-0.6175640762639284,-0.619724200619123,-0.6288100927909724,-0.3512599179409138,-0.7879564480264989,-0.49988406830493337,1.2100009594331294,3.5620360374450684
0.7487543129516915,-0.6112241152766992,-0.6206643877730862,-0.6272894448651263,-0.3714732587972121,-0.7634222355096183,-0.4945610602261667,1.2192533891650958,3.6346144676208496
-0.9546113450679203,-0.6077528994897644,-0.6238466870531474,-0.6259734971975901,-0.14301245701382903,-0.7935324199193563,-0.4903669241973388,1.2701413850349577,3.5509400367736816
0.9203054236971653,-0.611754804802624,-0.6196084854540056,-0.6244733203437076,-0.0956701136610957,-0.7366576980472853,-0.4884170245839156,1.24932360196601,3.638812303543091
0.38250352200792664,-0.6075521291742733,-0.6185525256395633,-0.623102544283985,-0.10861712760170873,-0.6987412167992381,-0.4915671473225174,1.2855619787029173,3.679001092910767
0.25936615098878824,-0.6056300159545053,-0.6121590759068999,-0.6217441956986912,-0.11320101430608977,-0.5604576668910335,-0.5022980222397634,1.280935763836934,3.708091974258423
0.08550421464976793,-0.6042386834836146,-0.6086585742966061,-0.6204874678556371,-0.15224757746800233,-0.31623107642981424,-0.5227335148531349,1.3803988319716434,3.7209877967834473
0.08189499130258351,-0.6036219136991766,-0.6126942427343435,-0.6192336593037981,-0.3448962664838079,-0.5638032074856205,-0.508383996625369,1.395048451104598,3.733586311340332
-1.4067629815891651,-0.6030193632924529,-0.6084561101296357,-0.6183965683851229,-0.010251981344923417,-0.578300691865922,-0.5090042607817283,1.4096980702375526,3.604624032974243
0.01104252316259642,-0.609187254985608,-0.6065177804970359,-0.6175909131707159,-0.007316198170368476,-0.35972342321790074,-0.518989925461241,1.495282493774312,3.610321760177612
-0.990030744868146,-0.6089147492208776,-0.6051147096844582,-0.6168612902944828,-0.13392485669588067,-0.57607036692047,-0.5044709075799284,1.4582727748464461,3.5239486694335938
0.36654070853723336,-0.6130457236085964,-0.6044927363598,-0.6160271273847946,-0.20324598906301622,-0.6976260011501031,-0.49684113557860027,1.471380444909391,3.56143569946289
0.5274492190006261,-0.6112528277009853,-0.6038851023783696,-0.6152185488108788,-0.2728549654899677,-0.664170382498596,-0.4846601453734274,1.4359130427074884,3.613921642303467
1.4441135331319,-0.6087425773009821,-0.6101050311091825,-0.6141168066789419,-0.10806034031055817,-0.722160213666984,-0.48470916519611124,1.413553310568531,3.7515809535980233
-0.4997072848338885,-0.6021587317503562,-0.6098302262780212,-0.6132629020842054,-0.0872253752902016,-0.7857260167282288,-0.4846378141208714,1.3703754277046718,3.708693504333496
-0.7207582045562099,-0.6042099140449833,-0.6139960527157549,-0.6126773090045567,-0.04481413921823762,-0.5827614481096444,-0.49659570966636324,1.3989036914355764,3.645409822463989
0.7078702620589775,-0.6072365889817207,-0.612188030571092,-0.6118723901512824,0.0279392319497576,-0.6340601980888579,-0.48901049123720775,1.4297448787714955,3.7158899307250977
-0.33611040568309075,-0.6038657298453589,-0.6096566017845194,-0.6109724284052555,0.03379011349354325,-0.46232092317632817,-0.5015037921793462,1.4104690447725574,3.688898324966431
-0.26161484695248216,-0.6051566600542003,-0.603017209892308,-0.6103349250622662,-0.20336377760184954,-0.3619538545161708,-0.506804469005557,1.3642072637686788,3.6691040992736816
-0.9140523491224063,-0.6061033604519412,-0.6050856975249044,-0.6099474555538099,-0.09594317330488022,-0.11215129216209399,-0.508107415892493,1.381940781041653,3.5884270668029785
0.6838385435816019,-0.609961908895013,-0.6081379077994034,-0.6097193573769188,-0.17154467202771484,-0.486855135693209,-0.4941906882325556,1.3580390998326857,3.6556084156036377
-0.47929377391680417,-0.6067488198549273,-0.6047386095249139,-0.6097654174341332,-0.1453890529215782,-0.48573992004407396,-0.49284318777344693,1.395048451104598,3.6157193183898926
0.4308654249346198,-0.6086565996682903,-0.6060404310053977,-0.609499302216378,-0.15762867228736105,-0.4087918482516623,-0.49513666187741406,1.3295108361017813,3.6601080894470215
-0.30187380856558155,-0.6065336135072097,-0.6069951184896016,-0.6095044166425564,-0.5108114584305311,-0.5013526200735107,-0.48216590786233515,1.3025248890968404,3.636714220046997
1.8620069955554097,-0.6076524744219771,-0.6108862205896806,-0.60917542943508,-0.005770643822606959,-0.5548816949981764,-0.4765216565455805,1.3426185061647262,3.8139610290527344
1.6712356839894678,-0.5991752736873457,-0.6076460234803073,-0.6085094166532551,0.15535314663177205,-0.4924311075860661,-0.4713012632956319,1.4150952596385407,3.981309413909912
-0.18404565069521445,-0.5911714858673645,-0.609569898778956,-0.6079077363785363,0.15530927681353351,-0.5771854762167871,-0.46690178867622845,1.4544179021714214,3.9678142070770255
-0.6354411887196656,-0.5918169224646126,-0.6074290014877344,-0.6074807858247224,0.2005638483166376,-0.5281171575358433,-0.46533565980794994,1.426660612975522,3.908733606338501
0.5573463424184149,-0.5946425762227396,-0.6085573019663677,-0.6065917910357392,0.18624633802736068,-0.2593563545577433,-0.47910511013395723,1.3333660764327597,3.969315052032471
-0.039136441787687264,-0.5917451414038971,-0.6000085811020379,-0.6057137608790608,0.028105563922478122,-0.3630690701653058,-0.47346968238528564,1.3657492128386886,3.9705147743225098
0.44708307438542655,-0.591687762166801,-0.591937267224708,-0.604502360219197,0.015502657205024773,-0.48573992004407396,-0.4511870139202484,1.393506502034588,4.020899772644043
1.0205133736062721,-0.5892779938489303,-0.592588149217269,-0.6031147640903806,-0.035134925876640986,-0.5292323731849786,-0.44883558749257507,1.3865669959076363,4.130667209625244
0.05443719470069529,-0.584028135740706,-0.5954376423452058,-0.6018280628039974,-0.014439056981144406,-0.48016394815121677,-0.45315020335226586,1.3356790000377743,4.141763210296631
0.1792151038422682,-0.5834974462147812,-0.5925157625567886,-0.6008177119807587,-0.07873161879809525,-0.4757031919074946,-0.44647522856387933,1.3642072637686788,4.166055679321289
-0.2742254440412697,-0.5823356078865369,-0.5924578992246937,-0.5997605717133906,-0.3223041731625439,-0.4344411700648602,-0.4521864736383019,1.3117773188288069,4.142362594604492
0.48324125451167016,-0.5834687794019712,-0.5900278002637213,-0.5984117272430166,-0.6876054472657445,-0.5203108606975341,-0.44301726133882313,1.3256555957708036,4.198744297027588
1.0003842943475365,-0.5807722061215723,-0.5847336503492095,-0.5969605274128243,-0.596075239190935,-0.3284980231590277,-0.45749161671502386,1.2701413850349577,4.311213493347168
-0.06466628244179494,-0.5753931307011911,-0.584198483521766,-0.5954471902104893,-0.7562291167943564,-0.3441108295412822,-0.45616198125796,1.2763099166269045,4.3097124099731445
-2.45737607298381,-0.5754649231647757,-0.5830268430394233,-0.5945296795896379,0.24266024796819702,-0.15006777341014166,-0.4787926904640524,1.2608889553029912,4.045493125915527
0.6386155975480632,-0.5881017650999358,-0.5841695748538632,-0.5932422425233068,0.2755402176032285,-0.20025120138740238,-0.4750849400091873,1.2300477679670727,4.116570472717285
2.44827415262755,-0.5847023417765855,-0.5814502512249953,-0.5914796072663865,0.7370672737146083,0.09415892340389552,-0.4968722903992393,1.132127016558327,4.378691673278809
-0.6290070929289721,-0.5721658450891293,-0.5760257938225464,-0.5897769183149397,0.743830878584322,0.47666917012613735,-0.5134259577207485,1.140608471755288,4.314210891723633
-0.7113097951057576,-0.5752497738314033,-0.5760981919820991,-0.5883593539734573,0.7977333632421943,0.10865651413701496,-0.5040381170120999,1.1529447996272741,4.241633415222168
-2.734686163728554,-0.5787209440068619,-0.5888416479520655,-0.5875917181246535,1.3083823297099735,0.4041818545774479,-0.5205515880790084,1.1275008016923431,3.95162034034729
0.9141769827688098,-0.5925914281367197,-0.5854135445013245,-0.5870192813251639,1.3854229701207819,0.42090966390320145,-0.5171605056786808,1.1182483719603766,4.04879093170166
0.3822081073206713,-0.5879440406151358,-0.5727712803680901,-0.5867458536403433,1.3781801706791308,0.14768799832856094,-0.5072953208300309,1.1136221570943934,4.093477249145508
-1.3853455395334664,-0.5858068236734717,-0.575881227484888,-0.5867787539302898,1.3631257387027556,0.587072966922874,-0.5361771467577038,1.072757565491503,3.954317569732666
0.9611644067179167,-0.592462427479075,-0.5793816830988924,-0.5864190650549387,1.463442191084049,0.33950083586706775,-0.5200786012565791,1.096659614356424,4.056288242340088
-0.11483623578152007,-0.5875854659947612,-0.5933691892098264,-0.586223134875155,1.1007428044531922,0.1856044795766086,-0.513711470954647,1.1059120440883905,4.049691200256348
-0.3475100526952578,-0.5879009833815756,-0.5886825927832386,-0.586104703362778,1.0695624337610554,0.17333753284739514,-0.4907863160136337,1.1961226824911333,4.01909875869751
-2.2828422760617495,-0.5893641311217889,-0.586527344649717,-0.5866661755299629,0.7452912924718202,0.734278029318523,-0.5159915463070804,1.142150420825298,3.7905678749084473
-0.4826668292089969,-0.600294100393506,-0.5932391002042641,-0.5875968441745277,0.7460610635362882,0.9372425979371078,-0.5211673859848565,1.1313560420233215,3.748880386352539
0.825076884649153,-0.6022878920481678,-0.588320992953935,-0.5883505891255941,0.884971563626386,0.7443147574551023,-0.5223497441079903,1.1328979910933321,3.832555532455444
-1.2058879386388954,-0.5982859525267009,-0.5886391722860228,-0.5894384386162392,0.45987487617915807,0.8681009293358235,-0.541589370913755,1.0974305888914289,3.7197887897491455
-1.357962103287387,-0.6036792587276655,-0.5901146642562978,-0.5907704635987041,0.38740401748094655,1.2015427510243037,-0.5595663560201238,1.0773837803574862,3.5959279537200928
-0.9839966199010322,-0.6096031632316026,-0.601136847083454,-0.5924482900458914,0.3140441740480022,1.219385775999192,-0.5630287894956912,0.995654597151705,3.5104520320892334
1.6290147622029734,-0.6136912286230588,-0.6031474598848833,-0.5940340074211612,0.6572924720463726,1.125709788528209,-0.5389524312521833,1.0519397824225551,3.6607069969177246
0.0004443053235358822,-0.6065049695001379,-0.5991117569499289,-0.5956043698942001,0.508810811234587,0.717550219992769,-0.5373639711313488,1.0218695696216409,3.665504932403565
1.6671417099310668,-0.6062754981632296,-0.6045505651946779,-0.5961395254327735,0.8500221899040078,0.5971096950594534,-0.531692922311527,0.9879444841457021,3.8259570598602295
1.4689295438201093,-0.5986015383307297,-0.6105244482742915,-0.5964867914831744,1.0509095644134476,0.33392475762139295,-0.5176379587516211,1.0110751908196647,3.974112033843994
-0.4775300039476015,-0.5915157156784651,-0.61464700370275,-0.5975782943014284,0.6493356619856637,0.3038147859172905,-0.5225907037697161,1.0095332417496548,3.9309260845184326
1.2157279221850634,-0.5935811743651518,-0.6074001158179764,-0.5982033678452499,0.699816686493433,0.09192849210562508,-0.5069785438425541,1.021098595086636,4.057787895202637
-0.9358103491301035,-0.5875137419483911,-0.6071687084858862,-0.5988745020274706,0.7719544392337818,0.31496651699736855,-0.5138676807895993,0.9925706990116854,3.966315031051636
-1.6625711333509379,-0.5918886237052446,-0.5994300052764507,-0.5992356566508696,0.8829445481426205,0.7142045730453643,-0.5409112633666289,0.9416827031418233,3.803464412689209
2.1959575677976235,-0.5996772964004606,-0.5922844012209879,-0.5993029171669628,0.9840600448463321,0.43652225757982005,-0.5130154984054759,0.9594162204147977,4.021198749542236
0.5842531325468696,-0.5892636946511325,-0.5943672856921739,-0.5993204619734938,0.8153390004716713,0.5759210231371596,-0.5120605922595951,0.9200935778819169,4.08627986907959
0.5914031679176068,-0.5861510534845723,-0.5882486637888165,-0.5988357538561369,0.7137915189372208,0.38856904819519344,-0.4982019258563032,0.9470798925428122,4.153158664703369
1.5589362705554468,-0.5829524346853204,-0.5926604553842428,-0.5981843619401495,0.7752121692986571,0.3216578108921791,-0.4830850840041265,0.963271460745776,4.323507785797119
-2.065807828337106,-0.5748051303553845,-0.6005148392615788,-0.5980578879926068,1.135735757299986,0.5223919482124935,-0.4939230400007019,0.8977338457429593,4.101574420928955
-0.5532408342047034,-0.5854195594345492,-0.590013380426987,-0.5979847749456483,1.044484290039238,0.4565957138529787,-0.4901883831098304,0.9185516288119071,4.049091815948486
-0.9929634928758061,-0.5879296501943856,-0.586874478645997,-0.597591454649881,1.1011770354827768,0.7063982762070551,-0.511882160105026,0.8167756370721831,3.951919078826904
1.4205051811986813,-0.592577140341791,-0.5836488738594433,-0.5967353566637357,1.1397153909174587,0.8346450979786804,-0.514822478002541,0.7828501839402906,4.100076198577881
-0.4013011034348998,-0.5854912150637049,-0.575432832657442,-0.5961724297910137,1.0852633493215642,0.5993401263577235,-0.49770671671425726,0.8136913712762097,4.063484191894531
0.3430018710838928,-0.587241304600875,-0.5861368131543659,-0.5952351838781466,0.8324974409485206,0.5647690793514454,-0.5001160954656368,0.8476168244081023,4.104273796081543
0.04938765691883588,-0.5852904561510828,-0.5886680809539255,-0.5939704182494053,0.47518644860175036,0.542465404485653,-0.49610485784188924,0.9046729842139574,4.114770889282227
0.40957582040386037,-0.5847884106322297,-0.5933547808721645,-0.5923795916786204,0.4602770661973223,0.5603084294605412,-0.4956051824493321,0.8892523905459978,4.163054466247559
-0.16408234786520856,-0.5824791472022297,-0.5862090733250503,-0.5911842735643484,0.42920289396606776,0.734278029318523,-0.5047609959972773,0.8954205544819909,4.151060581207275
0.6607999651198239,-0.5830527799330243,-0.5879739279520892,-0.5898171479263108,0.21104771802492125,0.05066657661580904,-0.4735277436419312,0.9031310351439475,4.226338863372803
-0.09278248419361099,-0.5794524380568851,-0.5860066206571524,-0.5888521178932298,-0.31119527161956145,0.014980526666031831,-0.466915187427762,0.9370564882758401,4.221839904785156
-0.17926077098388138,-0.5796676101959956,-0.5855003394994668,-0.5882818698356705,-0.36380216140329524,0.0618185204015234,-0.4723542090868804,1.0511688078875503,4.208044052124023
1.023208130334688,-0.5803274258111248,-0.5831715933622393,-0.5873256145305943,-0.4928029291621792,-0.099884132727245,-0.4648002544113033,1.0203276205516312,4.323209285736084
1.0735490663196086,-0.5748194067474443,-0.5837500656961753,-0.5863766722737681,-0.617840370172451,-0.05862200453179264,-0.46625930220025247,1.014159456615638,4.447071075439453
1.2460738288364266,-0.568895456632031,-0.5801193485905233,-0.5848465167458934,-0.5740668840094982,-0.1444916951644665,-0.45934336775014006,1.0064489759536814,4.594028472900391
-0.1560771866665883,-0.561866910591041,-0.5803363360858792,-0.58294936568745,-0.5148559994502413,-0.2526652733685691,-0.4523917032959382,1.0110751908196647,4.581729888916016
0.39350100091957246,-0.5624551161884906,-0.581001718408681,-0.5814564960699697,-0.5378846684548038,-0.32292215761898846,-0.44767991793956907,0.9748368140827572,4.6336164474487305
-0.31266855670188565,-0.5599735326012973,-0.5754472294960317,-0.5801975730919525,-0.4514032693763002,-0.21140314517311673,-0.45128962874906653,0.9794630289487405,4.602725982666016
0.6830004929587096,-0.5614509339278322,-0.5694733004201284,-0.57889186241336,-0.4903329892097623,-0.22924617014800533,-0.43366961688477523,0.9625004862107711,4.688798427581787
0.4787560047254658,-0.5573343385579946,-0.5623854562051093,-0.5778471420650182,-0.49971488908426187,-0.1567588545993159,-0.43093888596246843,0.9409113609508654,4.752081871032715
-0.1822788049159957,-0.5543076750241261,-0.5629786243535161,-0.5763001664680494,-0.48231599839689826,-0.1221880202986737,-0.43882759156050644,0.9517061074087948,4.736187934875488
-0.46858828990619716,-0.5550678358869593,-0.5604761042348462,-0.5747480857438589,-0.4117442916061853,-0.1623347201393551,-0.4369803067759014,0.9362851460848814,4.685799598693848
1.2578671203829976,-0.5574777638449968,-0.561965970045566,-0.5725782346439557,-0.35491569250924965,-0.3329588857555678,-0.41612095609572375,1.0264957844876241,4.842053890228272
1.5195188626860696,-0.5500045743279881,-0.5578146439380731,-0.5702972610116321,-0.2378473868563792,-0.2716235139925927,-0.4129752996076332,1.0249538354176144,5.035796642303467
-0.06269616238444285,-0.5407384204861538,-0.5547624451626465,-0.5679307462767365,-0.3198598276973537,-0.4210587949808758,-0.4055954197690533,1.0349772396845858,5.034296035766602
-0.30119246041889663,-0.5408101901440002,-0.5555290193221802,-0.5657418869469936,-0.29623750377996,-0.35972342321790074,-0.40215967486361376,1.0318929738886122,5.002206325531006
-1.1241093693487316,-0.5423449479018931,-0.5579592792701656,-0.5639119905927955,-0.050478245262574106,-0.1132665078112294,-0.41974406565675476,1.0411454036205787,4.8654465675354
1.1635633678147503,-0.5488857704275659,-0.5504230402277004,-0.5618327903721643,0.02336729879410963,-0.24151332958285474,-0.4048056559591472,1.0627341612245316,5.0160017013549805
-0.11437599459195592,-0.5416851550925019,-0.5410787100461382,-0.5597440959167547,0.018018761221278524,-0.07200437961577706,-0.4162414359265867,1.0519397824225551,5.0079026222229
0.5601844154843852,-0.542072510554377,-0.5411510852075463,-0.5576488166376405,0.023888119048639526,0.013865311016896803,-0.4234429925435368,1.038061505480559,5.085882186889648
0.6827166310893683,-0.5383429741718191,-0.5426987913522163,-0.5553108194781675,0.02017159648509115,-0.15118277635364075,-0.4106105833613656,0.9540190310138095,5.180953025817871
0.1194124812636108,-0.5337960117180225,-0.549294797244429,-0.552884360181353,-0.05471224370521264,-0.15564363895018085,-0.4076478252783553,0.9208645524169219,5.203446865081787
-0.7477808283002384,-0.5327201966339462,-0.5420334320275592,-0.5509638071360349,-0.0472331066180617,0.34173105445970187,-0.4407328286688177,0.8422196350071142,5.111074924468994
0.8564380504837369,-0.5371380786100147,-0.5424240555154891,-0.5490571455696389,-0.23432007227580884,0.1945259920640533,-0.4278959532361353,0.8360514710711211,5.229238033294678
2.6053321484186998,-0.5314866798708081,-0.5386630539200449,-0.5466460411750552,0.40587880910561264,0.05735765780498329,-0.40767015653091127,0.8453039008030876,5.583132266998291
-0.09949392221270759,-0.5145609452143551,-0.5340777298236955,-0.5442217717825406,0.3829633977412915,0.10085000459306977,-0.4186017948552824,0.7882473733412787,5.576234340667725
-0.7159739629051727,-0.5148908530219198,-0.5329928383432058,-0.5421542731365316,0.2729711023718997,0.1421121327885221,-0.4292656760148606,0.8044393092001977,5.4817633628845215
0.36130658959500417,-0.5194091258571684,-0.5374479929404863,-0.5398711061127992,0.20973661798367246,-0.037433545315134875,-0.40547047368767913,0.8329672052751477,5.539346218109131
0.031881343323644694,-0.516655104922459,-0.5317489146920339,-0.5377692420099803,0.19708323018137144,-0.002862498308856774,-0.3995584652061315,0.8283409904091644,5.5510430335998535
0.3540366661297344,-0.5160956801665099,-0.5146803816312769,-0.5356820063284012,0.19250504535620797,0.13096018900280776,-0.39988417469463067,0.8283409904091644,5.608325481414795
0.568186919809603,-0.5133560268468127,-0.5150130727926778,-0.5333403604907979,0.18534096080021883,-0.15229799200277577,-0.3809612159434034,0.8992757948129692,5.696797847747803
-0.5696475978060922,-0.5091246501970447,-0.5195694652229798,-0.5310593822089958,0.2626735121275132,0.3696108075711698,-0.4096467447144623,0.8113784476711949,5.621521949768066
0.039036514059416196,-0.5127248780444933,-0.5167922092675827,-0.5291278656937428,0.1506913521137242,0.3473071327053774,-0.40270858794473324,0.7574061860053596,5.6344170570373535
-0.40406659519168137,-0.5121081424686624,-0.5162280647778023,-0.527792176341158,0.16579185654782372,0.4922817638027559,-0.40949064381244915,0.7782239690743074,5.583734512329102
1.1316954405044874,-0.5145321415671166,-0.5134652976535736,-0.5260426962020274,-0.5385379941643353,0.16664623895258537,-0.3961049642315865,0.8082941818752216,5.751982688903809
-1.1745569920813643,-0.5064853193193133,-0.5091982218837462,-0.5246163571325403,-0.30470134449634195,0.735393244967658,-0.4302027171586967,0.7905606646022473,5.587331295013428
-2.3327186049390725,-0.5143601178845187,-0.5128288239986746,-0.5236484031587658,0.25900400862615647,0.6985919793687458,-0.45374367000555804,0.7435275414074098,5.262528896331787
-2.310256284594485,-0.5298944744586048,-0.5122068851712334,-0.5237858440633522,0.589429837218505,0.9595464855085365,-0.4841113412252472,0.7065181901354975,4.959619522094727
-2.806649164646953,-0.544381751178639,-0.5146513349745059,-0.5247523299643395,0.9529235249097835,1.2483807447597952,-0.5036589214504057,0.6957238113335212,4.611422538757324
4.08441142472664,-0.5610350028760995,-0.5065366235981048,-0.5247245528183432,2.2209179424086227,0.46886287328782805,-0.4637160448664764,0.7304202390004187,5.0972771644592285
-0.9401118526748613,-0.5377979854480964,-0.5144778599689448,-0.5252099897414304,2.179720007091297,0.6740578732046829,-0.47680270352896775,0.7404436432673902,4.981812953948975
-0.4787045369103483,-0.5433203037095748,-0.5301432762208348,-0.5258825890905142,2.179715919227323,0.910478060474775,-0.48831887600560864,0.6556301942656356,4.92752742767334
0.44830832342481425,-0.5459166229652224,-0.544752778654572,-0.5261772160718441,2.2108512465886414,0.6238742325217863,-0.4799617587685919,0.6486910557946376,4.99021053314209
-0.6266053018922878,-0.54291867185564,-0.5615465298823122,-0.5269382752335303,2.2114404007249653,0.6818641700429926,-0.49953167024630635,0.5939478195937973,4.917029857635498
1.1221062089176541,-0.5464186912898135,-0.538113467255867,-0.5282037760610347,2.2098472641961022,0.555847566864001,-0.4980011624491781,0.5746719855948594,5.063987731933594
-0.14166130310716063,-0.5393901224430854,-0.5436823760052506,-0.5294809749760524,2.1878235069106693,0.7744249418648403,-0.5134661539753492,0.5515412789208969,5.052290916442871
0.6666311692886603,-0.5399495471990345,-0.5463005997899655,-0.5303027121548664,2.0032060600480905,0.6372566076057703,-0.49809484477697386,0.5422888491889304,5.144663333892822
0.17781815794258682,-0.535531642417228,-0.543277355678731,-0.5311917075250343,1.6966935725461216,1.005269263594893,-0.5229074807571928,0.41506867568629824,5.174654960632324
0.46539511961904195,-0.534097229907039,-0.5468069039457958,-0.5319432608282463,1.06177275955938,0.7119743544527302,-0.5051446578094827,0.4898587204210817,5.242734432220459
1.163718235980036,-0.5308411862592147,-0.5397190367326319,-0.5324389370650165,-0.23686279037921779,0.4699780889369627,-0.4685081137991077,0.5523122534559018,5.404984951019287
0.8354226371377932,-0.5230812145854159,-0.5402831812224124,-0.5328527278515627,-0.41549058875895123,0.4543652825547082,-0.4661790186239903,0.48677463845308516,5.527049064636231
-0.49187109897106257,-0.5172432421026943,-0.535828003626987,-0.5332343535469254,-0.41179724005055207,0.33169453902875845,-0.46937816118527587,0.511447478025034,5.464968204498291
-0.7747572219766695,-0.520212389565038,-0.5343814893190489,-0.5338930579299783,-0.23732304663574688,0.41421858271402684,-0.480010887524215,0.4520782107861877,5.364197731018066
0.1574734040359287,-0.5250319490065175,-0.5310979752041111,-0.5343587636293434,-0.3585179566086898,0.4342920389871859,-0.4877298756028277,0.4474519959202048,5.392688751220703
1.19107974839351,-0.523669306154175,-0.523272534491895,-0.5348186133107342,-0.34045143646363263,0.2937780577807112,-0.466968673500957,0.4644147224861504,5.5633392333984375
0.890582531136524,-0.5155075885977508,-0.5173853084215554,-0.5345517704496183,-0.34111901481452805,0.11869302956795838,-0.4479298101023173,0.5314942865589772,5.696797847747803
0.8478820347996244,-0.5091246501970447,-0.5203795058760188,-0.5331751436025848,-0.32317661474709314,0.10642608283874491,-0.44921042573669734,0.6255599814647214,5.827260494232178
-0.06919175312781259,-0.5028850002489123,-0.5252397267961083,-0.5310667086244963,-0.29470143597828213,0.09415892340389552,-0.443503646912786,0.6479200812596327,5.824559688568115
-1.196918849835628,-0.5030141719495929,-0.5238655876495782,-0.5285240042324959,0.01877086044024217,0.4119881514157572,-0.47321979022253746,0.5253261226229842,5.654512405395508
0.4319789197541482,-0.5111470402473022,-0.515635011620119,-0.5269960415148451,-0.08710149707078689,0.2870867638859006,-0.4648359844153928,0.5916348959887826,5.724091053009033
0.14847273835180805,-0.5078192953588458,-0.5091982218837462,-0.525115704132463,-0.14955624222233715,0.29712349202248034,-0.46601834253852664,0.6641116494625972,5.753180980682373
-0.3456347877730981,-0.5064280084994315,-0.5029059294905976,-0.5232083102732279,-0.17101524897722217,0.37630210146598,-0.480631042747635,0.7119153795364858,5.709994792938232
-1.2858924742250242,-0.5084934785889873,-0.5030361909822453,-0.5218916337999613,-0.02036169215675814,0.5157008670233196,-0.5079735373100965,0.6818451667355715,5.530348777770996
-0.3532557542905834,-0.5170854263949419,-0.511237674358644,-0.5205003808564272,-0.0015863108697596626,0.30604500450992506,-0.49834920319023324,0.6255599814647214,5.487761497497559
-0.02095996359469502,-0.5191222524774258,-0.5078818540767321,-0.5194571239313942,-0.1975295997164714,0.19898685466059302,-0.4961271890944452,0.5870086811227994,5.491961479187012
0.8256408060499077,-0.5189213795361132,-0.5064788292604441,-0.5180863507775956,-0.21499035533562244,0.07631589842900652,-0.47834650114469024,0.5530832279909067,5.614621162414551
1.3537388697168038,-0.5130549226864867,-0.5085617252307024,-0.5164509235046115,-0.055797551111786976,-0.15898928589758635,-0.45553289353351756,0.6625697003925873,5.8155622482299805
0.9388345690167796,-0.5034444934220758,-0.5172261612601496,-0.514531101589763,0.05168919620270732,-0.1444916951644665,-0.4459353569167215,0.6964947858685262,5.962220668792725
-0.021388515509893187,-0.4964302465788835,-0.51928017156065,-0.5127662700355101,-0.16194183190213865,-0.13780061397529225,-0.44106747065833923,0.7496960729993567,5.966718673706055
-0.12598113382545986,-0.4962151200512493,-0.5190776039020285,-0.5114247362886472,-0.16403139760575955,0.0406298484792301,-0.46231494940123347,0.6864713816015547,5.955320358276367
0.19806125091226245,-0.49676026841513876,-0.5131616531489438,-0.5102886374176724,-0.16322798002289884,0.09415892340389552,-0.4633546053738877,0.6070554896567422,5.993109226226807
-0.39473379484240795,-0.4949529364753012,-0.5034701429748122,-0.5091291446964101,-0.156765437961078,0.2904324108333061,-0.4732510539761158,0.5600223664619047,5.940625190734863
-0.6930236174938197,-0.49746309565235197,-0.49639671859652734,-0.5079608772471432,-0.3519503859842765,0.3651501576802656,-0.4922810938066724,0.4567044256521713,5.843454360961914
-0.03286813285504202,-0.502110494576805,-0.4961797770974609,-0.5068554812064128,-0.3908025309714843,0.2893171951841711,-0.4953820877896511,0.4567044256521713,5.846153736114502
-3.0471983189294867,-0.5019813912933387,-0.4967295247486518,-0.5072539205778368,0.6830858154953382,0.45101984831293945,-0.5391220398386692,0.4204660489152636,5.399888038635254
-0.5763880662212957,-0.5233249851201219,-0.4949069447783863,-0.508153881742679,0.6113954498389234,0.4342920389871859,-0.5414377362622531,0.40890051175030584,5.327608108520508
-1.4629113169374144,-0.5267819245149971,-0.49743828157238007,-0.5098390282123341,0.44278560976002246,0.617183151332612,-0.5677405748520603,0.40967148628531075,5.135965347290039
1.8170055069115243,-0.5359476418861749,-0.5021248894980401,-0.510921754559029,0.7333341452772298,0.4710933045860981,-0.5525522729917045,0.37189097665041637,5.380394458770752
-0.3529241657092979,-0.5242573064999817,-0.5019946970008267,-0.5116908503440327,0.718696851706999,0.39637555773913863,-0.5463190212721689,0.4459100468501946,5.339007377624512
-1.2261953860476662,-0.5262367305396314,-0.5235183616607194,-0.5130192260671823,0.7470132060204395,0.42202487955233653,-0.5679949332653197,0.386540595783371,5.1791534423828125
1.3331943947555116,-0.5338820805736666,-0.5270044664324236,-0.5139732850749259,0.9780732416871868,0.33503997327052804,-0.5508790630440967,0.3734331095484031,5.3617987632751465
-2.1893749161693097,-0.5251466846749717,-0.536247512784675,-0.5155341382023818,1.1711797821276633,0.3841083983042892,-0.5779671991932988,0.30249830514459863,5.069688320159912
-2.2336667372763768,-0.5391174798439263,-0.5244585488146826,-0.5173442940339011,1.3276826135096518,0.5000880606410651,-0.5882295535386268,0.3109795765135833,4.787771224975586
0.256319068904374,-0.5526007567492068,-0.5264546727849433,-0.5189592566279544,1.3618825817279467,0.9550856229119964,-0.6095084049680386,0.25546554960571466,4.825257778167725
0.06367277376298787,-0.5508078836473339,-0.5341645248218378,-0.5205500930788808,0.9772741735570811,0.8123414231128876,-0.612578135197439,0.2616337135417077,4.839354991912842
-1.4423897220092283,-0.5501336548057162,-0.5253554304621534,-0.5228581127267312,1.0430705506383258,1.2394592322723512,-0.6338836751969786,0.13518469840205732,4.667805671691895
-4.229779222737406,-0.5583383611784863,-0.5394440939126023,-0.5268673637145675,1.8129899913956284,1.0175364230297426,-0.6231127129580711,0.09046505029616565,4.170853137969971
-1.0303473610388145,-0.5821061593553668,-0.553041126023547,-0.5314878002544121,1.3398408693846142,0.8792528731215379,-0.603252821995947,0.25546554960571466,4.06678581237793
-1.6690850445813137,-0.5870833976701701,-0.5512331268770289,-0.536527877786929,1.311823036481223,1.0242275042189164,-0.618744502092246,0.21228785056983243,3.899135112762451
-0.05099993124842824,-0.5951016443281159,-0.5505532097267692,-0.5415401700368626,1.3953903323429038,0.8792528731215379,-0.6081653707594412,0.21382979963984228,3.899135112762451
0.4109244298638638,-0.5951016443281159,-0.5588271372590101,-0.5465327211829325,1.140226370622317,0.8279540167895062,-0.6045288624468766,0.2693440103756875,3.9450223445892334
0.13995391275056937,-0.5929069911350103,-0.5827954587054779,-0.5513505490011303,1.1634041772550618,0.8614098481466492,-0.6085713638242025,0.327171328544524,3.96421480178833
0.8933184169592405,-0.59198907157877,-0.5878146887981047,-0.5556990177923542,1.2296094184719482,0.703052841965286,-0.5903400203045743,0.2546943912427332,4.059588432312012
-0.5178640047704343,-0.5874276274812706,-0.595900583499182,-0.56017177295156,1.167790507055124,0.4599413608003838,-0.5798545712995653,0.22462417844181862,4.0113019943237305
-0.6672601753956305,-0.5897370277456994,-0.595900583499182,-0.5637102055574071,1.1181731283521952,0.6796337387447222,-0.5934678117906201,0.2577784732107297,3.948322057723999
-0.7337745567420314,-0.5927491754272579,-0.5936874145382036,-0.5672398675035434,1.0867977354261145,0.9305515167479336,-0.6261645781854267,0.21460077417484755,3.8796401023864746
-2.284183286924334,-0.5960340341251898,-0.592761750712626,-0.5708404432933817,0.20544829541859874,1.011960344784067,-0.6399161635093892,0.2354187410717718,3.6589064598083496
-0.29549564958571334,-0.6065910839672584,-0.5881618227943847,-0.5750924139051313,0.18163834283473698,0.8658704980375534,-0.6335445669569459,0.32948443597751564,3.636114835739136
1.3216701488632405,-0.6076811412347871,-0.5904907069204804,-0.5789335188333978,0.2800408195745943,0.9049021949347361,-0.628270578700863,0.26625992840769097,3.7632765769958496
1.1908121300244905,-0.6015993640087522,-0.593528267376798,-0.5820947189197327,0.44937006728108225,0.8591794168483792,-0.621484056582636,0.23850282303976836,3.882339000701904
-1.4427224683075373,-0.5959049536474617,-0.5968408396475792,-0.586036709391476,0.5757173291514058,0.717550219992769,-0.6214929890836584,0.285535578578652,3.744681835174561
1.3761968681402983,-0.6024886965722661,-0.6074869568124082,-0.5889347182007493,0.7740483866141114,0.555847566864001,-0.5974478945937287,0.29710111574361014,3.880842447280884
-0.6394673084427149,-0.5959765294565341,-0.6085862106342704,-0.5912873397131684,0.6922044172704676,0.6294503107674614,-0.6159156225916322,0.392708943547341,3.8226587772369385
-0.9224966422694012,-0.5987592856212678,-0.6024531228978893,-0.5939382397909717,0.7216658119669483,0.5714603732462555,-0.6207076915242635,0.3634097052814317,3.7377829551696777
-0.8225967737891602,-0.602818649991307,-0.5967106701485104,-0.5968026189233832,0.7327920142409814,0.6350261763075007,-0.6276682884794877,0.4366576171182281,3.6643049716949454
0.4758700124099382,-0.6063328888031948,-0.6033499585490707,-0.599128917414158,0.7600830004962762,0.5023184919393356,-0.6183428663450565,0.469040937352134,3.713491678237915
-0.7737684398544278,-0.6039804313052058,-0.5967828498256884,-0.6004105013684389,0.3798488379198133,0.5826123170319699,-0.6305327890512518,0.3664937872494279,3.645110845565796
-0.7227134797675867,-0.6072508881795186,-0.5995890834434223,-0.6015904663240343,0.41612020704119285,0.46440201069128795,-0.6289398626799061,0.37112000211541146,3.582730531692505
0.04099733558663832,-0.6102343576453981,-0.6036826957067609,-0.602341285009668,0.19533920658505505,0.34953756400364705,-0.6181733666915098,0.4574754001871762,3.591127872467041
-0.2444092822795924,-0.6098327371943324,-0.6072265833170535,-0.6031352392306377,-0.06368948504817686,0.22352096082465628,-0.6103605873521621,0.42509207995327,3.573432445526123
1.20410821971364,-0.6106790581357622,-0.6048542786937419,-0.6037625073282376,0.012509653904314015,0.3116210827555998,-0.6064385658056991,0.41738178311928986,3.68769907951355
2.1675313999626136,-0.6052140164855584,-0.6081523276361376,-0.603928461739953,0.33264345003817575,0.4052970702265829,-0.6163484131594608,0.31329268394657495,3.8961355686187744
-1.5284392243512983,-0.5952451038237253,-0.61116096792548,-0.6046844006636128,0.5071482566071603,0.7409693232133332,-0.6431599685757867,0.17373618257195664,3.749480724334717
-1.0839071686007145,-0.6022591796238815,-0.6107559590980329,-0.6055631578824675,0.5333634226269202,0.7119743544527302,-0.6489068347213596,0.17373618257195664,3.650810718536377
0.8808412744424485,-0.6069782797889667,-0.6116094202482878,-0.6060771112186077,0.5558874595296217,0.6272198794691913,-0.6481572671660543,0.20843261023885412,3.737483739852905
-0.09193034531103703,-0.6028329605919738,-0.6060982713393479,-0.6064331415356871,0.537441147185484,0.524622379510764,-0.6425665019224946,0.2963301412086052,3.733586311340332
-1.1734464238370588,-0.6030193632924529,-0.5960452533284916,-0.6065113637781608,0.6048372325934283,0.853603338602704,-0.6659066913622308,0.2415869050077649,3.626817464828491
0.3774246823456132,-0.608125807516544,-0.6031185052206911,-0.6064375277373197,0.570998309105003,0.8469122574135298,-0.6694806721676387,0.17913337197294513,3.666404485702514
-0.8729307257963255,-0.6062324751382766,-0.6078774193133251,-0.6068608249635249,0.6397243776037651,1.0576831228704238,-0.6887336977249371,0.09971729620015528,3.589627981185913
2.4609831411464294,-0.6099044726435716,-0.6036971270425676,-0.6070143501572574,1.0731153691556763,0.7208958669401742,-0.650174051604206,0.22154009647382172,3.819358587265015
-0.45783174649447805,-0.5989171241347584,-0.6038851023783696,-0.6069288142853484,1.0187357229684644,0.8168020730037914,-0.655479194680928,0.13441372386705278,3.779771089553833
0.5438568257946977,-0.6008104793187639,-0.6090346284598611,-0.607035554103245,0.6637985592158828,0.824608582547737,-0.6466714218740379,0.17373618257195664,3.83705472946167
-0.4590455292888559,-0.5980707689847214,-0.6071253224858875,-0.6070976990307901,0.4808387991340582,1.2561870415981045,-0.6694806721676387,0.08660980996518733,3.797165155410767
-0.013800847223885368,-0.5999785716038225,-0.6108282997622239,-0.6069441726746881,0.35353927533552587,1.3766277792370565,-0.6853114605039705,0.004109468396424394,3.8007638454437256
1.8352027502483614,-0.5998064566982722,-0.5997482536029727,-0.6061662998369406,0.5687408500032699,0.6573300638789293,-0.6445966851121799,0.10974070046712703,3.983410596847534
-0.9818850939227124,-0.5910709923823628,-0.601657582575091,-0.6057386193150267,0.6791352341877093,1.1089819792024556,-0.6706095442175776,0.041119003496313505,3.888938426971436
1.038714269352489,-0.5955893222319567,-0.5988947579555006,-0.6048810584867574,0.5610485455508282,0.7498908357007775,-0.6491254631305294,0.014904031026377598,3.996906757354736
1.79269756953925,-0.5904255101736385,-0.600818656252294,-0.6034137778545279,0.725241638156208,0.6506387699841192,-0.618499076180009,0.164483936667967,4.184650897979736
0.35688150499325505,-0.5814462525172851,-0.600645089254154,-0.6018609636751288,0.5520910092250667,0.6495235543349838,-0.6121185471265432,0.14135304616602765,4.2281365394592285
1.0849226310897608,-0.5793664604241934,-0.5918359259000354,-0.5999667336514549,0.21928674361822906,0.6896704668813011,-0.6195654207227911,0.14289499523603746,4.350499629974365
-1.3524988848898476,-0.573514188743674,-0.596392375825699,-0.598702696828444,0.4596367905655975,0.6673665793098728,-0.6389880548665755,0.17373618257195664,4.20624303817749
0.7214275750520042,-0.5804135630839834,-0.591184997911185,-0.597744978100059,0.467671435844295,0.6484083386858491,-0.6477557403518042,0.12130623763208481,4.289019107818604
0.08349070135723555,-0.5764546237817315,-0.5821299843900972,-0.5963939396570914,0.40346861009971974,0.6372566076057703,-0.6397599536744368,0.09509108133417203,4.303715229034424
1.5983427467814157,-0.575751750933042,-0.5800326455849598,-0.5943615364359921,0.48206022924710157,0.3105058671064648,-0.6024362606829738,0.1822176377689182,4.484560489654541
-0.5864939409342583,-0.5671024466957294,-0.5741309996778858,-0.5926895555454526,0.42325602730292244,0.3941451264408686,-0.6030386598372883,0.21151669220685065,4.423377990722656
1.0454388224938693,-0.5700286281474652,-0.5810885824012575,-0.5907068668715459,0.24086718807257262,0.3696108075711698,-0.6021908347707369,0.21768503997082062,4.546941757202148
0.3295934882381012,-0.5641189316183736,-0.5770962424681572,-0.5883564364257964,0.2194770717092894,0.28485654529326687,-0.598764131299259,0.13287159096906606,4.591031074523926
0.6694807544573417,-0.5620102674608288,-0.5763874396481394,-0.5858970780014049,0.0204092630049603,0.2815108983458618,-0.6015081520401602,0.1906989091379029,4.6753034591674805
-0.8189503132648638,-0.5579797637523737,-0.567665163284742,-0.5834735461323927,0.17404831703141113,0.27481981715668713,-0.6086784449035318,0.19224104203588963,4.583829879760742
-0.4105282045339465,-0.5623546797178344,-0.5706160322345685,-0.5817123708116724,0.12917421991506786,0.3250032451339483,-0.6205648804408446,0.12130623763208481,4.541842937469482
0.7550766881368538,-0.5643627933760321,-0.5646564769991101,-0.5796273232908389,-0.14643445912045497,0.23244247331210016,-0.6073666744485128,0.17219423350194646,4.635117053985596
-1.9329165238846326,-0.559901762943451,-0.5625300225427676,-0.5782236504282786,0.3486733267913969,0.3974905606826377,-0.6347894525872364,0.12516129413508592,4.412881374359131
0.11971087548933697,-0.5705306508605802,-0.5584655144315618,-0.5766759547433512,0.3488658979745868,0.4376374732289551,-0.6412234677138972,0.14983431753501233,4.432074069976807
0.10838482782855477,-0.5696127199014708,-0.5628773405242052,-0.5750931601464054,0.07551632918456874,0.3216578108921791,-0.6366634259419693,0.20149328793987925,4.450071334838867
1.3562791780437047,-0.5687519629278145,-0.5649023961605134,-0.573566664920357,0.2313415728958321,0.0707400328889677,-0.6080760457492174,0.2986432486415968,4.609622478485107
0.15073324128757484,-0.5611210945374819,-0.5604037290734382,-0.571752125793129,0.12909257898024054,0.0528970079140791,-0.6117705063854881,0.3240872465765278,4.63331413269043
1.6131735914007483,-0.559987991439262,-0.5711222903941093,-0.5697219078268513,0.3663953622894726,0.02613225774611027,-0.5844905393301834,0.33488162537850413,4.829760074615479
1.6843635843864846,-0.5505925518680566,-0.5701966150694593,-0.5676288207767762,0.5520357054599789,0.06739438594156262,-0.5822283289797946,0.3109795765135833,5.043294906616211
-1.9089785380589759,-0.5403798002543031,-0.5693285960936019,-0.566223682166168,0.8428837657558731,0.10865651413701496,-0.5961048603851312,0.31714792427755295,4.804564476013184
0.6080799391007101,-0.5517975842642897,-0.5616333478785993,-0.5649201625542452,0.8256449500220989,0.0406298484792301,-0.5834910796121299,0.32485822111153273,4.88524055480957
1.4068254038372214,-0.5479390814326941,-0.5604906850585935,-0.5628226922084614,0.9073184031086623,0.018325960907800993,-0.572911948279325,0.39964808201833935,5.066685199737549
0.13256086706946607,-0.5392611103825715,-0.5510159783946601,-0.5608692417791207,0.4380364452101577,-0.034087898367729796,-0.5755846179449864,0.4297182948192532,5.0903801918029785
0.5294490065523878,-0.5381278476441849,-0.5407170642205451,-0.5587681134562498,0.4204598138413493,-0.02851203282769018,-0.5749287327174768,0.405816429782309,5.165657997131348
0.5893490975211266,-0.5345275285737837,-0.5522311773630869,-0.5569023928714115,0.3977270430526199,0.038399417180959655,-0.5741701237282099,0.3981061329483292,5.249932289123535
-0.297653941337391,-0.530496933642376,-0.5483401212592974,-0.5549679506719105,0.39907565616785784,0.09973500164957066,-0.5801044634623135,0.34721813707846716,5.216941356658936
1.3141419007703414,-0.5320747942453053,-0.5395889362279972,-0.5528924119154751,0.44921194973578615,-0.1132665078112294,-0.5498037860002922,0.3395078402444874,5.398386955261231
0.15398275488006716,-0.5233967775837065,-0.5384461124209784,-0.5508556242362974,0.3379458985029257,-0.19132968889995808,-0.5514635971963665,0.41352672661628875,5.426579475402832
0.771151696971649,-0.5220484111234236,-0.5348154183134712,-0.5487471846087307,0.17416569879902152,-0.11103607651295895,-0.5572059970914282,0.41352672661628875,5.540245532989502
0.3590859901977501,-0.516612093300375,-0.5307508182096864,-0.546274661767593,-0.6086216897563725,-0.1879842546581889,-0.5486436501967751,0.4505360778882013,5.5981292724609375
-0.906856234331209,-0.5138436819449155,-0.5323419908478618,-0.5439973461123565,-0.28367319693776016,-0.018475304691111243,-0.5686418859918069,0.430489453182235,5.476062774658203
0.47997522372581236,-0.5196817684563275,-0.5235907598202721,-0.5417668216448039,-0.4564845020777247,-0.055276570290023086,-0.5629529721699402,0.3826855392803696,5.55014181137085
-0.3924655146165253,-0.5161387830115464,-0.5222310175123317,-0.5391122612651743,-0.3837842859732642,-0.054161354640888455,-0.5655051620047387,0.3533863010144606,5.501857757568359
0.9567475560000742,-0.5184480692472845,-0.5167488347666562,-0.5361601458952276,-0.3217393235170685,-0.23482203568804455,-0.5463324200237024,0.3595546487784306,5.643115997314453
0.32447362818678477,-0.5116920973882392,-0.5139570669819461,-0.5331203111421049,-0.3354158063417614,-0.21363357647138678,-0.5433741281912033,0.4628725895881637,5.697098255157471
-0.8155152370940376,-0.5091102825820326,-0.5198444080430094,-0.530739908415396,-0.21192711555404503,-0.249319626421164,-0.54266922314101,0.48523250555509845,5.586131572723389
0.6802309178465353,-0.5144174971216149,-0.5162715312713075,-0.5281635743465337,-0.3642915274462306,-0.40098555141335307,-0.5261468195730792,0.41198459371830204,5.690199851989746
-0.4875092425675019,-0.5094402131953353,-0.5186003004066798,-0.5262203678803543,-0.30547697721466305,-0.38202731078932944,-0.5283241711637553,0.41738178311928986,5.626918792724609
-0.8919931950942735,-0.5124667627005132,-0.511787330017256,-0.5250915814764451,-0.26863590526467235,-0.32180694196985343,-0.5340175512361331,0.40890051175030584,5.506355285644531
0.4407152562713449,-0.5182329655253883,-0.5091837330525778,-0.5232126970560455,-0.2575043540475306,-0.2582411389086083,-0.5446502775750722,0.3603256233134355,5.575336456298828
-1.6788910524603895,-0.5149337962267895,-0.5145357233010397,-0.522094141829232,-0.011451457590869699,-0.14560691081360153,-0.5642781413764929,0.39579302551533757,5.344103813171387
-0.30210506716240265,-0.5259929828106634,-0.5095164472121234,-0.5215012287271156,-0.0636323529703672,-0.2058272796330775,-0.5570007674337919,0.4721250193201302,5.309915065765381
0.8623434705837162,-0.5276281314277363,-0.5125685309968264,-0.5206648805626057,0.055932406230807384,-0.03854876096426991,-0.5658844664993722,0.40273234781431244,5.433474063873291
1.0886106792986563,-0.5217186629560258,-0.5183833819057581,-0.5196274773308077,0.09005259241116262,-0.02851203282769018,-0.5495672925890777,0.4721250193201302,5.591230392456055
0.07111723823603798,-0.5141736353639563,-0.5150563782991702,-0.5187531022452923,0.07306323012014332,-0.09207783588893571,-0.5471311163346309,0.5399755579279619,5.608625888824463
-0.11817446885036723,-0.5133416592318005,-0.5262088686142635,-0.5178217047949971,0.006814936563355289,-0.1957905514964978,-0.5374844509622116,0.5939478195937973,5.599027156829834
0.3821077243880453,-0.5138007387400458,-0.527857812591955,-0.5171820074794143,-0.03581925552228933,-0.23036138579714036,-0.5310861658396405,0.5685038216588664,5.66080904006958
-0.6020632775286457,-0.5108458904755,-0.5218984873379438,-0.5168047685668691,-0.022249618240833463,-0.0073233609053972816,-0.5449759870635714,0.5106765034900291,5.581333637237549
-0.20497253217875766,-0.5146469684585232,-0.5142898041396364,-0.516757980866294,-0.11132307618063055,0.038399417180959655,-0.5499064008291104,0.45439131821917933,5.559439182281494
-0.08910602743543551,-0.5156941167297894,-0.5134508088224052,-0.5168654512334752,-0.14065085904869293,0.10085000459306977,-0.5397957900682236,0.48677463845308516,5.554041862487793
0.8476702036016539,-0.5159522548795077,-0.5139137614754538,-0.5163653824020396,-0.516967049159834,-0.14114626092269733,-0.51891410813549,0.5523122534559018,5.6812052726745605
-0.8363167437875727,-0.5098703978333895,-0.5109339838577246,-0.5163229779971731,-0.38272852084364833,0.4086425044683521,-0.5525478067411933,0.48523250555509845,5.567537307739258
-0.9030807951347586,-0.5153068068793906,-0.5147671306331298,-0.5164574990293594,-0.34231236962884715,0.3595742921402264,-0.5592853090367366,0.5268682555209708,5.446673393249512
0.8199889561663132,-0.5210873773192778,-0.5158231134457169,-0.5166417346087385,-0.4294860028574189,0.3662653733294006,-0.5639792293910609,0.6093684132617568,5.567537307739258
-1.0722228974207932,-0.5153068068793906,-0.5160834294457097,-0.5173106713312569,-0.2919278436420877,0.4710933045860981,-0.5884883782023974,0.589321604727814,5.4226813316345215
-1.6899826525794936,-0.5222348480325099,-0.5099502612158221,-0.5182610781737613,-0.016172959266523176,0.3829931826551538,-0.5838747414243353,0.691097596467538,5.196247577667236
-0.2526323881839111,-0.5330645176679992,-0.5154325359540763,-0.5195302381407224,-0.08530730039420763,0.14768799832856094,-0.5614983906315023,0.7342754793313971,5.169554233551025
0.9668791665072104,-0.53434118288765,-0.5212618756941765,-0.5203183444803049,0.10606771055817024,0.11757802662445926,-0.5524496581628864,0.7219387838034572,5.303615093231201
0.9677935366589473,-0.5279294408397054,-0.5154325359540763,-0.5204769858437701,0.2514096288460434,0.137651270191982,-0.5600572078445979,0.7065181901354975,5.4412760734558105
-0.6308042558379635,-0.521345515468996,-0.5224190273453506,-0.520999713907915,0.2751163590084209,0.26143744207270314,-0.5725594412877587,0.651774953934658,5.360898494720459
0.4210996087939646,-0.5251897419085318,-0.5333400643320645,-0.5208015938238313,0.1994777805625462,0.18783491087487827,-0.5581251732332194,0.6864713816015547,5.425378322601318
-1.2725591019794675,-0.5221058587777341,-0.5346275004730311,-0.5209317292355697,0.2747713734364859,0.33169453902875845,-0.5830983763659628,0.6386676515276662,5.256529808044434
-0.5235289079191866,-0.5301813934498236,-0.5281616640798872,-0.5215173205716641,0.237411669512638,0.30604500450992506,-0.592178372588157,0.6625697003925873,5.1932477951049805
-0.030587178162441334,-0.5332079885664777,-0.5215221916941692,-0.5224808854378818,0.11312972670281016,0.2815108983458618,-0.5999688206749487,0.6139946281277401,5.195948600769043
0.8869295066316067,-0.5330788168657971,-0.5253988509593692,-0.523184189941949,0.16640508417934138,0.13876648584111742,-0.5852535056370223,0.6217047411337431,5.320110321044922
-2.0711664110440493,-0.5271405219411097,-0.5222889498388608,-0.5245315704078296,0.30790349951892765,0.4499046326638044,-0.6208995224303662,0.5584804173918949,5.046293258666992
0.37589423633318386,-0.540236397773039,-0.530432615879454,-0.525895765712141,0.3314363872424445,0.3952603420900036,-0.6234607536991262,0.5253261226229842,5.101177215576172
-0.6625368023230535,-0.5376114573160578,-0.5334847456604465,-0.5272599668283003,0.22132861659775108,0.4521350639620745,-0.6335668982095018,0.5168448512539994,5.02169942855835
1.6461738558807957,-0.5414126493277716,-0.5333544841687988,-0.5280414941560262,0.4313134211120998,0.41867923260493184,-0.628217092627668,0.5268682555209708,5.238834381103516
-1.5115231783392225,-0.5310277143912534,-0.5273660892598719,-0.5292850575823342,0.5689403897227187,0.6718274419064129,-0.6520926874640509,0.5014242575860398,5.043896675109863
0.401745157291151,-0.5403510194128025,-0.5405724518865973,-0.5306967798542775,0.5665489374131095,0.5446958357839226,-0.654805553384313,0.5122186363880165,5.102076530456543
1.1118440689387459,-0.5375684456939738,-0.5379253654302691,-0.531462953442142,0.5991637364467404,0.6562148482297944,-0.655724620593165,0.4790643416191054,5.253231048583984
0.9327448781943319,-0.5303391635460998,-0.5417586271963979,-0.5316135523704418,0.6425095319425409,0.36291972638199593,-0.6329154792325035,0.44051285744920643,5.384893417358398
-1.2096226326277078,-0.5240421343608712,-0.5312860770297089,-0.5324462541815603,0.7757340493785817,0.5948792637611834,-0.6594860749871037,0.40504545524730406,5.2259392738342285
0.48511440097444286,-0.5316444499670844,-0.5406880405619189,-0.5327518457951947,0.7280340579038297,0.6350261763075007,-0.6492414767108812,0.3873117541463528,5.297318935394287
-0.9510010769691388,-0.5282305678057695,-0.5378819909293426,-0.5328015591800179,0.42334924748214775,0.8469122574135298,-0.6576164589499427,0.48677463845308516,5.175853729248047
0.24467428373003747,-0.5340398962814191,-0.5305917170445702,-0.53269115964148,0.41688475920040496,0.9573160542102664,-0.6693110635811527,0.44051285744920643,5.214843273162842
-1.008131089453355,-0.5321751394930092,-0.5242415613193268,-0.5332175398708641,0.4740450531936693,0.9640073481050767,-0.6680439556312455,0.41275575208128384,5.087678909301758
0.682475911484825,-0.5382570421506035,-0.5319080158571501,-0.5338477348150814,0.24388819875612242,0.5803818857336999,-0.6371943650881048,0.4821484235871019,5.182752132415772
-0.27814001429752605,-0.5337099656681163,-0.5284653315826618,-0.5343551068146258,-0.000963538434735854,0.5703451575971209,-0.6249464900582034,0.5623356577228732,5.152760028839111
-1.5724901483894826,-0.5351444009840434,-0.5343236719832435,-0.5355065547759836,0.236176620123678,0.4632867950421529,-0.6381180074804073,0.5954897686638071,4.95302152633667
0.2199396032526422,-0.5446973141769296,-0.5324431826845937,-0.5361630634428886,0.06352639259282947,0.35176778259628116,-0.6395681227683341,0.5846953898618308,4.987211227416992
-1.0588841642205054,-0.5430621199483804,-0.5385763969107707,-0.5369774846675283,-0.07421544246815438,0.14322734843765714,-0.6286677481975412,0.607826464191747,4.859148979187012
0.9761825763709764,-0.5491869658108445,-0.5339909578236979,-0.5374885088323118,0.04372502530934055,0.15772472646514066,-0.6188873131756649,0.647148739068674,4.986311912536621
-1.7578762529457523,-0.5431051315704644,-0.5354374951297807,-0.538830774872014,0.19574859807123976,0.3952603420900036,-0.6393092981045635,0.54537274732895,4.769474506378174
0.711660818889187,-0.553475835726399,-0.545071003982949,-0.5392796599211003,0.28314622909941356,0.3361551889196626,-0.6257362538681094,0.6186208429937233,4.862147808074951
-1.9200673767908965,-0.5490435405238422,-0.5434220140089683,-0.5404267245867492,0.47341868504469964,0.4833602513153116,-0.6463993073916731,0.5469150640549136,4.630618572235107
0.6302793268359461,-0.5601169122768234,-0.5495985337416377,-0.5411841234466092,0.5430702138198955,0.23801855155777532,-0.6216803537392498,0.5669618725888564,4.710992813110352
0.6486631501696345,-0.5562728454774543,-0.5434653885098948,-0.542266119825204,0.5368810818076624,0.1465727826794263,-0.6171739069734563,0.5700457707288762,4.794968605041504
-0.27931549175142373,-0.5522565269381062,-0.5539235878342835,-0.5429409137280663,0.5368679027778549,0.33950083586706775,-0.6190344815766556,0.5168448512539994,4.7670769691467285
-0.6165007732648695,-0.5535905029776389,-0.5494538984095452,-0.5439249525721717,0.39190555133581256,0.29823870767161537,-0.6255444229620066,0.4929428023890783,4.698395729064941
-0.9103702437180614,-0.5568753274669637,-0.5606206935706493,-0.5455282147539723,0.40165229959835336,0.4008362076300428,-0.636877588100628,0.511447478025034,4.595527172088623
1.8471046972175666,-0.5617952321561471,-0.5567441952924623,-0.5469106964566104,0.7198428581952909,0.13876648584111742,-0.6082009918305914,0.5384336088579521,4.817759990692139
0.8164247418047773,-0.5511664810734466,-0.5526939920272672,-0.5476461614023828,0.6936103789526746,0.03728420153182463,-0.5954667312267271,0.5700457707288762,4.924230575561523
-0.19922488979486966,-0.5460743018385461,-0.5540392225058945,-0.5486009561900743,0.4190871566816039,0.13988170149025247,-0.6055685184195309,0.4829193981221068,4.905634880065918
1.3839700500745977,-0.5469636800135361,-0.5573517602794587,-0.5488224747739239,0.5379108729444274,0.08523741091645122,-0.5795243955605549,0.49448493528706494,5.084980487823486
0.8773191604242142,-0.5383860998225937,-0.5623131730362801,-0.5488458709489507,0.07924852046220723,0.02501725480261116,-0.5679904670148085,0.5345783685269737,5.205245494842529
0.6658987108409261,-0.5326341733897783,-0.5515947497044772,-0.5483275296676232,0.08112554292702462,0.1421121327885221,-0.5721578055405693,0.4698119118871389,5.300317287445068
0.5197884231803074,-0.5280871653245054,-0.5464596089625029,-0.5478530550521015,0.07610478359745823,0.18448926392747358,-0.5730457179287822,0.4921718278540733,5.377395153045654
-0.046631865593473425,-0.524400754592722,-0.5473564906099737,-0.5473040109405298,0.044037974261698996,0.049551360966674014,-0.5618687626251134,0.4497651033531964,5.377993583679199
-0.8346098347456754,-0.5243721333913882,-0.5387065434116949,-0.5465297972422389,0.10256336692902036,-0.03520311401686522,-0.5623818367692041,0.4189239160172769,5.270626068115234
-0.1291653540782457,-0.5295072102196822,-0.5329060893413529,-0.5458645126849597,-0.08161568845075308,0.12092346086622843,-0.578239422608603,0.39116681064935427,5.260129928588867
-0.4672433485515059,-0.5300092101270589,-0.528320719248714,-0.5450230338210974,-0.28339368832936923,0.15437929222337152,-0.5927940615610658,0.41121361918329713,5.204347610473633
0.47148990034093746,-0.5326771165946479,-0.5246032071449198,-0.5443226584883868,-0.32541117698193356,0.058472873454118314,-0.5906880610456294,0.378059324414386,5.27362585067749
-0.39698649167036243,-0.5293637393212037,-0.5245743444733064,-0.5432070231339734,-0.29461401021345635,-0.008438576554531913,-0.5945699952704311,0.40812953721530093,5.227139949798584
0.5120067235550141,-0.531587025118512,-0.5297527447254837,-0.5421345244772656,-0.520535190008138,-0.12107280464953868,-0.57925228107819,0.430489453182235,5.302117347717285
-0.992358840083555,-0.5280010736631231,-0.5302589798868799,-0.5408076133397943,-0.4666121535371817,0.119808245217093,-0.6011690438001274,0.37189097665041637,5.174955368041992
0.19693834338108687,-0.5340828622920268,-0.5329493948478451,-0.5395969426480306,-0.5553954128362749,0.0662791702924276,-0.602784301424029,0.3664937872494279,5.207644462585449
0.1818290899301448,-0.5325194377213242,-0.5296080633971018,-0.5385156750751661,-0.6189807509078231,-0.015129657743705765,-0.5936418866276174,0.3572415413454386,5.238535404205322
-0.259979568493636,-0.5310420135890512,-0.5318501065287657,-0.5374344063399321,-0.6196516304141788,-0.051930923342618396,-0.5806221127898546,0.37497524244638947,5.210644245147705
-1.0020957216684672,-0.5323759668228457,-0.528233901252427,-0.5364934972193147,-0.5712291553562712,0.0841221952673166,-0.6003079289149815,0.38885370321636265,5.084383487701416
-0.8243169896922962,-0.5384146526067131,-0.5343670004878806,-0.5355460160610582,-0.5059801225395144,0.2335576889612352,-0.6084642827448732,0.33719473281149576,4.984210968017578
0.13086309054191403,-0.5432056136525969,-0.5327903856753078,-0.5350839695011499,-0.4931720074003,0.1711071015491251,-0.6153846834454968,0.29941422317660177,5.007304668426514
-1.4004083806911465,-0.5421011089499727,-0.5313004968664432,-0.5353011001398124,-0.38395427222964623,0.4610565764495188,-0.6487105375647457,0.2577784732107297,4.83515739440918
-0.30420796093564906,-0.5503344137183384,-0.5326457043469258,-0.5355489359334582,-0.38305011702685776,0.3528829982454162,-0.650120565531011,0.27088614327367455,4.8039655685424805
-0.6047755208294421,-0.5518262282713615,-0.538735337088874,-0.5363991755768902,-0.5310142337793591,0.30604500450992506,-0.6439274011331368,0.27474119977667566,4.736187934875488
-1.6019673231869274,-0.5550678358869593,-0.543566718335495,-0.5379987844310821,-0.3689084585280381,0.6216438012235158,-0.6706764290423062,0.22154009647382172,4.5490403175354
-0.06910703398362546,-0.5640185635649316,-0.5424528951889577,-0.539835262121876,-0.4231947810524988,0.5157008670233196,-0.6622479607300495,0.2562365241407199,4.546941757202148
0.21827458494167634,-0.5641189316183736,-0.5507556623946672,-0.5417835899884513,-0.4138275093354585,0.5012032762902006,-0.6490764433078456,0.2415869050077649,4.5781354904174805
-1.0049616850423864,-0.562627025842398,-0.5522600630328449,-0.5440046120846385,-0.4080612335698028,0.6428324731458099,-0.6477155440972033,0.32485822111153273,4.466866970062256
-2.3121310185175252,-0.5679486764142068,-0.5555290193221802,-0.5465911796553358,-0.053671234415675124,1.3164074104175805,-0.6840175550509962,0.13441372386705278,4.209542274475098
-0.18523759667360118,-0.580255770181969,-0.5645552621642336,-0.5491872554092465,-0.015255625747079388,1.1602806228288514,-0.6715287203593688,0.14058188780304584,4.195145606994629
-3.4322395394327683,-0.5809443210271226,-0.5646564769991101,-0.5525282996426645,0.5504560288356227,1.8204733977222733,-0.7201855784894531,0.07812853859620261,3.8337559700012207
1.8711635484477669,-0.5982285390809976,-0.5631519843683536,-0.5555805624514005,1.1451431976630757,1.4725337725950378,-0.6754550992234039,0.09894632166515036,4.021500587463379
1.9453372424177422,-0.589249258618906,-0.5685185324424181,-0.5580209120647678,1.5744237456616184,1.3576693259073969,-0.642080225281471,0.354928433912447,4.226038932800293
-2.7975308287145317,-0.5794667828661592,-0.5809294582379965,-0.561364881401249,1.8510527389289495,1.5561730319294416,-0.6844324806167799,0.39887710748333444,3.930325746536255
-1.3119306827954715,-0.5936098867894379,-0.5816238182231351,-0.5647066567651365,1.8269474521396252,1.7647138914993374,-0.6958771930852418,0.4104426446482922,3.8040637969970703
0.5276939896345235,-0.5996486295876506,-0.5990538591206169,-0.567991399884103,1.887879795650447,1.7056085256233606,-0.6948287135445044,0.3564703829824568,3.860149145126343
0.9309243515658873,-0.5969662300734899,-0.5899988226013845,-0.5711160434469585,1.980997441383993,1.4413085852418008,-0.6810458644669635,0.4266342128512567,3.9567174911499023
-1.1488108380622455,-0.5923476461991446,-0.5801338144235471,-0.5744424650709848,1.9886898672660527,1.6554253103517358,-0.6824870472538679,0.39964808201833935,3.846051216125488
-7.084530729808329,-0.5976404931237147,-0.594396240356366,-0.5791411285027815,3.618265631153874,2.9914230284039265,-0.7715509452222276,0.24929720184174467,3.15685772895813
3.0812865770624858,-0.6306026184702377,-0.600485930593676,-0.5829814988134698,4.1620817948796205,2.173988462978276,-0.7232956139063935,0.39964808201833935,3.4087815284729004
-1.6188130570220973,-0.6185538338952296,-0.5977809003117464,-0.5872100738313775,3.9282371981116175,2.2208266694194037,-0.733325941091018,0.3541572755494655,3.272622585296631
-3.2955189148328237,-0.6250659211908781,-0.5931233505419297,-0.5916784480196136,3.8893762305832675,2.8286049469203873,-0.7746787367082734,0.260091580643721,3.002102851867676
-1.2391066875754906,-0.6380040953437454,-0.5984608519592232,-0.5962923043852317,3.518669385719873,2.815222784542039,-0.7877654498372344,0.2585496315737112,2.911230087280273
0.3816724191578121,-0.6423502760791818,-0.6317010709304832,-0.600662713483576,3.525600444185392,3.5858191435265616,-0.825437238036222,0.09046505029616565,2.943321466445923
-3.6425225207513585,-0.6408154385012056,-0.6195506336209831,-0.6052334319891192,3.7474183575722066,3.767595252928489,-0.8736613600649474,0.15214742496800396,2.674001216888428
0.22634108172922443,-0.6536962448198458,-0.6261176618508588,-0.6097529771736391,3.7100107567015246,4.196943280680587,-0.8801534364482537,0.31329268394657495,2.6928954124450684
-0.5099743920259617,-0.6527925902527961,-0.6391649923069022,-0.61442532223327,3.536030805106807,4.909549702143903,-0.9226351041154478,0.40504545524730406,2.661406278610229
3.5140195691049545,-0.6542986241835337,-0.6435478407372088,-0.6182371813615684,4.33267842383649,5.582009211060902,-0.9206763264674719,0.42586323831625145,2.9031336307525635
5.406780402043653,-0.6427375061094973,-0.6420000540990323,-0.6204377352917158,3.957141199782305,3.9136853123806388,-0.8337854227722165,0.42586323831625145,3.306812286376953
-2.250970113598044,-0.6234307269623289,-0.6549895327220531,-0.6230550022055485,3.78629702713209,3.9292979060572573,-0.8628948096100815,0.5507699367299382,3.121468067169189
-2.3627530219880883,-0.6322952033387521,-0.6540782542359928,-0.6252394759148435,3.8741413036196115,5.50394624267781,-0.9301266402168076,0.5415178746539255,2.937622547149658
1.5278508783238145,-0.6410880012802813,-0.6555969942173983,-0.6275935608505714,3.611916846242998,5.321055130332383,-0.8902462366735654,0.48369055648508863,3.0557878017425537
-1.7806770245579848,-0.6354364999152532,-0.6439383377353428,-0.6307744997160307,3.6756252216170138,5.624386980316762,-0.8931107372453294,0.48523250555509845,2.9211270809173584
0.3681001265688222,-0.6418769315817459,-0.624468671876878,-0.633158556932718,3.6753008320932117,3.688416856190625,-0.8669015809833179,0.44513888848721284,2.952317476272583
-2.8221400175787714,-0.640385185445937,-0.6334079357356314,-0.6357429287872673,3.4705749553544343,3.7040294498672437,-0.8996295566652331,0.304040438042585,2.7438807487487797
2.257094790539064,-0.6503541095106392,-0.6422749164255553,-0.6380706982567533,3.625132531415181,5.548554017820668,-0.9357396822464535,0.23850282303976836,2.905231714248657
0.5000624638581375,-0.6426371608617933,-0.6365757346854518,-0.6405344411392232,3.595749432350835,5.342244014960314,-0.9410225485370892,0.17373618257195664,2.9460198879241943
-0.79022080902111,-0.6406863808292155,-0.6430705027446431,-0.6428636664766156,3.214397628134137,6.605753779346907,-0.9641708526042531,0.29941422317660177,2.8905365467071533
-1.7981036563050348,-0.6433399880990066,-0.6415661711008995,-0.6438265031182877,1.7288306454981053,6.709466494954469,-0.984753568085085,0.3240872465765278,2.7618746757507324
3.2820488964518106,-0.6494935121771497,-0.6516192006108282,-0.6448317400965328,2.297172846437211,5.248567602078058,-0.9206941914695167,0.39425089261735086,2.9964046478271484
1.771882928643534,-0.6382766239142139,-0.643837145898611,-0.645165843473742,2.154146137993707,5.583124639415674,-0.9172406904949717,0.4358866425832232,3.135563850402832
2.3855049570049713,-0.6316210429143487,-0.6418699075981082,-0.644366039046646,2.299029247533039,4.795800683811033,-0.8988085835682184,0.4860034800901034,3.33020544052124
-1.2705091177127892,-0.6223119002561687,-0.6445459027223392,-0.6435969391933487,2.201723491490483,4.460128218118647,-0.8888005876361498,0.5099055289550245,3.2267367839813232
-0.2808502117048828,-0.6272605059667692,-0.6507513426219836,-0.6429521286139572,2.2223992947608506,3.767595252928489,-0.8864000869193229,0.4590175330851626,3.207841157913208
1.4278912961918742,-0.6281642289510333,-0.6394398201362081,-0.641356175993298,1.64548282651137,3.1040570437932975,-0.862399546001566,0.3518443519444504,3.3287065029144287
-2.7705009983025746,-0.6223835900939317,-0.6327280875798058,-0.6403684820780294,2.0718028511566153,3.865732102996012,-0.9063402614577092,0.29710111574361014,3.09807562828064
-1.6468663415575722,-0.6334139958363051,-0.6233404058954618,-0.6396110826369847,2.230248253095425,4.882785377387206,-0.9388853387345442,0.30712452001058155,2.972113132476806
-0.39163794714446243,-0.6394384166309819,-0.628330761817403,-0.6395058097295059,2.20418269780805,4.0374710588500875,-0.9216177793953495,0.3634097052814317,2.946319580078125
-0.9939018800100635,-0.6406720474228106,-0.6292421092978976,-0.6405571038590413,2.0781824800340307,4.470164946255227,-0.9352979591776026,0.3479891116134721,2.87554144859314
-0.5053954628123261,-0.644057160145494,-0.6234127005633634,-0.6412377392502577,1.4536427388268771,4.632982602327493,-0.9512893691329284,0.3441340551104706,2.842252016067505
-1.9768907828344229,-0.6456492971404829,-0.6345361672198304,-0.6418101754685626,1.3004925729620924,5.192808095855122,-0.9877386029541816,0.27474119977667566,2.7027928829193115
2.7015983981221012,-0.6523192229496221,-0.6406114146222615,-0.6422086160023562,1.4303990944455647,4.4534373496351085,-0.9442396105668892,0.392708943547341,2.892336130142212
-2.574372880309687,-0.6432539192433625,-0.6418554532641568,-0.642732068803938,1.6387081125424803,5.176080073823733,-0.979867816824658,0.3402788147794923,2.7063918113708496
-0.9644161204881811,-0.6521470966412027,-0.6452691253790912,-0.6434850808809804,1.6294424824564293,5.492794511597731,-0.9953951724585769,0.2893908189096303,2.643410444259644
0.7372235826696416,-0.6551593127399756,-0.6468746948558561,-0.6436005919397727,1.468380694567768,5.3244005645741534,-0.9948508345609078,0.17450734093493842,2.6964948177337646
-1.6313321642510408,-0.6526204411386386,-0.6536008932452823,-0.644374074507594,1.2558440348355382,6.06265673326194,-1.0380642592478322,0.06347891946324795,2.5879271030426025
-2.6892358327511565,-0.6578129200097668,-0.6444591077241969,-0.6456710110393665,1.4471693753604713,6.798682045240184,-1.0694313901855748,-0.12696557778123202,2.4139795303344727
0.968180316181408,-0.6661323278423839,-0.6534273147480699,-0.6466799019264052,1.6242597516711572,5.885341061045281,-1.0389879016401347,-0.10923187668028082,2.47666072845459
4.877918556712453,-0.663134467955754,-0.6564649441988216,-0.6466170258683903,2.9921264819843136,4.996534395720076,-0.9998704644037313,0.02415627693036722,2.787668228149414
-0.9589068315997797,-0.648259881385321,-0.6539046527406357,-0.6472830398125847,3.0152422781109816,4.57276265891929,-1.0031232019711511,-0.16705919484911766,2.723186731338501
1.764565682731318,-0.6513438443362022,-0.6591409393230526,-0.6479812223350714,2.970218677343495,3.9058785901310573,-0.9730634297043861,-0.23722302471791756,2.849149465560913
-1.0136768612564717,-0.6453194121386564,-0.6675305360241215,-0.6493242183428736,2.7078277288470485,3.9460255026773754,-0.9715151658381525,-0.27114829402183327,2.7792701721191406
-1.635101476611353,-0.6486615360449939,-0.6645073839054658,-0.6506884188778481,2.5345402362307494,5.4214224116981775,-1.0328661972504396,-0.4546534689673387,2.667102813720703
1.5114502423832548,-0.6540261754331486,-0.6495073039800883,-0.6517477531178097,2.5818089862089804,4.804721983592842,-1.0097847780080043,-0.4747002775012812,2.7732720375061035
1.404926666421655,-0.6489484094247364,-0.6526172855941033,-0.6528509563483161,2.6339085734717425,4.552689202646131,-0.9907860563974955,-0.4878077637362491,2.87614107131958
-1.8886981668901113,-0.644028481929815,-0.6465420266926,-0.6537202135205444,2.6810716386571416,4.878324514790666,-1.011676616364782,-0.5695371307700071,2.7414815425872803
1.0611170573834692,-0.6504688565819624,-0.6499123473047524,-0.6540930673938264,2.237166386201448,4.464589080715188,-0.9832320472554488,-0.5024573828692042,2.819157838821411
2.337457499188854,-0.6467538246488453,-0.6553222468815987,-0.6539848647338061,2.3701808368322013,4.3040018559411894,-0.9553764785488966,-0.44308811563035744,2.990707397460937
0.08281418765088669,-0.6385491068732062,-0.6502016409670822,-0.6536792742825412,1.2976890948211226,4.350839636971045,-0.9662635088346255,-0.4932051369652142,3.000903367996216
-0.7766949717901451,-0.6380614631779724,-0.6452402052121161,-0.653427783998917,1.2695509673232848,3.9962091433602716,-0.9581696280454208,-0.48163959980025606,2.945420503616333
-1.3339083083218428,-0.6407150476420255,-0.6517349157759456,-0.6530710155771506,1.2333961410140726,4.0017850089003115,-0.9838701219473832,-0.5093967051681787,2.849149465560913
1.3000487152165463,-0.6453194121386564,-0.647988541000538,-0.6529372268378034,1.2500532297381999,3.834506490231504,-0.9692172799501437,-0.5548875116370522,2.947220087051392
-1.4569429480204383,-0.6406289787863813,-0.6397146019692248,-0.6526075079186726,1.206846761773037,4.111073590047912,-0.983664892289747,-0.598065210672935,2.8416519165039062
0.23068289428456337,-0.6456779981619,-0.6392228441399247,-0.6520745498398014,1.0775005355148843,3.621505193476339,-0.9472781315091808,-0.729140440678568,2.8620450496673584
-2.6298727285169448,-0.6447026537570874,-0.641898816266011,-0.6521293817190964,1.3600424118031158,3.3393622281198905,-0.9519987949001026,-0.862528594289216,2.674001216888428
0.06786600234971411,-0.6536962448198458,-0.6465420266926,-0.651899821862451,1.1737763406091584,3.060564697005211,-0.9640191634862815,-0.9519682581569539,2.6820991039276123
0.19917153794789136,-0.653308946372316,-0.6418120212678686,-0.6512045644430274,1.077068134675954,2.791803894027111,-0.9586872229064923,-0.9080194007580898,2.699193954467773
-1.9088519481184743,-0.6524913492580414,-0.646903638020976,-0.6509735411630733,0.6581536434390974,2.7505419785372944,-0.9729518823745457,-0.90030910392411,2.5714330673217773
0.24195623818664602,-0.6586017818940171,-0.645920064867014,-0.6514538654035366,0.6794092891973664,2.8018406221636902,-0.9777751605942856,-0.8833463773581638,2.590625524520874
-0.6598696662080695,-0.6576838623377766,-0.6549895327220531,-0.6518749669135937,0.677060132160403,2.7115100689344764,-0.9762759710172053,-0.8710100494861776,2.55043888092041
0.30439232782131714,-0.6596058729317231,-0.6545989667294849,-0.6525468310639144,0.676582799399899,2.6189495098182642,-0.9738933353024233,-0.9033931858921066,2.5735316276550293
0.3149303059975758,-0.658501413840575,-0.6537744717424946,-0.6529898664880592,0.447654845083358,2.6769394473394703,-0.9827814461520451,-0.9350055315910079,2.597524404525757
-0.19602290059791674,-0.6573539089187358,-0.6599364566477061,-0.6531828704024102,0.35924001162861363,2.4237912380379885,-0.9647643192575452,-0.9419448538899821,2.5879271030426025
-0.4785806707787537,-0.6578129200097668,-0.6590107928221285,-0.6537034015880375,0.31418534291497574,2.2420151286360617,-0.9530161196202008,-0.8208930281513205,2.5597352981567383
2.4323392639080383,-0.6591612522614424,-0.6609490189630772,-0.6540799105324827,0.436844782296279,2.151684575406847,-0.9283954234790238,-0.6882758490756771,2.721686363220215
1.6055356996291668,-0.6514156025911795,-0.6598352418128295,-0.6538481596091678,0.6410608866587854,2.13941784138327,-0.9302604643327343,-0.6327616383398321,2.836552381515503
-0.698387262621296,-0.6459218941281657,-0.6586780556644382,-0.6539198040021544,0.7012060158618539,2.081427903862064,-0.9193957652995615,-0.6196539682768873,2.789767265319824
-0.8991420490679038,-0.6481594905261409,-0.6591409393230526,-0.6545565767958589,0.41846657903708284,2.6200645127617634,-0.9431865558427014,-0.6281354234738489,2.729485034942627
0.677858820848692,-0.6510426147443166,-0.660500647133776,-0.6550946516256476,0.43871302294383036,2.5275039536455512,-0.9351774793467398,-0.665915933108743,2.780169725418091
-0.9486522407264576,-0.6486185130200409,-0.6526896492564389,-0.6556524687216695,0.4948853148238662,2.5564987097005183,-0.9554434178400949,-0.6952149875466758,2.716588020324707
-0.8829631353385881,-0.6516594415431,-0.6471495916795963,-0.6561159728930388,0.5903096494415471,2.8932861783364032,-0.9700783948352896,-0.7707760068164634,2.659006834030152
-0.4715851543722736,-0.654413382657726,-0.6494060661470669,-0.6568879949434752,0.6086795124617539,2.606682350383415,-0.9666561576143229,-0.7800284365484299,2.630514621734619
-1.1160663812119247,-0.6557760825244138,-0.6523135145996775,-0.6575766750945964,0.7078432754252827,3.2612988343255256,-0.9920086107752301,-0.8447948931882645,2.559135675430298
-0.9479689866812816,-0.6591899304771215,-0.6498689613047537,-0.6584576268672293,0.7558663899508226,3.4687242655406507,-0.9821032296719796,-0.854047322920231,2.5006535053253174
-0.5452812724206413,-0.6619869630339148,-0.6529355454196976,-0.658956954106869,0.04931323885146022,2.9233963627461415,-0.9742993828336542,-0.7746312471474418,2.469162940979004
-2.0199698110134228,-0.6634930653818667,-0.655712720881588,-0.6597779578304742,-0.33747646699163847,4.098806856024335,-1.0137737388456656,-0.7430189014485412,2.3452999591827397
2.272918055569669,-0.6694170725116253,-0.6570869175234799,-0.6603021429248952,0.6138380724172723,2.9579669843411476,-0.9842315614399719,-0.6034624000739225,2.4841582775115967
2.5694798213020986,-0.6627758819325104,-0.6605295673007511,-0.660110605339777,1.230152986888302,3.0549888314651716,-1.0027840937311185,-0.5510322713060745,2.6500072479248047
-0.05099993124842824,-0.6548438067560303,-0.6633501977570746,-0.65996585254931,1.180457895641276,3.0527584001669017,-0.997519037976058,-0.5294435137021215,2.6500072479248047
0.5176210036779413,-0.6548438067560303,-0.6648690067329142,-0.6596295551995073,1.165067337911512,2.876558156305013,-0.992088948817962,-0.513251945499157,2.6883976459503174
0.4262653517589023,-0.6530077053775613,-0.6708429933041792,-0.6592698645806018,1.123003938175766,2.492932906639273,-0.9851997574044471,-0.608859589474911,2.721086978912353
1.4501608905515766,-0.6514442694039895,-0.6641457725770898,-0.6587149743311973,1.212192204536079,2.2040986473880144,-0.9613554263216425,-0.5032285412321856,2.825156211853028
-0.5509992436550232,-0.6464669398662337,-0.6561467763658062,-0.6582244171700838,1.1233338724696147,2.5353102504838603,-0.9838879869494279,-0.380634582595537,2.789167642593384
-1.2622986245634662,-0.64818816874182,-0.6561467763658062,-0.6578749606341981,1.18563273989384,2.781767165890532,-0.9979072205052442,-0.3582746666286029,2.703092336654663
0.5499782633600827,-0.6523049009460862,-0.6542951842359868,-0.6578193970432488,1.1341418615876762,2.8576001283866264,-0.9898713465062154,-0.4546534689673387,2.7444801330566406
0.5795174879889243,-0.6503254426978292,-0.6527185579243416,-0.6579363692006106,0.6275483690626937,2.583263459868487,-0.9801131882704254,-0.3598167995265893,2.788567066192627
0.18962330481722414,-0.6482168925689751,-0.6476992358391359,-0.6578976227728314,0.3615773843194201,2.6713631563881584,-0.9806709249196279,-0.304302588790744,2.805662155151367
1.1699313983001898,-0.6473992840518314,-0.649434986314042,-0.6574991863073313,-0.11370881719443607,2.6579809940098107,-0.9667543061926298,-0.31509696759272005,2.892935037612915
1.2755533801674706,-0.6432252752362906,-0.6535864504104032,-0.6569859658452151,-0.03077793830025429,2.617834081463493,-0.9464660909131885,-0.254185567455887,2.990707397460937
1.0471707540031547,-0.6385491068732062,-0.6515902919429255,-0.656113782407554,0.011086625936351622,2.6479442658732313,-0.9465329757379171,-0.21717621618397473,3.0743825435638428
-1.8429645039865379,-0.6345471673517393,-0.6494639524773065,-0.6554433834240964,0.5246811949301506,2.9858467374526154,-0.9763518428094259,-0.3559617430235878,2.93402361869812
-0.4562365714480795,-0.6412601275887005,-0.6486394459912438,-0.6547773712234565,0.40516240450598906,2.747196118884254,-0.9737773217220715,-0.4214991741984276,2.9037318229675293
0.942242038952612,-0.6427088963110327,-0.6444302220544389,-0.653758243347474,0.41994230835291946,2.3814138941934013,-0.9687755568812928,-0.4484853050313449,2.977210998535156
-0.09448353645008974,-0.6391946004847995,-0.6397146019692248,-0.6526045956016749,0.19113526746023576,2.5687658691353676,-0.9720550374853103,-0.3289756121906701,2.973912715911865
-1.88372025189608,-0.6393523477753377,-0.6356788990342704,-0.6517126786155526,0.6096445123697931,3.20776975940086,-1.0004772753420874,-0.49860232636620233,2.835052728652954
-0.11742960747995834,-0.6459936181745359,-0.6424484949227677,-0.6505305214309179,0.5882272439186129,3.185465871829431,-1.0016775529337356,-0.44771433049634,2.830254554748535
-1.602382713687935,-0.6462231009143132,-0.6439094865628019,-0.6499595457299978,0.7838005192758057,3.031569940950244,-1.0128992252089861,-0.3482512623616312,2.718388795852661
0.19148736864378166,-0.6515733156731105,-0.6403655414571476,-0.6497519163003311,0.6375241258756371,3.2791418593004145,-1.0136086509761604,-0.4137888773644478,2.735182762145996
-1.8801095746098448,-0.6507701089795862,-0.6405246196241191,-0.6498549952352165,0.5764046374487749,3.6493849465878068,-1.0374842458125433,-0.4099338208614463,2.607721328735352
1.4386606008439051,-0.6568662196120258,-0.6472219208447149,-0.6498104026696045,0.6987599442849239,2.854254694144857,-1.013340948277837,-0.39297109429550037,2.706690788269043
0.3447782122820677,-0.6521327974434049,-0.6474533396758774,-0.6497789658029667,0.573603821667568,2.7628087125608722,-1.0206584095421996,-0.28040072375379976,2.733983278274536
-0.8992201269167608,-0.6508274768138133,-0.6528486929261934,-0.6501452377584681,0.6007718761597445,2.761693709617373,-1.0358110358649353,-0.2549567258188684,2.674901008605957
0.0018061596000792702,-0.6536532103920237,-0.6520387097685162,-0.650415009209756,0.4496836742288282,2.9501606875028377,-1.0418925984664995,-0.20638183738199806,2.678499698638916
-0.6531008280082105,-0.6534810954864734,-0.6581862518388487,-0.6505751163212691,0.4385696879104008,3.652730806240848,-1.066428544780903,-0.30044753228774257,2.637411832809448
0.14092989777636444,-0.6554462089254562,-0.6534128949113356,-0.6508046755967297,0.24875009960839284,3.4609179687023413,-1.0672495178779178,-0.2857979131547879,2.65030837059021
1.1926554683873911,-0.654829404932411,-0.6520965616015386,-0.650937001493953,0.4521455575861018,3.08509901587491,-1.0526457501698319,-0.22951272788393778,2.734283208847046
-1.0541185737378445,-0.6508131320045392,-0.654946135222982,-0.6512813418601059,0.32478808137143417,3.3761632810131665,-1.0768069127065827,-0.3775505006275405,2.664403915405273
-1.6150081972781625,-0.6541552559108768,-0.654772568224842,-0.6520972253456849,0.5012711498406568,3.2824877189534556,-1.0793680350424035,-0.3706111783285656,2.5582363605499268
-1.058734724317124,-0.6592329420992055,-0.656754260859296,-0.6533115534333509,0.30735270903582473,3.3215192031450016,-1.0906164503542515,-0.3258915302226736,2.4925553798675537
2.555951227219159,-0.6623742728843137,-0.6561322530374207,-0.6543262968512549,0.7492872631088199,2.729353093909365,-1.0506200332306577,-0.2518724600228954,2.6581058502197266
1.7425773433208023,-0.6544564740998933,-0.652082095768515,-0.6547028052145153,0.9872805935350635,2.644598831631462,-1.0446589504599564,-0.30276063972073386,2.779569149017334
1.5032904232832738,-0.6486472368471962,-0.6554524163806675,-0.6547371625347379,1.0397669629867519,2.373607597355092,-1.0203594975567674,-0.32126531535669034,2.8896374702453613
-0.22211908231059774,-0.6433829883182216,-0.6605729418016776,-0.6549813467443295,1.052118035725207,2.5052000660741225,-1.0179500643389183,-0.3266625047576785,2.877039670944214
-0.25965944825552406,-0.6439855045163382,-0.6637407752487151,-0.6552547738479654,1.009624398663282,2.6590964223645814,-1.0302113381203533,-0.2757745088878162,2.8617451190948486
1.6931123328917486,-0.6447169985663613,-0.655756175876021,-0.6548797277456442,1.1334039333482404,2.3312302535105047,-1.0042922158092211,-0.23568089181993085,2.9889073371887207
0.6815558158500182,-0.6386351985345885,-0.6498979274680182,-0.6543570037497928,1.0956404102404178,2.248706422530872,-0.9913036512585671,-0.598065210672935,3.0446908473968506
-0.01233739832741897,-0.6359672350526543,-0.6445892657241933,-0.6535542777067425,0.9434740639228206,2.652405128469771,-0.9947571522331121,-0.5487193477010595,3.047689914703369
-0.06259741023573796,-0.6358237983627829,-0.6451968652084067,-0.652794684874289,0.5802694202816647,2.8988620438764428,-1.006451756864322,-0.5271304062691299,3.0467894077301025
2.2942476048410567,-0.6358668669992122,-0.6459345307000377,-0.6512806136355603,0.4529390530641579,2.6022214877868746,-0.9625021089071565,-0.5001442754362122,3.2288365364074707
-0.47392660636285866,-0.6271600808989819,-0.6398014199655119,-0.6500926050824298,0.33360607452206475,2.5687658691353676,-0.9800150396921185,-0.5047704903021955,3.1940457820892334
-0.054688619739140965,-0.6288240217604244,-0.6371109475091848,-0.648971858207762,0.24237371716968634,2.492932906639273,-0.9744689369536707,-0.4137888773644478,3.1937456130981445
1.1948244609120164,-0.6288383779725676,-0.63696630067802,-0.6474599821039965,0.18551804238823463,2.282162041182379,-0.9485676251781135,-0.443859090165362,3.2951157093048096
-1.129897701090176,-0.623990140315409,-0.6370097326743082,-0.6461776676004308,0.39349826170272645,2.3579950036784734,-0.9672183605140368,-0.4222703325614094,3.204541683197021
-0.9179169609471499,-0.6283220332559167,-0.6282294894871646,-0.6449677268767671,0.5115236633484916,2.8598305596848963,-0.9865829334011756,-0.45850870929831633,3.1337640285491943
0.18566060659674435,-0.631707123172862,-0.6299074686225546,-0.6437431641248964,0.3084947928360545,2.703703772096167,-0.9746295585726646,-0.48086862526525115,3.1526589393615723
1.2819914496877773,-0.6308034343972051,-0.6299219459546508,-0.6424623095575307,0.40216254625651543,2.496278340881043,-0.9643627379768254,-0.5016864083341992,3.259726285934448
1.4007230362582708,-0.6256827137810543,-0.6250328048675862,-0.6407172179447719,0.5076363951620718,2.469514016124345,-0.9415936839378254,-0.42920947103240736,3.380290269851685
1.091240037663986,-0.6199164881504411,-0.6294012449602309,-0.6384735313852123,0.5256710034800477,2.2085595099845543,-0.9330090057906164,-0.30969977819173256,3.4786605834960938
0.781470132758477,-0.6152117213917611,-0.6328148940770205,-0.6358898877552086,0.18550695697147557,2.345727844243624,-0.9397732511227571,-0.285026938619783,3.5524396896362305
-1.1942346180861627,-0.6116830807562539,-0.631903581093743,-0.6339620263111185,0.3560451161135417,2.285507475424148,-0.9598963785326934,-0.30815782912172235,3.448969602584839
0.39953018077373303,-0.6166317548840687,-0.6267396581736618,-0.6322337489556058,0.34566288860370914,2.1137680941587997,-0.9469345570186368,-0.3559617430235878,3.488557815551758
1.0456775045117204,-0.6147383654914561,-0.6209247842665855,-0.6305361784986309,0.3210113390929245,1.8550440193172804,-0.9193243597578521,-0.2950501590587775,3.586029291152954
0.1623633832802851,-0.6100765875491219,-0.6161803245079028,-0.628760380568519,0.0850044375589832,1.9977886445276603,-0.9189807852673081,-0.357503692093598,3.605522632598877
-0.6746050508969679,-0.6091442775721312,-0.6126219135692248,-0.6270869379982251,0.013939278908732474,1.98217562543977,-0.9312911878043663,-0.40299449856247144,3.54823899269104
-0.27326342210799875,-0.6118839879061737,-0.6176123384856002,-0.6257724531728128,0.06525505798746943,1.8148971067709623,-0.9308092684809146,-0.4238122816314192,3.528146505355835
1.220213003445887,-0.6128449532931053,-0.6157029750162647,-0.624315407204788,0.05284868478345408,1.7725201883376467,-0.9113376145144464,-0.3690692292585558,3.642412662506104
0.5856662924707403,-0.6073799344486396,-0.6110018667603638,-0.6227216503002767,-0.07518211194941717,1.566209760066021,-0.9101641344258653,-0.291966077090781,3.701494455337525
-0.9796230451418516,-0.6045542236761672,-0.610061691105473,-0.6213391715035625,0.005088955468180939,2.1505695724633487,-0.939103967143714,-0.35904582499158433,3.613921642303467
0.35940824214811884,-0.6087425773009821,-0.6128245157250635,-0.6203083496083603,-0.045517716087400226,1.923070684975065,-0.9232017732656728,-0.31355501852271056,3.651709079742432
-0.13158281686292936,-0.6069353137783589,-0.6137935885487845,-0.6192109948404257,-0.27096072164478757,2.0301288348243958,-0.9221889147960858,-0.2657511046208447,3.644212007522583
1.205543798174603,-0.6072938769958645,-0.6082824626379894,-0.6178285224367442,-0.13731879215134848,1.924186113329836,-0.9194716370917821,-0.2942791845237726,3.7608752250671382
-0.5204927279721504,-0.6017142137058971,-0.6054329120146907,-0.6168028155489051,-0.1750875799054081,1.8873846350252876,-0.9006959556744849,-0.24107808122091903,3.7158899307250977
0.21193855798230404,-0.6038657298453589,-0.6096566017845194,-0.6154956397034497,-0.17387126885840493,2.0546631536940954,-0.9073352549252516,-0.29890539938975585,3.7407824993133545
-0.3121887292370531,-0.6026751904956976,-0.6078340908086881,-0.6140766113574736,-0.23613472624867907,2.013401238204279,-0.9098339042203852,-0.23645186635493576,3.7158899307250977
0.34183758079228105,-0.6038657298453589,-0.6081956791389194,-0.6126129852152226,-0.25985043458279117,1.8048608040456549,-0.8928207577609197,-0.16397511288112146,3.753080129623413
0.16543596077395414,-0.6020870305097241,-0.6025689415546579,-0.611359905469114,-0.4411244315440855,1.8516985850755106,-0.8904291350786456,-0.1423861714491916,3.773775339126587
0.38880953908489263,-0.6010972386698159,-0.6047386095249139,-0.6102976420577957,-0.4684271251340557,1.71787568505821,-0.8895814189450334,-0.103834687279293,3.816061019897461
1.4389559265573193,-0.5990748372166893,-0.6035380258774514,-0.6091220580731697,-0.43874552379685716,1.632005994425536,-0.8697884128076379,-0.11694217351426095,3.960918664932251
0.13919700978084792,-0.5921467162434867,-0.6047386095249139,-0.6080795357657149,-0.4346985666906668,1.5015289540612766,-0.8740004683049802,-0.11694217351426095,3.980112075805664
-0.11311664345082004,-0.5912287510757701,-0.602944903725334,-0.6068001422969188,-0.4372896338340136,1.4000466697519842,-0.8717784542091922,-0.12079741384523894,3.97381329536438
-1.0700415361487532,-0.5915300034733938,-0.6019467612466972,-0.6058687448466236,-0.35347807459750863,1.510450253843085,-0.8909021219010749,-0.010539966908553394,3.870643615722656
-0.011451031568558513,-0.5964643099861965,-0.5999072972727271,-0.6051654432484804,-0.4123009629050704,1.355438894609127,-0.8807468486350762,-0.012082099806540101,3.8745436668396
0.06445269321574305,-0.5962777818541579,-0.5929207253879463,-0.6044818786859072,-0.41364848529568093,1.44688445078184,-0.8842092821106435,-0.0992084724133094,3.8859403133392334
-1.6111139510392223,-0.5957327133103518,-0.5919950155660793,-0.6040351881905992,-0.042721455270338674,1.3275591414976589,-0.8910448785180242,-0.10306371274428773,3.7314841747283936
-1.6062557361933814,-0.6031199023889308,-0.5922988095586498,-0.6038999400962368,0.1886027609645519,1.5338695697692848,-0.9141262977604594,-0.15703579058214626,3.5836291313171387
1.0855568435167924,-0.6101913802319213,-0.5972747456438567,-0.6037902809871252,0.3428945739268331,1.2796061448186682,-0.9029626322753849,-0.15549365768415954,3.687397956848145
-0.22018625748704884,-0.6052284183091776,-0.5970866438182589,-0.6038633882222358,0.3127645105310201,1.474764203893308,-0.9070095454367524,-0.14315732981217338,3.671503782272339
1.3052276910417013,-0.6059885905748799,-0.5965369766605745,-0.6034137766921583,0.2694284630975549,1.153589541639677,-0.8837095522516168,-0.07530660737636512,3.7983651161193848
0.1969484667943873,-0.5999211809638573,-0.6039864896993316,-0.602997787864725,0.27387498501469043,0.9930021041600438,-0.8827368355701608,-0.050633583976439044,3.822359561920166
-0.537601956733092,-0.5987735962219346,-0.6111176279217707,-0.6026790370650076,0.2832419072933089,1.0186516386788775,-0.8857263366897686,-0.08224592967533965,3.774972677230835
-0.5780193539809836,-0.6010399734614104,-0.6061127946677334,-0.6027682291704493,0.22011717715145268,1.2773757135203982,-0.9002676313571676,0.034179681197338975,3.7242860794067374
-0.5820058250658525,-0.6034641664086384,-0.6068793803263395,-0.6028705822055281,0.22951706149728388,1.420120126025143,-0.9017132803945831,0.10742759303413507,3.6739017963409424
2.602039592523885,-0.605873900517902,-0.6007607814211268,-0.6024282767494834,0.895466713843635,1.1959668854842644,-0.8756468807495209,0.14212402070103256,3.9222288131713863
0.6302829879062584,-0.5939971396254916,-0.5996035147792289,-0.6017593377022258,0.6726314991922765,1.390009941615405,-0.884280687652353,0.29787209027861505,3.9903078079223633
0.5449075226471611,-0.5907411187834054,-0.6018890129053259,-0.6010333791961124,0.3255907494467524,1.3130617634701753,-0.8750400698111648,0.2801383891776638,4.050889015197754
0.16403651797960808,-0.587843695367432,-0.6043336581928285,-0.6003037696871295,0.28285005205196806,1.0063844792440282,-0.8649829995899427,0.12053507926910302,4.073081970214844
0.9721203293404499,-0.5867822707041059,-0.6067637226565838,-0.5994184311316791,0.27387278263663617,1.1312858667738843,-0.8407325665094376,0.31329268394657495,4.1792521476745605
-0.01158142407747096,-0.5817044590842176,-0.5947867603526448,-0.5988759759121055,0.20654308024213278,1.0855628759818918,-0.8371095114148761,0.2585496315737112,4.1834492683410645
0.3598574622283007,-0.5815037229773337,-0.5915032692358516,-0.5982735616009933,0.20408026549969688,1.240574447921486,-0.8419640533881945,0.18684385263490144,4.227239608764648
0.725923543491814,-0.5794093580175868,-0.5885814009465068,-0.5974518250033642,0.11269971176069768,1.1468984604505028,-0.831210901684862,0.3140638423095564,4.3109130859375
0.20295228788248906,-0.5754074983162033,-0.5875110212953302,-0.5963106047319936,-0.018828478160620065,1.0844478730383926,-0.8314786043831853,0.4266342128512567,4.338804721832275
-0.2734862737016647,-0.5740735222766707,-0.5823903693845242,-0.5952388430176032,-0.09743745887358074,1.1011756823641463,-0.8346108621197423,0.4474519959202048,4.314210891723633
-0.35932037869688965,-0.5752497738314033,-0.5821879397147709,-0.5942774721239791,-0.7742652744175498,0.9338971636953387,-0.8266999342020878,0.4235501308832598,4.280322074890137
-0.7303070557006154,-0.5768705776392022,-0.5800759050951627,-0.593120168725832,-0.6103025006950799,0.9550856229119964,-0.8298455906901783,0.48369055648508863,4.20624303817749
-0.13495538010539493,-0.5804135630839834,-0.5760402826537149,-0.591624375748843,-0.6320256776824268,0.9160541387204497,-0.8257004744840342,0.4266342128512567,4.197246074676514
-0.8867711711960481,-0.5808438617507281,-0.5746950521750875,-0.5905993970855495,-0.47403261228731136,0.9205147886113546,-0.8272933463889102,0.3695780530454013,4.107873439788818
-0.30318417769748573,-0.5851182956340563,-0.575881227484888,-0.5896000108946154,-0.6755056336137736,1.2171553447009222,-0.8462207169241791,0.3117507348765651,4.081480503082275
0.023998159105382295,-0.586380593238695,-0.5775157056295557,-0.5888908596715308,-0.6733018533051865,1.4256959915651821,-0.8552337193887054,0.2816805220756502,4.089279174804688
-0.272663366082902,-0.5860076053918319,-0.5810885824012575,-0.5882964936074319,-0.7324316625335603,1.2985643854426918,-0.849932988096025,0.2608627390067028,4.066185474395752
0.035856523497728617,-0.5871121100944563,-0.5815225113956797,-0.587564680245714,-0.9547612589227431,1.1301706511247493,-0.8500847316804663,0.40504545524730406,4.075183391571045
0.9889027159610396,-0.5866817658162353,-0.5858330076627231,-0.5864461215317917,-0.6359124490621458,0.9026717636364656,-0.841272492623065,0.37034902758040655,4.183150768280029
-0.6447689241076563,-0.5815179993693933,-0.5871059549725212,-0.585359000846877,-0.5988272025952585,1.2573022572472394,-0.8686149871855264,0.2963301412086052,4.119869709014893
-1.0110616752244856,-0.5845445488745712,-0.5867298203157597,-0.585122864303114,-0.49556192319365056,1.191506022887724,-0.8691816018692818,0.25546554960571466,4.01909875869751
0.5963062499246625,-0.5893641311217889,-0.5878436434622969,-0.5848911098926902,-0.4224332401094953,1.0208818572715117,-0.8569471255909139,0.2901617934446353,4.0853800773620605
0.997838257388115,-0.5861940879123944,-0.5874096684715853,-0.5845409181580414,-0.2352508151303623,0.7208958669401742,-0.8403488502307624,0.18298861230392313,4.194547653198242
0.6730622082696329,-0.5809729194227182,-0.5822023365533605,-0.5840562053912062,-0.29820045617552454,0.6729426575555479,-0.8364759574399225,0.15214742496800396,4.27192497253418
-0.18052155186910473,-0.5772721866873989,-0.5852544203380635,-0.5838646631566097,-0.3114341207292075,0.6082616388451677,-0.8338701725989898,0.14135304616602765,4.257828235626221
0.07616802130335527,-0.5779463927232784,-0.5901146642562978,-0.5836497247469863,-0.3125969435680167,0.7197806512910395,-0.837894808974271,0.16525491120297192,4.271623134613037
0.05925216885083863,-0.5772866227196254,-0.5869178761450681,-0.5835122838424001,-0.33804336308144245,0.7052830605579197,-0.8331295375447069,0.18144647940593642,4.283621788024902
-0.8232156855029373,-0.5767127619314497,-0.5816526578966038,-0.5837842469415423,-0.20864940068728863,0.8982111137455615,-0.8550820302707338,0.14366596977104237,4.19934606552124
-0.44624485306297806,-0.5807434252800718,-0.5779207029579305,-0.5842272806221327,-0.32240161158384667,1.0153059917314724,-0.8591512746846572,0.15214742496800396,4.157059669494629
-0.9599848721724435,-0.5827658609418055,-0.5786005971100454,-0.5848450393741497,-0.2549080471551486,1.2216162072974623,-0.877547651607321,0.11668002276610157,4.060788631439209
0.4765834334854646,-0.5873702254384364,-0.5779352607835331,-0.5852471343979215,-0.36324457424511397,1.271799635274723,-0.8771014622879588,-0.015166181774536642,4.115371227264404
-0.2969898553188028,-0.5847596982079436,-0.57735655846815,-0.5855315209031988,-0.40574816298707567,1.1022908980132813,-0.8747009615711321,0.08044164602919424,4.089579582214356
0.5707342661403724,-0.5859932377768199,-0.5814212275663689,-0.5856360655861321,-0.5314839742201838,1.0175364230297426,-0.8731482314543871,-0.010539966908553394,4.154358863830566
1.0314086616234068,-0.5828950326424861,-0.583460726037556,-0.5852434810703128,-0.41655296983869283,0.7153197886944994,-0.8565589430617278,0.028782491796350125,4.268922805786133
-0.0702907987425066,-0.5774157716145679,-0.588103936464145,-0.5847916738240874,-0.41954139377839517,0.5714603732462555,-0.8536497799848517,0.10665661849913015,4.266824722290039
1.2208538667316962,-0.5775161168622718,-0.5854713848352747,-0.584021846908614,-0.20051769326184568,0.6684817949590082,-0.8254639810728196,0.22154009647382172,4.405084133148193
0.12002154054606136,-0.5709035702902288,-0.5867153314845912,-0.5831489375711465,-0.20034102534009962,0.6160679356834771,-0.8155898092566778,0.19146988367290782,4.4242777824401855
1.0744939976486547,-0.5699855937196432,-0.5835909875292037,-0.5819887102323059,-0.22798532985397388,0.495627410750161,-0.8148848497400147,0.2639468209746997,4.551141738891602
0.24903781503698974,-0.5639180586770609,-0.578065499277036,-0.5810068659419788,-0.31102034443349974,0.5023184919393356,-0.804765252011636,0.21305882510483737,4.585931301116943
-0.4103797819785966,-0.5622541748299636,-0.578166691113768,-0.5799731183625287,-0.5015154169667686,0.4432135514746302,-0.8016821230307021,0.12978750900106986,4.543942451477051
1.3039019633707007,-0.5642623797111139,-0.5714983560564366,-0.5783113692302699,-0.3750468442533493,0.39860577633177235,-0.7971398917943494,0.1891567762399162,4.700795650482178
0.21945097755884613,-0.5567605461870333,-0.5705726347354972,-0.5767322355163352,-0.4686270070664742,0.3941451264408686,-0.7760708452060244,0.30866665290856826,4.733185768127441
0.4886955193248339,-0.5552114208141283,-0.5644539093404887,-0.5752605698448425,-0.4687094171347195,0.3562286451928213,-0.7794797381419271,0.27859644010765366,4.798266887664795
-0.024007681909972083,-0.5520987796475681,-0.5627759877004603,-0.5739694806132722,-0.48114573518370296,0.4889363295609867,-0.7786185687903117,0.3117507348765651,4.8015666007995605
-0.07552572884341548,-0.5519409639398157,-0.5648011353293474,-0.5726513418790665,-0.4802458552320728,0.5703451575971209,-0.7752186083554312,0.2924749008776269,4.7985663414001465
-0.04364773257491572,-0.5520844576440322,-0.5572360106171242,-0.5713646394303137,-0.5900228027910864,0.6372566076057703,-0.7786765755804874,0.27397022524167075,4.799465179443359
0.6259581079464928,-0.5520414688276863,-0.5556738156412857,-0.5699054041391736,-0.5787569040311608,0.6138375043852073,-0.7712965868089682,0.2562365241407199,4.882241725921631
0.09366957029794892,-0.5480825067196964,-0.5525349138602956,-0.5681968673063397,-0.6960296477478317,0.6718274419064129,-0.7738845066478561,0.14829218463702562,4.9002366065979
0.6792895324268295,-0.5472218637747306,-0.55237576669889,-0.5661630018243011,-0.6592825499412589,0.6316805293600956,-0.76044975277784,0.2546943912427332,4.9914093017578125
-0.25854471575576476,-0.5428613382300201,-0.5525204710254167,-0.563958796891284,-0.7000932288727213,0.5569627825131365,-0.7592450089356806,0.285535578578652,4.9650163650512695
-0.15530133707700056,-0.5441236358346588,-0.5524771195226349,-0.5619198076841104,-0.959513051528583,0.5580779981622714,-0.76739243026455,0.351073193581469,4.951822757720947
-0.33629215673648083,-0.5447546478025495,-0.5484847565913898,-0.5599056838871204,-0.8985366790141248,0.6439476887949449,-0.7762671423626382,0.33719473281149576,4.915830612182617
0.33214306669542204,-0.5464760477211715,-0.5476168526062559,-0.5579324975845792,-0.9273298002798426,0.542465404485653,-0.7641798889517307,0.4204660489152636,4.963816165924072
-0.23834972105816044,-0.5441810378774931,-0.5432195383429256,-0.5562963356940168,-0.9020105606115264,0.5681147262988504,-0.7677538697571387,0.3564703829824568,4.940123081207275
-0.5013706468307176,-0.5453142093929273,-0.5444924856527238,-0.5547932360618103,-0.8265362172092854,0.6796337387447222,-0.7777975956932968,0.2963301412086052,4.883439064025879
0.5468370825274355,-0.5480252415112908,-0.5451288213187545,-0.5534458509464514,-0.7677569624077406,0.6194135826308821,-0.7648625716823074,0.30249830514459863,4.957819938659668
0.6874367231149141,-0.5444678200342832,-0.546864744279746,-0.5519178847416918,-0.751163665272319,0.5368893262399774,-0.7601195770388297,0.21768503997082062,5.051093101501465
-0.43322775080138715,-0.5400068352131783,-0.5445503719829633,-0.5508190746870356,-0.6969848408096856,0.4878211139118517,-0.7707522489112991,0.19224104203588963,5.0019049644470215
-1.7431146066907637,-0.5423593611283815,-0.5456931037974033,-0.5503307144044396,-0.3120298463779787,0.8915198198507517,-0.7951499048592647,0.14058188780304584,4.786270618438721
1.0336446428964232,-0.5526725264070532,-0.5484270082500186,-0.549417587079297,-0.11730136942931683,0.7008224106670159,-0.783959441871123,0.16756801863596388,4.9185333251953125
0.09257167856504309,-0.5463467847975384,-0.5448395736527142,-0.5488429592131377,-0.11488200227605011,0.7097439231544606,-0.7780162241024666,0.11899313019909352,4.936524391174316
0.36155413415966475,-0.5454863242984775,-0.5403409525619284,-0.5482208055417161,-0.10869447002295327,0.5792666700845648,-0.7691013702162472,0.09740418876716365,4.988410949707031
0.6309740556413779,-0.5430047407112842,-0.5427133261796742,-0.5475460186130716,-0.07359677707383909,0.5703451575971209,-0.7549660686136097,0.1906989091379029,5.0750837326049805
-0.08810715680220552,-0.5388594329171605,-0.5531135011849552,-0.5468909710447363,-0.08187907367452783,0.5848425356246044,-0.756268961034076,0.14289499523603746,5.070285797119141
0.027935845860089317,-0.5390889042540689,-0.5467343907955194,-0.546203753735739,-0.12646306456523218,0.5603084294605412,-0.753480277788063,0.10896972593212177,5.080482482910156
-0.5121001502224115,-0.5386012263502279,-0.5458666707955433,-0.5456642154826415,-0.11488047459925714,0.5636540764079462,-0.7533910072443089,0.09971729620015528,5.020799160003662
0.4273089263910028,-0.5414557065613318,-0.5433641506768734,-0.5451773139738759,-0.154116337226749,0.5335438919982083,-0.7519186151702957,0.11822197183611173,5.081982612609863
0.087983518865207,-0.5385294794981197,-0.5391838699051883,-0.5446904124651104,-0.17952628708081347,0.542465404485653,-0.7514545608488888,0.10974070046712703,5.099977493286133
-0.47571246397855266,-0.5376688365531539,-0.5394152772372784,-0.5445602805404808,-0.6950577686037854,0.6818641700429926,-0.7602489349042453,0.07118921629722809,5.044793128967285
-0.7300376956566973,-0.5403081446251472,-0.5389234849107613,-0.5445785588022204,-0.7599386133527251,1.0320338010572263,-0.7781723794709495,0.051142407763284915,4.957518100738525
-0.0794771244836726,-0.5444822560665097,-0.5418020476936137,-0.5445734432136724,-0.7626032985281078,1.0041540479457585,-0.7789844745334115,-0.010539966908553394,4.953921318054199
0.27453617974626066,-0.5446542797491074,-0.538851132747498,-0.544380435231028,-0.7773937306036923,0.8034199106254433,-0.7717874386334422,0.014904031026377598,4.995007991790772
0.8351192560211629,-0.5426892233244699,-0.537983228762364,-0.5440295123659096,-0.7054904557878241,0.5982249107085889,-0.7559119877919985,0.10280137816815181,5.10777473449707
0.5528142710458855,-0.5372959171235053,-0.5406448040498607,-0.5434292926085756,-0.6444620530351841,0.6383718232549057,-0.7474388569746301,0.12361934506507609,5.186350345611572
-0.4572826495651324,-0.5335378735683042,-0.5448541314783168,-0.5428217592218066,-0.5993074128555945,0.4933969794518909,-0.7373461112157881,0.13132964189905622,5.13266658782959
0.27467486038891303,-0.5361054119824511,-0.5450276064838779,-0.5422917279895529,-0.6469784112689613,0.40752728881921707,-0.7268026009541335,0.025698409828353926,5.175253868103027
-0.141968797266673,-0.5340685858999672,-0.5430459713447856,-0.5420183037918411,-0.6708377342836451,0.4744387388278677,-0.728194763918354,0.026469384363358845,5.163259506225586
0.3046513777887307,-0.5346422414364999,-0.5376071631000366,-0.5415109306299271,-0.655223746813214,0.4420983358254948,-0.7233401674785661,0.0750442728002292,5.210043907165527
0.2743572279968327,-0.5324046792471319,-0.5338174138237026,-0.540372637205174,-0.7112943644070105,0.39302991079173355,-0.7184946124727398,0.11051167500213195,5.253231048583984
1.452603040634111,-0.5303391635460998,-0.5364066139497913,-0.5390662023703295,-0.5836902804489875,0.42314009520147156,-0.704881371981685,0.12516129413508592,5.454470157623291
0.5273984450042393,-0.5207144806953673,-0.5343526036492909,-0.5376076912354415,-0.6160144294390288,0.41867923260493184,-0.7077369400524266,0.06887610886423612,5.534847259521484
0.048954368287408394,-0.5168702770615695,-0.5349310989813716,-0.5362413037020909,-0.5966582902677204,0.4487894170146694,-0.705010675380631,0.12747440156807788,5.5489420890808105
-0.2631436693713337,-0.5161961622486425,-0.532674659011118,-0.5351593038363872,-0.5854249491975386,0.46440201069128795,-0.7026994452075583,0.1374978058350493,5.518950939178467
0.047126123131565126,-0.5176305519530933,-0.5305917170445702,-0.5340319750439388,-0.5988379368657007,0.35511342954368585,-0.6990139170723099,0.11359594079810502,5.532748222351074
0.16602029681790176,-0.5169706679207496,-0.5208858330299938,-0.5328549317042978,-0.6977550679558573,0.4008362076300428,-0.7056532707895462,0.08429670253219569,5.5633392333984375
-0.4064815163049272,-0.5155075885977508,-0.5170091967629385,-0.5316552233200994,-0.6123275914110142,0.5636540764079462,-0.7162769556945237,0.05576862262926817,5.512953758239746
-0.36061233245196533,-0.5179173797213595,-0.5163293946034024,-0.5307106655213516,-0.5746114017937822,0.6372566076057703,-0.7237239382237108,0.015675005561382516,5.4694671630859375
0.7625354563741352,-0.5199972174259275,-0.5177758859131959,-0.5295336303182977,-0.5179576712845101,0.555847566864001,-0.7059566490254895,-0.005142777507565229,5.582830905914307
-0.21334254667678104,-0.5145753584408436,-0.51711043459596,-0.5282783618302588,-0.48826128457970136,0.5904186138702792,-0.7089460956786275,-0.012853074341545017,5.55974006652832
-0.05734555400557984,-0.5156797263090391,-0.515635011620119,-0.5268125370659357,-0.8750585166134204,0.6372566076057703,-0.709668974663805,-0.0012877210045637707,5.558841228485107
-1.001828931259635,-0.515722715125385,-0.5180651335792361,-0.5256662012060173,-0.7338958705375894,0.9338971636953387,-0.7386444829192735,-0.08841409361133307,5.42418098449707
0.8257537968028763,-0.5221631239861396,-0.520162518380663,-0.5243246697838934,-0.5645541762782299,0.9796199417816952,-0.7428252201965679,-0.06759631054238567,5.545342445373535
0.18677378483654783,-0.516368322765669,-0.5146949164587348,-0.5231761382078269,-0.5663583579592761,0.7744249418648403,-0.7338836777402207,-0.0652832031093937,5.578935146331787
0.7908960994865083,-0.5147616813212392,-0.5158086016164037,-0.5219274475692751,-0.4621844043329386,0.64729333574235,-0.7180795779740168,-0.04677852747343759,5.698598861694336
-0.001416114811773837,-0.5090385129241862,-0.5158519531191855,-0.5205303455819844,-0.46342395461441455,0.5335438919982083,-0.7150633338178115,-0.10306371274428773,5.7057976722717285
-0.2531983414931331,-0.5086942146958713,-0.522346698180232,-0.519308707933177,-0.48427382672196495,0.4777843857752724,-0.7089952244342507,-0.04138115424447255,5.676404476165772
0.1978456355214778,-0.5101000060047265,-0.5165030075978319,-0.5179701056824098,-0.5196707177973465,0.3595742921402264,-0.7021461748088669,0.05808173006225979,5.712392330169678
0.019072828986494712,-0.5083788113377474,-0.5148828113010302,-0.5167206885628667,-0.6054292509115562,0.3473071327053774,-0.7022087023160236,0.054997648094263246,5.722590446472168
-0.2134921352775813,-0.5078910650166922,-0.5091113578911698,-0.5156342972648672,-0.6054137010121232,0.34507670140710694,-0.701874060326502,0.00256751932641456,5.698899745941162
0.21131702397220814,-0.5090241225034359,-0.5087641549004557,-0.5149456176949309,-0.6039005083392921,0.33057932337962304,-0.6874442585224739,0.08815194286317403,5.73698616027832
-0.20078198894027505,-0.5072025597830149,-0.5101818065367805,-0.5145062373419492,-0.8659942925520779,0.20344750455149682,-0.6869712717000447,0.12439031960008101,5.715093612670898
-0.5680003472667273,-0.5082496168313287,-0.5084460905590915,-0.51428471759573,-0.8985087305009363,0.1711071015491251,-0.694328929219008,0.08352572799719078,5.639815807342529
0.326787364790514,-0.5118499359017298,-0.5079542292381403,-0.5138577652983617,-0.8803352959603251,0.17779818273829934,-0.6856193049904249,0.0665630014312445,5.694098949432373
1.7889395743867067,-0.5092537306747729,-0.5090968460618566,-0.5128137842170765,-0.388344000281359,0.11200194837878452,-0.6913528813174035,0.021843169497375938,5.961019039154053
1.165463585068393,-0.49648771703893213,-0.5072599152492909,-0.511394027646555,-0.24807240273085235,0.2592070107744327,-0.6970373288887589,0.07889951313120754,6.145763874053955
0.0026383493536412997,-0.48765190747531895,-0.5083158060692992,-0.5098309753158423,-0.2769684196655241,0.08858305786385631,-0.6905407862549414,0.08660980996518733,6.154162406921387
-0.2920108624390829,-0.4872502300099079,-0.5119465001768063,-0.5082540326685773,-0.23475669041278238,0.2647830890201082,-0.6953685851916622,0.12824537610308281,6.1163740158081055
-0.33199791478684204,-0.48905753914400735,-0.509328391382815,-0.507060172165766,-0.19867579436929267,0.4922817638027559,-0.7009994377568833,0.1891567762399162,6.072586536407471
-1.0415675752723763,-0.4911517672693255,-0.4964546739212011,-0.5061836048512114,-0.02960783137945192,0.5502717013239614,-0.7124932789809683,0.11822197183611173,5.919332981109619
-1.0393734064114497,-0.49848144027637964,-0.48754431873035053,-0.5056681927412408,0.1069587925557305,0.8937502511490214,-0.7376940430239038,0.07889951313120754,5.770277976989746
0.7548179941063342,-0.5056103087593354,-0.4871392524075416,-0.5045357483602444,0.16043395822863418,0.542465404485653,-0.7207656463912117,0.14829218463702562,5.888741970062256
-1.6202314171748204,-0.4999445195993785,-0.4889618093796623,-0.5042725553396284,0.40451642586754466,1.2037731823225737,-0.7441638426211238,0.06424989399825287,5.653311729431152
0.11765828047633319,-0.5112044650958746,-0.49107370601040223,-0.5040320343377871,0.3938448836795005,1.1022908980132813,-0.7423389435555444,0.08738078450019224,5.677603721618652
-0.1671057508452523,-0.5100426495733684,-0.4984652177281961,-0.5041241532898462,-0.015507403144377154,0.9941173198091787,-0.7387158339945133,0.12670342703307297,5.66080904006958
0.3773774954386933,-0.5108458904755,-0.5056542307818025,-0.5040832181201365,-0.23653258416278958,0.8725615792267273,-0.739518996555953,0.18298861230392313,5.722590446472168
0.611374193120156,-0.5078910650166922,-0.49994064070403693,-0.5037352232640051,-0.1352825740430036,0.617183151332612,-0.7172987466651332,0.17296520803695137,5.819161891937256
0.011708326550490533,-0.5032723329050492,-0.5112955836870283,-0.5034522920454495,-0.12656023733298388,0.4788996014244074,-0.7141219353564036,0.14983431753501233,5.828458786010742
1.387033817259174,-0.5028276894290304,-0.5101239662028303,-0.5026736857524932,0.15434218751428722,0.36291972638199593,-0.6955514835967426,0.13672683130004404,6.041996955871582
0.24513230583632306,-0.49261477817511007,-0.5109339838577246,-0.501726209243715,0.03511038889488244,0.32834889208135337,-0.6968811190538065,0.13364274933204784,6.087581634521484
0.001217146805419457,-0.4904345952228382,-0.5079542292381403,-0.50085183299583,-0.1325861470092713,0.3506527796527821,-0.6898224824532145,0.12747440156807788,6.095680236816406
-0.2943292705741304,-0.4900472625667012,-0.5032965299803829,-0.5000162078252027,-0.16393855503484683,0.4844754669644466,-0.6978002951955977,0.10588564396412523,6.057890892028809
0.4270345613192378,-0.4918546173122769,-0.5028481351529369,-0.49881723173384357,-0.6883182204341816,0.3863388296025589,-0.6893852256348748,0.09277797390118041,6.131669998168945
0.36752105767906934,-0.4883259766767698,-0.492549059991809,-0.49759120381510985,-0.69282407847465,0.33392475762139295,-0.6760128358726064,0.01721713845936922,6.19705057144165
0.019270518420008563,-0.48519901350667366,-0.4903504833536503,-0.4969887929911063,-0.7241374307493804,0.28039568269672677,-0.6733669637100123,0.007964708727402726,6.2081451416015625
-0.2481966436952741,-0.48466839239796317,-0.48995988286386505,-0.496912758909378,-0.66439485667248,0.19341077641491788,-0.6781144790704708,0.044203085464310045,6.176955223083496
-1.0896331420972312,-0.48616011572803386,-0.49178248583227524,-0.4972556381769615,-0.40858842333656337,0.30492978886078964,-0.6943199967179856,0.031095599229342092,6.013503551483154
-0.16650271951896595,-0.49397753505614317,-0.4882240748935972,-0.4975495386773001,-0.3997475553748937,0.2558615765326639,-0.6991299306526616,0.03649278863033026,5.995807647705078
1.1191457948269143,-0.49482387880331113,-0.4850707302777281,-0.49730097291555414,-0.5101400838880517,0.14099691713938708,-0.6857576498233325,0.04266113639430021,6.17455530166626
-0.32552782353993776,-0.4862748970079642,-0.48453563244471864,-0.49678409970701387,-0.49995590336031925,0.06404873899415714,-0.6888051577331162,0.006422575829416018,6.131369113922119
-0.09899791079969035,-0.48834036709752005,-0.4860399410903175,-0.49592215732659023,-0.49906572432026747,0.06516395464329257,-0.6857397848212878,-0.02287647860851643,6.123871326446533
-0.7430213535502259,-0.48869896452363276,-0.4939233141290626,-0.49561218241724697,-0.4266651748355013,0.5402349731873825,-0.7025210130529892,-0.059886013708405544,6.015902519226074
-0.1840531481797727,-0.49386279938768907,-0.49477679827746224,-0.49477801834518925,-0.47381714920400614,0.514585651374185,-0.6997724171286376,-0.08301690421034456,5.995509624481201
-0.6282429951186304,-0.4948381323896327,-0.486155690752652,-0.4942180072765738,-0.4928826457872639,0.22575139212292591,-0.6858468659006172,-0.02596056057651263,5.907336235046387
-0.19846508098063775,-0.49905520984160284,-0.4882385867229104,-0.49367115771878045,-0.5049928452840214,0.1365362672484829,-0.6817330134480514,0.011048790695399267,5.8851423263549805
-0.0009937779505941975,-0.500116680116405,-0.4886002095503587,-0.49325663347702553,-0.4944532747797488,0.285971548236766,-0.6870382654577126,0.054997648094263246,5.892640113830566
-0.6822691343777102,-0.4997580826902923,-0.4938076104630175,-0.49330853909088784,-0.5969440668534505,0.1510336452759664,-0.6775744984903738,0.13441372386705278,5.797868728637695
-0.9382667221333363,-0.504290723140553,-0.49479117211790713,-0.49370259167949426,-0.5036030316545116,0.2458248483960846,-0.6796894315068325,0.10742759303413507,5.666807174682617
0.14010852070028543,-0.5105590170957575,-0.4990438280510003,-0.49454992074948295,-0.9134758273753082,0.42314009520147156,-0.6871051502824412,0.06424989399825287,5.694398403167725
1.588336598113345,-0.509239408671237,-0.5001142536984663,-0.4949286172734889,-0.2476135314351447,0.3082754358081947,-0.68231308134981,0.08815194286317403,5.932229518890381
-0.32286632749184957,-0.4978646362833343,-0.49975263087101796,-0.4954272168697679,-0.24598302977169653,0.2703589545601474,-0.6791316948576298,0.13364274933204784,5.891140460968018
-0.40268176345393064,-0.4998298067366625,-0.5043235121324883,-0.49596236834004787,-0.28525624631985225,0.1889501265240137,-0.6793771207698669,0.17836239743794022,5.8383564949035645
0.4147571942846204,-0.5023543107229873,-0.5106446901953949,-0.49650848909211076,-0.24164993521228065,0.13988170149025247,-0.6696546380716967,0.18298861230392313,5.907635688781738
-0.6109361088379707,-0.49904088783806694,-0.509313948547936,-0.4974194230258447,-0.24423543681999618,0.17779818273829934,-0.6745850518372356,0.22693728587481024,5.823359489440918
0.12286056193869241,-0.5030715739924271,-0.4978432099063207,-0.4982945234299817,-0.23983522359937917,0.07185524853810273,-0.6719704434282198,0.22154009647382172,5.849153995513916
-0.6889942481689598,-0.5018378975891221,-0.4998249600361366,-0.4993253522994014,-0.19281414528757557,0.29154762648244154,-0.6839550275438394,0.1374978058350493,5.754079818725586
0.6793701186992137,-0.5063850196830856,-0.5023707626631541,-0.4996967375187116,-0.16710446843047033,0.19898685466059302,-0.6698376454097162,0.18298861230392313,5.861150741577148
0.5113557809525971,-0.501264128023899,-0.4990293852161212,-0.4998202846196366,-0.2845199799629635,0.0662791702924276,-0.6582501218578356,0.28784868601164365,5.945125102996826
0.3707460718196171,-0.4972478779017653,-0.5030940773124849,-0.5002238407419781,-0.2776134209161597,-0.03966376390776901,-0.6515528158168931,0.33565259991350904,6.009005069732666
0.2898686151860949,-0.4941926843895156,-0.5018499926743,-0.5003949148105351,-0.6543826718566059,-0.0207057359893813,-0.6439809961392712,0.33873668188150563,6.061189651489258
1.2968507054494947,-0.49169684721600065,-0.5064354777576623,-0.5000403397801775,-0.4316808529717922,-0.047470273451714604,-0.6368196357769218,0.3842274883503794,6.2693281173706055
0.4315562816744044,-0.48174218814048914,-0.5012713823514958,-0.49923468630932477,-0.49675601926222707,0.0038285828803174726,-0.6344146143431141,0.41121361918329713,6.346404552459717
-0.516568590593018,-0.4780558458259201,-0.4972212480807348,-0.498562822740189,-0.40568505689462664,0.012750095367762171,-0.6356104801507207,0.3857696212483661,6.271127223968506
0.4257801194930174,-0.48165614209058305,-0.49414027862627374,-0.49749033105769863,-0.5251959739944225,0.0071740171220866355,-0.6343253982658296,0.3664937872494279,6.347302913665772
-0.2197471900871386,-0.4780128798153124,-0.491623384667159,-0.4964302581318651,-0.4854013533996982,0.19898685466059302,-0.644199624548441,0.41198459371830204,6.320014476776123
0.559922268421011,-0.4793180065961301,-0.48158474049674754,-0.49514867243402977,-0.6704497275504235,0.016095742315166858,-0.6266777612624567,0.4104426446482922,6.418383121490479
0.016864797165595857,-0.4746133196575334,-0.47786729738738737,-0.49360901395360474,-0.6699807560080229,-0.0608524358300627,-0.6265483489305713,0.3441340551104706,6.42948055267334
-0.6753414583768694,-0.47408256171439417,-0.4814979684967499,-0.4919991727599474,-0.5129045729038921,-0.08204110775235639,-0.629948254898982,0.3849986467133612,6.327209949493408
-0.12354900323558034,-0.478973868007982,-0.47782396888275036,-0.49048509803411,-0.5040640971268076,-0.09319305153807075,-0.6304123092203889,0.39579302551533757,6.315515041351318
0.2099443804549312,-0.47953320154097867,-0.4791401067083173,-0.4894484270951511,-0.507086860062658,-0.1969057671456332,-0.6227736047180383,0.3849986467133612,6.35750150680542
-0.39724710655765993,-0.477525110688519,-0.4743957274431411,-0.4884483045430844,-0.7821478597138963,-0.2615867858560134,-0.6248974702355194,0.392708943547341,6.301419258117676
-0.497479461401699,-0.480207361965382,-0.47386049162126337,-0.48749424204823205,-0.8013651118480188,-0.1835233920616488,-0.6383277033885547,0.31637694974254804,6.229740142822266
0.5026497851448378,-0.4836355661302328,-0.4787930647046162,-0.48649485295137407,-0.7698226297259017,-0.2281309544988703,-0.62690978842316,0.3657228127144233,6.31761360168457
-0.27832456549146556,-0.4794328334875367,-0.47935711720181784,-0.4853792187593303,-0.8141366701981992,-0.2526652733685691,-0.6229654356241411,0.32794230307952893,6.28102445602417
-0.7069697954523866,-0.4811827861902781,-0.4773320845636544,-0.48458234582833015,-0.7329618116277389,-0.22143987330969606,-0.6357933785558011,0.28322265497363724,6.176054000854492
1.6853900742489571,-0.4862032185730703,-0.48003696535764334,-0.48288769698730966,-0.2517943167664941,-0.2582411389086083,-0.621332421931134,0.30712452001058155,6.449273109436035
-0.6551569023721702,-0.47313594113673674,-0.48349409246701064,-0.48169603568775515,-0.20210415994298675,-0.1355701826770222,-0.6343387970173632,0.2701149849106921,6.350004196166992
-0.7295099056847687,-0.47788368530889364,-0.4792559023669412,-0.4809766579370528,-0.19293486099261214,0.2647830890201082,-0.6457389559136524,0.23310563363877984,6.240234375
-1.9977672185996946,-0.48313365744580844,-0.4810206190051118,-0.4811674678788102,0.20341298989706358,0.8268388011403711,-0.672693213480458,0.22308222937180877,5.930729389190674
1.0049460487126947,-0.49793638313544264,-0.4860834075838228,-0.4810965517103691,0.3449239120245482,0.614952720034342,-0.6702347059734552,0.24775525277173485,6.090281486511231
0.503726523291189,-0.4903054691336338,-0.472905884630566,-0.48132318936987534,0.38345207311488,0.5190463012650888,-0.6733892949625682,0.24775525277173485,6.176354885101318
0.31876292258939487,-0.48618882815232006,-0.477693684392958,-0.48159587895000894,0.38131084023990025,0.3618045107328609,-0.6655006982974695,0.2585496315737112,6.23453950881958
-1.6729261300330303,-0.48340602637611013,-0.48298794929819333,-0.48231307144588953,0.5620980718543569,0.4276007450923757,-0.6844235481157575,0.2693440103756875,5.976914405822754
-1.474956747212897,-0.4957274877588846,-0.49791556206958404,-0.48374452261681583,0.6806119770254783,0.526852810809034,-0.6985453965003918,0.23156350074079313,5.760080814361572
0.4946570054160651,-0.5060980094689144,-0.49022026785829204,-0.48491425581413067,0.7225941666328579,0.3004691389698854,-0.6879038465933697,0.26625992840769097,5.840156555175781
0.17676419393272672,-0.502268219061605,-0.4860688957545097,-0.4862411681139715,0.37803571777623257,0.1766829670891643,-0.6794886680997074,0.2516103092747363,5.874045848846436
0.6243483750032618,-0.500647392448068,-0.4832626161404864,-0.48734875987084986,0.45816115976404004,0.19006534217314872,-0.6791094725380131,0.304040438042585,5.975114822387695
-1.4655374865802349,-0.4958135566145288,-0.49568803076723317,-0.4887319634050009,0.5650015291644684,0.6896704668813011,-0.7083259404552076,0.2323344752757984,5.759780406951904
0.6459186736895693,-0.5061123770839265,-0.5061460461064643,-0.4898373629328401,0.33375187242204607,0.6930161138287062,-0.7013251472453825,0.18298861230392313,5.862048625946045
-0.3200772144731946,-0.5012211848190293,-0.502283944666867,-0.49114307244906297,0.19693788263055098,0.7376236762659285,-0.7080492507893922,0.21845601450582552,5.82186222076416
0.3675588301122705,-0.5031431840101067,-0.5006494435240546,-0.49216073515818226,0.1773071449926367,0.6807489543938572,-0.6969748013816022,0.2500681763767496,5.883944988250732
-0.26508661520075755,-0.5001739453248106,-0.4957748257653755,-0.49308190026901194,0.14012872308083854,0.6138375043852073,-0.6983133693396885,0.29710111574361014,5.851851940155029
0.6631244769859467,-0.5017088627228702,-0.5061605349376328,-0.4939577376154665,-0.044330200056617995,0.4532500669055736,-0.6851330283494014,0.327171328544524,5.958320140838623
0.2868596714102123,-0.4966167975166603,-0.5012280768450035,-0.49461936070854984,-0.3530007563893156,0.31608173264650397,-0.6824022974270946,0.2963301412086052,6.009607791900635
0.5405449318831945,-0.49416385793653883,-0.5031662914868799,-0.49480432044418093,-0.34732038274958066,0.26255265772183817,-0.668722172111311,0.27397022524167075,6.100178241729736
-0.21502871313293498,-0.489832136039067,-0.5001720020398376,-0.4957174396327365,-0.33208231696931595,0.20344750455149682,-0.663323237773854,0.3341106508434992,6.074685573577881
0.022636287684401887,-0.4910513764101454,-0.5017198691715207,-0.4963607937630368,-0.3828603245876569,0.08189176396904614,-0.6564430333278313,0.38114340638238287,6.086081981658936
-0.2947037953556056,-0.4905063192692084,-0.4965848434202698,-0.4968286800677452,-0.8303125459422792,0.013865311016896803,-0.655479194680928,0.3649518381794184,6.0482940673828125
-0.29428925325397626,-0.49231360559756976,-0.494111208971358,-0.4966334833431703,-0.8698148866298014,0.0049437985294525,-0.6563002222444124,0.378059324414386,6.010804653167725
-0.7090365047222458,-0.49410661553387136,-0.4897429413647986,-0.49707286718326077,-0.7630397602107957,0.16441602035995084,-0.6690568141008326,0.2947880083106185,5.910033702850342
0.666060301974411,-0.498926197781089,-0.49097246817738094,-0.4974588773367018,-0.6965265664787642,0.04174506412836474,-0.6590354194172304,0.29787209027861505,6.018002510070801
0.21111988287558928,-0.4937623629170327,-0.4904228125187689,-0.497888755318318,-0.7156166047460953,0.022786823504341105,-0.6597849869725357,0.2570074986757248,6.058191299438477
0.4580933288917548,-0.49184024969726475,-0.49224534649274493,-0.4974990860254203,-0.7609644638390118,-0.04412462650430912,-0.6579823646930426,0.22076912193881681,6.136767864227295
0.7872650607565677,-0.48808216053058745,-0.4940534836281314,-0.49626136583102104,-0.6621838680439147,-0.07088916396664163,-0.6422273936824618,0.22925039330780186,6.267828941345215
-0.07728930746928143,-0.4818138893811212,-0.4989137275463656,-0.4952290770254013,-0.7006803124462504,-0.09319305153807075,-0.6390059198686203,0.2354187410717718,6.2636308670043945
0.039198045341529555,-0.48201467109948143,-0.4937063266337068,-0.4942443117003047,-0.7182502791269014,-0.11884237335126903,-0.6390550486242434,0.24390001244075651,6.278024673461914
0.20775526048070087,-0.48132625708875654,-0.4917679970011068,-0.4934050308773294,-0.716180263799606,-0.13110953278611842,-0.6338658101949339,0.22925039330780186,6.319411754608154
1.4839472935877225,-0.47934683304910686,-0.48797820172848333,-0.49143842009953614,-0.4382768060201704,-0.27608416388349694,-0.6186775083345781,0.28784868601164365,6.566540241241455
-0.027696404296494122,-0.4675273943794473,-0.48165704666372144,-0.48971160151785376,-0.47971336303045947,-0.23482203568804455,-0.6160628999255623,0.30789549454558646,6.570438861846924
0.6548893293702441,-0.46734093466462295,-0.48185952232976414,-0.48759877859457823,-0.6907975638037146,-0.22032465766056103,-0.6122836894625181,0.30249830514459863,6.688602447509766
0.26930122494763586,-0.46168951311967826,-0.4811653003334937,-0.48550424090725997,-0.6989495277638653,-0.14783734211187158,-0.6041318018831376,0.31714792427755295,6.7431840896606445
0.06422513007137608,-0.45907903150066165,-0.479169176363233,-0.48328321648633366,-0.6826717818349946,-0.20471206398394248,-0.5998885370986866,0.31714792427755295,6.762979507446289
0.1404714239999727,-0.4581322740885755,-0.46725001989602705,-0.48124130508202095,-0.6730625649353029,-0.2582411389086083,-0.6002455103407641,0.30943762744357317,6.795970439910889
-0.5290634473386584,-0.45655441348564624,-0.46706198706486335,-0.4795261892373303,-0.5879218729185,-0.21140314517311673,-0.6026772203446996,0.30481141257759026,6.713197231292725
0.055954932321405096,-0.46051321595346945,-0.46136288581826623,-0.4779872618873749,-0.6004256350283854,-0.24597397947375893,-0.5956274073121908,0.26548895387268606,6.731490135192871
-0.10871254648051304,-0.45963831942218214,-0.4587303801856853,-0.4764103192401098,-0.5852150111297009,-0.3329588857555678,-0.5906835947951183,0.2570074986757248,6.721592426300049
0.04182651477357571,-0.4601116981282252,-0.4577756352061196,-0.4748224073110616,-0.579569264433373,-0.36529928875793993,-0.5897064663296208,0.2801383891776638,6.737488746643066
-0.47032934280289795,-0.4593514232367015,-0.45618446256794426,-0.4733178419308072,-0.948722122091624,-0.32626780456639354,-0.59723373243507,0.29170392634262193,6.6655097007751465
0.39050826198226185,-0.4627939722108263,-0.46017666451217626,-0.47153912238474094,-0.9112422341142484,-0.337419535646472,-0.5878682229789773,0.2731992507066655,6.740486145019531
0.5794651794127045,-0.45920806636691364,-0.45929438668659744,-0.4692508327982431,-0.9364551092957775,-0.39540947316767794,-0.5790157876669754,0.2863067369416338,6.848755359649658
0.12260034161742968,-0.45402986388784516,-0.4597717591763803,-0.4671518955420418,-0.9506356617538471,-0.2615867858560134,-0.5863689789354275,0.40119021491632606,6.879046440124512
-0.516460939755421,-0.4525811293741203,-0.459005070026123,-0.4653497809833183,-0.8750150258458156,-0.16679558273589482,-0.586971378089742,0.4567044256521713,6.7974700927734375
0.6850099734480198,-0.4564826894392761,-0.462476662968514,-0.46342849796990027,-0.7608412862094479,-0.2370524669863146,-0.5879887028098403,0.42123702345026853,6.924932956695557
0.20226699450269423,-0.450386510389622,-0.45886050368846465,-0.4617177747198751,-0.842276203359745,-0.25712592325947325,-0.5838702751738241,0.4281763457492434,6.969616413116455
0.5334122859132354,-0.4482494302823866,-0.45363861394463734,-0.4597438561244947,-0.8004425631883737,-0.30842477959150494,-0.5810459708566608,0.43126042771723994,7.073388576507568
-0.19245774588131226,-0.4432863087194762,-0.45217765680182026,-0.4578671662578734,-0.7884373691446945,-0.25712592325947325,-0.586725952177505,0.40427429688432226,7.047896385192871
0.1109978497086402,-0.44450552628481654,-0.45611213340282564,-0.456020456227614,-0.790615917411407,-0.2705082983434577,-0.5846645052342413,0.42432110541826473,7.076984882354736
0.36818326204929847,-0.4431143078426165,-0.44996452233805895,-0.45459192492908773,-0.8946075100297358,-0.3206917263207184,-0.5726397248640209,0.5284102045909806,7.152564525604248
0.12180236553987207,-0.4394995527399889,-0.4478094121934056,-0.4530961366015771,-0.9008583581178227,-0.4087918482516623,-0.5693914535471122,0.5083633960570378,7.184053897857666
0.12270968165101397,-0.4379935074063823,-0.4428044179523553,-0.4518108882771764,-0.9470545831322729,-0.36529928875793993,-0.5719124885612715,0.4274051873862616,7.215847969055176
-0.15704067508160516,-0.4364728892061205,-0.44403392176679285,-0.45070621290558927,-0.9205739576177107,-0.3809120951401944,-0.5693914535471122,0.4528491853211926,7.196353435516357
0.24997882315811132,-0.4374052561974564,-0.4426309659449389,-0.44951527576228684,-1.071678800613148,-0.41882857638824167,-0.5616991540386274,0.44668102138519955,7.251535892486572
0.030151754450096605,-0.4347660393484155,-0.4389857140118291,-0.44836821225900747,-1.1737952643406004,-0.4812791638003516,-0.5599946803374412,0.41429770115129333,7.266528606414795
-0.02831342070050356,-0.4340489813306188,-0.4374669625313512,-0.44700913719272234,-1.1650783821517228,-0.4121372824934315,-0.5563716797093494,0.3873117541463528,7.270728588104248
0.4768234610889445,-0.4338481083893061,-0.4359335152364025,-0.4454563160391057,-1.186099297810042,-0.48016394815121677,-0.5390282485779342,0.42123702345026853,7.368501663208008
0.4650089323101747,-0.42917190581761444,-0.43687374838665505,-0.44364323103622966,-1.1905242275160692,-0.4467082231468916,-0.5341960923236415,0.4158398340492807,7.465371608734131
-0.2906805571475288,-0.4245388973139117,-0.4342122650917372,-0.4419800208054012,-1.103120728772387,-0.17125623262679981,-0.5495583600880553,0.3556994084474519,7.419785022735596
-0.10336136963347506,-0.426719171489136,-0.4334891574257088,-0.44016547819106444,-1.1108209723751854,-0.2850056763709412,-0.5500714342321459,0.3842274883503794,7.409886837005615
-0.4449854797577596,-0.4271925730009172,-0.4332865897670873,-0.43871501181608097,-1.0171755960335556,-0.4645513544745982,-0.5410584317676196,0.3826855392803696,7.335508823394775
2.296750372589452,-0.43074985764349616,-0.42857093518465617,-0.4364589001068321,-0.12764847957923198,-0.398755120115083,-0.5391397959077747,0.3310263850475258,7.774276733398437
1.0467879201310888,-0.40976486124282563,-0.42389883908830917,-0.433746592043801,-0.08498308062573023,-0.38202731078932944,-0.5326879157790693,0.3572415413454386,7.99171257019043
0.5912328821181893,-0.3993655358855572,-0.4260975077190467,-0.430516671505173,-0.08201291702518858,-0.36529928875793993,-0.5277442121949361,0.39193778518435923,8.122475624084473
-0.2437547727263618,-0.39311151832241253,-0.4265749032069743,-0.42769469735881266,-0.04731466241028417,-0.2705082983434577,-0.5309567535077552,0.39039583611434936,8.082587242126465
-1.1375089006064232,-0.3950192639271683,-0.4301621998154103,-0.42552704081268783,0.1874296643066066,0.3250032451339483,-0.5539265709538803,0.29401703377561356,7.858850955963135
-0.11690435601589359,-0.40571992150214387,-0.4090001579829659,-0.4236445123636361,0.19468108447291546,0.1320754046519424,-0.5538105573735287,0.3580125158804435,7.84565544128418
1.005301620086956,-0.40635102469298695,-0.3985130959869637,-0.4211851545204293,0.2527673615380728,-0.1623347201393551,-0.5358782347722717,0.323316088213546,8.056795120239258
-1.154121547801045,-0.39625282630178266,-0.3922063147626467,-0.41934867101778744,0.416495986658545,0.24024877015040944,-0.5585134102288754,0.2731992507066655,7.830362796783447
0.7397593935611427,-0.4070824275200577,-0.3941301555640782,-0.4173118752020227,0.43309031150773697,0.032823551640920434,-0.5417589795002411,0.30558238711259517,7.988116264343262
-1.1812860848260616,-0.3995375367624169,-0.4049210920461574,-0.41591257749858396,0.5743851739707284,0.43986790452722513,-0.5749956175422054,0.23464758270879002,7.75808572769165
-0.45918345182268144,-0.41053923008050414,-0.40555751970476706,-0.4147874525588706,0.08857847302619999,0.5591932138114061,-0.5847939175661266,0.18607269427191966,7.677406311035156
-1.5444224166308167,-0.41439789255226644,-0.39537412521153953,-0.4143268787212276,0.10546407253517472,1.4390781539435307,-0.6216715301711667,0.06887610886423612,7.385293960571289
-1.7070999004087797,-0.4283687789441735,-0.40629509320381924,-0.4147604146799309,0.15372797546827585,2.347958275541894,-0.6457657534167195,0.09277797390118041,7.073687076568604
2.966112021456634,-0.4432720323274165,-0.39868654799438014,-0.41390504549951607,1.1447972533801585,0.9974629667565839,-0.5971177188547183,0.17759142290293495,7.617425441741943
0.33996397967270303,-0.41726660354395373,-0.4097810599866551,-0.41287495705952254,1.0996133225837226,0.9394730292353779,-0.5968320966878806,0.17450734093493842,7.693300247192383
0.8012892757708683,-0.4136377316894333,-0.4136722770774576,-0.4116759891047505,1.1530704599050032,0.6272198794691913,-0.5746520430516615,0.19918018050688763,7.860352516174316
-0.6096078267074508,-0.4056481062328212,-0.42776103252048536,-0.41098585192335335,1.0841218726791324,0.7565819168899517,-0.588332168367445,0.196867073073896,7.748485565185547
-0.7407211607583972,-0.4109983780059637,-0.4427900211137657,-0.41051649754585784,1.0364610110620416,1.265108554085549,-0.6095306272876553,0.10280137816815181,7.612327575683594
0.010847865925866724,-0.4175104196901361,-0.4165651907026102,-0.40999377529356085,0.9763901512888266,1.2205009916483274,-0.6062378023985739,0.1259322686700912,7.624322414398193
-0.3381747192645445,-0.41693674134786535,-0.41290570291792383,-0.4094257241145191,0.9000839320496844,1.5227174132779344,-0.6227334084634376,0.05191338229828984,7.568539619445801
-0.6762436800613818,-0.4196046706211924,-0.40484867088845994,-0.41022113478458005,0.914550354506977,1.7201061163564801,-0.6311618767756942,0.03880589606332154,7.447976589202881
-1.7231889712397443,-0.42537085064032937,-0.4102440816341378,-0.4123200639041942,0.9550913549518341,2.887710312796364,-0.6732643488811941,-0.03444201577347421,7.130671977996826
0.7017818501975153,-0.44054660978830273,-0.4168110638677241,-0.41440437971337335,0.7818637167563612,2.2531668597161394,-0.6620962171456083,-0.08378787874534982,7.267429828643799
0.668179890513564,-0.43400587848558236,-0.4162325455374988,-0.4160668634632104,-0.07101017760933614,2.0546631536940954,-0.6690076853452095,-0.06297009567640174,7.400588989257812
-0.29595509274308107,-0.42763726208841224,-0.4189229834966087,-0.41729653773533554,-0.10564763121267658,1.6409277196186163,-0.6701678211487266,-0.11617119897925603,7.354403495788574
-0.22867689044233327,-0.42984618027070837,-0.42473781140739564,-0.4185751989112924,-0.26473663432384636,1.686650497704973,-0.6768919246927363,-0.06990941797537696,7.321112155914307
1.4347092124114396,-0.4314384084886497,-0.4400416048318373,-0.41969302881948417,0.07233150909020834,1.091138954227567,-0.6403936165823296,0.02261432786035773,7.59822940826416
0.4959159722841279,-0.41818469414322995,-0.4334456909322035,-0.420000809175049,0.053288153458015464,1.3576693259073969,-0.6496029162034699,-0.005913752042570146,7.704102516174316
0.5525380608313898,-0.41312109049818696,-0.4270233440307097,-0.4204043687844993,0.08497007733324827,1.7446404352261788,-0.6650901300492577,-0.009768992373548478,7.822564601898193
0.4184979411064839,-0.40745539256118257,-0.4292508983312052,-0.42001909906048457,0.07497520305489315,1.1457832448013678,-0.6388809737872462,0.019530245892360847,7.916134357452393
-0.17441449416194185,-0.40298022257097044,-0.430856559800549,-0.4194978344196484,0.004953465033563845,1.0666046353578682,-0.629082673763325,0.05422648973128146,7.891243934631348
-1.119089358544411,-0.4041706592948102,-0.4174910270142732,-0.4187879532284636,-0.25763020275763976,1.7379491413313686,-0.666500158015523,-0.08764311907632816,7.676507472991943
-0.8208192623158406,-0.41444088136861235,-0.4123847029476227,-0.41768548984619874,-0.15958011764872215,1.8595048819138198,-0.6866991572176798,-0.09612439044531286,7.525949001312256
-0.3028097091668962,-0.42164165634384315,-0.406671204862436,-0.41802617456000374,-0.19652358795893207,1.5394454353093239,-0.6881848935767569,-0.1084609021452759,7.477666854858398
-1.01602030783952,-0.42395085135662886,-0.4021582789256394,-0.4189999729280566,-0.07781730407458863,1.5427908695510932,-0.6934142193277278,-0.09381128301232124,7.293820381164551
1.1287929812423119,-0.43274369490963427,-0.4033587590814507,-0.41984656273098847,0.07440023985059725,1.1903908072385894,-0.6667053876731592,0.007964708727402726,7.513057231903076
0.4190410891327755,-0.4222582322795073,-0.4137156285802393,-0.42020113776134604,-0.1598282830848806,0.9918871012165446,-0.6555996745117909,-0.0714513670453868,7.603028774261475
0.06823623001366523,-0.4179551543891073,-0.42097715478412207,-0.420167503435006,-0.2005624274234621,0.9684679979959805,-0.6554391073592666,-0.02596056057651263,7.626125335693359
0.7840777849006911,-0.4168505128520543,-0.4233058319269154,-0.419767598315534,-0.1533253284892926,0.6662515763663737,-0.6278110995629066,0.0010253864284278532,7.788374900817871
1.091656256313011,-0.4090905867897317,-0.4321728586131289,-0.41867901362612575,-0.017169329318750842,0.6718274419064129,-0.6277887683103507,-0.02056337117552515,8.015108108520508
0.6275233449724326,-0.39824659515070643,-0.4215989326245503,-0.4169587821928872,0.01822268800883394,0.5748058074880247,-0.6272399641621704,-0.09149817557932961,8.153664588928223
0.26662825609846247,-0.39161984060381805,-0.41725955068774895,-0.4143042264627359,-0.19008683146744923,0.4521350639620745,-0.6260619633566086,-0.06605417764439862,8.219646453857422
-0.6095404852189935,-0.3884641193979595,-0.41614558955234343,-0.41226816526454946,-0.24702830096516507,0.555847566864001,-0.6353025267313271,-0.050633583976439044,8.102680206298828
0.4836393699963768,-0.3940582757344987,-0.4083201948364168,-0.41028766184546445,-0.2921280404300726,0.7978438323797682,-0.6474790506859888,-0.11000303504326227,8.213047981262207
-0.46379735345283213,-0.38877970520198823,-0.397384715014824,-0.408405129909304,-0.48765200676496046,0.7822312387031496,-0.6508567343347827,-0.14932549374816648,8.12667179107666
-0.33634867770024485,-0.39291082782700476,-0.39070205211333725,-0.4065854624074625,-0.5351754163172786,1.0978300354167412,-0.6672809893244066,-0.14315732981217338,8.067591667175293
-0.3865999180571204,-0.39573645877939373,-0.3875197068369866,-0.40560946251141383,-0.48390237791729596,0.9628921324559416,-0.664577055905167,-0.15086762664615316,7.998612403869629
0.18447651131702614,-0.3990355368550401,-0.3931610597422124,-0.40477457195836486,-0.48521247878934537,1.0153059917314724,-0.6658398065375023,-0.21332097585299675,8.046598434448242
-1.8255491095741316,-0.39674050420562357,-0.3878379551635085,-0.40511525550980026,-0.058286429726774475,1.5873986446939505,-0.7039755945914272,-0.2634379971878535,7.682806491851807
-0.761935756912352,-0.4141396175681195,-0.39200393108918286,-0.406023247486112,-0.23523648060436347,1.633121422780307,-0.7155497193917744,-0.2757745088878162,7.543650150299072
-0.5269599599776695,-0.42079506173355596,-0.39485340121897494,-0.4070935515890415,-0.37142295226853733,1.445769447838341,-0.7190656389405368,-0.2942791845237726,7.452174663543701
-0.29428206009790847,-0.4251700689219692,-0.398180312832984,-0.40775299523915115,-0.4475748030435691,1.1402073792613285,-0.7233357012280549,-0.254185567455887,7.405984878540039
0.2176433588281307,-0.4273791923559083,-0.39586591753805667,-0.40792186545497294,-0.3881445743571768,1.0877933072801622,-0.7224032352676693,-0.29042412802077117,7.456673622131348
1.5339693333325233,-0.42495489678285864,-0.4134118230885964,-0.40723904539011957,0.00019523198579378856,0.7744249418648403,-0.6931376385948518,-0.25341459292088203,7.757779121398926
-0.13897430636083993,-0.41055389417011173,-0.4201234176561306,-0.4061504548888633,-0.003914005394974197,0.6484083386858491,-0.6860298732386367,-0.2225734055849629,7.740391254425049
0.18168322987154212,-0.4113855054104577,-0.42453533574135294,-0.4054844357140058,0.012532355723222368,0.5669995106497154,-0.6766375662794769,-0.19481630021704027,7.786277294158935
-0.40328968322683434,-0.4091909092316975,-0.4267630970251509,-0.4052080928062635,0.013392146615081172,0.5056641388867403,-0.6757852749624141,-0.20252659705102008,7.716392517089844
-0.8885042836913655,-0.41253329540402334,-0.4243183482459971,-0.4053894061885034,0.04304011770371711,0.5201615169142239,-0.6563002222444124,-0.15009646828317139,7.551745414733887
0.09396618828349805,-0.4204078887175858,-0.40979584779370476,-0.405898240448987,-0.2996453511100597,0.5569627825131365,-0.652815457516289,-0.19944251508302352,7.579636573791504
-0.24980598988823538,-0.4190739354837913,-0.41063447514062057,-0.4070533591734973,-0.3683047785642072,0.5848425356246044,-0.6531545657563218,-0.2549567258188684,7.541245460510254
-0.29293991501278077,-0.4209100710708675,-0.40842136367500403,-0.40865954471480664,-0.39652335994341475,0.7086287075053251,-0.6844012168632015,-0.285026938619783,7.4947614669799805
-0.7295164029704431,-0.4231332656452233,-0.41179194876582076,-0.41074239593830736,-0.3321238145781209,0.6774033074464517,-0.6758433362190597,-0.2657511046208447,7.365201473236084
0.9575017943600647,-0.42932974433110505,-0.41973297815335836,-0.41207881758373127,-0.19786332888458646,0.4499046326638044,-0.6650187789740178,-0.29042412802077117,7.554441928863525
0.3151955125449665,-0.4202789222685482,-0.4183877706728757,-0.4135124714450229,-0.5853678562480764,0.6406020418475402,-0.6807067562269308,-0.32126531535669034,7.624922275543213
0.6869629247631677,-0.4169080517293173,-0.4202393972999122,-0.4143861095882208,-0.4794871530585325,0.5279678137525331,-0.6545779924741207,-0.29042412802077117,7.768280506134033
0.0884002720579719,-0.4100516433996157,-0.4224813484389974,-0.4150484765978391,-0.4851451890895877,0.39860577633177235,-0.6440568134650221,-0.24262021411890572,7.795869827270508
-0.15064680682938758,-0.4087321261980477,-0.4287301053442065,-0.4155909405351845,-0.5073940591997594,0.31608173264650397,-0.6320275668442905,-0.24262021411890572,7.776078224182129
0.6756289948967301,-0.40967870116422894,-0.4196029236450131,-0.4158994648072844,-0.6062722025112366,0.36738058897853565,-0.6356773649754494,-0.20175562251601517,7.920032978057861
-0.5147364409872919,-0.4027937628561461,-0.41620361387145133,-0.4155492858587011,-0.5320893941632514,0.4855906826135816,-0.6462475638072318,-0.23722302471791756,7.826459884643555
-0.4796462215049214,-0.40726909248652504,-0.4092893596527168,-0.4150682392055401,-0.49616900513198775,0.47220830752959725,-0.6519900726352328,-0.23876497378792738,7.7409892082214355
-0.1817885694211189,-0.4113569070148621,-0.40795870999783673,-0.41442708311612686,-0.508044792154891,0.4019514232791778,-0.6506470384266353,-0.30969977819173256,7.715195178985596
0.6508526798868386,-0.41259056061242894,-0.4089132709922447,-0.4133370373281489,-0.598846847234255,0.23578812025950566,-0.6325049109842916,-0.2665220791558497,7.853152751922607
-0.03898348136816609,-0.40599245007261237,-0.40197024609447574,-0.4123646930844482,-0.7262629640824104,0.30492978886078964,-0.637787831741397,-0.304302588790744,7.855556964874268
0.10633117015091417,-0.405877463541039,-0.4064833330182853,-0.4120495863133828,-0.7372775651664475,0.25809179512529806,-0.6288417141015992,-0.2750035343528113,7.887044906616211
-0.24204776047333126,-0.40437148662464667,-0.41060563546715195,-0.4117856737859931,-0.8197373007828839,0.2458248483960846,-0.6335311682054123,-0.30353161425573877,7.848655700683594
-0.29247056214958966,-0.4062075309887704,-0.4118496971071921,-0.41175131879050964,-0.8055288493011874,0.20567793584976726,-0.6355792163971424,-0.37369544412453903,7.800370693206787
0.19951152900557748,-0.40851686283598476,-0.40519591987546344,-0.41142524971187877,-0.7962372328084467,0.25028549828698915,-0.62789584938968,-0.37523739319454885,7.850155353546143
-0.4019060014143312,-0.40613580694240026,-0.40507996322982653,-0.41086890475693755,-0.911955309360098,0.2759350328058226,-0.6406211774925219,-0.4068497388934498,7.779973983764648
-1.446043764283179,-0.40949237828383334,-0.4035612807437828,-0.4110546002725166,-0.564740868913898,0.6127222887360724,-0.6712030108708696,-0.48086862526525115,7.503458976745605
0.20001810141460985,-0.4227172889820145,-0.4054128153782404,-0.4110297360247027,-0.5547664983114079,0.6506387699841192,-0.6793949857719116,-0.4423171410953522,7.551445484161377
-0.47033577080081085,-0.4204222335268598,-0.40774163050990203,-0.41108822065042167,-0.5367976755744314,0.7075134918561901,-0.6868865218732714,-0.4785555178322595,7.47076940536499
-0.2810475372169246,-0.42428073635845537,-0.4053404862131218,-0.4109376170726436,-0.6871328647758462,0.6919008981795716,-0.6831429324813775,-0.5656818904390288,7.42698335647583
0.6352937285253738,-0.4263748960665592,-0.4087253761499493,-0.41093176337940857,-0.543954150414958,0.49451219510102556,-0.6708415713782809,-0.5117098126011703,7.556843280792236
0.12035196415536854,-0.4201640725714034,-0.4220618622794541,-0.41101729867013265,-0.5423273594062025,0.5235071638616289,-0.6680484218817567,-0.5147938945691668,7.589833259582519
-0.5457444839562173,-0.41858625757995044,-0.4197474439863821,-0.4116854996127031,-0.5221092428434814,0.7298173794276188,-0.6844458793683135,-0.5625978084710322,7.494165420532227
-0.08871368972502806,-0.42316177281786643,-0.42363850009017157,-0.4124385070402672,-0.5200712716788028,0.6238742325217863,-0.6840844398757248,-0.5371538105361013,7.486964702606201
-0.6547604323367119,-0.4235061622691338,-0.42575032772647736,-0.413424004658203,-0.5272305265188536,0.6428324731458099,-0.693066287519612,-0.5410088670391028,7.371798992156982
-0.9883530701382812,-0.42901420413855257,-0.4194871049882445,-0.41518956036870797,-0.4500088157107979,0.8435666104661247,-0.7090710417600017,-0.6242801831428706,7.195751667022705
0.43323440397716806,-0.4374340370389569,-0.41789597834635855,-0.416510615488205,-0.6225448662809976,0.7588123481882217,-0.701137782589791,-0.5942099703419563,7.284525394439697
-0.47277748618458815,-0.4331882471627006,-0.4225100961198871,-0.4178141362624974,-0.6392896828168981,0.8335300950351813,-0.7113332521103904,-0.6242801831428706,7.206247806549072
0.16790128584423683,-0.43693203713158013,-0.42285739110318,-0.4189568118205897,-0.6267762081572675,0.5078945701850104,-0.6957434234357845,-0.5063126232001821,7.246437072753906
0.09195098503760987,-0.43500990110607407,-0.428411903013974,-0.42037144815308497,-0.6186241764842834,0.8156868573546567,-0.7107621167096543,-0.5888127809409682,7.272828578948975
0.04610110339415611,-0.43374767191864977,-0.43690277204528133,-0.4217480866238144,-0.7451394202962068,0.6863248199338964,-0.7134124551227596,-0.6412429097088165,7.290820598602295
1.1163454071643355,-0.4328871658081127,-0.432621161447996,-0.4226729120364704,-0.44909153083182707,0.4454437700672647,-0.6853872778297214,-0.5602847010380406,7.507655143737793
0.23749886788695285,-0.4225165984866067,-0.4363965368838852,-0.4233696410157897,-0.4771772263951465,0.36738058897853565,-0.6750491061586424,-0.5248172988361383,7.562837600708008
0.9763213056567992,-0.4198773816375658,-0.43445818425314053,-0.4234661444259272,-0.3364535045532416,0.15772472646514066,-0.6599946828806832,-0.4646768732343098,7.760782241821289
-0.19661696714673885,-0.4104102636314665,-0.4331853059377765,-0.42375419123303076,-0.4163581592131405,0.43540704193068497,-0.671086997290518,-0.5394669179690933,7.731990337371826
0.7269718513923039,-0.4117872969045593,-0.43231753994151084,-0.4234975807113802,-0.6414712620321769,0.3740716701677099,-0.6621720344713593,-0.5047704903021955,7.885242938995361
-0.028610032000631967,-0.40445766950898143,-0.42185947860599027,-0.42255595440872834,-0.6250539272475241,0.3250032451339483,-0.6589015408348339,-0.4222703325614094,7.889740943908691
-0.0002629276949465161,-0.40424254298134715,-0.41919799531107244,-0.42170644240865723,-0.7314268055550193,0.2335576889612352,-0.6560994588372873,-0.39605517626349657,7.89993953704834
0.48991149861068184,-0.40375477385455383,-0.40965100547830985,-0.4203948838486777,-0.731566349060724,0.1465727826794263,-0.6368107032758994,-0.43769092622936895,8.008808135986328
0.09891076252004458,-0.3985479045626754,-0.4110396564541531,-0.41890202585489333,-0.7323597516526309,0.1856044795766086,-0.6349991484953839,-0.49551824439820547,8.039396286010742
0.2652854819677603,-0.39708496207410526,-0.4036481907326487,-0.4175678057374654,-0.7527233505562871,0.2458248483960846,-0.6298456400701639,-0.4515693869993418,8.104178428649902
0.8713755507555412,-0.39398662010534286,-0.40343124923358226,-0.41584976304615723,-0.8289552545013312,0.20344750455149682,-0.628984525185018,-0.4238122816314192,8.294623374938965
-0.22130127678381484,-0.3848781907483087,-0.4029393649144863,-0.4139862428269452,-0.7585908682726155,0.23578812025950566,-0.6234695772672094,-0.4338356858983906,8.258634567260742
1.0693468144526288,-0.386599431026764,-0.39768856650275625,-0.4115305406360863,-0.7277512439058396,0.17891339838743436,-0.6055238559144189,-0.4646768732343098,8.494363784790039
0.023826357964374757,-0.3753251863324701,-0.3962132815157837,-0.40875462887167957,-0.7691105210547022,0.27370460150755255,-0.6084151539892501,-0.5510322713060745,8.510557174682617
0.4995058438070712,-0.37455070346610103,-0.3930887995715279,-0.4052586035766226,-0.8016476739775785,0.29154762648244154,-0.6150187777023969,-0.5864996735079766,8.629920959472656
0.10859443799921494,-0.36884187987832207,-0.3839035245587925,-0.4018934424990345,-0.8204545938736252,0.4432135514746302,-0.6183517988460789,-0.5811024841069884,8.665010452270508
0.4109059426248568,-0.36716365122195077,-0.38563928653277096,-0.39808889641898637,-0.8493015503712393,0.20233228890236218,-0.5941951570263088,-0.5371538105361013,8.76698112487793
-0.20675429808519183,-0.36228668973763706,-0.3742699237130453,-0.3944671224950086,-0.7841897444192355,0.2948932734298462,-0.5993040029464168,-0.6104017223728977,8.732192039489746
-0.6306659995451492,-0.36395055077899613,-0.37348890671863255,-0.3912240427702975,-0.6174407508906546,0.30158435461902044,-0.5949223933290582,-0.6574344779117813,8.603232383728027
0.018767814226881237,-0.3701183170405917,-0.3677319191417958,-0.38798754438218236,-0.6110766673387257,0.3740716701677099,-0.596274360038678,-0.6188829937418824,8.618524551391602
-0.5454307436505964,-0.36938693701925907,-0.3660395316687438,-0.3855442621103498,-0.6335812404109956,0.4242553108506066,-0.5998170770905075,-0.6104017223728977,8.50995922088623
-0.2211443050968564,-0.37457930186169663,-0.3611214244184147,-0.3833254194571364,-0.6335987561322831,0.2904324108333061,-0.5988667461280771,-0.6034624000739225,8.47307014465332
-0.5900561224707803,-0.3763435993737121,-0.3627993230602983,-0.38187276201548337,-0.8380526190111934,0.4052970702265829,-0.6105702832603096,-0.6397007768108302,8.356703758239746
1.399915471175384,-0.38190906609170316,-0.36901912530131525,-0.3795969039717077,-0.4168025853813704,0.20790836714803773,-0.585891525862487,-0.6435560171418085,8.66561222076416
-0.017047515988366166,-0.3671348703804503,-0.36828157480040785,-0.37767635208875916,-0.4591584527997051,0.17779818273829934,-0.5944450491890569,-0.7013833353106453,8.673108100891113
-0.04692139404871905,-0.36677636417729004,-0.3735177463921011,-0.37576456795959773,-0.4626919719183996,0.1856044795766086,-0.5931020149804596,-0.703696442743637,8.674009323120117
0.6072118939390891,-0.3667332613322536,-0.3752969288632954,-0.3735230660736751,-0.42652913603942605,0.09081327645649044,-0.5849635261526126,-0.7152617960806182,8.819467544555664
0.12117816612496508,-0.3597764165318957,-0.3809093501024738,-0.3714526417434181,-0.4304820486931239,-0.1043449953237851,-0.5847760525640818,-0.7152617960806182,8.858155250549316
0.3715880291535778,-0.3579260957757122,-0.36601050801011753,-0.36922430020594804,-0.49600486763493284,-0.10769042956555427,-0.577820030792308,-0.6836496342096942,8.95352554321289
0.1593749744081329,-0.35336481131837966,-0.365648977175248,-0.36703689500055725,-0.497395089456256,-0.09207783588893571,-0.5674193316140723,-0.6767103119107193,9.001514434814453
0.23276458399931851,-0.35106964183453443,-0.36560551068174274,-0.365155095357236,-0.5898119574995897,-0.0017474953653576672,-0.5700295827055163,-0.627364448938844,9.066591262817385
1.5628552751601856,-0.34795720591961715,-0.3585899726336974,-0.36227683578841346,-0.35382057748975176,-0.09653848577983991,-0.5551312603295702,-0.5649109159040235,9.43937873840332
0.35555668845124033,-0.33012786230759084,-0.3567240411606502,-0.35973486833873053,-0.5282867527318486,-0.08984740459066566,-0.5498261172528482,-0.6304485309068405,9.537151336669922
-1.1013858565179222,-0.3254516825416373,-0.35212427422942183,-0.3578545239821309,-0.3582165800648,0.08189176396904614,-0.5693290349728948,-0.6427850426068036,9.281928062438965
0.08090564927369594,-0.33765827142152893,-0.3498097409456263,-0.3561891110609371,-0.3643424534335843,-0.011784010796301076,-0.5602089514290391,-0.6466400991098054,9.31312084197998
-0.1786935972294186,-0.33616641125702956,-0.3466710461479385,-0.35468309155633054,-0.350178983586528,-0.06977394831750701,-0.5591916267089408,-0.5996073435709214,9.282822608947754
-0.3109387273595374,-0.3376154878568261,-0.3286912805974107,-0.35357549979945224,-0.3423973916759111,-0.12441823889130785,-0.5503927864030732,-0.5749343201709953,9.221346855163574
0.12387546650471441,-0.3405556948375024,-0.32397564901312426,-0.3522829541187906,-0.34240321985686084,-0.00509292960712683,-0.5452793652995146,-0.5818736424699702,9.262431144714355
-0.1513982465974165,-0.33859075244155545,-0.33628522198495775,-0.35073380140358734,-0.34348894882828135,0.0361689858826892,-0.5424059322267283,-0.5186491349001452,9.238739013671877
-0.07902537226821255,-0.3397238783455134,-0.3347807753504906,-0.3492380061018592,-0.34161539703041605,0.09081327645649044,-0.5397421950620893,-0.46005084219630304,9.232142448425291
-0.38124471795439796,-0.3400393729265898,-0.33624207746547846,-0.3476669148230899,-0.3231913277684211,0.10977151708051408,-0.5379083090290178,-0.49937330090120724,9.154465675354004
-0.5988039036016289,-0.34375442766544495,-0.33920709027430257,-0.34631734794001817,-0.8168392940367464,0.14545777973592722,-0.5378905529599124,-0.5371538105361013,9.026700973510742
0.3663266088490917,-0.3498650427473255,-0.33722557012593385,-0.34445016393187106,-0.8136689602483955,0.2157146639863462,-0.5390371810789566,-0.5248172988361383,9.122675895690918
0.6173987017470177,-0.3452748406140637,-0.3383682559440843,-0.3429573047757171,-0.9103422659295918,0.18671969522574364,-0.5262405019008749,-0.5510322713060745,9.27802562713623
0.38548262193529403,-0.3378449135822582,-0.33868641227802754,-0.34123121151265645,-0.8647777249434616,-0.037433545315134875,-0.5232287239951808,-0.5317566211351131,9.381200790405272
0.6353612962411296,-0.33291034480346726,-0.3424328100515797,-0.3391074274441851,-0.7786449545350793,-0.1534132076519108,-0.5066884554252052,-0.635845720307829,9.545246124267578
-0.19157261880042753,-0.32506453233140525,-0.34859497894194896,-0.3374215544935387,-0.7970997470049886,-0.1824081764125134,-0.5059567528719447,-0.5957521032399431,9.51106071472168
0.13341758674286544,-0.32669952130831137,-0.34396605036322603,-0.3357210566087615,-0.7968390970849601,-0.1790625294651087,-0.5054792997990043,-0.5749343201709953,9.555747985839844
-0.36390303681691344,-0.3245622587551711,-0.33647343880127917,-0.33443873513097827,-0.7640131365508706,-0.09096262023980109,-0.5130957819817381,-0.500915433799194,9.479570388793944
0.19114875433217807,-0.32820561225339434,-0.3314972382374081,-0.3331308345480858,-0.7652630235222757,-0.15898928589758635,-0.5060459689492293,-0.5093967051681787,9.538052558898926
-0.2213363124006345,-0.3254085796966009,-0.32358523250849675,-0.3320824701710919,-0.7951980529928145,-0.14003104527356192,-0.516424336874909,-0.5093967051681787,9.496660232543944
-1.1194906429125835,-0.32738825459936993,-0.32523401549917513,-0.3325730226827271,-0.5857243779633313,0.07966154537641161,-0.5330716865242139,-0.42612538906441083,9.238140106201172
-0.1771529813616852,-0.3397525223525853,-0.32307872136936405,-0.3333742905331318,-0.6024059461637017,0.03393876729005546,-0.5350304097057202,-0.30661569622373563,9.20844841003418
-0.7476968089431777,-0.3411725900535002,-0.32675281297594255,-0.3339518440835389,-0.6100658630987298,0.29935392332075,-0.5546538072566297,-0.3559617430235878,9.044999122619627
-0.19287050716993157,-0.348989895352919,-0.32393218251961897,-0.3346851295863376,-0.6749480291368355,0.20790836714803773,-0.5519008540147062,-0.34285407296064296,9.012306213378906
0.9847932791171803,-0.3505535023695266,-0.32592855946947163,-0.3347648146709354,-0.5368968803967453,-0.12776388583871293,-0.5347716939748889,-0.31355501852271056,9.250133514404297
-0.26730332683472807,-0.3391789124275289,-0.33839714161384243,-0.3348189043772497,-0.535352669014707,-0.20694228257657662,-0.5331117738458754,-0.3343728015916583,9.19915771484375
0.7973889311535924,-0.34161693705492346,-0.3398291900887568,-0.33448844735343175,-0.3951213137239102,-0.17014101697766437,-0.5269097858799181,-0.3821767154935237,9.397994041442873
-0.6309432097588633,-0.3321071723185499,-0.34771244813677843,-0.33443872815676073,-0.3631601738566651,0.08189176396904614,-0.5434500544498937,-0.4214991741984276,9.259135246276855
0.7207126464993544,-0.338748385703403,-0.3492892469345088,-0.3339291639281772,-0.2712526759197244,-0.037433545315134875,-0.5219570408618232,-0.304302588790744,9.441180229187012
-0.0260653152002673,-0.3300417022289942,-0.3378186922780512,-0.3332156294093836,-0.2740245745363045,0.2592070107744327,-0.5257764475794681,-0.34285407296064296,9.44717788696289
0.18201785946449767,-0.3297548516549898,-0.34027728594032153,-0.3320539316730167,-0.46847727111627324,0.18225904533483944,-0.5299438950381681,-0.37523739319454885,9.503262519836426
-0.7595327079657119,-0.32707248634943625,-0.33068728957694776,-0.331544365119694,-0.3709575443477286,0.4064122858757179,-0.5419865404104333,-0.39451322719348675,9.331714630126951
0.6112709084587905,-0.33527712430499207,-0.3373845333021818,-0.33102967251649695,-0.434299824996823,0.1633008047108154,-0.5191416690456823,-0.2657511046208447,9.48916721343994
0.16609533740079496,-0.3277466239681015,-0.3286043936066895,-0.330638546774508,-0.4554428948615898,-0.05639178593915811,-0.5057916105359699,-0.23799399925292247,9.541651725769045
-0.1386134018159185,-0.32523644198531243,-0.3283151229425045,-0.3306992271163749,-0.5783036441070739,-0.2102879295239817,-0.500388318880941,-0.22488651301795454,9.520353317260742
0.2841017523511052,-0.32625508308393564,-0.3256101271577919,-0.3304784419877341,-0.5964422201184151,-0.20917271387484668,-0.49884452126521844,-0.2834848057217963,9.601633071899414
-0.288850009371008,-0.32236770818788707,-0.3338839856955988,-0.3305084218240959,-0.680014632566413,-0.21251836082225176,-0.4972515948938728,-0.11077400957826718,9.543449401855469
0.2943673790654307,-0.32515046435262074,-0.32628995231547286,-0.33014800821130785,-0.7747709510649929,-0.2403981139337197,-0.4924907897148199,-0.056030773377427553,9.627422332763672
-0.20382556477763975,-0.32113428264770144,-0.3237585925233342,-0.3300215307766565,-0.8687427379376899,-0.29504240450752056,-0.48913990356909304,-0.06605417764439862,9.589937210083008
0.047187508692304835,-0.32292708733236003,-0.3247858276550316,-0.32973567387385294,-0.8689488670622648,-0.2548954919612032,-0.4798278801861954,-0.009768992373548478,9.613926887512209
0.08492804553395042,-0.32177973064781845,-0.32086565590003696,-0.32873847235655584,-0.8752267445123202,-0.2615867858560134,-0.485463307934867,-0.01979239664052023,9.647220611572266
-0.21939326359070876,-0.3201873884011866,-0.3236718895177708,-0.327769783765203,-1.0526659817122952,-0.2548954919612032,-0.4842094898035541,0.11282478243512323,9.60583209991455
-0.04241909326576546,-0.3221668808580506,-0.3196218242414439,-0.32639754137624777,-1.1914452898571537,-0.21809422636229098,-0.488894477656856,0.1629418037699803,9.607932090759276
0.05803314959934781,-0.3220664443873944,-0.321429754393528,-0.3248805444532712,-1.2043463128391914,-0.279429810830902,-0.47993049501501356,0.12978750900106986,9.634621620178224
-0.1291855763912218,-0.3207899616136483,-0.3202727177330772,-0.3239900740360987,-1.2055198095664466,-0.4221740106300108,-0.4774051026832823,0.01644598009638743,9.615429878234863
0.1448659934865334,-0.3217078469612816,-0.31866694127301,-0.3228583770587461,-1.2402792581042215,-0.38871839197850366,-0.474464675852828,0.031095599229342092,9.663412094116213
0.19143050051658958,-0.31941299675776985,-0.3206631342377048,-0.3220658827739764,-1.266879861312928,-0.3797968794910594,-0.4664109368517544,0.013361898128391232,9.723097801208496
0.06521905044578641,-0.31655840251797557,-0.32056185040839413,-0.32086471794068694,-1.3181791786555406,-0.49577664818065326,-0.46468424083095156,0.028782491796350125,9.751887321472168
-0.23931550944098173,-0.3151814832735733,-0.3192745982525851,-0.3202213696222345,-1.307074672911756,-0.38202731078932944,-0.4673077817409898,0.0650208685332578,9.705100059509276
0.07999081582611421,-0.31741918229737004,-0.3202002275809457,-0.31951368879667597,-1.3040747893465738,-0.24820441077202898,-0.46656268043619564,0.032637732127328796,9.737488746643066
0.04451183819109505,-0.31587012534167935,-0.31788601627117596,-0.31888496308761527,-1.3078611001974416,-0.26493222009778256,-0.46852151255064123,0.13287159096906606,9.761183738708496
-0.07270117299419912,-0.31473686260329264,-0.3150073384976,-0.31785121667053473,-1.340341405776465,-0.2916967575601155,-0.4667144240206369,0.02492743529334901,9.755786895751951
-0.24768150538530284,-0.3149949779472729,-0.31361880251248037,-0.3173204531454419,-1.2969967876663702,-0.26493222009778256,-0.4684768500455293,0.04651619289730167,9.706901550292969
-0.1843958142227299,-0.3173330222187733,-0.3158753804716023,-0.3169980466933765,-1.284028781987236,-0.23928289828458468,-0.472987763061834,-0.002829670074573605,9.673912048339844
0.8020202131341714,-0.31891081440448826,-0.31431325449019787,-0.31611122844144307,-1.0148373141574196,-0.2548954919612032,-0.455742589441665,0.025698409828353926,9.884151458740234
0.15384109328302203,-0.30885567324684415,-0.31317043068317907,-0.31529680024258583,-1.0142850993612655,-0.28054502648003704,-0.46032496246614885,0.028782491796350125,9.935734748840332
0.2700583109794132,-0.30638859410909164,-0.31343072368502733,-0.3141424277593498,-1.0054046322598325,-0.3206917263207184,-0.45097731801210095,0.13441372386705278,10.017005920410156
-0.08270364280607993,-0.3025016297163292,-0.315788493480881,-0.3132124762968196,-0.9986646860041958,-0.278314595181767,-0.4475461482901119,0.08506767706720061,10.008914947509766
0.2300687657875692,-0.3028885974806564,-0.3173795971246222,-0.3120164351886651,-1.0241959498726037,-0.3073095639423699,-0.4505445274442724,0.014904031026377598,10.08058738708496
0.688198116900625,-0.29946071259613927,-0.3072396231286106,-0.31041609404163406,-0.9258468226128455,-0.2627017887995125,-0.4484786142504975,-0.0036008284375553946,10.270432472229004
-0.14384070319852824,-0.2903809728576531,-0.3047517298299774,-0.30895612994476357,-0.9040104702620044,-0.33518931705383787,-0.44444951162470514,0.02492743529334901,10.246139526367188
0.26838016762651756,-0.2915428339916354,-0.30083197204158757,-0.3071920411446761,-0.915861941298582,-0.4076766326025273,-0.43530263057778235,0.03572181409532534,10.329511642456056
0.09260875284140384,-0.28755538751674026,-0.3012222045610574,-0.3053409443315991,-0.9713929713530164,-0.3909488232767737,-0.4362128742185513,-0.005913752042570146,10.367304801940918
0.2669257925899243,-0.2857478503252598,-0.29776539942571617,-0.3033502074106791,-1.0284411362074732,-0.49466143253151823,-0.42728462158079833,0.018759087529379055,10.451278686523438
-0.9329205532291733,-0.28173162300886423,-0.28860905607902815,-0.3018851219134127,-0.7953441238045638,-0.4489386544451617,-0.42257730247494046,0.04266113639430021,10.216449737548828
-0.25956191861927097,-0.2929628104695978,-0.2897807195595155,-0.30066933214599223,-0.7726861539277053,-0.2883513233183463,-0.44064350365859384,0.021843169497375938,10.162163734436035
-0.7645573493285462,-0.2955591525309834,-0.2857596319455254,-0.3000493776778274,-0.6638429654924947,-0.21251836082225176,-0.450044743118776,0.11590904823109664,9.977420806884766
-0.7541864105315269,-0.30439487087164413,-0.2839368449919576,-0.2999353306235286,-0.577189931574327,-0.15898928589758635,-0.4566260355793668,0.08275456963420934,9.798672676086426
1.2380591705305413,-0.3129438754727291,-0.2798867337193413,-0.29892277885347895,-0.2996740148154812,-0.25043484207029904,-0.44412826838671715,0.07658640569821556,10.120477676391602
0.40844228685927303,-0.2975528757684309,-0.2912126760418511,-0.29770040542472354,-0.3506500239182539,-0.25712592325947325,-0.4433697683303895,0.007964708727402726,10.238941192626951
0.23068222501241042,-0.29188710941421225,-0.2938309228247107,-0.2963566736369734,-0.34095722226343067,-0.3630690701653058,-0.4343344346133072,0.09200699936617548,10.312420845031738
-0.12406122770840133,-0.288372790782241,-0.3027411860229824,-0.2950465785003027,-0.3547736204537903,-0.41771336073910664,-0.42729355408182074,0.05885270459726471,10.293225288391112
-0.8641298301441362,-0.28929085857577913,-0.3113623165459373,-0.29413711961357347,-0.2736485783422401,0.016095742315166858,-0.45780850263543993,0.015675005561382516,10.07998752593994
0.3250547850553814,-0.29948940221468734,-0.29584146663170574,-0.292911826312418,-0.2659651558089367,-0.04077897955690404,-0.4519231827240201,0.05345551519627654,10.176562309265137
0.6095000500958689,-0.2948705104628774,-0.29012789955208496,-0.2917815799723087,-0.3069833232730386,-0.2526652733685691,-0.4291185076138698,0.1035725365311336,10.347810745239258
-0.13176244387970149,-0.2866801945108576,-0.28658393144828587,-0.29082897857602596,-0.3150135010372098,-0.2894665389674813,-0.42984574391661917,0.13903993873303602,10.326519012451172
-0.15132206294127837,-0.28769851632914706,-0.2875097447618042,-0.2901388286085633,-0.41349798763253953,-0.35749299191963063,-0.42791828448869124,0.17913337197294513,10.300125122070312
0.29871595745001783,-0.28896085954526196,-0.2977943310917636,-0.28920524590344643,-0.5460424355740011,-0.4422474669031697,-0.4210379711097291,0.2647177955097046,10.391897201538086
0.5584240308947407,-0.2845716671877415,-0.2931364708469932,-0.2880530609997712,-0.7572343595765022,-0.4032157700059872,-0.4144834761522055,0.2585496315737112,10.55324649810791
0.31933888378637154,-0.27685479835897914,-0.2848770551440654,-0.2871209312566369,-0.7678334150505487,-0.45562973563433595,-0.4086562174974312,0.32100298078055406,10.65281867980957
0.2761040831127757,-0.2720925497373814,-0.28590396830173676,-0.2859131734630556,-0.764734943436724,-0.4489386544451617,-0.41221679955130547,0.2570074986757248,10.741596221923828
-0.44773459401220933,-0.26784657741522017,-0.28717696160782435,-0.28517331359787873,-0.708351746376197,-0.42440444192828086,-0.41160111057839666,0.30789549454558646,10.633023262023926
0.20473518337583455,-0.27303930714946756,-0.28275073867659123,-0.28435670246893896,-0.9642362975470884,-0.4690121107183204,-0.4031279797610282,0.260091580643721,10.70230197906494
0.20529372606225293,-0.2697259070702854,-0.27496876445788043,-0.2835744416860044,-0.9706318917416341,-0.4400171419577174,-0.3996744787864832,0.2354187410717718,10.772184371948242
0.0276789881923678,-0.26638363492664996,-0.2701663378754517,-0.28216710968398734,-1.0380647889304833,-0.3931790418694079,-0.4053990136795001,0.23696069014178164,10.793777465820312
0.30126837911267274,-0.2653508998818721,-0.2658845432930087,-0.28039130419847313,-1.0545386052526753,-0.3541475576778615,-0.39593535564510046,0.24081593047275998,10.890649795532228
-0.5730833774839796,-0.2607177773494787,-0.2711210828550174,-0.2785182757960477,-0.9178811543208014,-0.368644935705345,-0.3932492872279056,0.20457736990787578,10.745790481567385
-0.8988844801223188,-0.26764597814276475,-0.2677797284061294,-0.2767753700192953,-0.7036487260220605,-0.3864879606802336,-0.39219187518614584,0.21614290707283423,10.513662338256836
-1.388992177050272,-0.27874799390281785,-0.2644092583060361,-0.2766905612095624,-0.4657937010178248,0.10085000459306977,-0.42678494618824125,0.11745099730110647,10.155268669128418
0.4138164012313328,-0.2958889235041194,-0.26336781032090695,-0.2766013702664904,-0.4476444871747041,0.24917028263785376,-0.44170102463329286,0.1374978058350493,10.275529861450195
-0.021197647474467438,-0.29013717951720885,-0.25869559923383634,-0.276672279460714,-0.48161166499474467,0.1588399421142757,-0.43504838109746224,0.09971729620015528,10.283331871032717
0.5534025680318834,-0.28976403203017903,-0.2656822516121236,-0.27631039661276924,-0.40663078152459864,-0.07535002656318254,-0.41579524660722456,0.08969389193318386,10.441679954528809
0.5183359038813954,-0.2821907025171095,-0.27687793244298586,-0.27505950793333034,-0.3597657865379874,-0.17237144827593445,-0.41525090870955556,0.08121262056419916,10.593137741088867
-0.4843907323136836,-0.27494691591979464,-0.29416347599724335,-0.27432915857610596,-0.35566557259381126,0.12426910781363391,-0.4352670095066321,0.08121262056419916,10.47617244720459
0.2647546024649505,-0.2805410266448576,-0.288363205912059,-0.2738108184571481,-0.33421267728979903,0.08969827351299134,-0.4305105616451511,0.11976410473409844,10.56044864654541
0.7783258848806339,-0.27651034049049744,-0.28798691026828444,-0.2726966569873698,-0.2419266863088926,-0.1444916951644665,-0.4079021836916147,0.20303542083786594,10.78357982635498
-0.0029718789931961055,-0.2658386233971892,-0.28034968637238983,-0.2714859909450844,-0.2807719014604487,-0.09319305153807075,-0.41418009791626226,0.14135304616602765,10.796774864196776
-0.5568970449840078,-0.2652075430120843,-0.27304478566758067,-0.2708382558438144,-0.355915087464777,0.08523741091645122,-0.43159934637342845,0.1452081026690291,10.65761661529541
-0.006822661122498404,-0.27186307840047313,-0.27868609257651705,-0.2705545958195284,-0.7598005395029137,-0.008438576554531913,-0.42261303247903,0.18144647940593642,10.669611930847168
-0.4139738554014071,-0.27128937725246427,-0.27462140048015343,-0.2707541793269208,-0.720186051764626,0.0361689858826892,-0.4288820142026552,0.12361934506507609,10.57094383239746
-0.6968826808166245,-0.27600838619459694,-0.26385964864371353,-0.2715942005793223,-0.6097103498299672,0.2212905295263858,-0.4515037909077252,0.0650208685332578,10.396995544433594
0.5513422113615444,-0.2843278282358211,-0.26322324398324864,-0.271780621413523,-0.6101666706306706,0.020556392206070653,-0.4449938495223742,0.0650208685332578,10.556548118591309
0.12406427981383046,-0.2766968914282742,-0.2699349305433616,-0.2720211459024731,-0.665976540689355,0.137651270191982,-0.45152612216028115,0.029553466331355385,10.603631973266602
-0.9535595552397392,-0.2744450072353703,-0.2693563892149915,-0.27302639101730525,-0.5450863093686504,0.4933969794518909,-0.46653588293312853,0.011048790695399267,10.359804153442385
-1.8031464003543916,-0.28610658458580107,-0.2741152113150468,-0.2752115970194393,-0.1699953702421708,1.0599135541686944,-0.48907290981142515,-0.07453563284135986,9.897343635559082
0.4996948787567169,-0.3082247296961679,-0.28250484251333263,-0.2772944470805705,-0.2445212330419903,0.7220110825893096,-0.4804926979147273,-0.04677852747343759,10.036205291748049
-0.5166646622508745,-0.3015833794768861,-0.27480952530389596,-0.2793144268955348,-0.2582205542282204,0.5067793545358753,-0.47709279194631665,-0.024418611506503138,9.917137145996094
0.9733956640355522,-0.3072780635070341,-0.27253864249876336,-0.28013762633528794,-0.04746584020923271,0.07966154537641161,-0.45548823102840563,0.011048790695399267,10.175962448120115
0.16879101192996884,-0.2948992000814255,-0.28429860580827415,-0.27994827865446975,-0.034401110486245536,0.03505377023355457,-0.4591558941616093,0.01798811299437414,10.23294448852539
-0.28222008207823185,-0.2921739143767404,-0.30660335645701386,-0.2801990319957765,-0.039281173049057976,-0.08092589210322136,-0.45271741278443733,0.030324624694337176,10.172663688659668
0.6178374893839363,-0.2950569701777017,-0.29990597474291153,-0.2800462501373943,-0.010462208844951687,-0.21140314517311673,-0.435708732575483,0.07350232373021937,10.346007347106934
0.6965471424527534,-0.2867664458124067,-0.30564870347002704,-0.27979913966237,0.013606771601692115,-0.22143987330969606,-0.4327459744924727,0.10434351106613853,10.543051719665527
-0.17381998089356346,-0.2773423850398676,-0.2931654025130407,-0.28000165234111907,0.01089387212031175,-0.05081570769348337,-0.4382698549113038,0.10742759303413507,10.510061264038086
0.007242509681970168,-0.2789202228370587,-0.29041712421998045,-0.27988102627496364,-0.09625134173127435,-0.19356012019822813,-0.4265752502800938,0.14058188780304584,10.525656700134276
-0.3115841301135532,-0.2781743383662853,-0.2933245036781569,-0.28013618034752297,-0.6436603686024777,-0.2437437608811248,-0.41769601746502466,0.11282478243512323,10.455777168273926
-0.06451110115812878,-0.2815164736754918,-0.2849640341273655,-0.28094402720978434,-0.6619298527482881,-0.2403981139337197,-0.4157863141062022,0.11205380790011832,10.452178001403809
-0.4958617305142319,-0.2816886113867802,-0.27546046479181874,-0.2820728136136936,-0.6673510816379945,-0.278314595181767,-0.41198030614009085,0.10974070046712703,10.333714485168455
-0.43490065750650286,-0.28735437774099903,-0.2770516144318494,-0.2831087569092917,-0.8134744242508857,-0.2671626513960526,-0.41216331347811047,0.09432010679916711,10.232643127441406
-0.31558906926366254,-0.29218832760322877,-0.2762994371109053,-0.28434208683376466,-0.8081550513307567,-0.29504240450752056,-0.4112709348393863,0.1374978058350493,10.16366481781006
-0.14943441277695238,-0.29548736006739884,-0.27966976922213016,-0.2853970302226153,-0.8179425217461338,-0.33407410140470284,-0.40742026436816303,0.1822176377689182,10.138175964355469
-0.04635142644573603,-0.2967064179925724,-0.27984335921841486,-0.2860250189893585,-0.9589185645308486,-0.3106549981841391,-0.40906231949513183,0.189927934602898,10.139376640319824
-0.40163437076806396,-0.29664899314400006,-0.28555692629803575,-0.28726274034612737,-1.25358245206685,-0.22590052320060025,-0.41607640252355116,0.20149328793987925,10.048799514770508
-0.5500424078755586,-0.3009810343218055,-0.29043165904743834,-0.2889266793826861,-1.2103742557558672,-0.368644935705345,-0.4200519101432092,0.20149328793987925,9.92103672027588
0.1388438738953653,-0.3070915581807335,-0.2937585246651579,-0.28987927612949055,-1.166259728290744,-0.31288542948240916,-0.43197407568461144,0.1475212101020207,9.969021797180176
0.38946502062546257,-0.3047965711427933,-0.29498786749258255,-0.28943184520475634,-1.0188409127344993,-0.3318436701064328,-0.4245093370863189,0.12130623763208481,10.080892562866213
-0.4842413049904299,-0.2994461169237458,-0.2949299581641982,-0.2895941538442653,-1.0017388651605121,-0.4043309856551222,-0.42508940498807746,0.1359556729370626,9.969621658325195
-0.6366604800856447,-0.3047678815242452,-0.29929854774478354,-0.2898288339389371,-0.9721394105518342,-0.5102741325609546,-0.4231128168045264,0.07812853859620261,9.8208646774292
0.475198794572617,-0.3118824964208794,-0.30546062464257384,-0.2903735017290175,-0.8546155038686012,-0.32738302021552856,-0.4361727868968899,0.048058325795288376,9.952524185180664
0.6598730794871608,-0.30558560407007945,-0.30314627534393607,-0.2906176807079459,-0.7211238559547489,-0.4533994106888837,-0.4318937921083493,0.03649278863033026,10.13277530670166
0.4775940086271631,-0.2969647157824575,-0.29775068061310045,-0.29038227296991337,-0.6683729474286282,-0.5381538856724225,-0.40622004124298444,0.07041824176222317,10.269234657287598
0.8992736733263891,-0.29043826087179675,-0.3031173436778886,-0.2899633619453409,-0.528341080621342,-0.5805311231641921,-0.39834484332941933,0.07041824176222317,10.51785659790039
0.20754606569765033,-0.27854739463036254,-0.31029198289105014,-0.2898558939028989,-0.5796991801631464,-0.4600904918780581,-0.3957926534946209,0.04188997803131842,10.587138175964355
-0.3389783124734103,-0.2752338577167516,-0.3039419651546749,-0.289857356163838,-0.630861709475299,-0.47681840755662963,-0.38612812312015693,0.008735683262407642,10.509461402893066
-0.08123943148887985,-0.27894891245560677,-0.29524834447958836,-0.28991657192002657,-0.618516267072634,-0.5069284856135494,-0.376160323442689,0.04574521836229675,10.501364707946776
-0.43213674239287375,-0.2793361538887914,-0.2886668274185442,-0.29005401747409126,-0.5743735934206381,-0.5883374200025013,-0.3749778563866159,0.00256751932641456,10.39939308166504
0.33161725874636155,-0.2842131609845812,-0.2766756407621009,-0.2899355743380183,-0.6362565186596572,-0.5738399356221999,-0.3745272008167426,-0.009768992373548478,10.50076675415039
-0.4826136023350491,-0.2793647522843869,-0.27333414832434455,-0.28980983384568454,-0.6829402314918199,-0.43555638571399524,-0.3787481343486377,-0.017479289207528267,10.385296821594238
0.16663868648346195,-0.2848873442147227,-0.27708054609789684,-0.28929734277048336,-0.7050523081069003,-0.3563777762704956,-0.38876952903223994,-0.04138115424447255,10.44288158416748
0.10342694325627788,-0.28213323205706087,-0.2774710545951033,-0.28851655122270536,-0.7735877122105969,-0.3140006451315442,-0.3947440650209443,-0.06605417764439862,10.483967781066896
-0.3676372339137942,-0.2801681984381614,-0.2823892078417216,-0.28787979121506635,-0.7784993881970248,-0.18909925760168803,-0.4007720870828437,-0.1084609021452759,10.39939308166504
-0.06117925177473885,-0.2842131609845812,-0.2774998942685718,-0.2872525324164231,-1.0345093898399382,-0.16679558273589482,-0.3950429770063763,-0.11694217351426095,10.396696090698242
0.05543180599027332,-0.284342150239357,-0.28306907899569195,-0.28633575525078053,-1.0602453456733978,-0.30507913264409986,-0.3880422927294906,-0.12850771067921873,10.424887657165527
0.15789471879878952,-0.2829938293905504,-0.2802917310477161,-0.2849722887521995,-1.0619808876642838,-0.44447789820143957,-0.37526347855345366,-0.08764311907632816,10.480369567871094
-0.300362902917403,-0.2803402905379736,-0.27831011890676843,-0.28388810014456545,-1.0430121214917143,-0.3284980231590277,-0.38723466391753975,-0.11694217351426095,10.41378688812256
-0.1255930304441487,-0.2835247469738563,-0.2823892078417216,-0.2831248580527968,-1.091532526920292,-0.43109552311745514,-0.3792121886700446,-0.06065698824341046,10.393996238708496
-0.7384536270665355,-0.28447127632856145,-0.28251928534821164,-0.28253413950445877,-1.0152817737438706,-0.3151158607806792,-0.39463698394161495,-0.09381128301232124,10.21195125579834
-0.8809784611428909,-0.29317795980297023,-0.2811595890365606,-0.28210718488235126,-0.8922880454246943,-0.18463860771078383,-0.4152330437075108,-0.12311052127823056,9.996013641357422
0.2834381823727137,-0.3035056295310828,-0.27848366290676374,-0.28179355199592093,-0.8654652278410759,-0.2615867858560134,-0.41483151689326064,-0.14469927888218323,10.081185340881348
0.3845606824369249,-0.29943211420054355,-0.2816949858454512,-0.2816466098823387,-0.8048095098356984,-0.4087918482516623,-0.40064714100146953,-0.10614779471228428,10.193055152893066
0.025215834431746582,-0.29408170559297236,-0.2826495008435699,-0.281784062410621,-0.8109954315853866,-0.487970244989526,-0.39693928161366515,-0.10614779471228428,10.212847709655762
-0.6630520233790476,-0.29313508501531493,-0.2914296405390622,-0.28291577798588685,-0.7495273096561936,-0.27496894823436185,-0.40585860175039573,-0.12079741384523894,10.053594589233398
-0.14699732865217643,-0.30075169981932587,-0.30184444236437985,-0.28427631763785033,-0.7632134159615553,-0.18129296076337875,-0.4256784053908584,-0.1346758746152118,10.029006004333496
-0.3104025116986974,-0.3019277005109392,-0.2977365597522475,-0.2856090766567087,-0.796489944404111,-0.2314766014462754,-0.4313628529622138,-0.14315732981217338,9.962725639343262
0.4913279431330761,-0.3050976981088574,-0.29234101101770144,-0.2865865411384357,-0.6862156085474963,-0.3151158607806792,-0.42457186459347557,-0.13853111494619014,10.100380897521973
-0.25844529308632513,-0.29851404640700546,-0.291386404027004,-0.28744556015935063,-0.6852259594417587,-0.42440444192828086,-0.41496092922514594,-0.19096105988606196,10.046998977661133
0.23136546113040155,-0.30106714878892593,-0.2990672784015617,-0.2883755069724025,-0.7371314193667983,-0.43667160136313027,-0.40874096732420456,-0.1886481362810472,10.11927604675293
1.1611596495243561,-0.29761034622847954,-0.3002532007317704,-0.2882621852367254,-0.6296898596347482,-0.49577664818065326,-0.3915894760318313,-0.19944251508302352,10.431784629821776
-0.31279872384597157,-0.2826639671944621,-0.3034499428467107,-0.2884588465469787,-0.604693493153736,-0.17794752652160958,-0.42108709986535225,-0.2642089717228584,10.362205505371094
0.0160280495152976,-0.2859917348886564,-0.2968107464387293,-0.28871252673490294,-0.6280705066351888,-0.2013664170365374,-0.41924874758176955,-0.2148631087509831,10.379900932312012
-0.35266519671695457,-0.28514541394722664,-0.29938538873921533,-0.2889545088353139,-0.6026689881036739,-0.21697901071315595,-0.4373328137674677,-0.2403071066859141,10.300125122070312
-0.6681396315000693,-0.28896085954526196,-0.29589942195637947,-0.28958469448057456,-0.6013633186648178,-0.1567588545993159,-0.4508166419266373,-0.23645186635493576,10.138175964355469
-0.7476922809139475,-0.2967064179925724,-0.2808269438714492,-0.2907222614243363,-0.5103453962092493,-0.20359684833480746,-0.45126283124599936,-0.22951272788393778,9.95822525024414
-0.027352437554739345,-0.3053129386651822,-0.28418278715150563,-0.29198044978477533,-0.5214271700314046,-0.12330302324217282,-0.4629441460586151,-0.26729323751883144,9.964224815368652
-0.13960491602276145,-0.30502599686822535,-0.2833293260012507,-0.2931311631285546,-0.5815534694939238,-0.2370524669863146,-0.4587097048422472,-0.2395361321509092,9.941731452941896
-0.7128878561368358,-0.3061017891465634,-0.28717696160782435,-0.294642304033557,-0.5213766403348966,-0.11549672640386394,-0.4770659944432495,-0.2603539152198573,9.774083137512209
0.03328538628932511,-0.3141199217758186,-0.29498786749258255,-0.2956585172678025,-0.5430691455487187,-0.03185746706946013,-0.4788686167227426,-0.24493332155189734,9.795071601867676
0.6508586502370418,-0.31311610440696996,-0.30366699933650065,-0.2957213898387086,-0.7800921985539122,-0.1824081764125134,-0.4614538345160876,-0.1616620054481295,9.970221519470217
-0.7228116528907208,-0.3047391919056971,-0.3033776366797368,-0.2964078690430187,-0.7282132775944542,0.1588399421142757,-0.4825407461064575,-0.25881178232187024,9.799571990966797
-0.2419935956314161,-0.31290086385064514,-0.30446250516208173,-0.29748328873449603,-0.7479364235719126,0.31608173264650397,-0.4860031795820248,-0.30815782912172235,9.751887321472168
-0.6424858812280924,-0.3151814832735733,-0.31254828487243536,-0.29896518442071496,-0.722790072593162,0.21794509528461664,-0.4892246533958664,-0.2811716982888047,9.604931831359863
-0.656438300392842,-0.32220993809161086,-0.31153599853480085,-0.30042002711718957,-0.72458570785497,0.01051966406949172,-0.48334390866789706,-0.2665220791558497,9.45677661895752
1.1912918544889586,-0.3292957721467445,-0.30308841201184106,-0.30108531632394714,-0.3975755763906251,-0.11549672640386394,-0.4576433602994651,-0.2495595364178806,9.756085395812988
-0.37557598849510193,-0.31498070155521307,-0.31131894204501087,-0.30178569746850564,-0.3910882930230259,-0.1534132076519108,-0.465706031801561,-0.24339118865391066,9.675409317016602
0.9977702116674053,-0.31883920438680863,-0.31361880251248037,-0.3021914388456688,-0.2080437945653349,-0.06754351701923694,-0.45787092120965733,-0.30815782912172235,9.933934211730955
-0.6292838331850654,-0.3064747085762122,-0.3207065547349207,-0.30282382369418626,-0.22288415615353122,0.13430583595021284,-0.4729789394937509,-0.3374568835596548,9.78757667541504
0.6333445672830791,-0.3134745649986539,-0.32785217028945596,-0.30321641169711433,-0.1655640497654764,0.07408546713073687,-0.45718823847908063,-0.2942791845237726,9.95822525024414
0.32964916251912524,-0.3053129386651822,-0.31341632684643767,-0.3041353764423178,-0.20882593942818822,-0.08092589210322136,-0.43888107763370143,-0.203297571586025,10.05479907989502
-0.19384145108547574,-0.30069409252484863,-0.31730738295022715,-0.30497392845956267,-0.2811990262728123,-0.2928119732092505,-0.4338927115444563,-0.15472268314915463,10.018207550048828
0.14051474685310716,-0.3024441592562806,-0.30483857082440924,-0.3057364591811447,-0.29389240922016024,-0.3764512325436543,-0.41915506525397384,-0.11617119897925603,10.067089080810549
0.8365451630329895,-0.3001062974306849,-0.31189748337338086,-0.3057496148801189,-0.3191842104633201,-0.4489386544451617,-0.4001875529305739,-0.08610098617834144,10.29472827911377
0.6545071450720366,-0.2892189748892421,-0.30366699933650065,-0.3049169235303267,-0.44321953857327784,-0.427750088875686,-0.39584167331730474,-0.13313392554520198,10.479769706726074
0.21072169652731074,-0.2803689801565217,-0.2990091850880197,-0.3034752318833479,-0.581968367391401,-0.39652468881681296,-0.3921606114325675,-0.1647460874161264,10.54964828491211
0.556024402321718,-0.2770268904587913,-0.30077401671691384,-0.30165045111769767,-0.6633066150917492,-0.4400171419577174,-0.3749199040629097,-0.12311052127823056,10.712801933288574
0.2247985741679971,-0.26922372471700357,-0.29841643090621767,-0.29958734506635404,-0.7652769556779588,-0.4400171419577174,-0.38065337145694894,-0.22565748755295945,10.788076400756836
-0.6740738412965323,-0.2656235652867693,-0.2874372546096725,-0.2975330242043413,-0.7458988269424677,-0.16791079838502984,-0.4061709124873613,-0.3019894813577524,10.61682415008545
-0.07869830233816034,-0.273814063684694,-0.2785125945728112,-0.29554812935296043,-0.7595306490743867,-0.002862498308856774,-0.4154115847950192,-0.30892880365672765,10.609332084655762
0.4227769905933702,-0.27417238744194933,-0.2751423084578757,-0.29367802314767416,-0.7520886897796518,0.0015981515820474167,-0.4087142787540767,-0.32203628989169525,10.73739242553711
-0.07840122692076028,-0.26804763280243776,-0.2672733092595755,-0.29141020288958563,-0.7712096544423093,0.10085000459306977,-0.4239962629422282,-0.2811716982888047,10.729896545410156
0.7334129845916821,-0.268406139005598,-0.26364277613908127,-0.28850342574534044,-0.720316302949575,-0.04077897955690404,-0.41189109006280633,-0.30892880365672765,10.944330215454102
0.9041398291341839,-0.25815039857549865,-0.2719023758271667,-0.2845892135819632,-0.7027328807635729,0.11757802662445926,-0.4229074782139508,-0.30815782912172235,11.210653305053713
0.2692602815210265,-0.24541293772377712,-0.2722637226768785,-0.2800908711810612,-0.7361369452296714,-0.07646524221231717,-0.39550703132778314,-0.32203628989169525,11.302124977111816
0.9957602420202913,-0.24103811298126895,-0.26608729493678795,-0.2755874027302849,-0.6298763546687435,-0.08984740459066566,-0.4009907154920135,-0.28965296965778936,11.60353660583496
-0.011440163765736333,-0.22662246908465258,-0.26644882577165746,-0.27085876469278963,-0.6237169181713267,-0.26047157020687833,-0.3919777130274872,-0.2302837024189427,11.61523151397705
0.5580995166554897,-0.2260631355516558,-0.2561065600947608,-0.26632094124652994,-0.6098371419908117,-0.26493222009778256,-0.38109062827528867,-0.2657511046208447,11.79547882080078
0.4679513452599419,-0.21744242970993885,-0.2432616363103259,-0.2610461847817108,-0.8502014605539026,-0.0608524358300627,-0.38824305613661564,-0.23490991728492594,11.95143222808838
0.432609109023025,-0.20998363061368017,-0.23884990221026134,-0.25582845649351943,-0.9261249626629042,0.03728420153182463,-0.3895102730194621,-0.2757745088878162,12.09868621826172
-1.1037528272359602,-0.20294089940358295,-0.2243126369490641,-0.2516371702919303,-0.44385607372104907,0.3439614857579719,-0.4230502892973697,-0.25341459292088203,11.774184226989746
-0.12798720837916064,-0.21846088836265698,-0.22374858445186238,-0.24741298205684012,-0.43684743370808643,0.42871596074151075,-0.4223988703203713,-0.2757745088878162,11.751090049743652
-0.1852406804074097,-0.21956541587101938,-0.21505514776193363,-0.24340591981093418,-0.439397057800349,0.5971096950594534,-0.426802811190286,-0.3883448794295168,11.71090030670166
0.5792667691115068,-0.22148757470226355,-0.20753342054878143,-0.2394953691117527,-0.5001342807654559,0.4197944482540664,-0.43205435926087365,-0.43846190076437386,11.898947715759276
-0.8266201359029705,-0.21249381259646927,-0.2004312714877515,-0.23660905897117762,-0.34955822629133704,0.5458110514330576,-0.46568370054900504,-0.5279013808041348,11.663816452026367
0.3183906340231026,-0.22373945889516741,-0.21608219890847313,-0.2336255096405172,-0.48752705573919575,0.38856904819519344,-0.45505097421006596,-0.5471772148030727,11.773585319519045
-1.570765265620968,-0.21848953236972873,-0.21719604505315504,-0.2321509252589941,-0.1432911970819561,1.3119465478210404,-0.5160362088121924,-0.6558925288417715,11.317718505859377
-0.4410299720632304,-0.24029231973344786,-0.21913442068204445,-0.23113398205664862,-0.21327835116605767,1.3498630290690876,-0.5267358199758602,-0.5787893766739968,11.205255508422852
-2.1951763405939624,-0.2456710986792336,-0.21006478034092005,-0.23119172160346296,0.11265183539115736,3.1341672282030353,-0.6046940047828514,-0.7476451163145238,10.593137741088867
2.2604094292642465,-0.27494691591979464,-0.22140530348717705,-0.22971055123586565,0.735527174413711,1.691111360301513,-0.5489961571883414,-0.8686969420531859,11.21695041656494
-1.1340340754732565,-0.24511176514623695,-0.21611108457823106,-0.2292960223446324,0.7395081532118641,2.575457163030178,-0.5942709743520598,-0.9033931858921066,10.90744400024414
1.0293024026368744,-0.2599145592530854,-0.23809781688189594,-0.22813141635956136,0.8753878729489057,2.13049611619019,-0.5444629129194808,-0.7499582237475158,11.207651138305664
0.2945689536305334,-0.24555652265094624,-0.2435219753084636,-0.22724899418940223,0.893995281515953,1.8360859913988918,-0.5376361945466529,-0.8262902175523087,11.30632495880127
0.6174232127638413,-0.24083724003995627,-0.27304478566758067,-0.22654642546528284,0.8985527901416449,1.335365651041604,-0.5165671479583279,-0.7892806824524196,11.49886703491211
-0.35095719812997533,-0.23162851104669446,-0.24295792281126205,-0.22628104486510603,0.8650999332814302,1.44465401948357,-0.5307336588480741,-0.8440239186532595,11.410991668701172
-0.05512336734212015,-0.235831334912343,-0.2578856045770868,-0.22675332725158864,0.849250303334802,1.3030250353335957,-0.5360745319288857,-0.8818044282881535,11.40979290008545
-1.5356486594823897,-0.23588866853796292,-0.2434064326294315,-0.22830614840520536,0.8414109723531398,2.5397706876691286,-0.5945476640178752,-0.945028935857979,10.978219985961914
-1.1254184879933238,-0.2565295491562235,-0.23864733455163978,-0.2310308938228065,0.9058963731177524,2.582148031513716,-0.6117660401349769,-0.9542811817619685,10.67771053314209
-0.00579099795257654,-0.2709020445963273,-0.2293609136984619,-0.2341058216760998,0.542038226303371,2.51412136585593,-0.6101866214481042,-0.9411736955270003,10.690009117126465
1.8386330509672106,-0.27031383899887756,-0.23359919579111016,-0.2362851716602597,0.3764799778279353,1.8260492632623126,-0.5652642023430129,-0.9033931858921066,11.204654693603516
0.22005823441007596,-0.24569983390925787,-0.23365701312691564,-0.23748487423261003,0.24302351391074642,1.7847873477724963,-0.5556131796530217,-0.8085565164513575,11.282032012939451
-0.3076840310324486,-0.24199910117393866,-0.2544720359538037,-0.2388081320424726,0.14550449506204466,2.2152503784680926,-0.5770570644854691,-0.8378557547172668,11.208251953125
0.9845724228944549,-0.24552778742092193,-0.2689657887252063,-0.23931257022118196,0.24259066909079002,1.7502163007662181,-0.5501874478124976,-0.8640707271872027,11.503965377807615
0.6028646654471266,-0.2313846720947741,-0.26837262057679956,-0.23980824878269133,0.24079082573216484,1.3810882164223248,-0.5134839100444547,-0.8000752450823728,11.695606231689451
-0.04897718353459475,-0.22221904594654873,-0.24355095297080046,-0.23972928669197607,0.22524113592114292,1.44911488208011,-0.5072372595733855,-0.8733229730911923,11.696208953857422
-0.5703488486632604,-0.22219021949357187,-0.23981899803212725,-0.24029515610330487,0.2627562448195199,1.3074858979301363,-0.5057425907132861,-0.8409398366852634,11.541449546813965
-0.43856121813865845,-0.22959191302159163,-0.24337745496709462,-0.24002757165039298,0.0036911095334729986,1.329789572795929,-0.5206542029078265,-0.8964540474211086,11.427489280700684
-0.7700363139115607,-0.23504230198505688,-0.2291150175352034,-0.2399961435015271,-0.09289257254785781,1.5639793287677508,-0.549973285653839,-1.0121084999308054,11.218148231506348
0.5460782625784759,-0.2450544771320932,-0.21987206317553082,-0.23805659036295646,-0.07975454551287146,1.9074580912984465,-0.5528735162296925,-1.025216078079762,11.388797760009766
0.3820880743496576,-0.2368928051871452,-0.219842993520615,-0.23733136008138864,-0.5069082737828096,1.5037593853595468,-0.5193602974548521,-0.9812673125948862,11.514460563659668
-0.029524477366130016,-0.23088271779887343,-0.2273071333794087,-0.23583629939723885,-0.5112000929349716,1.6085871039106083,-0.5281948677648093,-1.0198188886787736,11.520760536193848
-0.7315093687675825,-0.2305814083869044,-0.2328035059803713,-0.23555994602817032,-0.432487091261052,2.076967041265524,-0.5554793010706253,-1.0745620329656254,11.321019172668455
0.2047869778019936,-0.24013445841421932,-0.24290015147174593,-0.2353442846246645,-0.6150255054685646,2.084773338103833,-0.543387526942737,-1.0629965877146557,11.394795417785645
0.4324891761787196,-0.23660595461314077,-0.2346696214385762,-0.2352558236496925,-0.6575904838593977,1.897421363161867,-0.5268518335562119,-1.0136506328287922,11.53515625
0.42660279160030173,-0.22989290315322705,-0.22860882837009658,-0.23461100144660507,-0.6058875756822218,1.6398122912638455,-0.50882571969422,-1.0005431465938242,11.67551612854004
0.3180044487834465,-0.2231798973047895,-0.22830497688216428,-0.23369568886664072,-0.6474919074111464,1.3465173821216823,-0.4934232556752055,-0.9434868029599922,11.785280227661133
0.7021336079093583,-0.21793019883673212,-0.23793862372420102,-0.23117710829302787,-0.6284864050457525,1.2361135853249459,-0.48662333480544484,-0.9504261252589667,12.01141357421875
1.039777621992455,-0.20711489681625486,-0.23438035077439118,-0.22711229952609008,-0.7078521708227196,1.4312718571052214,-0.4908532008383623,-1.0552861989666875,12.345211029052734
0.12253838188622232,-0.19115033279837648,-0.22761066289331502,-0.22294441879848434,-0.7128058304933959,1.445769447838341,-0.50093265677861,-1.0498890095656994,12.399792671203612
-0.17535598150261789,-0.18853985117935998,-0.2208410210085282,-0.2201268372467895,-0.6750989976405842,1.9431441412482235,-0.5241568326379945,-1.1054032203015447,12.360507011413574
-1.0338350434326824,-0.19041877033113894,-0.21554703208102954,-0.21825234890816408,-0.4091852246099175,2.392565625273479,-0.5609763839863892,-1.2287680615592098,12.051000595092772
0.1912435247791678,-0.20522156443798753,-0.20464048392548415,-0.21601670768969403,-0.5540018008048837,2.3814138941934013,-0.5486793802008646,-1.1570622826203996,12.125375747680664
-0.16069422818833085,-0.20166441662983717,-0.18854123067175074,-0.21458452190118943,-0.5292239443979305,2.13272654748846,-0.5337499030042795,-1.0830433043346104,12.0914888381958
-0.43165485689540795,-0.2032851292146836,-0.1859087250391699,-0.21390534237787934,-0.4848996513814733,1.98663648803631,-0.5203016959162601,-0.9966879062628459,11.974225044250488
-0.27220754041490947,-0.20889351633180622,-0.18780349618568562,-0.2133921352830133,-0.4879224767240906,2.3624558662750137,-0.5449536558110155,-1.0074822850648222,11.90674114227295
-0.6876848017870956,-0.21212107561272547,-0.20273117795151055,-0.2129724849913842,-0.43094420505086845,2.1126530912153014,-0.5497814547477363,-1.0421787127317197,11.71360206604004
-0.9805904299359649,-0.2213583573901066,-0.19914401933194267,-0.2129512903443533,-0.4397257744205986,2.572111303377137,-0.5789444365917357,-1.0676227106666507,11.43618392944336
-0.742711987233438,-0.23462646215627672,-0.2007784054840315,-0.21291107700615647,-0.776751250708389,2.849793831548317,-0.6144476423016607,-1.1747959837213513,11.234644889831545
-0.2710466120307133,-0.2442654898162832,-0.20643410923155744,-0.21344038291978842,-0.8483561970096595,2.3334606848087747,-0.5836650455161878,-1.1778800656893478,11.171661376953123
0.5548988761162628,-0.24727780854087777,-0.2096888986637503,-0.21385563015542586,-0.6427588462379329,1.9977886445276603,-0.5588167884648185,-1.0822723297996053,11.344114303588867
-0.1423295174389772,-0.2390298852943806,-0.21900411319410729,-0.21435057874883523,-0.7390826956778698,1.8260492632623126,-0.5381537349412548,-1.0198188886787736,11.317718505859377
-0.8383660892323463,-0.24029231973344786,-0.23238415780969632,-0.21491205440312902,-0.7496207409558482,1.8182429664240034,-0.5504105424721787,-0.9565942891949601,11.090685844421388
1.966740177433587,-0.25115063337600907,-0.24210450765729638,-0.21426357771006319,0.04791025954659177,1.4636124728132294,-0.5117259502700735,-0.9504261252589667,11.660819053649902
1.1078968921838501,-0.22388281576495528,-0.24514224059969944,-0.21311798576667978,0.2033101825660499,1.445769447838341,-0.5041496643419404,-0.8856594847911554,12.00511074066162
0.1353245816331065,-0.20741634306265266,-0.23682473158322961,-0.2121756248464495,0.198157102752329,1.2673389853838193,-0.4944673778983709,-0.8347714889212934,12.06209945678711
0.5579678330254944,-0.2046907380776339,-0.23809781688189594,-0.21104464388876196,0.16058475474361578,1.2048883979717087,-0.48754697719774737,-0.8787203463201574,12.24924087524414
1.253105643046078,-0.19574030687425714,-0.24904773953836778,-0.20947281566767514,0.10506173640294945,0.9305515167479336,-0.46630385577242506,-0.8301452740553101,12.656222343444824
-0.23796035540642885,-0.17627556378203854,-0.2215498698248354,-0.2088616277909278,0.0007347912587814609,1.5048743883030458,-0.4899207348779767,-0.8895147251221337,12.595937728881836
0.15927738364241611,-0.17915880202890477,-0.2049444734022848,-0.20821899781687955,-0.05122151018436554,1.300794604035326,-0.4709532225545768,-0.89259880709013,12.66341781616211
-2.246670437823197,-0.17593142519389043,-0.2021958731351986,-0.2092074141448458,0.620724137816432,1.6219692662889569,-0.49477522238482535,-0.8864306431541371,11.95503044128418
-0.37694099459469044,-0.2098115385138681,-0.19316992926902654,-0.2096833579955243,0.6379397572491601,1.6598857475370041,-0.4971935336372273,-0.8702388911231957,11.855754852294922
-0.2932608535804804,-0.2145596019663586,-0.17354096676121544,-0.21051898084141238,0.5663804353227085,1.2740300665729931,-0.47986361019028495,-0.8525051900222446,11.78257942199707
1.2377992386687269,-0.21805937053741276,-0.17644853020454954,-0.21032891016671168,0.368777668506952,1.0443009604920759,-0.45220880489085785,-0.8286033249853006,12.169461250305176
-0.8248447258880388,-0.19955593491819737,-0.17319392475751438,-0.21043784976904964,0.32673719920635336,1.3743973479387863,-0.47943528587296763,-0.9103325081910815,11.929534912109377
0.2282633733757914,-0.21103091571937513,-0.20735987654878626,-0.21017538439179442,0.33126677941812854,1.1112124105007253,-0.47396946671078205,-0.8525051900222446,12.014411926269531
0.3497376928128801,-0.20697149433499076,-0.21214799828520428,-0.2091430979109139,0.30930768870830794,0.6205285855743812,-0.43472267160896305,-0.7044674172786419,12.137075424194336
-0.02578404650774267,-0.20110485503945932,-0.21567729357267718,-0.20741555168587075,0.1009451543920177,0.5168160826724547,-0.43538302308698384,-0.773089114249455,12.144872665405272
-0.06747096520166271,-0.20073193560981079,-0.19701774886075787,-0.20520914406248816,0.10258207768783133,1.122364141580804,-0.45891504343282274,-0.8740941314541741,12.139776229858398
-0.8529247126885201,-0.2009756833387787,-0.20858954135023672,-0.20345380790538317,0.1280061773816647,1.658770744593505,-0.49347238443082864,-1.0082534434278039,11.89175033569336
0.038081673407043874,-0.21283804240756973,-0.20449587159153634,-0.20205306421417962,-0.45126447415793003,1.4323872854599924,-0.4787392043908573,-1.0043982030968257,11.918739318847656
0.5080200100919003,-0.21154723763028793,-0.19857973685329394,-0.20017418211851912,-0.42730975778604785,1.1825845104002801,-0.45286469011836744,-0.9581364220929469,12.088489532470703
-0.32658184213262054,-0.20342857730742392,-0.19820367119096668,-0.19794876510292742,-0.42354560229134686,1.1446680291522329,-0.4581386783744503,-0.9704729337929099,12.003615379333496
-0.1010163502804042,-0.20748786185737972,-0.1984494753616463,-0.19715042874861852,-0.7381962641362216,1.1100971948515905,-0.4540783119950796,-1.0136506328287922,11.988319396972656
0.5872537619832483,-0.20821942432461726,-0.21041191433719988,-0.1967161581723369,-0.7929368721468829,0.8457970417643947,-0.4396931726961634,-0.9589073966279518,12.183260917663574
-1.1090018205742513,-0.1988959368571632,-0.20911021934651197,-0.19722133561810298,-0.5605240379925349,1.8137821038274633,-0.486917889473305,-1.043720753715718,11.85486125946045
-1.049946085555396,-0.2146023399195852,-0.20092306381426872,-0.19891817203868434,-0.4692053511708216,1.4401935822983016,-0.4853562268555377,-0.9658467189269266,11.553150177001951
-0.11213252571164438,-0.22903230581973763,-0.20501659558410093,-0.2016509564043422,-0.4744750957574361,1.1312858667738843,-0.461440435764554,-0.9658467189269266,11.53515625
-0.597995203427879,-0.22989290315322705,-0.20575433007016605,-0.20462864971702843,-0.4638554303493466,1.2528413946506993,-0.4710469048823725,-0.9758701231938981,11.37440299987793
0.9394386411458443,-0.23758126480934633,-0.19635218255279838,-0.20707118342284764,-0.3155235330960523,1.2628781227872783,-0.45811634712189436,-0.9650757443919218,11.661420822143556
-0.46085375291763336,-0.22385403492345468,-0.21219109680839418,-0.2080837351928973,-0.30580559952453124,1.5182565506813943,-0.47890423779389285,-0.9905197423268528,11.539652824401855
-0.8017881514293462,-0.22967784504280714,-0.2267428049044706,-0.20939235412019389,-0.3423920660150083,1.6297755631272661,-0.5019365827471747,-1.0414077381967148,11.31892204284668
-0.3078891843043162,-0.2402347580504469,-0.22761066289331502,-0.2107031792249647,-0.3424789735817101,1.3498630290690876,-0.5088480509467759,-0.9997719882308423,11.24484157562256
-0.6717902405912732,-0.24377781191244233,-0.23536388943113604,-0.21339062885202983,-0.33246666515750595,1.45134531337838,-0.5308720036809819,-1.03832356431473,11.06699275970459
0.7467596835120114,-0.2522838048914434,-0.22152084616620904,-0.21494490529236823,-0.28322267687002306,1.3465173821216823,-0.5317018548125493,-1.0560572654156812,11.291926383972168
-1.0434383663235927,-0.24152588210806228,-0.22739379038868274,-0.2174020662570575,-0.29768642994430594,1.570670622662561,-0.5590086193709213,-1.1023191383335482,11.006414413452148
-0.41677997596717625,-0.2551810914729882,-0.23803976956464346,-0.2204082701709488,-0.3822420938364132,1.6253151259419978,-0.5672943855326982,-1.03446841589774,10.903844833374023
1.3038728887860016,-0.2600866969643738,-0.24161271533077924,-0.22251598331752429,-0.061175636023275706,1.3643606198022071,-0.5289979213933096,-1.0414077381967148,11.280228614807127
-0.35571585060326777,-0.24208535247548776,-0.2501904713528078,-0.2248247445571706,-0.08338806405504864,1.198197104076899,-0.5342763758999037,-1.0121084999308054,11.192656517028809
0.8955602002228461,-0.2462736718916954,-0.2393417865293573,-0.22587092832882122,-0.09505611089459245,0.8814830917141719,-0.48750231469263544,-0.9565942891949601,11.462575912475586
0.5374510618412335,-0.2333642101631143,-0.25311220165328435,-0.22656399351920545,-0.06942091165424763,0.8379907449260855,-0.4848877062836196,-0.9188137795600662,11.634424209594728
0.1281052305916086,-0.2251452045925463,-0.2580591945733715,-0.22754143940301916,-0.1605943700305198,0.8502579043609348,-0.48456199679512046,-0.976641097728903,11.68751335144043
0.2823696139630489,-0.22260610493382826,-0.2399059770154273,-0.22807001302381197,-0.18062795460920156,0.885943954310712,-0.4716983238593709,-0.9673888518249134,11.786779403686523
-0.2567373462526604,-0.21785849759610007,-0.24412963228803877,-0.22871190373080358,-0.25420708011229315,0.9182843573130842,-0.474464675852828,-0.9373186390239991,11.724997520446776
-0.23774681543663248,-0.22081334586064597,-0.2311112564961876,-0.22996498231454246,-0.28953160616430584,0.9785047261325602,-0.4746208856877804,-0.9959169317278409,11.669212341308594
0.10738787383523296,-0.22348138916266352,-0.22282290912721234,-0.23030274599357795,-0.5197283038492675,1.1926212385368593,-0.4981931022882201,-1.03061326748075,11.716300964355469
0.24640024953643463,-0.22122927691237848,-0.2202623876875794,-0.22968863824443064,-0.5992081365598333,0.7231260855328087,-0.4756738314790289,-0.9689308008949232,11.80507469177246
-0.22848946220813623,-0.21698348703612227,-0.21547472591405564,-0.22916079459173783,-0.838713191906159,0.6439476887949449,-0.4911075592516217,-1.002085095663834,11.75169277191162
-0.35451842710228526,-0.21953658941804272,-0.21845450353178486,-0.2284626080009576,-0.8390037484065695,0.614952720034342,-0.5058273405400594,-1.03832356431473,11.660819053649902
-0.9211997802569762,-0.22388281576495528,-0.2211450564816183,-0.22909426985559253,-0.8076037681323015,0.6852098169903973,-0.5236570483124982,-1.0853564117676016,11.402295112609863
-0.18005325468888006,-0.2362472659640756,-0.2188739436950386,-0.2295204898601217,-0.9170181320195588,0.5814971013828344,-0.5228985482561704,-1.076104073949624,11.364805221557615
0.16443506408610173,-0.23804029870611546,-0.21459233309775336,-0.22925658546931904,-0.9110165071246407,0.4900515452101218,-0.5165090867016824,-1.1215948804184976,11.427183151245115
0.07160739301787324,-0.23505694326892648,-0.21716697539823943,-0.2287250850019087,-0.9516890221019305,0.5603084294605412,-0.5308720036809819,-1.15320713420341,11.462878227233888
1.3600127944328984,-0.2333497513251496,-0.2215498698248354,-0.22675554505275877,-0.4939882333604638,0.3707260232203044,-0.494913567217733,-1.0668517361316459,11.874954223632812
-0.0014408522936608709,-0.2136413517269156,-0.23401863595436398,-0.22529776853544906,-0.5053112087375307,0.1711071015491251,-0.506407408441818,-1.03446841589774,11.889947891235352
0.1569159408827329,-0.21292424809764263,-0.23582679608789525,-0.2229904788556987,-0.5034769948596447,0.14099691713938708,-0.49682327057655545,-1.0468049275977027,11.952930450439451
0.41975257670620936,-0.20991197498452452,-0.23281827078927636,-0.22008370171145358,-0.4854244021612358,0.0930437077547605,-0.48826092368190244,-0.9858935274608694,12.096287727355955
0.2604246951062253,-0.20305561226629917,-0.23109667567244024,-0.21786046762594433,-0.49532217509190074,0.2246361764737909,-0.48533389560298174,-1.002085095663834,12.192262649536133
-0.42658666603056783,-0.19846541013303728,-0.21122200098652835,-0.2157081566830937,-0.48297271049554813,0.4041818545774479,-0.5010486703589617,-1.079959222366614,12.07559585571289
0.19074702975061614,-0.20404524446604053,-0.21049884732421048,-0.21403251955902153,-0.7053177201493303,0.3071602201590601,-0.49044720777360096,-1.088440585649587,12.149970054626465
-0.06261477899912819,-0.20048814226936648,-0.20746116037809711,-0.2127845554014609,-0.7224990793962819,0.3907994794934639,-0.4942800132427794,-1.1084873022695412,12.146374702453612
0.5527749524239509,-0.20066009753475003,-0.20054695215565202,-0.21121054657503086,-0.7008062164175197,0.3428462701088365,-0.47483951409695024,-1.0398656052987278,12.333216667175291
0.15994158866941724,-0.1917239883349092,-0.195918023576929,-0.20971694350234188,-0.7062754400154607,0.2592070107744327,-0.4750000812494746,-1.0128795663797985,12.399497985839844
0.3847486631867263,-0.18855394512551468,-0.2015449336472758,-0.20773717935031352,-1.062549163015955,0.1766829670891643,-0.4654070108831897,-1.0144216073637973,12.537153244018556
0.3593180132107707,-0.18197029342366267,-0.19795782102399745,-0.20530194765023352,-1.0632366879153592,0.08189176396904614,-0.463461686453217,-1.039094630763723,12.668213844299316
-0.11324335256256444,-0.17570204507993462,-0.1981312270351245,-0.20303047290216655,-1.0312468168128046,0.13096018900280776,-0.4624175642300516,-1.0398656052987278,12.64812469482422
0.08951806571766752,-0.17666285082669922,-0.18911972600383145,-0.20086502020877675,-1.0545446459562713,0.08858305786385631,-0.45084343942970445,-1.03061326748075,12.693405151367188
-0.11496882382054563,-0.17449721793534453,-0.1859229378926017,-0.1986198684823541,-1.041529660528999,0.1287297577045377,-0.44715791129445603,-1.0830433043346104,12.672718048095703
-0.1587566456124481,-0.17548662207770485,-0.1792837414846202,-0.19623800581944503,-1.1260967371702642,0.06404873899415714,-0.44093805832645394,-1.0606834802816638,12.637927055358888
-0.1981771294773618,-0.17715057434201634,-0.1729626094180031,-0.1933414645017741,-1.090339282466836,0.11311716402791916,-0.44719810754905676,-1.1223658549535025,12.59053897857666
0.40619361290574335,-0.17941700859583737,-0.17393152125471117,-0.18999603929738643,-1.0692864851590909,0.2569767921817989,-0.4394298817818817,-1.1246789623864941,12.737194061279297
0.35658266349450085,-0.172402921392812,-0.17174761743287867,-0.18648025488173728,-1.1201554209481568,0.1108867327296495,-0.4208550727046488,-1.088440585649587,12.869458198547363
-0.17540455424460566,-0.16607711136608283,-0.17274536894305542,-0.18315091454768054,-1.090837916999822,-0.002862498308856774,-0.41254697529031586,-1.03061326748075,12.828668594360352
-0.7346303813013135,-0.16802795981587504,-0.17442335957751773,-0.1813707432020014,-0.9368958401728832,-0.18017774511424373,-0.4132743205260045,-0.9874354765308794,12.605231285095217
0.6129915879180177,-0.17871431819305272,-0.17670891519897655,-0.17910731670094782,-0.8647592607692757,-0.13668539832615723,-0.4144031925759433,-0.957365447557942,12.818470001220703
-0.6938214713232919,-0.1685157289426684,-0.16963565180770462,-0.1775091654582168,-0.7567649646474272,-0.10992086086382433,-0.41330111802907166,-0.9596785549909336,12.608537673950195
2.399766032791864,-0.17855618320496672,-0.16325647242383484,-0.1743413898471339,0.09339305858939376,-0.17683231087247456,-0.3991702282104756,-1.0036272285618206,13.39579963684082
-0.22938200354865365,-0.14090372713199018,-0.16522377971877167,-0.17155597338662254,0.10225568553290787,-0.14783734211187158,-0.40498408811371633,-1.0622255212656624,13.334919929504396
0.18292083162572717,-0.14381542694002325,-0.17600029636411646,-0.16829243711956768,0.08937488878576612,-0.15229799200277577,-0.3999555257698705,-1.0876695192005932,13.41439151763916
0.4518332835542551,-0.14001453140290507,-0.16571566403786767,-0.1647912892617453,0.07451143985859568,-0.055276570290023086,-0.402012506462623,-1.1347023666534657,13.586240768432615
0.2496577673205345,-0.13179548022086102,-0.1758408272286849,-0.1610276899751028,0.07165650180605442,-0.05081570769348337,-0.4011646813960714,-1.1640015130053865,13.69031047821045
-0.07593331934113234,-0.12681812787736707,-0.1378707063243447,-0.15774074823406456,0.0797396194582607,-0.15006777341014166,-0.38580241363165774,-1.1277631362684792,13.68161392211914
-0.14306778566152892,-0.12723405892909967,-0.14080697145227902,-0.1546936079880939,0.07703056993323903,-0.21363357647138678,-0.3807114327135945,-1.1439547044714435,13.649521827697754
0.34226219340788605,-0.12876893071568307,-0.1369740086620316,-0.1516486553216841,-0.0406267321543693,-0.31177021383327413,-0.3601956565239608,-1.048346968581701,13.786279678344728
0.3153118398808447,-0.12222819941296256,-0.1286856152967671,-0.14860954937429172,-0.05332431049995698,-0.23816768263544963,-0.3618331364674791,-1.0853564117676016,13.914941787719728
0.36014995306672937,-0.11607466393195047,-0.12366627021341656,-0.1451661619859363,-0.19286147915286328,-0.25043484207029904,-0.3609005615741542,-1.0352394823467332,14.06070041656494
0.6061956985898718,-0.10910345151658056,-0.12408571037667036,-0.14125926345199402,-1.075583437960883,-0.19356012019822813,-0.35564443832011605,-1.0283001600477584,14.29612636566162
1.3068359353993098,-0.09784371127172756,-0.12563353151206397,-0.13609636646191284,-0.8337492963105796,-0.14114626092269733,-0.35057132240409755,-0.9727860412259015,14.790685653686523
-0.03111790941461882,-0.07419037509444378,-0.11903761761243009,-0.13083039751116374,-0.8041780043048363,0.09973500164957066,-0.36098988658437803,-1.0329263749137416,14.798177719116213
0.6792565053582315,-0.07383205133718837,-0.11283216621371324,-0.1247777763451842,-0.7801642102519724,-0.09542327013070488,-0.34871521405140943,-1.0167347147967887,15.07349681854248
0.4847374630617621,-0.06066433743019852,-0.10580213933449968,-0.11858112596380493,-0.780788472925463,-0.03966376390776901,-0.34851880796185625,-1.0676227106666507,15.279236793518066
-0.9593462813952951,-0.05082439121740304,-0.09444740333481072,-0.11356883720098015,-0.47402726962968833,0.13876648584111742,-0.35565783707164966,-1.0622255212656624,14.925642013549805
0.3070638906215381,-0.06773580387032002,-0.07059450957665142,-0.10812520703323046,-0.5118265397047744,-0.07535002656318254,-0.3360165745186954,-1.0144216073637973,15.061800956726074
-0.058030709847633984,-0.061223716574671454,-0.07023316272693952,-0.10214348808725696,-0.48625509822257085,-0.23593725133717958,-0.3396173528271704,-1.001314121128829,15.05910301208496
0.9441142610358214,-0.06135275144092349,-0.056954355944372,-0.09575089706476776,-0.42221405763691877,-0.19021447325082305,-0.34104960311305244,-0.9743279902959113,15.440893173217772
-0.18901170711228146,-0.04309283549329496,-0.04703139244186089,-0.08897890860941221,-0.3771560493489977,-0.19021447325082305,-0.3479209839909922,-1.0051691776318306,15.386600494384766
0.20531157144309614,-0.04568949683501406,-0.06408548266773881,-0.08388107409453717,-0.3922640971099328,-0.3452260451904172,-0.33729719015307547,-1.0213609296627721,15.48707675933838
0.40656851864820714,-0.040884008533951126,-0.05751845443786305,-0.07819473418301563,-0.5944945087543826,-0.2883513233183463,-0.334276479746359,-1.0267581190637598,15.66761875152588
0.2006975813058184,-0.03224920874607931,-0.0576485779406425,-0.07245720816440561,-0.6041341793921997,-0.19021447325082305,-0.3332012027025545,-1.0691647516506488,15.768088340759276
0.6694339292480843,-0.02744403972535023,-0.039234607417955814,-0.06643308830067449,-0.605970571351148,-0.21586400776965683,-0.32400965915051977,-1.0637675622496605,16.057506561279297
0.4643509355197417,-0.013602005753790102,-0.04185317617484133,-0.060148720860858276,-0.6081877293217506,-0.16344993578849015,-0.3328754932140553,-1.0267581190637598,16.26833724975586
0.09589171230279453,-0.0035185854808840104,-0.03700714511003893,-0.053694742775793954,-0.9565844747647455,-0.29392718885838554,-0.32302359818399984,-0.9804963380598813,16.329219818115234
0.00017919459635453404,-0.0006067488384221658,-0.028299495566678195,-0.047110632766099905,-0.9314003348195155,-0.29058154191098046,-0.32872591075740004,-1.0198188886787736,16.35051155090332
-0.9163910412500186,0.00041157297986735704,-0.023453786475902016,-0.0417386533843696,-0.633601906312604,-0.2058272796330775,-0.340197420728929,-1.0051691776318306,15.990018844604492
-0.2644882873317563,-0.01682974748061427,-0.009494970550495805,-0.03689231612733629,-0.7445167313420046,0.10865651413701496,-0.3581163445786523,-1.052202116998691,15.903047561645508
-0.01916026468924873,-0.020989331666797704,0.0006735211449584871,-0.03236984293382917,-0.7587238746797542,-0.09207783588893571,-0.34679657819156456,-1.03061326748075,15.915947914123535
0.7847659403871255,-0.020372345227847494,0.003609924261761167,-0.027595137864901944,-0.6607434433121228,-0.21697901071315595,-0.33130043184475444,-0.9982300391608322,16.254846572875977
0.17930288369009234,-0.004163805423619995,0.0046368374194324805,-0.02379351049488425,-0.6763252214629489,-0.3106549981841391,-0.3233046451673871,-0.9797251796968995,16.350221633911133
0.44074262289417127,0.0003977070910937292,-0.012749943967846346,-0.019510815549052984,-0.6571490693491137,-0.4745879762583596,-0.32539288961371793,-0.9851225529258646,16.55506134033203
1.0937911239441527,0.010194596070328998,-0.01694462157812105,-0.014722236436747393,-0.537748995177974,-0.5682639637293427,-0.3003081391511341,-0.926524076394046,17.03790855407715
1.433085906675089,0.03328777770804386,-0.016322429771088002,-0.008864811995342755,-0.30706530285933853,-0.5113892418572719,-0.29992883465650055,-0.7977621376493812,17.682119369506836
-0.31863473403957643,0.06409851234666457,2.2857634772229102e-05,-0.002439344511483502,-0.26095967422793354,-0.4991221887752406,-0.2929503726992315,-0.792364948248393,17.561552047729492
-0.05031785258878301,0.058332127075884546,0.004622854547447705,0.0036549569031103465,-0.25706579379195027,-0.6050652293282549,-0.2934456907742167,-0.7792572781854482,17.561857223510742
0.9899746925634597,0.05834672274827784,0.014502397552742938,0.010891205070066006,-0.4326774347970375,-0.5414994262670098,-0.28315653892582154,-0.7168039289786049,18.027618408203125
0.2663389734317252,0.08062272917787325,0.03779041088049091,0.017552070993001143,-0.5165138272915207,-0.4812791638003516,-0.28501722246196015,-0.7222011183795931,18.173370361328125
-0.2751199817757069,0.08759362231290972,0.068861088371291,0.024092329447694204,-0.4609263729496778,-0.5314626981304305,-0.28449510688390783,-0.7823415439814215,18.06960105895996
-0.2568638930051024,0.082630637584428,0.06304605347720169,0.030156637077491333,-0.41229157360974655,-0.4823943794494866,-0.2898493787162529,-0.7969909792863991,17.974828720092773
-0.26645835949895325,0.07809795152269103,0.06306077228981723,0.03554032152095245,-0.3587861000180747,-0.5660336387838905,-0.28779697320695086,-0.8262902175523087,17.87615966796875
0.6687522849293853,0.0733788969690822,0.08552471609625197,0.04147816333979412,-0.3417764682585555,-0.6284842261960008,-0.26341266154404913,-0.8208930281513205,18.20396041870117
0.4339975386547637,0.0890566560244322,0.09255442100143974,0.047258817919522696,-0.4421694684203191,-0.48016394815121677,-0.26440318876108027,-0.8648417017222076,18.428895950317383
0.14957486932870534,0.09981467003076595,0.08754956474925772,0.05275510110477843,-0.7388014495083985,-0.4935462168823832,-0.2712701033885088,-0.8579023794232328,18.523069381713867
-0.5441443085806552,0.10431871208543109,0.08297863749149796,0.05753567149063656,-0.6833661455660313,-0.4924311075860661,-0.2755534554946213,-0.8864306431541371,18.290346145629883
-0.7145780316198491,0.09318823476421118,0.07821976939515338,0.061510566320619894,-0.5601985366309834,-0.49020067628779607,-0.2772445304442739,-0.8424817857552732,17.98112678527832
1.1981138286110984,0.0783991697117076,0.094029797980991,0.06775913045244858,-0.4814792496350839,-0.4745879762583596,-0.2646932771784292,-0.8602154868562244,18.55335807800293
0.6272608801175872,0.10576733257046536,0.10487857479702051,0.07500123231263937,-0.43641525676222964,-0.47235765131290747,-0.26742836541830795,-0.7900518408154014,18.873964309692383
-0.3634737844299373,0.12110099864914366,0.10942061638502225,0.08184561547054926,-0.42405272856714366,-0.3853727450310986,-0.28772104694826056,-0.8216640026863254,18.723709106445312
0.538099317471422,0.11391472812335367,0.09819623386955978,0.08854890323389471,-0.4220240771090224,-0.3563777762704956,-0.2821838767108352,-0.8740941314541741,19.00472640991211
0.10693722224934522,0.1273549706008121,0.08328239698685143,0.0952061100173732,-0.4562655811366098,-0.12107280464953868,-0.2970954889053756,-0.9804963380598813,19.08119773864746
-0.5315794804611179,0.13101237243371383,0.11088145853711581,0.10079448077070928,-0.42318296067644107,0.05512722650671363,-0.32201967221543515,-1.018276755780787,18.847570419311523
-0.19088993727428524,0.11983865543302878,0.12634449111554197,0.10504208610347862,-0.43634259313609874,0.013865311016896803,-0.3107578581520536,-0.9874354765308794,18.780397415161133
-0.2660023170988289,0.1166259654933602,0.11909759173169594,0.10746855121214123,-0.42726956802699795,-0.30061827004755975,-0.29331627844233144,-0.9712439083279152,18.67752456665039
-1.1564755548219041,0.11170585555253376,0.13265122634356957,0.10890660231757657,-0.27248580208806805,-0.03854876096426991,-0.31304675707257024,-1.0105664589468073,18.15148162841797
-1.6788103026182553,0.08654674771050082,0.13633948480729044,0.1085088812905568,0.003919140995439125,-0.03854876096426991,-0.3232779565972592,-1.0290712264967516,17.398700714111328
1.9496646390322763,0.050543420172061405,0.12507149780945437,0.10913760235013908,0.29099981269472996,-0.16010450154672098,-0.2989962597631757,-1.002085095663834,18.28553771972656
-0.13855042184757554,0.0929582617010642,0.12183170316761363,0.1093116044276832,0.23003883058890837,-0.14003104527356192,-0.30406948461213346,-1.02290297064677,18.2447509765625
-1.399486549770852,0.09100755008570083,0.11687008342748981,0.10821060330635732,0.3698546388580219,-0.17125623262679981,-0.3147288995212005,-1.0460338611487094,17.617938995361328
-1.017174127011011,0.0610289512194027,0.09149871416658925,0.10628347357392166,0.3340993072498129,-0.27385373258522683,-0.3179013535123582,-1.0321553084647483,17.18426513671875
-0.13866317856664923,0.04028758851900955,0.055191635102648746,0.10450330920246005,0.31272610273075885,-0.10322977967465047,-0.33128703309322083,-1.0606834802816638,17.145885467529297
-0.8350590681063592,0.0384520002696481,0.09796432057828582,0.10108917400710551,0.32577612341024265,-0.20025120138740238,-0.33523574320981175,-1.039094630763723,16.80338478088379
3.43215168870619,0.022071185919703525,0.09599715127221742,0.10076165080412258,1.4248986035146127,-0.3429956138921471,-0.30488157967459545,-1.0213609296627721,18.29453659057617
-0.19898994886533636,0.0933886515907614,0.06576563008566151,0.10003642052255478,1.4239410399356813,-0.4076766326025273,-0.2955204275360747,-1.0406366717477213,18.22555923461914
-0.354573849517759,0.09008966473806765,0.04484927743317324,0.0995348766441146,1.3531641293773737,-0.398755120115083,-0.28722583780621463,-1.0606834802816638,18.08459854125977
-1.289054823433896,0.08334792365960603,0.04299820276160985,0.09839659135594865,1.2768647085935545,-0.3061943482932349,-0.2974167321433636,-1.0745620329656254,17.514169692993164
-0.17535012648889287,0.05606596649092098,0.026479187370596676,0.09572813949739688,0.9755377058261568,-0.36752972005621,-0.295596353794765,-1.0429497791807132,17.458683013916016
0.2085979463232097,0.053412199580963035,0.0983983415652869,0.09255963159347484,0.9875447439899389,-0.3363045327029729,-0.29139764258248657,-1.0691647516506488,17.57415199279785
-0.3296508147034068,0.05893474589982261,0.09507152194385687,0.08945326396761986,0.8652049373067823,-0.26047157020687833,-0.30725969467239667,-1.0676227106666507,17.44938850402832
-1.1688448893608854,0.05296767013363483,0.08827290239673345,0.0844504671148342,0.8894415030206805,-0.08204110775235639,-0.3375827033869739,-1.1015480718845547,16.952436447143555
0.24274567148410695,0.029199894762492476,0.06076077383347949,0.07957052342833078,0.8964727755465148,-0.10657521391641923,-0.3369491494120203,-1.1038611793175466,17.07930564880371
-0.1406133479409152,0.03526768066819398,0.05808461772223555,0.07516503110995754,0.844344988682924,-0.09430826718720578,-0.34207586033417314,-1.1347023666534657,17.040311813354492
0.01807735240393946,0.03340271862814104,0.0636537564530663,0.07099638786790338,-0.612379558108884,0.020556392206070653,-0.3472338350099043,-1.1362444076374636,17.070301055908203
0.0414105732028842,0.03483701710963939,0.05763633788551313,0.06717648339851563,-0.5907820510507551,-0.11884237335126903,-0.34771128808284474,-1.098463989916558,17.110490798950195
-0.31311529583807357,0.03675917594088356,0.03366803943719011,0.06436035945828159,-0.5914480019421909,-0.0006322797162222431,-0.34763089557364324,-1.131618284685469,16.996227264404297
-0.6390344995281428,0.03129428252797749,0.03978701781179058,0.06275856302452898,-0.7903869643525635,0.22017552658288672,-0.3615698455531973,-1.1724828762883595,16.74159812927246
-0.4060905921752937,0.019116109597776553,0.03790632152983838,0.05862575331207161,-0.784375691593412,0.23132725766296475,-0.3655052658511939,-1.1809642395713327,16.59014129638672
-0.554060588414932,0.011872368611937965,0.039352720847052935,0.05407404884821602,-0.8276617787246455,0.2647830890201082,-0.3743041061570616,-1.1902165773893107,16.377511978149414
-1.1981839520956932,0.0017029250948639068,0.04129109647594233,0.049883471692074445,-0.668533175909386,0.5123552200759146,-0.4012316751537393,-1.2387914658261812,15.898844718933104
-0.03174086998346152,-0.021190341442539163,0.03578009705494301,0.046769062793423466,-0.7953127012950657,0.5803818857336999,-0.41680363882630045,-1.2387914658261812,15.906645774841309
2.2357579771269145,-0.02081723956698554,0.023499179771420423,0.04600725971520225,0.10150585806129579,0.23578812025950566,-0.386275400454087,-1.2133474678912501,16.833372116088867
-0.35240026996471097,0.023505393178249425,0.016194325062900673,0.04576526366635628,0.10816629910724404,0.28820197953503607,-0.3899028673326899,-1.1686277278713697,16.704111099243164
0.9067103261475145,0.01732321369016549,0.0059390843655934685,0.04288187572292034,0.21422641668735015,0.27147417020928205,-0.3849769198176622,-1.224141938607215,17.1116886138916
-0.41147903357004756,0.036816463955027225,-0.017147327225610947,0.03978354239564358,0.22698783249814627,0.18337426098397447,-0.3897690976832327,-1.1948427922552942,16.95453453063965
-0.2613599767232805,0.029300240010196363,-0.016771077578125806,0.036807322967592426,0.22462399325101567,0.20790836714803773,-0.39059448256428897,-1.2056371710572704,16.86366844177246
0.6456368272125169,0.024954378555093533,0.02792549469523238,0.03595121916959907,0.22744268535794715,0.12649953911190356,-0.3756650053677038,-1.216431641773235,17.16297149658203
0.4222456977712817,0.039269175477767565,0.02169115762675752,0.035734809200079896,0.21132476965015576,0.47332352317873266,-0.39067029989004,-1.2981608249790162,17.369905471801758
-0.14857461645943792,0.049166227258801806,0.041348867815458365,0.03513166492086775,0.16599927313353668,0.46440201069128795,-0.39514112558468323,-1.3320861861969204,17.326725006103516
-1.1883209785587874,0.04710103083810338,0.03376923127392203,0.03360880733043859,0.16299713695504003,0.7543514855916816,-0.4307738525594329,-1.4199836252526832,16.824668884277344
0.179899513531487,0.023089142846183217,0.029386704817641336,0.033538618805358245,0.15744572279860924,0.6941313294778416,-0.4251830873158732,-1.3737218442488044,16.923643112182617
-0.1525366144811018,0.027822793072185333,0.04382227228292308,0.033052446102323066,-0.46135252611835076,0.5335438919982083,-0.4171070170622437,-1.3513619282818699,16.879863739013672
0.5508279216452613,0.025728952644415073,0.05380282313979254,0.03329223829843407,-0.43363594085175333,0.2525159295852588,-0.387386407501981,-1.2781140164450735,17.138681411743164
-0.033125361634648555,0.038107451178213944,0.051720203147270744,0.033477952411926346,-0.5786316854287827,0.20344750455149682,-0.39349917939065376,-1.2758009090120819,17.146486282348633
0.5394132115718302,0.038480735499672396,0.027505732557952602,0.0341944184268158,-0.5582928840222776,0.14880321397769636,-0.3812736356133083,-1.2889084871610381,17.40440559387207
-0.6698843551696713,0.050816268022863514,0.032279319466912745,0.03452046774516374,-0.48379841484873304,0.4086425044683521,-0.4029985674291429,-1.3174365670639658,17.129981994628906
0.29190982536917365,0.037691383292052655,0.030167813804632924,0.03583202514277366,-0.5442017412590938,0.24470963274694957,-0.38812257630575275,-1.2704037196110936,17.27963638305664
-0.3234951562919504,0.04484891858781835,0.04265074679130397,0.03722035472679885,-0.5744879470224484,0.4878211139118517,-0.3990363496280791,-1.318207633512959,17.1596736907959
-0.09420504256387349,0.03911145099296755,0.043027180423946716,0.039080959723089226,-0.5750870066068529,0.19898685466059302,-0.3911298879609356,-1.308955295694981,17.140785217285156
0.12754475304174293,0.038208070094775205,0.055466784905980726,0.04229846150506065,-0.8754083452874027,0.13542105159934748,-0.374857376555753,-1.3274599713309374,17.2187557220459
0.7454585614730609,0.041937173168308965,0.04223116863918188,0.04634865696156346,-0.7629652182566945,-0.17571709522333953,-0.36480471811857246,-1.3297730787639288,17.568151473999023
0.05822376204620318,0.0586477584913895,0.04944909036069103,0.04825897418030732,-0.7786066105239857,-0.16902601403416528,-0.3494424503541588,-1.3020159733960062,17.61703872680664
-0.16260200442447828,0.06098589398584249,0.04366321711409627,0.05036228194615191,-0.817444473719229,-0.2961576201566556,-0.34913460586770434,-1.2850533387440484,17.56694793701172
-0.5917605234266325,0.05859019680838845,0.04275221460577243,0.05088208432604892,-0.7287779554414769,0.020556392206070653,-0.38097461469493693,-1.3035580143800045,17.324926376342773
0.25000301249313406,0.04701500759393541,0.04651277923646719,0.05210884453762183,-0.7852945106801147,-0.19913598573826774,-0.3661031987549973,-1.2619223563281206,17.457786560058594
-0.8149702031954795,0.05336932479330774,0.063364347800013,0.052728796681047525,-0.737608712991965,0.0540120108575782,-0.3912058142196259,-1.3112683112139842,17.117990493774414
0.03564257203960737,0.037117864589948715,0.06572220958844563,0.052711258848734184,-0.7647688089071168,-0.019590520340246668,-0.383218960043281,-1.2958477175460246,17.155776977539062
0.11848653388905964,0.0389250825010957,0.06330630048276041,0.05236986625185121,-0.77476961594992,-0.04970049204434834,-0.3737329707563254,-1.301244906947013,17.229856491088867
-0.423375863681322,0.04246809075161498,0.05163345414541783,0.05173526825164206,-0.7424209543417196,-0.0207057359893813,-0.38525807573398874,-1.335170268164917,17.066394805908203
0.9802023817065357,0.03465019250300525,0.058041381210177365,0.053417496011266774,-0.540348908084134,-0.3140006451315442,-0.34708209142546304,-1.271945760595092,17.514766693115234
0.5216428849075131,0.05609451927504036,0.041652811295969525,0.05548135295336294,-0.5936220556353103,-0.3452260451904172,-0.33986277873940746,-1.3328571607319253,17.770296096801758
0.40541044210335564,0.0683157494388015,0.04347527627551143,0.058155635257758125,-0.5645531515388823,-0.36083863886703577,-0.32877493058008384,-1.293534610113033,17.976930618286133
0.6385396785498798,0.07819847921629983,0.04704817604535791,0.06096884862454878,-0.5152236083168336,-0.2671626513960526,-0.3287570655780391,-1.3197496744969575,18.29274177551269
-0.3122833542490307,0.09330281079249834,0.03916432004557387,0.06346619968004318,-0.5754381859005765,-0.31177021383327413,-0.34606476670536473,-1.360614266099848,18.170970916748047
0.46791648839834793,0.08747886383871746,0.06078956751065867,0.06592043147337566,-0.5581741393939275,-0.21363357647138678,-0.3485456054649234,-1.3845162230507806,18.41120147705078
-0.41415769501398225,0.09896839470081235,0.07311390529139714,0.06862837135150263,-0.6866920669442356,-0.13110953278611842,-0.36168139288303786,-1.3960816683017505,18.240856170654297
-0.2949351024264659,0.09082127281678143,0.08308001331338759,0.0706951621144339,-0.6428437199204187,-0.21697901071315595,-0.3680842531890595,-1.3960816683017505,18.12749290466309
-0.4101113341112994,0.08539943663743574,0.09831177654859169,0.07265009107788796,-0.5821453632312966,-0.1746018795742049,-0.3778067358872297,-1.4107312874347049,17.961641311645508
0.346793159087969,0.07746723602939587,0.09243869433724997,0.0750948053890504,-0.6412391946781156,-0.35191712637959144,-0.3589418383926479,-1.3953106937667454,18.1436767578125
0.07487444754977536,0.08617346338904236,0.10402515964305502,0.0774912906613512,-0.7950277162530366,-0.3106549981841391,-0.3640864143168455,-1.4222967326856746,18.20186233520508
-0.04906269558247296,0.08895631077672865,0.09580930242621143,0.07903825579699374,-0.8419159844707161,-0.3809120951401944,-0.3582412906600264,-1.3937685608687587,18.202760696411133
-0.09496190592986715,0.08899927678733624,0.09034172350242817,0.080416351879184,-0.8780201493082739,-0.4165981450899716,-0.3437133402776914,-1.4107312874347049,18.182373046875
0.47081091154355487,0.08802419464851184,0.08234260080134842,0.08250579025112854,-0.9323328074524038,-0.49577664818065326,-0.3333172162829062,-1.3829741820667825,18.424095153808597
-0.6912072579502584,0.09958506185942914,0.0911222805339465,0.08445265236965585,-0.8356642916348191,-0.4043309856551222,-0.3514324372892434,-1.425380814653671,18.123584747314453
-0.0815140878302138,0.08521252080784897,0.09392860614425941,0.08604130007865192,-0.9200273860054964,-0.14226126386619645,-0.36711605722458435,-1.4446566486526091,18.109495162963867
-0.24015961246442355,0.08453865685804116,0.09397193464889628,0.08824551082351688,-0.9428928648812088,0.06404873899415714,-0.37923451992260054,-1.4685585136895534,18.022220611572266
-1.7459832387439105,0.08036456822241689,0.09298862597359853,0.08846046550631435,-0.4147427313925311,-0.06196765147919773,-0.38313867646701877,-1.4670164727055552,17.24395751953125
-0.057143162585352805,0.043142502039137554,0.10464702947606228,0.08848826008785453,-0.415821322083018,-0.26381700444864753,-0.3657328267613862,-1.4500538380535972,17.24125862121582
0.6508623055616891,0.04301342156140937,0.09015323070837009,0.089666051993509,-0.34819781205691236,-0.3563777762704956,-0.33680187207809026,-1.3521329947308631,17.549558639526367
0.6110599868789904,0.05775851715082816,0.0894736815284258,0.09047245286800552,-0.2680551027224744,-0.20805749822571165,-0.34226769124027584,-1.3914555453497555,17.8455753326416
0.9865932995368389,0.07191613692641692,0.0852643770981144,0.0918059232570505,-0.1127472239446559,-0.10769042956555427,-0.3450876382398672,-1.4007078831677335,18.317323684692383
-0.30484159104763314,0.09447849220377823,0.04772827718077527,0.0923469179592391,-0.10337309650709565,-0.1043449953237851,-0.35370358014065456,-1.364469414516838,18.198862075805664
0.012379921133787022,0.08881281707251193,0.04759810768170648,0.09218970514799507,-0.14036218305507964,-0.2593563545577433,-0.35836177049088935,-1.41150226196971,18.228248596191406
0.45984192659067585,0.09021828910103354,0.06246760414141048,0.09290763574856288,-0.16755255934425825,-0.4745879762583596,-0.332424837644182,-1.335170268164917,18.465486526489254
0.3856894639379467,0.10156469115072154,0.07674466839333849,0.09354075986413703,-0.15488593245825363,-0.4400171419577174,-0.32260420636770487,-1.3498198872978715,18.67092704772949
-0.1543979727221738,0.1113903153599811,0.0994973769047746,0.09446923279255379,-0.16134642865227283,-0.43555638571399524,-0.31102550638390725,-1.2958477175460246,18.62174224853516
-0.11738693135152978,0.10903794908494499,0.09378390181773259,0.09559727063044975,-0.784134533254015,-0.5102741325609546,-0.3130824870766598,-1.2865953797280465,18.590246200561523
0.1728624373216518,0.10753158447100458,0.09520123148003143,0.09738805905992728,-0.8068227313389358,-0.5147348888046769,-0.30978519593706727,-1.249585936542146,18.696273803710938
0.010321312879898688,0.11260257717519667,0.10664336042962506,0.0988063080370958,-0.8368716962701521,-0.5749551512713349,-0.30879455978709686,-1.2796560574290718,18.725482940673828
0.473027803920604,0.11399956546913968,0.11655188109725716,0.10069213645340211,-0.8618014196416618,-0.6909349199609288,-0.3080539247328139,-1.2758009090120819,18.975482940673828
0.0542933271401397,0.12595634029372485,0.1141796684665247,0.1026998602434519,-1.0828537987971683,-0.5626879918364853,-0.31052583099135017,-1.2202867901902248,19.026386260986328
-0.10443825347045689,0.12839089844892604,0.11266059501202069,0.10469413774213085,-1.134044020381166,-0.5872222043533664,-0.30430151177283693,-1.1593753900533914,19.0004825592041
0.2918206902170866,0.12715199953159287,0.1177743704775578,0.10650371471359636,-1.1295216252350004,-0.6251386856014136,-0.2902644132149759,-1.1354734331024587,19.16643524169922
0.6750029052580732,0.13508903495611285,0.11918314483002385,0.10991002018741958,-1.0598268280861112,-0.7188146730723968,-0.2839284377336828,-1.1508940267704184,19.52094841003418
0.9809789063791325,0.1520443714606384,0.13124079612468428,0.11460179018638668,-0.8781414829380585,-0.6552487636583336,-0.28409804632016883,-1.152436067754417,20.03419303894043
-0.5874058854095018,0.17659137329167765,0.1336958940689584,0.11883889699705551,-0.7522278430553789,-0.5437297512124619,-0.2880914189418717,-1.1593753900533914,19.76040267944336
0.7154009551103341,0.1634967745810829,0.13244654285563454,0.1259136920285175,-0.724598723466578,-0.5336931294287005,-0.2852313846206188,-1.2256839795912131,20.146240234375
-0.4171921785738862,0.18195026563382743,0.14045054116339303,0.1325368925273882,-0.6335034547061716,-0.4389019263085824,-0.2942756508387235,-1.2665485711941038,19.95828437805176
-0.01604379047185723,0.17296088222975126,0.15754892581598587,0.13845188913438683,-0.6312430484455797,-0.5258867262375735,-0.28696254689193285,-1.2572962333761257,19.976058959960938
0.6864134238424004,0.17381098892370792,0.1823030248728217,0.14456014130875172,-0.6003103354246854,-0.39540947316767794,-0.28544554677927747,-1.2796560574290718,20.351354598999023
-0.10211425319410558,0.19176029071821668,0.16909795014220014,0.14945382420376152,-0.5854037323167307,-0.3797968794910594,-0.2836831207543851,-1.2943056765620264,20.324851989746094
-0.12836257721287084,0.19049274779381167,0.18770712891720057,0.1545386239060994,-0.5823709065001446,-0.31623107642981424,-0.2818760322243808,-1.2758009090120819,20.284791946411133
-0.6105112579084754,0.18857679212333467,0.17864190421986093,0.15884692352917076,-0.4750773050905346,-0.23036138579714036,-0.2963682526026263,-1.3020159733960062,19.995635986328125
0.029995197984035184,0.1747473013077376,0.17949918306213783,0.16267749855135788,-0.5364885778799744,-0.2705082983434577,-0.2882252975242682,-1.3467357134158866,20.03689765930176
0.5230931137199167,0.1767207274382634,0.1975999188538498,0.1667216752581445,-0.6663639115700536,-0.21363357647138678,-0.2846111204642595,-1.3320861861969204,20.32996368408203
-0.3266411620388143,0.19073722530639933,0.19632168197076794,0.17053772530998518,-0.7207168527235257,-0.2403981139337197,-0.2871945740526363,-1.322062781929949,20.18719482421875
0.3027341712776411,0.1839090048690073,0.19438956183724015,0.17487403804007884,-0.8176362772263075,-0.4790487325020815,-0.2575051193130127,-1.2611513817931157,20.369125366210938
0.19103272257473397,0.1926102149662686,0.18044339489142552,0.17925806836641633,-0.8611592314401879,-0.6151019574648343,-0.2572330048306478,-1.2704037196110936,20.494728088378903
-1.0720232746980694,0.19861742883153777,0.1824334703496272,0.18227131159052057,-0.5995677865442985,-0.4032157700059872,-0.27168949520480373,-1.2534410849591358,19.96160125732422
-0.1783348045482931,0.17311951894407568,0.19656822208207844,0.18451727930039244,-0.7260153024303612,-0.38871839197850366,-0.2714619342946115,-1.2441886552271693,19.89684295654297
0.4956596561606202,0.17002231726221903,0.1896823935702077,0.18731466584290038,-0.6475962582353109,-0.456744951283471,-0.26709818967929755,-1.1902165773893107,20.17395401000977
0.7219226615872028,0.1832757351330435,0.1984570137109692,0.1911435949497538,-0.5374874225607631,-0.6519032230637465,-0.24857240042474854,-1.1971558077742972,20.571218490600582
0.4260207670674844,0.20227574289396405,0.20451490901321492,0.1951774172682683,-0.5974031534008262,-0.6006044730845328,-0.23602561340941505,-1.1092583687185342,20.821224212646484
0.4316299785681494,0.21423279138740678,0.17880187931447605,0.19897114517457976,-0.5818606696025687,-0.5916829605970885,-0.2383815060875996,-1.1339313002044717,21.07724380493164
0.06845479469925779,0.22647746584994966,0.17567854727745585,0.20167012085845956,-0.6116362540228201,-0.6374057386834452,-0.23876963415031618,-1.153978108738415,21.14138984680176
-0.04036586964393787,0.22954538496406743,0.18904378108785058,0.20505046829468848,-0.6469133883810575,-0.6708614636877701,-0.2366189711297679,-1.177109091154343,21.147117614746094
-0.24107964757840256,0.22981932749029887,0.20820408740272428,0.20724063296547646,-0.6298453574179491,-0.6496728981182942,-0.23959066171380056,-1.1809642395713327,21.044708251953125
0.02708887337592834,0.22492138472691975,0.2202620146751214,0.20999103187984036,-0.6323077254729031,-0.6597096262548737,-0.23780590443635222,-1.1940717258063007,21.086576461791992
-0.5724044891019682,0.22692381975632703,0.2326099945486236,0.21201527991592448,-0.8401944527096007,-0.6407513856308503,-0.24636378508049406,-1.2264549541262182,20.80646324157715
-1.031150037556633,0.2135268169583337,0.23570379696783403,0.21185814614581225,-0.5841872039946454,-0.49800697312610553,-0.2655722570656198,-1.2542120594941406,20.28689384460449
-0.5381639769302087,0.1886773198169433,0.235980050682112,0.21115182994214768,-0.5849326817509132,-0.3441108295412822,-0.27629419948184347,-1.3035580143800045,20.03510093688965
0.9013712881136655,0.1766347954170477,0.23104078513864804,0.21172818392714218,-0.5256663402855655,-0.5638032074856205,-0.25715261232144637,-1.2865953797280465,20.521228790283203
-0.8702127543432796,0.19988488053299047,0.23306011423692297,0.21196533986903204,-0.47906812046386327,-0.4645513544745982,-0.26624154104466297,-1.2889084871610381,20.092924118041992
-0.5046351529773665,0.17940031044376678,0.2195500841074229,0.21153583500805295,-0.5456389572945619,-0.398755120115083,-0.2674462304203527,-1.2981608249790162,19.86070251464844
0.06329105095462792,0.16829382475904353,0.1944909376591296,0.21053290533343605,-0.5463058489033094,-0.4667816794200503,-0.26454153359398797,-1.3058711218129961,19.918533325195312
0.5508374520548035,0.17105970467757228,0.18234681334035296,0.21062249613164558,-0.44005774526313984,-0.49800697312610553,-0.25776394397678326,-1.2997028659630148,20.22394752502441
-0.3228258641578951,0.1856667799399218,0.20579305390371813,0.20992718524322126,-0.4384993790561586,-0.5961437168408107,-0.2514146786768959,-1.2673196376430973,20.08388900756836
-0.8874664143433275,0.17896818731797287,0.18513566036068474,0.20788236326546516,-0.39161071228379307,-0.6206779293576913,-0.25733561965946594,-1.2156605753242418,19.6558837890625
-0.9182874319292281,0.15849793923228514,0.17393547189345926,0.20607840286383916,-0.3467504653620698,-0.5336931294287005,-0.267972703315977,-1.204866104608277,19.22156524658203
-0.1937104359623337,0.13772574317396113,0.17672468688410622,0.2042619400149462,-0.4276464832244278,-0.3931790418694079,-0.28909087865992517,-1.2249129131422198,19.15167808532715
0.2613600349474207,0.1343832429729447,0.19145499857201426,0.20214149892140415,-0.4028533995535178,-0.40210055435685216,-0.2949984208909617,-1.2472728291091544,19.304088592529297
-0.8355249185452119,0.14167259543501234,0.18469989151468555,0.19811210755575148,-0.5962075084541761,-0.48016394815121677,-0.29605594186566064,-1.2596093408091174,18.91824722290039
0.04961779999924666,0.12321892193636286,0.16405694080653116,0.1935915034525385,-0.6294206423657032,-0.41882857638824167,-0.2984206581119283,-1.2688616786270952,18.96674346923828
0.263766250918217,0.12553835672556193,0.14310949466239256,0.1888175818207122,-0.5942639479280964,-0.515849998100994,-0.2894657169040475,-1.2688616786270952,19.118844985961918
0.8784010543119352,0.13281293106933154,0.13973879458085223,0.18499084261815887,-0.41125311579215645,-0.5214259699938512,-0.2729611783381614,-1.2249129131422198,19.571552276611328
-0.3639074683014663,0.15446460761230368,0.14708964557879559,0.1807698044046468,-0.4908422513865146,-0.5381538856724225,-0.2716448326996918,-1.1547491751874086,19.41552734375
-0.7798693481621956,0.147002387655328,0.12848028281863744,0.17591953368893443,-0.4399583898738942,-0.5426146419161448,-0.2855882489297571,-1.1431837299364385,19.054988861083984
-1.4655732403571324,0.12975887784398737,0.1308192861284064,0.16929318084374648,-0.276506851710924,-0.31623107642981424,-0.31559448065685747,-1.1879034699563191,18.368257522583008
1.5059310726263535,0.09691450992621874,0.13815523432857668,0.16512573716710507,0.03349731302950096,-0.36529928875793993,-0.3105347634923726,-1.1647725794543797,19.096858978271484
-1.3306058133000667,0.1317614040963471,0.159989580925381,0.16070720306197706,0.19854988269486099,-0.11884237335126903,-0.3223587804554679,-1.1909875519243156,18.474285125732425
0.17105406286684885,0.10198550263041099,0.1524644039905222,0.1571572287073256,0.1906388886861463,-0.1746018795742049,-0.3262674032503973,-1.182506280555331,18.578800201416016
-0.5148891332649802,0.10698415553330366,0.13507541478135102,0.15188698456123925,0.15526459302811407,-0.19802077008913233,-0.3242951723844182,-1.1416416889524408,18.359224319458008
-0.4077316689858213,0.09648247802337728,0.10195394673031027,0.14725405836019326,0.15501836113584966,-0.23259181709541044,-0.3234787200043843,-1.2017820226402804,18.192365646362305
-0.6150668250708122,0.08850211169643972,0.1370948358722048,0.14254990680039636,0.140745913553277,-0.1444916951644665,-0.32826185643599315,-1.2511279775261444,17.930925369262695
0.029434812906844514,0.07599818160301099,0.10706772219584754,0.1377943552575071,-0.01675454911693337,-0.35749299191963063,-0.30915153302917436,-1.2287680615592098,17.967670440673828
-1.3498363225012964,0.07775559178211586,0.11210854754635864,0.1308449566569813,0.08481219663306426,-0.25712592325947325,-0.32607557234429463,-1.2202867901902248,17.373106002807617
0.4811471635165753,0.04931929937302646,0.10151826987688993,0.12481113798142479,0.16015564246457586,-0.16456515143762518,-0.3182538605039245,-1.2526700185101425,17.608644485473633
-0.16983189151748135,0.06058442177207449,0.09347057509417903,0.11969070002758053,-0.0005422758825400783,-0.2582411389086083,-0.3127791088407166,-1.207950278490262,17.555334091186523
-1.5528379675034614,0.058034740250871214,0.08086115231159308,0.11399156940113489,-0.28809261239389017,-0.09096262023980109,-0.34608263170740955,-1.2927636355780279,16.88361930847168
-1.475422140978784,0.025908570637805026,0.08263338934308442,0.10696921118643585,-0.2509848124959218,-0.1567588545993159,-0.3646931707887319,-1.2927636355780279,16.270906448364258
0.6285427146196518,-0.0033957081639229797,0.053957186687098146,0.100262008562325,-0.13419623551911114,-0.14337647951533186,-0.3605480545825878,-1.3074131627969943,16.552602767944336
-0.3544959638782362,0.010077009684610536,0.06531735024893909,0.0941833642660544,-0.13197304316443415,-0.3586082075687657,-0.3608247442484032,-1.308955295694981,16.42461395263672
-0.04594501749693103,0.003955675905816139,0.0627461576701598,0.08799165860489383,-0.10959984051058141,-0.3619538545161708,-0.3699092067211086,-1.3259179303469388,16.426729202270508
-0.48624077965726176,0.004056842160092148,0.030348947192383065,0.08098515511134784,-0.11348443891134674,-0.22032465766056103,-0.3864538326086561,-1.3259179303469388,16.244577407836914
-0.8742109943186608,-0.004654949799654286,0.0007974351486656679,0.07204458951315529,-0.12599261353463614,-0.21251836082225176,-0.39085777347857076,-1.3259179303469388,15.90387725830078
0.10285198754999965,-0.020949649682478522,0.014383819118608894,0.06363632176790911,-0.1956401737233441,-0.38871839197850366,-0.383633994542004,-1.3374833755979085,15.966216087341309
2.779293334408391,-0.01796816431581485,0.008210841100225116,0.05891339561455931,0.7163016164778143,-0.5191956450483991,-0.35555075599232033,-1.308955295694981,17.117509841918945
-0.3854167579791396,0.03709487640592928,0.008312860870166663,0.05550897782894363,0.7207256778686915,-0.5370386700232874,-0.3552786415099555,-1.2742588680280835,16.971668243408203
0.004276318531794781,0.030119695792127275,-0.00047243040974110517,0.05038673587750188,0.5337262785180673,-0.5113892418572719,-0.3508747006400408,-1.2503569110771509,16.995569229125977
0.6338078770517501,0.03126281060937945,-0.016904604806322606,0.04750494270513795,0.32453665687054817,-0.5303474824812955,-0.3328932492831608,-1.245730788125156,17.292091369628906
1.1873054877506266,0.0454446044673696,-0.01389796535557,0.04569822516285396,0.4001042785320498,-0.49020067628779607,-0.32846261984311825,-1.268090612178102,17.83763313293457
-0.36724893579100165,0.07153628455238148,0.04162962916610003,0.04407641737430889,0.401637811092582,-0.4433626825523047,-0.33247385746686586,-1.2827402313110567,17.693912506103516
-0.17451003083610922,0.06466254386171286,0.03459560060970644,0.042725632327911094,0.41060984314902943,-0.48908546063866104,-0.3217697800526869,-1.3043290808289978,17.638235092163086
0.3812726563466854,0.06199965465650911,0.03574835961524073,0.042485672750579816,0.3528727293742582,-0.5392689949687397,-0.31273444633560465,-1.3020159733960062,17.832487106323242
-0.3227004974055157,0.07129016502664959,0.050049801900563254,0.04185523603348851,0.2445683655339844,-0.4489386544451617,-0.3135331426465331,-1.3128104441119708,17.709047317504883
0.010015373907996651,0.0653863979894677,0.07636161129501874,0.04274125457514677,0.25090398993077956,-0.3630690701653058,-0.31712052220347453,-1.2958477175460246,17.736576080322266
-0.7433539628937502,0.06670301886229514,0.06942987848630325,0.04229045975283064,-0.5204040195011538,-0.3095397825350041,-0.31957902971047725,-1.3112683112139842,17.423715591430664
-2.5770647679371774,0.0517398091935491,0.06674452311717458,0.039236161634949494,0.2861013846939121,-0.38314252643846447,-0.32983691780529406,-1.3243758893629407,16.3023738861084
0.5645604561843449,-0.0018907118942696113,0.07611341531728899,0.038442509630072216,0.3379639338863624,-0.36976015135448004,-0.32288971960160334,-1.3320861861969204,16.558040618896484
-1.054419316519085,0.010337086322068516,0.07015983959945579,0.03811059267005425,0.33288999557167476,-0.44559311385057476,-0.32790041694340444,-1.2966187839950178,16.13474464416504
-0.3034746800879809,-0.00990793229400024,0.07148756848995745,0.036839002188288825,0.06546027467855815,-0.428865304524821,-0.3239204430732352,-1.3051000553640024,16.030960083007812
0.8061524456213583,-0.014871646806101629,0.056398117774229796,0.03673278950499969,0.2280902803031542,-0.4823943794494866,-0.3081520733111209,-1.2796560574290718,16.38104248046875
-0.2242610355205443,0.0018717787798638089,0.0023151287144868023,0.03644515417672961,0.2265538548212491,-0.4400171419577174,-0.3119402162751874,-1.2426466142431711,16.308732986450195
-0.7289756242270578,-0.00158657457077438,0.014646089960902267,0.03591485327473193,0.17158223425417682,-0.3719905826527501,-0.3216002803991402,-1.2187446572922382,16.02703285217285
-1.525620398185567,-0.015059474865212811,-0.005769731070078371,0.03474728789669495,0.276356450331589,-0.32292215761898846,-0.33089432984705375,-1.2341653428741863,15.424908638000488
0.6450158196361029,-0.0438573294463698,-0.01077532326289116,0.034094519735117616,0.38842580289869805,-0.39652468881681296,-0.31337246656106943,-1.191758618373309,15.698431968688965
1.089101407839688,-0.030775501949119148,0.006109362629039639,0.03174682608855834,0.5921102708627484,-0.4823943794494866,-0.2937714002627159,-1.1424126634874454,16.1544189453125
-0.6090068349540102,-0.008966967539395167,0.0026218319723633732,0.02919481344091337,0.04747157913593988,-0.28277524507267116,-0.29830911078208777,-1.1632305384703816,15.924759864807127
-0.3925599278497011,-0.01995089518749126,-0.010964735982737549,0.026246732655799774,-0.014578613665981618,-0.24820441077202898,-0.295618685047321,-1.1632305384703816,15.786182403564451
-0.23156056067622252,-0.026578653186856673,-0.040005551224984705,0.022398808105172106,-0.10970069079230133,-0.22924617014800533,-0.30872767496236825,-1.198697940672284,15.713562965393066
0.012494421726773092,-0.030051830267269215,-0.026813355455401738,0.017282998707019284,-0.11084385490367761,-0.22924617014800533,-0.3124800879223453,-1.183277255090336,15.73898220062256
-0.5920278560347807,-0.028836101979860328,-0.004820827619269485,0.011988693510502996,-0.22273432842862725,-0.04635505780257918,-0.3224926590378644,-1.1956137667902988,15.522037506103516
0.10662707500404034,-0.039211937426870874,-0.015897424056814016,0.006982063162822784,-0.20586134297160646,-0.047470273451714604,-0.32438896364515324,-1.2287680615592098,15.584372520446776
-0.4678622937360465,-0.03623063450611229,-0.022581098876668038,0.0010984435604283972,-0.2346887735530796,0.31496651699736855,-0.3358113448610591,-1.2318522354411947,15.418858528137209
1.6882073238996569,-0.044146688651566734,-0.026083578327406886,-0.002818825634960084,-0.13066080010376066,-0.20917271387484668,-0.3093969589414114,-1.1971558077742972,16.10207176208496
1.1925388336930949,-0.011470581469607112,-0.02485759322911014,-0.005559637324978783,-0.022835136777900687,-0.5816462324605094,-0.2680128995705777,-1.133160325669467,16.61221694946289
-0.5464383847655759,0.01292818306368776,-0.03532096713605923,-0.008048944782938048,-0.0948871396216528,-0.5950285011916756,-0.27322882657001507,-1.0868984527516004,16.402530670166016
-1.1443358757273048,0.0028994965622565136,-0.03231451167046449,-0.008918555315520495,0.021137151405956508,-0.6764374355806272,-0.27274254992899155,-1.0745620329656254,15.945634841918944
-0.28189531675584284,-0.018952505584313824,-0.04029735168508795,-0.010640052569238195,0.012966592484457069,-0.6808981918243495,-0.27401412412940995,-1.0838143707836037,15.85183334350586
0.05464869656095795,-0.02343875916324955,-0.007345563945730937,-0.011225686913007215,0.007659779212897132,-0.6998564324483731,-0.27713744936494455,-1.1084873022695412,15.894500732421877
-0.6644344378494407,-0.021398101716762263,0.017259047170478187,-0.01216386795220619,0.05541392142737734,-0.6786677605260795,-0.2708907988938753,-1.1231369214024958,15.64609146118164
0.4355678530622952,-0.03327879659899749,0.007145751022332214,-0.013482634365988436,0.039778131254750486,-0.7143539168286746,-0.2637741010366379,-1.09075360116859,15.840046882629396
-0.29167237307881283,-0.02400247139796416,-0.014890611277620817,-0.014861895142503806,0.05018069172393619,-0.7288514012089761,-0.262047405015835,-1.1054032203015447,15.742920875549316
-1.4503971377236409,-0.028647726583034484,-0.019414714312747265,-0.01692267645467543,0.24931648055262992,-0.7110082698812695,-0.26567487189443795,-1.1192817729855058,15.181641578674316
-1.2893449812318285,-0.055492087248777966,-0.017356840323935276,-0.018683261872830776,-0.059087789529119965,-0.7076627292866824,-0.26867325104859846,-1.139328581519449,14.702666282653809
1.5782351365480174,-0.07840008629300292,-0.029337769807837224,-0.01962293539457823,0.10492690083277159,-0.722160213666984,-0.2656570068923932,-1.144725770920437,15.31295108795166
-0.31545232592263966,-0.049211934309754055,-0.019983182453733463,-0.02192564998763811,0.10055270730897474,-0.7054324043412301,-0.2574203694862393,-1.1054032203015447,15.209779739379885
-0.2602649481939872,-0.054146320642640085,-0.024667628553790757,-0.023866205088791916,0.015149037522130655,-0.8292184698691335,-0.2579959711374867,-1.1300761517874822,15.12868881225586
0.32344285656532545,-0.05802466446639535,-0.05173846871631451,-0.025117140263014252,0.049807291072696463,-0.8325640104637207,-0.25421676067444254,-1.1362444076374636,15.2730131149292
0.6675010524366632,-0.05112205171127374,-0.07483973710900266,-0.02550953298785195,0.12344661741510507,-0.8292184698691335,-0.2495362390716518,-1.1377865405354506,15.552592277526855
-4.900719481719363,-0.03775059133996869,-0.045405331618157754,-0.030648206195761148,1.7227319903745493,-0.8035691480559356,-0.2599280057488651,-1.1293051772524774,13.630951881408691
-0.976289427912016,-0.12965707738081492,-0.05038134819687108,-0.036041345353434756,1.6642533775096784,-0.7812652604845068,-0.2513031313470554,-1.0498890095656994,13.30961799621582
0.8368337309737272,-0.14502554501585596,-0.05429241268655995,-0.04085255812631873,1.7841586241583032,-0.7054324043412301,-0.24925508315532524,-1.0290712264967516,13.610675811767578
0.6854544092556129,-0.1306268229769205,-0.04733156422663931,-0.04463778446147814,1.8060375976338003,-0.7344272667490153,-0.249540705322163,-1.018276755780787,13.866050720214844
-0.1743351861301234,-0.11841298187230846,-0.03384729201921648,-0.05019466662272982,1.7517838944837159,-0.6217931450068263,-0.2546048887371591,-1.0043982030968257,13.822480201721191
-0.16613392921585107,-0.12049683338678456,-0.12652917125972032,-0.057093948496186,1.5325886477325763,-0.6262539012505487,-0.2546852812463606,-1.0205898632137786,13.78193473815918
-0.21215111402464037,-0.12243600529866215,-0.14202729900697666,-0.06362001906771256,1.5346292898422973,-0.78015015118819,-0.2381895662485576,-1.001314121128829,13.725350379943848
-1.0287495057457472,-0.1251422710177597,-0.1275070983691555,-0.0698657772393606,1.5525580320440093,-0.5827614481096444,-0.2595754987572988,-1.0298422010317567,13.38344669342041
1.3262126373952126,-0.1414945325835849,-0.11519021198730366,-0.07473816784829422,1.7059470564885886,-0.6887044886626588,-0.24154491864479566,-0.9966879062628459,13.853039741516112
-0.09300956518088355,-0.11903525924250133,-0.11729164446219971,-0.07975071000768878,1.6408929399738248,-0.7232754293161189,-0.24292814910799385,-1.0336973494487465,13.838212966918944
1.1160725855051865,-0.1197443808634342,-0.1192471767070441,-0.0831547046907751,-0.04409270520841903,-0.7132387011795396,-0.24442292690103257,-1.0468049275977027,14.249675750732422
0.5157023399362368,-0.10006530944441527,-0.12197627454741461,-0.08652997954613095,-0.21754190568411524,-0.7667677761042054,-0.23159934128694443,-1.0444918201647113,14.45541286468506
0.3580513434528879,-0.09022550006604839,-0.1384664962612486,-0.08930126624195503,-0.2645878695057962,-0.7756893949444676,-0.23243376760196238,-1.0506600760146927,14.606060028076172
-1.0348758443937343,-0.08302048322352834,-0.11581773936390992,-0.09159682528784364,-0.11123033826112216,-0.8091450135959748,-0.23489227510896507,-1.02290297064677,14.239937782287598
-0.12564945507583902,-0.10053104822818998,-0.11653284367557865,-0.09279082062552678,-0.11396070856232883,-0.7712286387007455,-0.23025641601128627,-0.9943747988298542,14.212855339050291
-0.08631255964600573,-0.10182632293014232,-0.09668774460376596,-0.09550365640434987,-0.11808248451341936,-0.8069146886505227,-0.22946218595086904,-1.009024417962809,14.200068473815918
-0.5919056807001406,-0.10243788160342118,-0.08676491909012303,-0.09844201745498549,-0.0729770027755623,-0.8292184698691335,-0.2324203688504288,-1.0036272285618206,14.004380226135254
-0.06549509378669255,-0.1117970828567626,-0.07949911523132401,-0.1011953129943577,-0.23767238696368248,-0.8459462791948871,-0.22280050098107676,-0.9889776094288657,13.999208450317385
-1.0015632694474783,-0.1120444338923526,-0.09715741271507035,-0.10512686306247955,-0.3398523615900288,-0.5816462324605094,-0.24474417013902056,-0.9928328497598444,13.660179138183594
-0.29498401859695206,-0.12825922246882354,-0.09846361534212185,-0.10994692146791289,-0.334645994079256,-0.5214259699938512,-0.2594326876738799,-1.0275291855127535,13.57526683807373
0.36697153694017964,-0.13232033147782848,-0.09908033359071342,-0.1097302743749981,-0.5648073252783314,-0.6385209543325803,-0.2458997307590872,-1.03446841589774,13.719826698303224
-0.7484104391604948,-0.12540645268807823,-0.10851849620269977,-0.1093245655441834,-0.6358897724359389,-0.10099934837638003,-0.26623260854364056,-1.089982626633585,13.476051330566406
0.49591731139276496,-0.13706552140731657,-0.10876793408024386,-0.10919500318065081,-0.5949694146455056,-0.337419535646472,-0.2602537152373643,-1.1023191383335482,13.663825988769531
-0.43566192789929914,-0.1280848041837237,-0.12511952297775522,-0.1100143807492052,-0.7086033825223199,-0.57607036692047,-0.24570343360247332,-1.0838143707836037,13.529918670654297
-0.33087293787007355,-0.1344892027839955,-0.12921489459916438,-0.11096271857384658,-0.7113951759816634,-0.48908546063866104,-0.24662707599477585,-1.0953798160345731,13.43344497680664
-1.0229220677101574,-0.1391032597193251,-0.12224268505575601,-0.11262307983681975,-0.6173285940753864,-0.5058133763172326,-0.24236594620828003,-1.1223658549535025,13.100807189941406
-1.001117927103974,-0.15501236018210895,-0.13400011856934868,-0.11491854821788061,-0.5518297981282047,-0.6563639793074687,-0.2368822620440497,-1.1038611793175466,12.783683776855469
0.9852852434716644,-0.1701794531495988,-0.12494363316699937,-0.11555783056752128,-0.27043822024054054,-0.7154691324778096,-0.21809775705866938,-1.09075360116859,13.12119483947754
-0.5498921021582716,-0.1540372780432845,-0.13140206415754602,-0.1177483671965767,-0.3387280974462208,-0.7098931605849524,-0.21888294568512492,-1.0568283318646743,12.954419136047363
0.40267305225367406,-0.1620136761717902,-0.13605504879563748,-0.11953776543202947,-0.2809481807035711,-0.7623070198604832,-0.21454599857287815,-1.0159636483477952,13.104150772094728
0.05290627762342289,-0.15485244634644985,-0.15209837056143177,-0.12224560999585035,-0.31973748165731414,-0.814720985488832,-0.20906678065915899,-0.9658467189269266,13.138840675354004
0.5081563283135847,-0.15319332889861864,-0.16739342469088292,-0.12499870793239286,-0.3073847851737871,-0.9295855385292908,-0.20527417144458124,-0.9658467189269266,13.326013565063477
-0.8972021959108765,-0.14424139251652632,-0.15111506188613394,-0.12881936096779406,-0.2899956254613774,-0.8504070354386092,-0.20998149055043913,-0.9912907168618577,13.038719177246094
-0.05832637326781411,-0.15798184973052432,-0.1591587549916651,-0.13175346309626662,-0.2941796731846195,-0.8994754604723706,-0.2087321386696374,-0.9928328497598444,13.036285400390623
0.3292737726509839,-0.1580982502178609,-0.15193710757071255,-0.1343136704494928,-0.26336923617587993,-0.9585805072898939,-0.20257034695828086,-0.9835804200278783,13.162585258483888
0.9617991004216473,-0.15205769436346794,-0.15026399254292916,-0.13601478206541148,-0.2660960035691082,-0.9585805072898939,-0.20696971264474504,-1.0121084999308054,13.50222396850586
1.0159519823181813,-0.1358137600536868,-0.14123653079920612,-0.13634417203394955,-0.3689553307040355,-0.7288514012089761,-0.21209195731638666,-1.0429497791807132,13.869255065917969
-0.15693897138032345,-0.11825972731217889,-0.15509291298806588,-0.13675220560393622,-0.44261161392257825,-0.6139867418156992,-0.2158801002804532,-1.079959222366614,13.83182144165039
-0.2591268374219153,-0.12005006897712113,-0.155210295518675,-0.13651258543852407,-0.5013196988018458,-0.8057994730013879,-0.20468527997473956,-1.0575993063996791,13.758478164672852
0.005426909028610936,-0.1235578651679916,-0.14911877692886025,-0.13601776238102994,-0.5061600977322299,-0.6585944106057388,-0.21878033085630677,-1.0614544548166687,13.778257369995115
0.7448809473084274,-0.12261188315100141,-0.13273779640240738,-0.13519429327153287,-0.45419143876620904,-0.7054324043412301,-0.20878573367577172,-1.0745620329656254,14.057637214660645
0.0909208391224573,-0.10924995557822814,-0.11503566445484036,-0.1336526773607251,-0.468728557067584,-0.6864741637172067,-0.2131137482869961,-1.0745620329656254,14.108466148376465
-0.2575928558362135,-0.10681895511817283,-0.11684111080729553,-0.13274981143428763,-0.6598724904214383,-0.7946475292156733,-0.20544824628157846,-1.081501263350612,14.034207344055176
-0.8221557354349622,-0.11037053832622318,-0.12037850144170699,-0.13219265979485365,-0.4728124562870595,-0.752270398076722,-0.20364562400208533,-1.1239079878514895,13.758478164672852
-0.8688735167374717,-0.1235578651679916,-0.11942453839906159,-0.13209918668222692,-0.32590323090186,-0.8024539324068005,-0.19873754148910236,-1.1231369214024958,13.471790313720703
-1.2702106880948887,-0.1372693134831079,-0.1059498794161282,-0.13221492614664282,-0.26681515365884373,-0.704317188692095,-0.21138705226619328,-1.1323892592204738,13.053327560424805
0.029535151034546556,-0.1572831731376479,-0.10349836918242912,-0.1314923367687745,-0.5059523932615182,-0.7935324199193563,-0.20438625905636826,-1.1161976910175095,13.080110549926758
0.14990548053770852,-0.15600222043923156,-0.10707991625468723,-0.131429282868213,-0.47793231662193236,-0.6340601980888579,-0.22056508813375514,-1.153978108738415,13.147061347961426
-0.43897427731208666,-0.15280015797352434,-0.12037850144170699,-0.13127646613874322,-0.4720093876262104,-0.6697462480386351,-0.21771845256403588,-1.1948427922552942,13.017108917236328
-0.46578927105285284,-0.1590154057818743,-0.13420562999049335,-0.13182397243535263,-0.481416906017365,-0.6664007074440482,-0.22714191434383474,-1.2449597216761628,12.87954807281494
0.2281862109305164,-0.16559454194757967,-0.15438834182667516,-0.1322327243497435,-0.6425572208511642,-0.7478096418329997,-0.21893654069125923,-1.2156605753242418,12.971158981323242
0.01989878961884472,-0.16121305792954188,-0.15309658203450277,-0.13304062700574498,-0.6549490850567007,-0.786841232377364,-0.21197147748552375,-1.204095130073272,12.994588851928713
0.7496864678328348,-0.16009247518154676,-0.14986750452809772,-0.13250202446016424,-0.44204200917183867,-0.8403704136548478,-0.18547234173910263,-1.1593753900533914,13.259669303894045
-0.17352202845457956,-0.1474144460833518,-0.15613518890640468,-0.13205838518501956,-0.5010538543931286,-0.8537526823860143,-0.1841739700356171,-1.170169768855368,13.218278884887695
-0.4603770942058579,-0.1493940297631684,-0.16276983168173323,-0.13225868936155527,-0.5737491832602248,-0.873826032306355,-0.1864985989602233,-1.224141938607215,13.080414772033691
-0.9596677674236517,-0.15598767037831449,-0.15835138212341263,-0.13402508430290133,-0.6963063838968087,-0.2928119732092505,-0.22150659552810242,-1.2387914658261812,12.77759838104248
0.5463842361386435,-0.1704704999794163,-0.15722134528485351,-0.13621212219950293,-0.6114883634056658,-0.6619399512003259,-0.2000270896245048,-1.2256839795912131,12.97206974029541
-2.209502028217333,-0.16116949896974314,-0.14443635466553767,-0.1400468654790255,-0.014005111918839436,-0.37756644819278934,-0.2267805837841853,-1.2372494248421828,12.258700370788574
-1.098539653066303,-0.1952878866415413,-0.14643263962281147,-0.1445003427386475,0.052801875055700435,-0.26047157020687833,-0.24387401381991303,-1.2518990439751376,11.93153476715088
-0.20315409855988395,-0.21093526845372285,-0.15308190921817663,-0.14911478261379799,0.05495776984765704,-0.5493057231053191,-0.226160319627826,-1.2380204912911763,11.885282516479492
0.7671165853651399,-0.21314737943935508,-0.16768692701369492,-0.1538063759325879,0.15705102055499662,-0.6139867418156992,-0.21389457959587976,-1.241875639708166,12.133011817932127
0.6834643168355291,-0.20129920553967134,-0.15830745566701307,-0.15806843881826788,0.246362854199623,-0.7154691324778096,-0.19792991267715154,-1.241875639708166,12.36004638671875
-0.11574315953662266,-0.19044080067415756,-0.19271369207423386,-0.1621991818376013,0.1337672362287169,-0.7009716480975081,-0.19778721052667197,-1.241875639708166,12.339658737182615
0.2316738826660989,-0.19141588281298202,-0.20849308713131545,-0.16544116079831434,0.16375536001659466,-0.6998564324483731,-0.18871168055498896,-1.2318522354411947,12.428525924682615
0.7967225437918132,-0.18716562301205528,-0.21072386117207073,-0.1673299555818041,0.2684510031244404,-0.7009716480975081,-0.19349928323710902,-1.2688616786270952,12.69695281982422
1.1645204941533958,-0.17432754324377245,-0.198775727042528,-0.1672401857786783,0.33490505092234507,-0.6898197043117937,-0.1811130633742999,-1.2650065302101055,13.090153694152832
1.1042799838318917,-0.15552188598306355,-0.1878257123934772,-0.16627650235076274,0.41660720523451034,-0.7110082698812695,-0.1713995131771521,-1.2596093408091174,13.475440979003906
-0.3603715083220668,-0.13709471275210314,-0.18880902106877503,-0.16573493343799853,-0.21674743452416062,-0.6028349043828028,-0.18463355810651277,-1.2873663542630516,13.36922836303711
0.5056574859083446,-0.14217455408268367,-0.1845229028351262,-0.16441439324822804,-0.5678753510554594,-0.7032019730429603,-0.16612105867055801,-1.293534610113033,13.558832168579102
0.3419275360960852,-0.1331063540476835,-0.1715765112362228,-0.1624276525539447,-0.6581369033874267,-0.7857260167282288,-0.14916150721722676,-1.200239981656282,13.694565773010254
0.8849566422532917,-0.1266146094704331,-0.15261219511058283,-0.159868196091471,-0.6430710195119499,-0.8069146886505227,-0.14276311316171628,-1.1855903625233275,14.02112102508545
-0.22564991191858003,-0.11099641900303804,-0.1340295561945798,-0.1575179359328658,-0.5540082809716517,-0.7879564480264989,-0.1411300994687092,-1.1763380247053492,13.958732604980469
0.392278777072181,-0.11398027616646554,-0.13915225494026506,-0.1554295715904187,-0.6170336869286991,-0.8069146886505227,-0.13370544819207805,-1.1940717258063007,14.116375923156738
-0.3934190781457382,-0.10644065353432919,-0.1300075486548013,-0.15354050946192413,-0.49169485987492906,-0.754500723022174,-0.13553486797463832,-1.15320713420341,13.993226051330566
-0.37755219903708725,-0.11233055468273744,-0.12346103477000844,-0.1515991709236694,-0.42984611900025976,-0.814720985488832,-0.12330474901384234,-1.0861274782165953,13.87680721282959
0.1023948218195171,-0.11789853003192113,-0.10771107733815788,-0.14878746863734052,-0.5754675403906492,-0.8191817417325541,-0.12231868804732242,-1.068393777115644,13.931038856506348
-0.9901197289458011,-0.11530478782468061,-0.11072010859596042,-0.14726233745200124,-0.5471988300504151,-0.7946475292156733,-0.11169042795889447,-1.0460338611487094,13.597722053527832
-1.3783265434138046,-0.13124636365853953,-0.10311687595794977,-0.14511916040935727,-0.27606487505944105,-0.7901867729719512,-0.10767025783412448,-1.0529731834476843,13.137892723083496
0.47343368602642566,-0.15323866670599032,-0.1090564688037982,-0.14175056220490342,-0.28184866594549896,-0.761191910564166,-0.11051700233678305,-1.1131135171355244,13.313429832458496
-0.17022408564295644,-0.1448432359453685,-0.11467141983889485,-0.13836779471519628,-0.3171204902573059,-0.8303336855182685,-0.09546704530933496,-1.048346968581701,13.272990226745604
0.8250446246659121,-0.14677734498338474,-0.11205579484453237,-0.13486676774381082,-0.33605348185115247,-0.7667677761042054,-0.09660038360978496,-1.036010456881738,13.569232940673828
-0.34077102687424654,-0.13260891528792962,-0.12813186596839626,-0.13216337040602597,-0.33237124927422584,-0.7277361855598411,-0.09406148359358081,-1.052202116998691,13.469057083129885
0.09986004206446132,-0.13740003597398023,-0.1503097128546162,-0.1292840809777502,-0.3734287971800564,-0.6775526512297622,-0.11138258347244007,-0.9889776094288657,13.520825386047363
0.019272847087045315,-0.1349241082098394,-0.14184345183815053,-0.1265624111900736,-0.37247082291663225,-0.6496728981182942,-0.1131138546766934,-0.9912907168618577,13.545032501220703
0.2162104822480965,-0.1337663521087177,-0.143793878494869,-0.12427029508289875,-0.3605101184902728,-0.6585944106057388,-0.1132388007580675,-1.0005431465938242,13.63724422454834
-0.3781217900056042,-0.1293561328606557,-0.1295059131223475,-0.12321372437662773,-0.36058385032191864,-0.6039501200319379,-0.09996466850704538,-0.9049353187900933,13.523589134216309
0.26109270147762415,-0.13479192615172764,-0.1343374553559813,-0.12283423395419449,-0.47032635146052815,-0.5649184231347554,-0.10949967761668478,-0.913416590159078,13.631118774414062
0.5338555735553691,-0.12964909537247482,-0.13184063877720006,-0.1217007167060702,-0.8569089948011558,-0.5983741481390807,-0.0988892825303016,-0.913416590159078,13.834229469299316
-0.2118044075132634,-0.11993489999964281,-0.1306731149627608,-0.12116754940067355,-0.8609743441127485,-0.40098555141335307,-0.1146799835449719,-0.8825754028231588,13.777552604675291
0.03540325022958773,-0.12264559003193468,-0.1262256877421034,-0.12089132389225944,-0.879164290069274,-0.4032157700059872,-0.11045894108013754,-0.9057062933250982,13.807881355285645
-0.1737920791021419,-0.12119505386489869,-0.13170734153045047,-0.1215164299824294,-1.04703319122566,-0.4043309856551222,-0.11943185622300242,-0.9033931858921066,13.764684677124023
-0.41789183683637715,-0.12326102568069301,-0.1265211219090712,-0.12230309382135578,-1.0262218204934257,-0.2671626513960526,-0.13896603769662735,-0.9319214496230109,13.63602066040039
-0.6374185327605411,-0.12941465238465757,-0.11672497017650094,-0.12397065712628365,-0.9187266317354674,-0.36418428581444084,-0.128895514257402,-0.951197099793972,13.432293891906738
0.24889003271560095,-0.13915831277113355,-0.11945852965694563,-0.12508785005594225,-0.8927870503563611,-0.5303474824812955,-0.10874117756035707,-0.8848885102561505,13.534921646118164
-0.31042562736404267,-0.13424992497969798,-0.11799575566069619,-0.1261393226092092,-0.9021659114818339,-0.4968918638297883,-0.10671099437067172,-0.843252944118255,13.445463180541992
-0.16636117145039284,-0.13852846389588674,-0.1200791575901382,-0.12741932399729874,-0.9238901730336015,-0.3151158607806792,-0.1231397156108068,-0.8586735377862146,13.405945777893066
-0.536240619844857,-0.14041846663638943,-0.12628470098143388,-0.12829081059439296,-0.9174397890902595,-0.14560691081360153,-0.1394345582685454,-0.8316874069532968,13.24021339416504
0.29137355362476197,-0.14834496580990042,-0.13611056631697177,-0.12775985876542714,-1.0061986087525374,-0.38871839197850366,-0.11938719371789049,-0.8748651059891794,13.355704307556152
-0.5830805737858702,-0.14282137042708767,-0.1311607676232298,-0.1280981455107763,-0.9604844819365284,-0.3061943482932349,-0.12911414266657187,-0.9118746410890681,13.174654960632324
0.12696690407188377,-0.15148043552031332,-0.13547540355632126,-0.128192239328762,-0.9435706961654399,-0.3452260451904172,-0.1163665922441133,-0.8771782134221706,13.234390258789062
-0.07189061934364836,-0.14862346948375502,-0.137381351801167,-0.12902564437348008,-0.9381814430138917,-0.36641450440707496,-0.10295858141069471,-0.8686969420531859,13.227346420288086
-0.8482515575991599,-0.1489603558471827,-0.14537472496606857,-0.13026978433510278,-0.840799079219879,-0.3630690701653058,-0.12035103236479375,-0.7692338739184768,12.958675384521484
-0.6225981467005889,-0.16181011215338,-0.13980452832058116,-0.13210013982528743,-0.8437548583854391,0.0662791702924276,-0.15540369143778482,-0.6859627416426858,12.7699613571167
-0.36549731787943873,-0.17083575668105844,-0.14853664788991525,-0.13423892543563548,-0.9180347076612071,-0.11103607651295895,-0.15870098257737736,-0.612714829805889,12.667641639709473
-1.0913733912736665,-0.17572941196567204,-0.14565557830928916,-0.1374209795947126,-0.7733754210538019,0.023902039153475736,-0.17498242648358237,-0.5864996735079766,12.33187484741211
-0.042212400893280246,-0.19178816368196336,-0.14599530690297186,-0.14031925051832744,-0.7571605505087577,-0.15898928589758635,-0.16287736253709978,-0.5548875116370522,12.334635734558104
-0.49551605839538826,-0.19165611845828037,-0.15895347355196757,-0.14382016125275435,-0.7599040369660536,-0.29950326710406067,-0.15023678426103126,-0.5934389958069515,12.194945335388184
-0.47401375138578894,-0.198337105050405,-0.16805526529939913,-0.14813656491657917,-0.8831606211623524,-0.338534751295607,-0.1387964291101413,-0.6366166948428337,12.063517570495604
0.22310450458317,-0.2046229138124814,-0.17299020719165725,-0.15210944884717884,-0.7886825110586546,-0.338534751295607,-0.1381762738867213,-0.6404719351738116,12.147762298583984
1.2051045227984436,-0.2005937328368367,-0.18918444278305038,-0.1552086121063399,-0.38015176745146967,-0.3931790418694079,-0.12423732390716725,-0.6312195054418455,12.536516189575195
0.8381585271715924,-0.18200076188978373,-0.18905128352516914,-0.15751019455142312,-0.21679536605373628,-0.3853727450310986,-0.12472370948113007,-0.6474110736448103,12.820509910583496
0.1656583279696907,-0.16841816599501447,-0.19578863601478042,-0.15932562986560203,-0.2829125909108126,-0.4121372824934315,-0.12014133645664629,-0.6227382340728608,12.891277313232422
-0.36627183248945144,-0.16503356640143862,-0.2021274766528258,-0.16089685830398245,-0.3170263349990702,-0.5582272355927634,-0.10420793329149641,-0.45773773476331175,12.787731170654297
-0.27386891944263914,-0.16998587804448276,-0.19806430243401307,-0.16289525756521325,-0.32500373308297265,-0.5704943950276128,-0.1017761143546216,-0.5117098126011703,12.715121269226074
0.6393624644122017,-0.1734585990101331,-0.17931446700595527,-0.16413042635837127,-0.4849596317475284,-0.6184474980594212,-0.09310668638063922,-0.5232751659381516,12.938761711120604
-0.20156249020352987,-0.16276252538851865,-0.1656172779747906,-0.16539025133518728,-0.4706878844385029,-0.6340601980888579,-0.08574456261116478,-0.4847236817682526,12.889129638671877
0.5610128026649128,-0.16513628344590633,-0.16220412331811226,-0.16575617225507372,-0.5257297320703237,-0.6563639793074687,-0.06007081174579995,-0.5664530488020106,13.090102195739746
-0.12266992979814442,-0.15552434900277992,-0.16719821643856916,-0.1664618863512927,-0.5986288711073062,-0.6753222199314923,-0.050352795298140955,-0.545635081905086,13.066200256347656
0.03459243951873992,-0.1566675094315083,-0.17070023592641387,-0.16665680643190617,-0.5891540361206612,-0.6808981918243495,-0.04704657165752603,-0.5803315095719834,13.094693183898926
0.20245133983715125,-0.15530477535621331,-0.15991392207142185,-0.16679122285082978,-0.8114089286561396,-0.6106412012211123,-0.05105780928127363,-0.5988361852079399,13.179248809814451
-0.040953963456065653,-0.15126072503931812,-0.16230770696189414,-0.16690024614377788,-0.9545658235622334,-0.6820134074734845,-0.045926632108609616,-0.6304485309068405,13.182621955871582
0.0812565894223753,-0.15109939724789592,-0.1526146789102117,-0.16624605989130573,-0.9581004780926132,-0.6831285167698016,-0.04535549670787343,-0.5972942361379298,13.227041244506836
-0.6700882158445023,-0.148974951519576,-0.1537674839120354,-0.1656404118680052,-0.8614044145357924,-0.8202969573816892,-0.05591676303863348,-0.6304485309068405,13.018415451049805
0.07460643456023655,-0.15895291805944053,-0.15239325277292648,-0.16468378867295494,-0.8876467926054643,-0.8481767104931571,-0.05021455939817258,-0.6327616383398321,13.060075759887695
-0.7249593346817453,-0.1569604263318512,-0.14831508376376185,-0.16345532442756885,-0.8649707429783762,-0.8069146886505227,-0.059638021177971436,-0.6111726969079027,12.83582592010498
1.9649806647363544,-0.1676856456867761,-0.14815239488807047,-0.16062651206093426,-0.18764651588467188,-0.748924751129317,-0.05949074384404138,-0.555658486172057,13.495095252990724
-0.2300998895857235,-0.13615470583849879,-0.1460100257155874,-0.15760728728294068,-0.20286425588982127,-0.7723437479970625,-0.048072828878646695,-0.5410088670391028,13.433517456054688
0.17188869223965494,-0.13909979324713168,-0.15607217398989434,-0.15408173198855168,-0.206753598219212,-0.8002235011085305,-0.04451671307528357,-0.5764762692410051,13.509800910949709
0.5542414439563902,-0.13545137687504702,-0.15406287208271377,-0.1502537234784104,-0.18040555410925976,-0.725505754261571,-0.05077229604737519,-0.557971593605049,13.718120574951172
0.4337256859050351,-0.12548805161905205,-0.16487857756664756,-0.14696039800360589,-0.16971510709135373,-0.725505754261571,-0.04303980028428962,-0.5440931328350758,13.887532234191896
-0.1193955605259414,-0.11738558337024928,-0.13308161866584872,-0.14441834453857363,-0.16461904520351645,-0.7188146730723968,-0.038622460662841376,-0.5518034296690559,13.863332748413086
0.30895570261018646,-0.11854297457956123,-0.1360515530776413,-0.14173888271530335,-0.162750179538058,-0.7756893949444676,-0.016594150611063528,-0.4515693869993418,13.990468978881836
0.4526426090039886,-0.11246241746051559,-0.1323723558829368,-0.13836940575944245,-0.27127493976393124,-0.8827476511466172,-0.01041438496472289,-0.5448641073700807,14.169986724853516
0.5353839179480665,-0.10387660439811376,-0.12232497241753493,-0.13430689615954572,-0.27218619998964005,-0.8983602448232358,-0.008915249854112283,-0.5155648691041718,14.381678581237791
-0.4021568721596877,-0.09375199696217293,-0.11415414556803696,-0.13110319170456006,-0.36241816971434954,-0.8002235011085305,-0.02104264505315083,-0.514022920034162,14.253012657165527
-0.07378026726312258,-0.09990571488908986,-0.11532130141216092,-0.12779866563642492,-0.9375380086914901,-0.7712286387007455,-0.026289835806166555,-0.5464062402680678,14.24474048614502
-0.12918495985518463,-0.10030134883390054,-0.10918944407652183,-0.12505321144227982,-0.9589106640807433,-0.7991083918122134,-0.019547867260112116,-0.5564296445350388,14.216365814208984
-0.6095141896344638,-0.10165842708614314,-0.10053119454800205,-0.1227426090092094,-0.8066381626843852,-0.7232754293161189,-0.023568037384882102,-0.5618268339360274,14.01407527923584
1.0640322402276945,-0.11133339658941818,-0.09032116820319833,-0.11953100044103902,-0.6480004134373343,-0.7901867729719512,-0.019177604199440305,-0.5425509999370894,14.412186622619627
1.814280595607532,-0.09229288583760598,-0.09652680358707279,-0.11485595461567517,-0.22466119957885358,-0.8459462791948871,-0.012712325319201223,-0.45773773476331175,15.097085952758787
0.6649419161375261,-0.059536137565673324,-0.0969257754015331,-0.10951786063211562,-0.23600700094574947,-0.7645374511587533,-0.019480982435383522,-0.46005084219630304,15.37246036529541
-0.09745539941981753,-0.04636577819306202,-0.0982943030007535,-0.10433239739889208,-0.20867571366698912,-0.57607036692047,-0.04765779437992366,-0.42689636359941574,15.354266166687012
0.29744374888885894,-0.047235953936559626,-0.10805089792441944,-0.09830610622877428,-0.21133864780755524,-0.6162171731139693,-0.04914810592245118,-0.3698402037935607,15.490571975708008
0.37173105399339856,-0.04071684247357178,-0.08884974690453734,-0.09197468374337808,-0.2185287831911067,-0.5348082387250174,-0.055256411560612735,-0.3274334792926834,15.657405853271484
-0.5666338428226911,-0.03273766204501617,-0.055816637725479325,-0.08559801950895612,-0.18324740209169468,-0.5559969106473113,-0.04432477323624158,-0.3814057409585188,15.451715469360352
0.05004899200652449,-0.042575236461047744,-0.04253516315812506,-0.08073146399534416,-0.19326637326950255,-0.44113235760685243,-0.05048220763002625,-0.34979339525961783,15.491495132446287
-0.0041257832553320975,-0.040672690564582156,-0.043412680367748514,-0.07566970478293976,-0.2058190048343664,-0.5727247199730648,-0.03311655417899436,-0.3143259930577151,15.509995460510254
-0.20238026352200175,-0.03978787353721495,-0.036838568709301515,-0.07093971607198549,-0.29138096051951723,-0.6597096262548737,-0.024603227107025148,-0.3783214751625454,15.450177192687988
0.10175632462289347,-0.042648807772205186,-0.028792069830115626,-0.06657096625622522,-0.3784294850166519,-0.5470753981598669,-0.02470137568533209,-0.3883448794295168,15.510306358337402
-1.173174292061836,-0.03977300419596428,-0.038712641525576706,-0.06369614032715969,-0.6205010088068168,-0.34857147943218636,-0.05997266316749301,-0.45311151989732884,15.06686782836914
0.1345661039627306,-0.06098138280146657,-0.036794044301139556,-0.06058868472337212,-0.729393215808643,-0.3797968794910594,-0.053355640702812665,-0.40607858053046836,15.138099670410156
0.01295713013431959,-0.05757457041896719,-0.035901762282611036,-0.05773101536939576,-0.7263447833602021,-0.3441108295412822,-0.041330860332592256,-0.42998062939538917,15.162766456604004
-0.40860150813487034,-0.056394829586303104,-0.038786833540416975,-0.05564769803569104,-0.751413547617005,-0.32180694196985343,-0.054908370819557586,-0.431522578465399,15.024622917175291
0.05855448610607313,-0.06300183436398439,-0.03588676749225894,-0.05397818892407615,-0.8117311722081787,-0.36641450440707496,-0.04476203005458128,-0.35519058466060605,15.066558837890623
0.761202283413409,-0.06099616091976486,-0.057274076152155455,-0.05123505017014636,-0.6710424159739593,-0.44782343879602665,-0.028507383651443417,-0.317410075025712,15.378326416015623
-0.3201869805078461,-0.04608522200277729,-0.05383852130252786,-0.048728839533667544,-0.6632817161890807,-0.4600904918780581,-0.024161504038174252,-0.254185567455887,15.272859573364258
0.18279954134222487,-0.05112939515894662,-0.05264882727658642,-0.04593169708877276,-0.6489354480306094,-0.4511689793906136,-0.023612699889994027,-0.2857979131547879,15.3638334274292
0.5752877141038245,-0.04677837960702991,-0.05931157378475279,-0.04204385211708404,-0.5767516395770255,-0.4757031919074946,-0.003012173873587002,-0.317410075025712,15.608980178833008
-0.9450686223337988,-0.03505372158497431,-0.057288978949928786,-0.03999317644609297,-0.4403807329616958,-0.5983741481390807,0.007178829396501234,-0.26960616112384655,15.253432273864746
-2.187951747539879,-0.052058546541208374,-0.042252239981880574,-0.04163642297928199,-0.0026871544500084994,-0.6775526512297622,0.0053896058685416895,-0.29967637392476076,14.422979354858398
0.3669180898103707,-0.09177670076112186,-0.04733896962923651,-0.04357659449847242,0.022867792476644184,-0.6251386856014136,0.0013560369922381266,-0.30969977819173256,14.576546669006348
-0.6978449073069262,-0.0844320215783884,-0.042951245592250956,-0.046057988544290315,0.04269993557275269,-0.6396361699817151,0.004126855236206406,-0.3166391004907071,14.33632755279541
-1.2988460542120663,-0.09592100510276856,-0.031127669414467228,-0.04998268063185493,0.15490342577696398,-0.6151019574648343,0.0021949295577672868,-0.3351437761266632,13.8805513381958
0.4024234969740553,-0.11771945937624592,-0.048275960041084684,-0.0539231832705281,0.19755439688449503,-0.5983741481390807,0.014621236742237859,-0.3513355281576042,14.040899276733398
0.7558933365446643,-0.11005048259752401,-0.08832920689713036,-0.05665866200888624,0.19631354899936215,-0.7032019730429603,0.031549633374930046,-0.46313492416429997,14.329544067382812
0.592648417665052,-0.09624543953318572,-0.08092256240011618,-0.05891830383456783,0.2754153192813339,-0.7511551824275868,0.03411075571075086,-0.4322937368283808,14.564525604248049
-0.4573902320574125,-0.08500695423625536,-0.09250847575044817,-0.06159063568279759,0.2593351267169499,-0.7556159386713089,0.02757412575527199,-0.4446300647003669,14.413728713989258
1.899729913183662,-0.09221913208054354,-0.1144908384066178,-0.062370925086914414,0.6287338582485111,-0.6229082543031436,0.02336212472439931,-0.45850870929831633,15.130080223083496
-0.1741945916390413,-0.057958117322577184,-0.10675716029180182,-0.0634135496828927,0.5683854046101556,-0.6485576824691592,0.024682827680440802,-0.5055414648372003,15.082592010498049
-0.6584914636305125,-0.06022934078140209,-0.09283564735711823,-0.0639442597389846,0.1338245310229697,-0.6563639793074687,0.021492617620177592,-0.5356116776381146,14.84915542602539
0.3312857577334233,-0.0713939354868414,-0.08150234562830058,-0.06429606251787962,0.1315917332529785,-0.6507880074146115,0.033240708324582646,-0.513251945499157,14.993780136108398
-0.33111773293882146,-0.06447695511670765,-0.0887753709045393,-0.06496883738477091,0.08098679391784089,-0.49466143253151823,0.030635032416589204,-0.5317566211351131,14.886775016784668
-0.538832587685465,-0.06959469958403451,-0.054225304100290916,-0.06575588713039979,-0.1189106341632745,-0.36752972005621,0.0261240104673452,-0.5348407031031097,14.701752662658691
0.8719290983420601,-0.07844378208723035,-0.05651568933213904,-0.0658024795528845,-0.0663094525184804,-0.48573992004407396,0.046871813817682295,-0.5109388380661654,15.047445297241213
0.07768233135846594,-0.06191030612634709,-0.06777447707209044,-0.06648880067493088,-0.10514326735447747,-0.36752972005621,0.0455511108616408,-0.5263594317341249,15.09677791595459
-0.5440820836202943,-0.05955087007249522,-0.06079913978100138,-0.06738033582264426,-0.08146064305445033,-0.24820441077202898,0.027400159851214065,-0.5417800254020846,14.907126426696776
-0.08185808852683346,-0.0686213506813069,-0.06596006144319767,-0.06852220353387417,-0.11434324098260146,-0.35191712637959144,0.04230730579524328,-0.5063126232001821,14.89540672302246
0.33256651382849595,-0.06918187011268556,-0.07488380155427048,-0.06990682748365935,-0.6819881109338816,-0.054161354640888455,0.025633158642871186,-0.520191083970155,15.04096794128418
-0.599032864857634,-0.062220099272894805,-0.05821083658255642,-0.07093667298840932,-0.6299048506215742,0.049551360966674014,-0.008076357288583122,-0.5186491349001452,14.830960273742676
0.41010778697520484,-0.07226415684181524,-0.05583149452696306,-0.06951743599709262,-0.6579069739158568,-0.03297268271859476,-0.01568390697029458,-0.5078545722701916,15.0051908493042
0.1950377799568576,-0.06393121380362721,-0.06497850062689811,-0.06824326273010728,-0.673828355041395,-0.3809120951401944,0.02133640778522514,-0.48086862526525115,15.099248886108398
0.20310416335084813,-0.05943269073758578,-0.06554374902762475,-0.06614523212218307,-0.689867488838051,-0.46566646377091525,0.03522187169158418,-0.48318173269824277,15.196999549865724
0.20626790772771295,-0.054757560035585434,-0.0585232433803216,-0.06269335943584985,-0.7696306992896446,-0.42663487322655097,0.045667124441992515,-0.4762424103992679,15.296607971191406
0.15788477734483716,-0.049993578177891095,-0.06865204027800333,-0.05943392168395519,-0.93744434312635,-0.13780061397529225,0.03617666890452576,-0.4538824944323338,15.378013610839844
0.14026575126830645,-0.04610018256698033,-0.060248794178047994,-0.056695434733108556,-0.9348237759037776,-0.578300691865922,0.05644255293141122,-0.49166300406722746,15.45294952392578
0.21452541320811933,-0.04251621521080745,-0.05571231814106651,-0.054274927930943816,-1.0570341409462984,-0.7154691324778096,0.06702615051472723,-0.5564296445350388,15.557486534118652
0.2905583014315119,-0.03751651324396127,-0.050997744471436755,-0.05115681572279186,-1.0659056690717343,-0.7645374511587533,0.08983986705883923,-0.5548875116370522,15.692867279052734
0.9108196282165425,-0.03104164491291559,-0.046193570030010005,-0.04884753374157115,-0.9025647569563992,-0.7511551824275868,0.09241438814619361,-0.5394669179690933,16.07741355895996
-0.16318939489375614,-0.012649911798985143,-0.04226732676481143,-0.04653451125502268,-1.0774988247810005,-0.732196941803563,0.09666211918115583,-0.6142567788758991,16.03145980834961
0.33330191957913247,-0.014847746392557613,-0.03865312232706265,-0.04326982424207769,-1.0845327794995026,-0.722160213666984,0.08662285949550885,-0.6350747457728237,16.18842315673828
0.4686462587598856,-0.007340644742972555,-0.03361123906189456,-0.03983524064096651,-1.0700478095808859,-0.7466944261838647,0.09638989576585168,-0.6065464820419194,16.40274429321289
-0.49006755832183974,0.0029097135329318184,-0.02708174380418845,-0.0365870894977518,-0.8978632113799238,-0.7589614792658961,0.10281508732442932,-0.621196101174874,16.21925926208496
0.24153982054263035,-0.005865843270582811,-0.00853484400506756,-0.03259324106929933,-0.8975600076217244,-0.7344272667490153,0.10137379560458562,-0.6142567788758991,16.34014320373535
-1.0287872982206034,-8.43149896947541e-05,-0.010751221207233192,-0.030434339490896082,-0.5789335523602047,-0.7232754293161189,0.10682185869766572,-0.6181120192068775,15.933088302612305
0.5734568587995106,-0.019552570165582976,-0.003180783923581572,-0.02777777867320897,-0.5390976495858358,-0.6965108918537862,0.09713063975307389,-0.602691425538918,16.186574935913086
-0.21551059993926705,-0.007429039783904433,0.0071560541911631,-0.024824288220042207,-0.5210758134828611,-0.6853589480680716,0.09226264456175236,-0.5911258883739599,16.118732452392578
-0.25149717913768505,-0.010673748979885803,-0.0016935399013588612,-0.022042937728342586,-0.5121403744758839,-0.7377729136964204,0.0933023005344066,-0.5309856466001082,16.036396026611328
0.45622002821968044,-0.014611661391596108,0.0041367657608190915,-0.019111255653348067,-0.628178332145524,-0.776804504240785,0.09979437691771284,-0.5448641073700807,16.243627548217773
-0.14789218139856816,-0.004700378829978409,-0.015495738461277624,-0.015765391073256998,-0.6291002998462347,-0.7388880229927375,0.10125342470666202,-0.49860232636620233,16.203529357910156
-0.1621775902456947,-0.006618158959504579,-0.0032699247324845106,-0.012956122788841161,-0.6527774380896075,-0.8057994730013879,0.09772399747342675,-0.5155648691041718,16.15763282775879
-0.6861948275671641,-0.008813256864503306,-0.00654200876950063,-0.011013535865651082,-0.6549765756715162,-0.6675159230931831,0.06442940710775617,-0.5363828360010964,15.896153450012209
0.5670639272817736,-0.02131905702845734,-0.010513144413176636,-0.008699060417120126,-0.588316586228225,-0.78015015118819,0.0920484824030937,-0.4338356858983906,16.14646339416504
-0.16485173106779094,-0.009347458474097809,-0.0005182427140070116,-0.0067415649416201545,-0.6081156476427279,-0.8214121730308241,0.0922983745658419,-0.42998062939538917,16.099628448486328
0.021597300993762697,-0.01158743807170591,-0.0024522026991117343,-0.00490992154593418,-0.8183202298645187,-0.7890716636756339,0.0923563268895481,-0.4168731431604212,16.129405975341797
-0.004218183118872619,-0.0101632653379304,-0.00466582012391195,-0.0032140847631967587,-0.9164638471821163,-0.8225272823271412,0.11272940092870219,-0.450027437929332,16.148630142211914
0.5166991732711629,-0.009243829200105433,-0.017277128754364178,-0.0012037223941869493,-0.8467553825297756,-0.8392551980057128,0.11592407723947659,-0.4677611390302828,16.38219451904297
-0.2865912260684518,0.001926877443148488,-0.005204528665641164,0.00023693241912116478,-0.841581018402558,-0.8593286542788715,0.12182715322000187,-0.46236376580131816,16.283864974975586
-0.5264897390817703,-0.0027759394249227986,-0.0074634064392342025,0.0002593243068255262,-0.8431380049841208,-0.7578462636167609,0.10536281090871655,-0.4862658146662393,16.086599349975586
0.018635746177581416,-0.012210582059947041,-0.006027218298271689,0.000463306220731459,-0.8418902365827674,-0.725505754261571,0.09754556531885762,-0.46005084219630304,16.11513900756836
-0.39474997192196976,-0.010845613022316822,-0.005100025096070742,-5.937186152135089e-05,-0.8184576159166124,-0.7243906449652542,0.09295872604386264,-0.3983682836964882,15.974005699157717
0.4169467646540502,-0.017595609777975977,0.006164926146663348,-0.0006402590879010406,-0.873952575787652,-0.8069146886505227,0.11432668461761974,-0.40453663146045815,16.164447784423828
-0.15191911563306074,-0.008487317255370594,0.0014224327293535567,-0.0008751832801859637,-0.9693962617204743,-0.8515222510877443,0.12436147805275553,-0.42920947103240736,16.122886657714844
0.2465202365781327,-0.01047506538943211,-0.008091807745339437,-0.0011068714355432548,-0.9500703140813327,-0.7924172042702212,0.12566442493969154,-0.43769092622936895,16.245098114013672
0.6729647812369232,-0.004630045933633231,-0.0067153227880487575,0.00038411398083812296,-0.8304573725889478,-0.7901867729719512,0.13600706286128175,-0.47238717006828956,16.54473304748535
0.8732156725181442,0.009700623782768506,-0.013522267663557942,0.002206825728625299,-0.6902872119640608,-0.7712286387007455,0.14805417448405814,-0.4415459827323707,16.934303283691406
0.6758524118512637,0.02833263815347353,-0.004337130639690898,0.0049593494545923395,-0.6597949886417209,-0.6909349199609288,0.15480943284870685,-0.43769092622936895,17.247896194458008
-0.3926244916603554,0.043330877435963484,-0.006341648932771424,0.007546640019172034,-0.6383339904752494,-0.6318298731434058,0.14828173539425035,-0.3914289613975133,17.097776412963867
1.023492722156859,0.03615108373979801,-0.00044731643571581907,0.010769728149373646,-0.6212481102616803,-0.5961437168408107,0.1446854233362865,-0.41147576993145585,17.56583023071289
-0.14249128413707862,0.058536740158248016,0.01400425773828534,0.013990751911190615,-0.5986582780178259,-0.5794159075150571,0.14504239657836404,-0.3605877740615942,17.524885177612305
0.15044630251846094,0.05657845703783046,0.03279346599008976,0.01754290687118532,-0.6960452341033281,-0.5370386700232874,0.14288726730730458,-0.3443962058586297,17.61482810974121
-0.5956245151353082,0.06088016658394358,0.04791824185609474,0.02113665838918411,-0.5432100447945799,-0.6808981918243495,0.15598296740375758,-0.3282046376556652,17.370412826538086
0.39827701658889003,0.049190492564155655,0.04067787394534688,0.024604913512462228,-0.5723370273638478,-0.7143539168286746,0.15876271814874823,-0.3482512623616312,17.56924057006836
-0.11198942888335454,0.05869984679724306,0.06325239283155595,0.028120788592939056,-0.5444811345491068,-0.6675159230931831,0.15507719001349982,-0.39451322719348675,17.541940689086914
-0.34180066079244387,0.057394172678710595,0.06127758814144307,0.03124726521263179,-0.5299061958972374,-0.4991221887752406,0.1297872098932797,-0.3582746666286029,17.411975860595703
-0.1083395637036673,0.05117833192116963,0.06561559018956171,0.03426487429690093,-0.6353526515820955,-0.48573992004407396,0.12737325595844962,-0.33283066869367156,17.386539459228516
-0.4788344353011417,0.0499617826271887,0.0538272931657659,0.03625115934230652,-0.6840710811739612,-0.46120570752719314,0.12852445926094438,-0.33976999099264643,17.197025299072266
0.16632823729762627,0.040897870070954086,0.06341687556253475,0.038709250202664656,-0.7038010430831104,-0.43109552311745514,0.14125871986480867,-0.33283066869367156,17.29224395751953
-0.22770803306615317,0.04545190230356625,0.06210018578149475,0.04145843560318071,-1.0141337756774045,-0.41102227954993237,0.13865293502387593,-0.35904582499158433,17.214393615722656
-0.3494518196845565,0.041728546276037344,0.05583190345142527,0.04381897575840435,-0.9993601462286519,-0.6797829761752144,0.159347252301018,-0.3266625047576785,17.083499908447266
-0.5006792450455193,0.03546827994064929,0.05460509041991899,0.04604645481764175,-1.0025199630220591,-0.6407513856308503,0.1540286015398232,-0.2958213174217593,16.887781143188477
0.27773452086799993,0.026107619120068554,0.04546470778566102,0.04815448180400545,-0.9953722743442482,-0.6808981918243495,0.1748211763282115,-0.3251203718596918,17.029220581054688
1.45533193903549,0.032872257159597316,0.050057161306871024,0.051956918183255006,-0.5040512314572257,-0.7645374511587533,0.19452474852244386,-0.2927372354537628,17.682754516601562
-0.21760308945360265,0.06412888958983311,0.04630239220864364,0.05527848226478149,-0.49885440371497625,-0.8269881449236813,0.19743391159931983,-0.2511014854878904,17.607698440551758
-0.31167045915915714,0.06053917518765528,0.039989309492675575,0.05758458632755413,-0.5020385134735097,-0.8437159542494348,0.20268121128527486,-0.24570429608690228,17.49076271057129
-0.31620391011821053,0.05494647841835545,0.03054967499942766,0.05865296670881878,-0.48929014664667664,-0.8292184698691335,0.1979559182444329,-0.23336778438693923,17.372583389282227
-0.44133331499211154,0.049294304284052945,0.03737138468384191,0.0585357719576811,-0.494764377908529,-0.7065475136375473,0.19688968263459009,-0.2564986748888786,17.199819564819336
0.40909665819427293,0.04103151169630517,0.06889172190004711,0.05927599215742973,-0.4673138420964627,-0.6887044886626588,0.20687970463167465,-0.2179471907189793,17.40143585205078
-0.6030087614423877,0.05067423388588629,0.06527172192983088,0.058278688351609015,-0.4196185558487681,-0.6318298731434058,0.19192342993202233,-0.2495595364178806,17.156707763671875
-0.9131831980825048,0.03896959930189524,0.05963184090586664,0.05646252306933015,-0.32186343374852855,-0.6842437324189367,0.18694410527673885,-0.2418492395839008,16.779842376708984
0.16304030825401028,0.02094522101751347,0.053931980720494016,0.05465016106033668,-0.33946773596291174,-0.7076627292866824,0.17881008269940316,-0.26806421205383674,16.87134552001953
-0.3317225699366111,0.025321550938737298,0.04559947691367217,0.053139461855776955,-0.34960784424638297,-0.7779197198899199,0.19643456081420563,-0.28656888768979283,16.750680923461914
0.19755881000600434,0.01955051329738192,0.05532355246071564,0.05140266316882933,-0.8425875722355468,-0.7834956917827769,0.20198055461971406,-0.24339118865391066,16.85675621032715
-0.5522239450567963,0.02462378657538546,0.04352016865398887,0.04920768628795535,-0.819925596991129,-0.7812652604845068,0.19777748608986379,-0.2665220791558497,16.641498565673828
-0.31290848594491666,0.01432863782982417,0.025343722969885664,0.047058832232253524,-0.8198990864594586,-0.8649045198189107,0.20602305599704002,-0.3459383387566164,16.530454635620117
0.1544988328612136,0.009017728760667336,0.029756974947501322,0.045182953699603276,-0.7813527277951234,-0.7377729136964204,0.1786403651799778,-0.371382336691547,16.617000579833984
0.7300001708500702,0.013156970228452618,0.0239372484318908,0.04457503905560999,-0.6225883541012546,-0.8492919261422921,0.20974878038688918,-0.3389990164576415,16.947641372680664
0.7370490671791606,0.028970560260012868,0.029053323711899077,0.044564461492377506,-0.5387377124342405,-0.8492919261422921,0.22396431109931927,-0.3274334792926834,17.287904739379883
-0.2700091105726411,0.04524437008672412,0.018671317240940427,0.04450851431946472,-0.5867203735419055,-0.8214121730308241,0.22566431854999427,-0.35904582499158433,17.191442489624023
-1.0127069687545227,0.04063086048910929,0.013315601293035188,0.04374485144990592,-0.5518522222176383,-0.8314489011674036,0.2162453230207066,-0.371382336691547,16.77022361755371
0.5588204528735622,0.020485183668267383,0.01748976455822697,0.044093422841351884,-0.4953638473617151,-0.7834956917827769,0.22881879860616794,-0.37292428576155723,17.03077507019043
0.12343183144269322,0.032946603865850646,0.03343677009396824,0.04428170811636857,-0.514428833902838,-0.786841232377364,0.23651120704759207,-0.3459383387566164,17.106460571289062
0.2813396646931444,0.03656642184233964,0.049847878189993644,0.04322997286757526,-0.5083828461294128,-0.6831285167698016,0.22574906837676764,-0.4130179028294429,17.25130271911621
-0.7644787195996341,0.043493801629053606,0.04519544550737526,0.04159678315604416,-0.45678791623160797,-0.1957905514964978,0.18527525264670291,-0.4423171410953522,16.93771743774414
0.2674126111706719,0.02849592723837349,0.024879804394759227,0.040583587433243785,-0.47169090483235043,-0.27608416388349694,0.16539313936496217,-0.41841509223043105,17.07512092590332
-3.1881746183824853,0.03506753751050096,0.037446358635602375,0.0365316530718404,0.6385632869564835,-0.456744951283471,0.17179589073804455,-0.4338356858983906,15.71036434173584
-0.4966016447983545,-0.030204811158541414,0.04109671615683819,0.032466088764671615,0.5442897951891792,-0.2838904607218062,0.15103468863617386,-0.48857892209923093,15.53200912475586
-0.12706241397356804,-0.038735023831420044,0.048082540601915844,0.02783568025614898,0.42714153948616546,-0.29058154191098046,0.1830264410478477,-0.4747002775012812,15.501910209655762
0.013416869296400572,-0.04017456763268474,0.03295813270622625,0.02386385408187248,0.4445479473916619,-0.1656803670867602,0.17443729665012753,-0.4939761115002191,15.527351379394531
0.021932122780024745,-0.038957790281322666,0.039585186093799817,0.020881030069833714,0.4221734173170699,0.17222231719826012,0.12673076948247367,-0.5610556755730456,15.55620288848877
0.5171870370174717,-0.03757790629096555,-0.026237849882133644,0.018224087994922436,0.415160897374632,-0.08761697329239601,0.14215109850353286,-0.5279013808041348,15.781392097473145
0.24212094148511204,-0.02680775963195505,-0.03484002993384606,0.01614857481061802,0.4268975300518088,0.006059014178587528,0.13324071086782466,-0.494747086035224,15.899246215820312
0.177798060157271,-0.02117113901104665,-0.03629171882434432,0.014040406015164798,0.4157397887087968,-0.2972728358057906,0.15357358865237802,-0.4677611390302828,15.991925239562988
0.4981364143806481,-0.01673857013963242,-0.03506467581139092,0.013002354181137767,0.44904293355403396,-0.5136196731555419,0.1842445291750711,-0.48857892209923093,16.215660095214844
0.6521598972593113,-0.006037980981871204,-0.033673150067458725,0.012943124476514078,0.49598446284077047,-0.516965213750129,0.1941990390339447,-0.4862658146662393,16.50615692138672
0.4661769503735945,0.007855639569303883,-0.0228121382384427,0.013203090759159415,-0.9240157636572032,-0.6006044730845328,0.21333158476038017,-0.4546534689673387,16.72364616394043
-0.053932091513379375,0.018257519169241124,-0.017127962787763525,0.01265401991308724,-1.0679548953646774,-0.6240234699522785,0.21790066796626967,-0.4207281996634227,16.722396850585938
0.5722627440256733,0.018197768135381084,-0.012657997385288567,0.011922787154977499,-1.0966361678773906,-0.6418664949271672,0.23547155107493783,-0.4415459827323707,16.987932205200195
-0.08271665780082299,0.030897553907737303,-0.001867129897643531,0.011393234818993262,-1.0712927623162032,-0.7054324043412301,0.23696632886797653,-0.4338356858983906,16.974205017089844
0.0933072530148021,0.03024102231889652,0.012143707831100685,0.012042599562422863,-1.0847831053836678,-0.6719766793369052,0.24979862911720846,-0.4608218167313083,17.036611557006836
-0.6706948612193528,0.03322574610037237,0.02263334561931056,0.011401152880613044,-0.8432731091416518,-0.49020067628779607,0.23425803813116497,-0.44308811563035744,16.767635345458984
-0.5053282926281126,0.020361394121781774,0.022573090480165644,0.010102093280791702,-0.7396867944629454,-0.5693791793784777,0.2474650676915799,-0.42766752196239755,16.573549270629883
-0.4869880600484542,0.011078820148505147,0.03538002132953653,0.008001193944729144,-0.6705520849169258,-0.5816462324605094,0.24561800077285342,-0.44308811563035744,16.389453887939453
0.12088411499641874,0.002274072000203932,0.03471795073957322,0.006839665914321855,-0.7165012906638187,-0.6318298731434058,0.25880738319710217,-0.4307516039303941,16.461225509643555
-0.4594781648909066,0.005706700478248943,0.03772785592687481,0.004925596566554466,-0.7897494704183542,-0.6942804605555162,0.25640671908086643,-0.46853211356528773,16.289915084838867
-0.4051134198786234,-0.0024865802197257757,0.024754970465263575,0.005980095930223222,-0.867798920808976,-0.6184474980594212,0.25840128119940153,-0.49012087116924075,16.1429500579834
0.7319635734305027,-0.009515491152525589,0.015394081619508865,0.008254332468426492,-0.6842213641906244,-0.6530184387128816,0.2703904404984717,-0.514022920034162,16.4649658203125
-0.15737038857963184,0.005885588688019233,0.006515049901755799,0.010493170203258026,-0.8029109129163975,-0.6574791949566037,0.2655671078122621,-0.5016864083341992,16.420345306396484
0.06237081829596243,0.0037515189382149607,0.009976638651197153,0.012785604799699452,-0.7911533682970345,-0.4344411700648602,0.25181541355536025,-0.5410088670391028,16.4677734375
0.20782072360176515,0.006019868874037524,0.0017142331894568806,0.015272413163048929,-0.7738683653474464,-0.6463272511708892,0.2851325530394654,-0.4762424103992679,16.57636260986328
0.031739704627709024,0.011213374003380811,-0.005373978995877709,0.017295463958459482,-0.8434586809047608,-0.6697462480386351,0.2878096889556379,-0.47084522099827975,16.611305236816406
-0.16970599333783795,0.012884578492412797,0.010157036098316516,0.01890876320163513,-0.8921420017191009,-0.6340601980888579,0.28520379518176586,-0.4407750081973655,16.561067581176758
-0.07392352247524875,0.010481857147619485,0.008004961708765078,0.020272564462656777,-0.9522382381260531,-0.6452121418745723,0.2781050712595125,-0.39991041659447457,16.551395416259766
-0.015474966378651964,0.010019265555704572,0.010292449174379596,0.02112749194262908,-0.9581653070606329,-0.6351754137379929,0.2773153074496065,-0.40453663146045815,16.566375732421875
0.33121919320914645,0.010735730624310316,0.015529770673308487,0.021667533501757166,-0.9980477807618684,-0.5682639637293427,0.26515207331353907,-0.41841509223043105,16.727697372436523
-0.012931358924963,0.01845127672026208,0.017215074717789224,0.02171695745655336,-1.0766329714512828,-0.6050652293282549,0.27235362993048917,-0.44925627956635017,16.743921279907227
-0.48695590536425243,0.01922721915387049,0.014792082183532777,0.021316084083216363,-1.1685301730258888,-0.40990706390079734,0.24428379013233906,-0.5055414648372003,16.557947158813477
-0.4918298311354456,0.01033261639739807,0.014325587816198616,0.019814604794212726,-1.089032882977386,-0.2314766014462754,0.23758201784088537,-0.5117098126011703,16.37198257446289
0.10236047879045572,0.0014384697556879393,0.015048097530464538,0.018502522005549908,-1.0846078717290843,-0.4745879762583596,0.25299798954437264,-0.47007424646327484,16.435951232910156
0.2962321507231448,0.004497905135226954,0.022828737856782015,0.01739275196806744,-1.0641026916788283,-0.5994892574353978,0.27680659062308766,-0.4839527072332477,16.58135223388672
-0.06133927350430367,0.011452013247011143,0.023611226732456313,0.01692800871071946,-1.0667971834352705,-0.5325779137795655,0.26533508065155864,-0.4137888773644478,16.576984405517578
-0.24014232815044698,0.011243112685882144,0.014641582324538754,0.016741657618693926,-1.0593044230886872,-0.5994892574353978,0.27055100765099604,-0.41147576993145585,16.497102737426758
0.2585770621474895,0.007422604213985387,0.00567239787951543,0.01732124764061572,-1.0257926845452034,-0.545960182510732,0.2515879615781073,-0.4307516039303941,16.62721824645996
0.41454490613914,0.013645651584770541,0.008757644988892883,0.018206619904784248,-0.9663188913173751,-0.5359234543741527,0.2291000634554338,-0.443859090165362,16.824430465698242
0.3712026006005036,0.023077739977125956,0.015770423259572768,0.019950741520123595,-0.957900567052651,-0.6552487636583336,0.23261598300419617,-0.4423171410953522,17.005403518676758
-0.42621728922782637,0.0317331561522533,0.015559760254012674,0.02165683970156608,-0.9054433433015597,-0.5537664793490414,0.2055367793560165,-0.46853211356528773,16.84284019470215
-0.2197105756624912,0.023958223914251325,0.011707019059313019,0.022401495503654945,-0.9594851407885603,-0.5883374200025013,0.1955644044950981,-0.49089202953222255,16.770444869995117
-0.09481942348363293,0.02049576553075252,0.01798256880311143,0.02320928192269783,-1.0421083307495171,-0.6117564168702472,0.19758554625082178,-0.46005084219630304,16.75172233581543
-0.059759323603025626,0.01960032102942403,0.0274942334855967,0.023892341435686002,-1.0408749839382798,-0.6708614636877701,0.2168745196780883,-0.4515693869993418,16.747983932495117
0.3080499268871801,0.019421524042606195,0.036222673351776896,0.024684156896617418,-1.038541116344026,-0.7578462636167609,0.24768380503368903,-0.4238122816314192,16.901187896728516
0.014216413906024078,0.02674882525289638,0.028382145856629893,0.02545924818394568,-1.041356787763664,-0.7589614792658961,0.25144068424417726,-0.3898870123275035,16.929269790649414
-0.3230055120760621,0.028091900781936664,0.024890475533905502,0.026070817317917203,-1.0233307647081336,-0.7277361855598411,0.2341643558033692,-0.39991041659447457,16.81195068359375
-0.5587742989930665,0.022480868199192754,0.02398747637994137,0.02617579323996695,-0.9524515407887958,-0.6619399512003259,0.18507895549008904,-0.44925627956635017,16.594459533691406
-0.6672748585972759,0.012078897376303055,0.023807170925400856,0.025609119468884507,-0.9426819893780427,-0.4823943794494866,0.1636708006617312,-0.47315832843127137,16.33390998840332
-0.05325496122369919,-0.00038243159832775244,0.03119629083614464,0.024646909925603963,-1.0384261787965672,-0.5582272355927634,0.17850223821294872,-0.4839527072332477,16.332971572875977
0.4649090661379515,-0.00042731329093712673,0.03255069757451199,0.024168469305054806,-0.9330017830751786,-0.6775526512297622,0.21014137470011696,-0.48163959980025606,16.547651290893555
-0.5572524761244446,0.009840194900029365,0.02689232604219946,0.023623099443744487,-0.8841212914847397,-0.4467082231468916,0.15223055444378056,-0.5248172988361383,16.33422088623047
-0.34116451541059056,-0.0003675622570770858,0.01640259626141074,0.02323669524701383,-0.876939104253266,-0.3195765106715834,0.12796672261174177,-0.5317566211351131,16.213468551635742
0.10536512172926296,-0.0061427961542455355,0.0038361340131464364,0.022851806780223197,-0.8597990840481938,-0.4221740106300108,0.13821121195502503,-0.5163360274671532,16.278059005737305
-0.3308885865400887,-0.0030536220922051877,0.003790873664353613,0.021829525976738814,-0.9246412973067558,-0.47793362320576466,0.14332899037615546,-0.5248172988361383,16.161983489990234
0.028580424289496115,-0.00860517730994643,0.01414500638392156,0.020897770516611142,-0.9225750380590939,-0.6374057386834452,0.1665620987365624,-0.5178779765371634,16.194751739501953
0.39742806902499184,-0.007037966986716653,0.00385112880349853,0.02061175785628303,-0.8338719806147736,-0.7288514012089761,0.17070721494270646,-0.45311151989732884,16.379772186279297
0.41485907744595124,0.001811024293526729,-0.0019728293707389657,0.020482469811972836,-0.8186532156349199,-0.7411184542910075,0.18232142706471505,-0.45311151989732884,16.574180603027344
-0.011837972557803361,0.011109014945768771,0.0011424073193426745,0.01991275528205352,-0.9327377673159518,-0.7478096418329997,0.20012891251753712,-0.44925627956635017,16.590717315673828
-0.5640427072452222,0.011899917943580305,-0.0044559850515614825,0.018373266507588085,-0.8486600804826795,-0.7388880229927375,0.18473995618299557,-0.48009746690226934,16.37386131286621
3.1668444625403103,0.001528324363859146,-0.0028755525469665567,0.020502276589718062,0.4507350414356965,-0.7333121574526981,0.19427485635969566,-0.4785555178322595,17.71622085571289
0.23726548253764573,0.06572948751366253,0.0060480955715274025,0.023124931086581913,0.3845622503128371,-0.6507880074146115,0.1618012935575095,-0.49551824439820547,17.846332550048828
1.4690961555086346,0.07195235243854278,0.015424531163107288,0.02747801913454059,0.4418487007062748,-0.6608247355511908,0.16128364422996833,-0.4870367892012442,18.53748321533203
-0.16729836073167115,0.10500808393715677,0.016222106821712528,0.031706329132182534,0.4681856732624043,-0.6898197043117937,0.17428566199862555,-0.47315832843127137,18.48255729675293
-0.19942468455415363,0.1023811365752215,0.005763010569679925,0.03539080824584607,0.44985256937747425,-0.7232754293161189,0.17920267701263093,-0.5093967051681787,18.41266632080078
0.04145542007454272,0.09903845392830016,0.07050582368850011,0.03911255757791478,0.44876687547527405,-0.7411184542910075,0.18495411834165423,-0.5417800254020846,18.456037521362305
0.021994673439678317,0.1011127726442444,0.07678118944714084,0.04320395903624086,0.4665655219350514,-0.7790349355390548,0.18337001553839166,-0.5533453787390658,18.49036026000977
0.5040654142389415,0.10275432967372768,0.11011580430337055,0.04846293749629978,0.4668032230181778,-0.7366576980472853,0.18968812601763999,-0.5379247850711065,18.751842498779297
-0.47878897377900187,0.11526026667211031,0.10746669401030769,0.05385885239254468,0.5252038031858755,-0.6797829761752144,0.16412145623160448,-0.5502612967710696,18.547468185424805
-0.1883662349095917,0.10548563609327481,0.10409580994360967,0.0590988237851335,0.4694182944741687,-0.7243906449652542,0.1582807988252966,-0.5541165371020476,18.48255729675293
-0.12095719223533231,0.1023811365752215,0.1061876291940162,0.06373517665171895,-0.5630837922389194,-0.721044998017849,0.1510659523897522,-0.5448641073700807,18.449615478515625
-0.21453716747401824,0.10080562496331805,0.10784303565037176,0.06870441821929635,-0.5498134958553861,-0.7779197198899199,0.1601548811129688,-0.5286725391671165,18.372745513916016
0.43765487835907074,0.09712915753335259,0.12045448226969217,0.07452558835331403,-1.0181145352769723,-0.8548678980351493,0.19227593692358866,-0.5032285412321856,18.60147857666016
0.010577467504959297,0.10806879643803037,0.11059738545363565,0.08026044557135452,-1.0243339687886388,-0.8660197354680457,0.1861676312854271,-0.5325275956701181,18.630661010742188
-0.04371464006445414,0.10946450761063879,0.10746669401030769,0.08628668559721055,-1.0363881298771203,-0.8615589792243238,0.17298718136220073,-0.5903549138389549,18.63411903381348
-0.38475942741542296,0.10962989482344546,0.10587789018103766,0.09184679682117207,-0.9936807765644047,-0.750039966778452,0.15900367781047406,-0.621967075709879,18.47566795349121
0.5282560138290169,0.10205163927094293,0.10217040526833773,0.09762054692555988,-0.9026040957363648,-0.8314489011674036,0.1685075320994744,-0.6096307478378928,18.748329162597656
0.4140853643927227,0.11509223399368253,0.11320233930885204,0.10346192369246027,-0.9264676180212968,-0.8336792261128558,0.1842223068554544,-0.5957521032399431,18.97047996520996
-0.043197935222837484,0.12571706248942732,0.11460982576521406,0.10927218150080474,-1.0023191004423886,-0.7734589636461976,0.1713185465980434,-0.6165698863088908,18.97425079345703
0.05285607611337389,0.12589741026643694,0.1147766083106642,0.11573344531843408,-1.0217995707656817,-0.8905539479849265,0.18677896294076402,-0.5949811287049381,19.02445602416992
0.011128765617150559,0.1282985808210383,0.1071344168155116,0.11899589128281723,-1.0332984347492782,-0.87717167925376,0.19695199227586818,-0.5811024841069884,19.05456924438477
0.3924034944427893,0.12973880879444677,0.12028503193945562,0.1224658853109961,-1.0411395056900676,-0.9518894261007196,0.2109936660171797,-0.5957521032399431,19.26982307434082
0.6840100441338901,0.14003377509410297,0.13099949959036805,0.12513071057643957,-0.9731943137979571,-0.935161510422148,0.23386522595205858,-0.6096307478378928,19.63067054748535
-0.1526531013104354,0.1572920630237418,0.131181368918749,0.12780549502449576,-0.9503411000770506,-0.9162032697981246,0.22851552930316402,-0.6713131225097311,19.57983016967773
0.6641749216346062,0.15486051522597155,0.13360279757916485,0.13152030733487516,-0.8968152627865091,-0.9284704292329736,0.23871993132478583,-0.6643738002107562,19.93658828735352
-0.19801379798360574,0.17192322114554062,0.13505517641400483,0.1349473680800259,-0.9535873013989963,-0.9474286698569976,0.23634170739404534,-0.6566635033767765,19.861915588378903
-0.3207244987829247,0.16835184255680652,0.1454369988998056,0.13795804944156254,-0.9087366134911229,-0.9273552135838385,0.2339233961416434,-0.5972942361379298,19.72542762756348
0.5040612850091707,0.16182401930185927,0.16284089090675,0.14101130142681628,-0.8932248195282732,-0.8950147042286487,0.2325312331774228,-0.5518034296690559,20.00437355041504
0.3971884353777168,0.17516519365294808,0.16038882871757768,0.14511956654309585,-0.8943186870791713,-0.8715957073609026,0.2403663437693265,-0.5417800254020846,20.23279571533203
0.10300477343494734,0.18608996321637503,0.17759548863547403,0.1495795786445303,-0.8979318355164913,-0.9162032697981246,0.26026185580260086,-0.558742568140054,20.31218147277832
-0.15893954619538894,0.18988675372063268,0.17399397917360573,0.15398372726366222,-0.8721356249347036,-1.022146416703957,0.27149240611240405,-0.5487193477010595,20.256322860717773
0.5770763280591541,0.1872151983349454,0.16741108222387915,0.15936539150878293,-0.8441571802832724,-0.9753084229684655,0.27811400376053486,-0.5363828360010964,20.58045768737793
0.17939139272366894,0.20271762687567116,0.18086481289512454,0.16448395572285454,-0.9125413357454175,-0.993151447943354,0.2788991923869904,-0.51942010943515,20.70125961303711
-0.21342846995738746,0.2084952325696035,0.19188175214528658,0.16932255624792358,-0.9007502773899488,-0.9251247822855685,0.27619090165017884,-0.5155648691041718,20.61559295654297
-0.7075320061548539,0.2043980448829014,0.19571057526948596,0.1733121480789522,-0.8224802478488992,-0.8180665260834191,0.2608864772765321,-0.5572006190700441,20.2707633972168
-0.480564110991059,0.1879058473080057,0.19301648060536683,0.17714720519826282,-0.774928293487993,-0.8604437635751887,0.2666958709292616,-0.5433219744720944,20.048917770385746
0.3446172128270767,0.1772956144846542,0.20864969945466028,0.18081020372197731,-0.7778863660025176,-0.8080299042996579,0.27135863646294683,-0.5487193477010595,20.250995635986328
-0.10209399685178709,0.18696041262873,0.2144760494359478,0.18386741241330185,-0.8311142467775078,-0.873826032306355,0.27855561789644645,-0.5039995157671905,20.224634170532227
-0.008375299302556054,0.1856996202028069,0.2103442947496046,0.186968967829071,-0.8786650494879591,-1.0355286854351233,0.28998246536286354,-0.5363828360010964,20.246597290039062
-0.18724339536310708,0.18675005250036167,0.19371295641981914,0.18977682499680945,-0.8817108043999078,-1.0344134697859884,0.2884164454275243,-0.5294435137021215,20.176319122314453
-0.45694256696526264,0.18338885159409132,0.18301320758152226,0.19200260932119034,-0.8468728341076625,-1.0087640416199724,0.29230273696989784,-0.5279013808041348,19.967649459838867
-0.08552350462127585,0.17340878692632025,0.19275954533264658,0.19366086437047358,-0.9956592663108333,-0.9942666635924889,0.2925883591367356,-0.5286725391671165,19.95008659362793
-0.28868228247737776,0.17256880598008625,0.1914881159003994,0.1941450052514725,-1.040657710948387,-0.8660197354680457,0.2844096740542879,-0.5572006190700441,19.82927894592285
-0.016212796447072242,0.16679092661729653,0.19254741044582493,0.1947959182711905,-1.0276217540069308,-0.9262399979347037,0.2975319537879295,-0.5780184021389918,19.846853256225582
0.18356192313200428,0.1676314549012451,0.18915785188562095,0.1948662927754046,-1.0989520665311259,-0.9217792416909816,0.2972151768004527,-0.6042333746089275,19.96545791625977
0.4153444509011175,0.17330397175394607,0.17909358778200052,0.19569694067946466,-1.076357093779051,-0.963041263533616,0.30563939672807666,-0.5988361852079399,20.20267105102539
0.35439467321473866,0.18464918790525214,0.1782465201159755,0.1973689442362111,-1.0736122704284112,-0.9284704292329736,0.31021283725153803,-0.6111726969079027,20.41133117675781
0.19819429746715655,0.19462879645826076,0.17241989415695144,0.19867686109227767,-1.061856853144701,-0.9753084229684655,0.3327318901948506,-0.5749343201709953,20.540918350219727
-0.06778360978101934,0.2008265750712152,0.17326751377844937,0.19940655022357723,-1.059836621782318,-1.0121096885673775,0.33232143087957805,-0.5248172988361383,20.532135009765625
0.179926329600394,0.20040649337514574,0.17898788830890527,0.20023718882868063,-1.0671894234198334,-1.0678691947903132,0.34490405683194036,-0.5093967051681787,20.65293312072754
0.7588237425122194,0.2061839166231732,0.19042882135497388,0.2022427134154737,-1.0247462517712813,-0.9552349666953065,0.3295549699531817,-0.533298570205123,21.07904624938965
-0.3045713488123237,0.22656367154002252,0.20049262549569988,0.2031261514966511,-0.9743589615607536,-0.8827476511466172,0.30275245597081735,-0.5733921872730086,20.942869186401367
-0.034545526754530924,0.2200507176263256,0.2067426932951578,0.20373651641573143,-1.0276160521658706,-0.9195489167455296,0.31505381707391383,-0.5872708318709583,20.951648712158203
-0.19501836915199222,0.22047061687649014,0.20631906746956644,0.20436831078049914,-0.9957620106423943,-0.814720985488832,0.3048674979202154,-0.5988361852079399,20.87477302551269
0.02335278050635244,0.21679387577766715,0.21214523346569625,0.2059370773200964,-0.9918357770375476,-0.8715957073609026,0.31347450731998033,-0.6080886149399061,20.914316177368164
0.45601010584186574,0.21868511002802818,0.2326969275356342,0.20870517679851583,-0.9838918629155348,-0.9005906761215057,0.3245978676175149,-0.585728698972972,21.184471130371094
-0.5108580179853182,0.23160583779123786,0.2261290253762594,0.21037565997584365,-0.894614574634359,-0.8849779760920693,0.3138760341342305,-0.585728698972972,20.93627548217773
-0.273349172777103,0.21973535987967785,0.22655246721669306,0.21182129438045805,-0.8777793267244453,-0.9920362322942189,0.3181505626722599,-0.5942099703419563,20.81767463684082
-0.7508729270155842,0.21406302547288228,0.22284470632625641,0.21230853646351233,-0.7480130575013288,-0.5972589324899457,0.290254797711107,-0.6427850426068036,20.44647789001465
0.5139949263796326,0.19630976180320595,0.22475189647091678,0.2136845402804478,-0.6889315331202658,-0.873826032306355,0.3209078732317553,-0.635845720307829,20.740795135498047
-0.2546754981224633,0.21038610192815455,0.2377816333462556,0.21530685486213247,-0.8500512959122154,-0.7901867729719512,0.31758389352203487,-0.6435560171418085,20.633169174194336
0.27491467648786055,0.2052386643898026,0.22581100703118445,0.21738961658317504,-0.823259261448065,-0.8537526823860143,0.3315584645727392,-0.6497241810778016,20.80449485778809
0.9725255380223878,0.21343267487139714,0.22009081648588677,0.22108932738789344,-0.6022926321334091,-0.934046294773013,0.3394471701707772,-0.6512663139757879,21.34700584411621
-0.1156135895050588,0.23937940168495297,0.20218777274611743,0.22466053591014168,-0.6080999396011243,-0.8983602448232358,0.33873758100419404,-0.6165698863088908,21.311864852905277
0.20789140435198566,0.2376987100088655,0.2163828716102926,0.22828528782499877,-0.6027806131113886,-0.8035691480559356,0.3286760989989304,-0.6474110736448103,21.45243453979492
0.4915246898510806,0.24442175038207306,0.21119200636368154,0.23205460132052608,-0.5969124487500667,-0.8180665260834191,0.3266013622370724,-0.6304485309068405,21.748950958251957
-0.30468491595165137,0.2586032705712062,0.21945514776605277,0.2349726139291894,-0.6359883017378809,-0.7377729136964204,0.3256153012705525,-0.6528084468737747,21.608383178710938
-0.14275682037209636,0.25188032142095057,0.24562078095271989,0.23745159954522516,-0.6516242939257771,-0.732196941803563,0.3346281948021395,-0.5818736424699702,21.55786895751953
-1.0707718080063915,0.24946437274805086,0.24392590968003922,0.2385866720438554,-0.5289680975137541,-0.3284980231590277,0.2930746357777591,-0.5803315095719834,20.997774124145508
0.16660148450072393,0.22267666153578383,0.2507056707484988,0.23971104609281627,-0.567992093459893,-0.3195765106715834,0.2854314650248974,-0.6196539682768873,21.11418342590332
-0.27148984265004233,0.22824418077020525,0.26500683705608513,0.23950757097204992,-0.5661692194258918,-0.5325779137795655,0.29937488125496264,-0.6304485309068405,20.995574951171875
-0.2439741829545801,0.22257148147159966,0.2582271679802039,0.23938442488863199,-0.5702436544042883,-0.337419535646472,0.28552057216924265,-0.6366166948428337,20.89235115051269
-0.11702328090524194,0.2176345865075208,0.25579083652201456,0.2391542106179097,-0.8128719102165843,-0.3931790418694079,0.2865066331357626,-0.6435560171418085,20.857208251953125
-0.05515645011705236,0.21595380360848088,0.22877712375095494,0.23910600947591798,-0.8113066320316243,-0.36083863886703577,0.2775473346103099,-0.6821075013117078,20.854999542236328
0.057012799032402306,0.21584816742953442,0.23439161482315737,0.2391013135027906,-0.8323035778234932,-0.4600904918780581,0.2935787774208274,-0.6890468236106819,20.912389755249023
0.4668789187815163,0.2185929748460455,0.2286710563075441,0.239110672902697,-0.8403369693054036,-0.6318298731434058,0.30715639684073204,-0.685191583279704,21.188310623168945
-0.059179530727840594,0.23178946959453597,0.22369250993291223,0.23971428677922196,-0.8458107890221626,-0.6429817105763023,0.3017663950042974,-0.6682290405417346,21.183895111083984
0.46840864473225374,0.23157828845959552,0.22199754666765273,0.24129035764929763,-0.7669268093154005,-0.78015015118819,0.3217913193694571,-0.6905887726806922,21.464223861694336
0.053950535156824936,0.2449855994512166,0.22189101926134766,0.24391118490117228,-1.1010193775315795,-0.8336792261128558,0.33021096411363055,-0.7006121769476632,21.521615982055664
0.14223193202130674,0.24773049809068015,0.22465898396628112,0.24607283897075502,-1.1031534508741108,-0.752270398076722,0.33553408112533656,-0.7430189014485412,21.62756729125977
0.42170834988276296,0.2527978418767741,0.23796681440747502,0.24913178191750188,-1.1052317698165277,-0.8448311698985698,0.35488972151145304,-0.710635581214635,21.88803482055664
0.49128978838137505,0.265255248264449,0.23775385158744375,0.25251025561395835,-1.121307772366461,-0.8570982229806015,0.363456425723678,-0.6967571204446621,22.1904411315918
-0.03536940000857206,0.2797184649307725,0.2512742768783535,0.25458780991925584,-1.1399398636638498,-0.905051432365228,0.3629969465857216,-0.6805653684137207,22.199277877807617
-0.04710818661040123,0.28014110086951066,0.2540423335758658,0.25675639171157105,-1.1416738757974363,-0.9072817573106801,0.3655045828483474,-0.6952149875466758,22.201478958129883
0.23778677542502097,0.28024637215664727,0.2591524293382492,0.2589804975742699,-1.1508840964457672,-0.9396222666658702,0.3683823732387057,-0.6982990695146719,22.364826202392575
0.03421231408638876,0.2880587970281093,0.2717149359056229,0.26060015265434167,-1.1739694629577284,-0.9139729448526723,0.3767708631622401,-0.710635581214635,22.413379669189453
-0.3022550410154167,0.29038096850588235,0.2863001752966892,0.26221272192941736,-1.1023589867931383,-0.9217792416909816,0.3827007366458326,-0.7075514992466384,22.26990509033203
0.43142424901191034,0.2835189955760808,0.28672637691448816,0.26461565602818105,-1.1115194283655405,-0.905051432365228,0.3822456148254481,-0.7306823897485781,22.543621063232425
-0.004889457664999851,0.2966100365915299,0.2868325363504778,0.2684484720989301,-1.1059934053253773,-0.87494124795549,0.3769270729971926,-0.7515001728175256,22.570104598999023
0.044960509992199894,0.2978766672864101,0.2947108727955308,0.2721320306158815,-1.1029749970650715,-0.8704804917117679,0.3869974875034786,-0.7445610343465275,22.62528419494629
0.2553576647713096,0.3005157473010223,0.2970526358826654,0.27653519354560446,-1.133336995466639,-0.8526374667368792,0.3949931652479067,-0.6859627416426858,22.801877975463867
-1.7076729133410178,0.3089617155773059,0.2901327701166212,0.27884394781103317,-0.4706044332009525,-0.8403704136548478,0.38355738528046723,-0.6929018801136838,21.839468002319336
-0.3762958762100841,0.262932438226009,0.3033342571366679,0.2807971564675,-0.4612265207112405,-0.8091450135959748,0.3789750122559834,-0.6636028256757514,21.658470153808597
0.28903654994848843,0.2542758361524999,0.3046115740939611,0.2832131323530186,-0.43288142337600066,-0.8704804917117679,0.38817091312559004,-0.6535794214087799,21.846101760864254
-0.2929367532520051,0.26324971165465805,0.30727291940001067,0.28516096156304144,-0.4524698545018326,-0.8069146886505227,0.3923606918368461,-0.6474110736448103,21.711444854736328
-0.19864021915296673,0.2568094624340704,0.31579014430515767,0.2862371112226189,-0.4598510913493633,-0.7132387011795396,0.37451311906236256,-0.6235092086078656,21.629777908325195
1.1546706433022627,0.25290356927867286,0.2693725288704366,0.28894362371089416,-0.21561880379472956,-0.7823804761336419,0.3897861707494917,-0.5972942361379298,22.2941837310791
0.1161196198189636,0.28468017253791966,0.2606428931007316,0.29119817900726747,-0.24538922022585893,-0.7913019886210862,0.3921465296781874,-0.5996073435709214,22.38910675048828
0.0380020576799265,0.28922006521290083,0.269692479059667,0.29343658666535216,-0.24431717955654728,-0.7344272667490153,0.38134430368570155,-0.5356116776381146,22.43987464904785
-0.06258668377068585,0.2916481465384775,0.26319789498563356,0.2954005728126203,-0.24631754769564776,-0.6440969262254372,0.35961479668641644,-0.5533453787390658,22.433250427246094
-0.3483865073901724,0.2913313292245906,0.25925904873713296,0.29631530188305244,-0.2572265744256467,-0.7991083918122134,0.3747227060375707,-0.5548875116370522,22.263282775878903
0.22920043991221062,0.2832022694851462,0.2913037436527672,0.29688028789349596,-0.7386648934204456,-0.8080299042996579,0.3789303497508715,-0.5464062402680678,22.42221450805664
0.030157862495453755,0.29080351322166814,0.2958819383242559,0.29753674774087835,-0.786206843724873,-0.87717167925376,0.39286940866336484,-0.5240463243011333,22.46857643127441
-0.3710628469682236,0.29302086952706646,0.2983305047954319,0.29774122249948864,-0.7537224353070392,-0.8682501667663157,0.38678332534481996,-0.5564296445350388,22.28536033630371
-0.012128672240495403,0.2842581751598486,0.2980110145690955,0.29760131039716237,-0.7797997811438154,-0.6920501356100638,0.3635368182328795,-0.5726212127380037,22.307430267333984
0.5626630426065289,0.285313715942741,0.2898133718828635,0.298193212237739,-0.7487295731121261,-0.5537664793490414,0.35505922116499977,-0.596523077774948,22.65619468688965
-0.39134809720767416,0.30199410646855795,0.2974787455078856,0.2986559655183557,-1.02876393447202,-0.7388880229927375,0.37582053219980976,-0.5703081053050121,22.459739685058597
-1.5477356120052883,0.29259823358832854,0.2997148091219244,0.2963637494473964,-0.5369398932444681,-0.4745879762583596,0.33634606725485927,-0.6150279372388809,21.60328865051269
1.10402195469644,0.25163666491493486,0.29087818598302007,0.2955566372027134,-0.28848523762881845,-0.5626879918364853,0.3566208837827671,-0.596523077774948,22.23900413513184
-0.3003268685381288,0.28204109252330767,0.29194263211286103,0.2942706565854734,-0.2821871868615029,-0.43667160136313027,0.35379211321509263,-0.6304485309068405,22.09773826599121
0.19992089705728802,0.2752847557724524,0.3087637511328084,0.29289855833034706,-0.28172306289244836,-0.39987033576421804,0.3482326117251113,-0.6173410446718726,22.23900413513184
-0.6626494309232237,0.28204109252330767,0.2992886075041256,0.2930277115397852,-0.24964241028191572,-0.3552627733269965,0.31641918253506723,-0.6982990695146719,21.8924503326416
0.2339432860489599,0.26546642939938947,0.25798145580210285,0.2939854947796823,-0.23431315738081795,-0.4165981450899716,0.3200379347785264,-0.6713131225097311,22.051380157470703
-0.16101536713182873,0.2730675819129588,0.28864239834671784,0.29433522854071426,-0.2438724995521581,-0.5961437168408107,0.34030381880541183,-0.6643738002107562,21.98957252502441
-0.05099993124842824,0.2701115021385546,0.2818290599869785,0.29501321082335086,-0.2446347046201763,-0.49466143253151823,0.33101401774213085,-0.6813365267767025,21.98957252502441
-0.3937809262599605,0.2701115021385546,0.28864239834671784,0.2954221463921362,-0.3108690550375155,-0.30061827004755975,0.2999594154072324,-0.7391638449455393,21.797534942626957
0.7638267278579894,0.26092690161621834,0.2719278987256542,0.2953145435148223,-0.20123718600261967,-0.5336931294287005,0.33716698588540434,-0.754584438613499,22.25004196166992
0.034665368597273497,0.2825689997491822,0.27959318035809727,0.29509392576740184,-0.5900916594051993,-0.1266486701895775,0.2968983998129759,-0.7568975460464903,22.298603057861328
-0.16367675873768925,0.28489153611876505,0.2766121608405535,0.2945935117121991,-0.8495244895190662,0.14991842962683138,0.2513426445988096,-0.7723181397144502,22.234590530395508
-0.4094953833050393,0.28183000261131946,0.2766121608405535,0.2936142060370479,-0.8324911770998292,0.5290830294016685,0.22342008213458955,-0.7885097079174147,22.03151130676269
-0.46784530916733863,0.27211731241720283,0.267350072024481,0.29247886851815197,-0.8189737141228851,0.3227730265413141,0.22944799526354964,-0.8501920825892529,21.797534942626957
-0.531947001471454,0.26092690161621834,0.28917475940050624,0.29030503281530806,-0.8511424641531455,0.5993401263577235,0.22416060825593317,-0.9396317464569908,21.530445098876957
-0.5660712759113178,0.24815276913760878,0.29151689045795615,0.28732945501526824,-0.8463274499726539,0.5915338295194141,0.225084359581175,-0.8910566741921435,21.24790954589844
0.5239192550503041,0.2346399131899937,0.2884295275192652,0.28555916148633065,-0.7322636128367861,0.2335576889612352,0.24340034399463728,-0.855589455818218,21.55913543701172
0.7889148425163636,0.249524944788483,0.2786348936642458,0.28485965676844016,-0.5739768631589589,-0.14783734211187158,0.26911418218166355,-0.8694679165881909,22.02047348022461
1.0152558424327691,0.2715894051913281,0.267350072024481,0.28476817363254453,-0.43147184338971145,-0.4255196575774159,0.3152546894139782,-0.8486501335192431,22.61866569519043
0.14819110575118521,0.3001992036559928,0.2544681672233497,0.28543539237281473,-0.5147347643796026,-0.22590052320060025,0.2989108269335558,-0.8324583814883018,22.73345184326172
0.6502474940277556,0.3056890921578724,0.2408413065187137,0.2891804169934733,-0.4552061932792869,-0.3753360168945193,0.33011728178583477,-0.7969909792863991,23.139604568481445
0.095024413429468,0.3251141988772479,0.25585191959436915,0.2915856293366255,-0.4682382461423922,-0.4221740106300108,0.34391799586542043,-0.798533112184386,23.225690841674805
-0.09204619004902184,0.3292314556134908,0.2781025326104572,0.2942759941866123,-0.5122067065960902,-0.4299803074683201,0.34490405683194036,-0.8108696238843491,23.20140266418457
0.5576878985588715,0.32806982253688965,0.30695370515141085,0.2974990730178573,-0.5742884548170741,-0.6139867418156992,0.3798673908947076,-0.7900518408154014,23.561203002929688
0.1696300904508717,0.345278029065629,0.3124899105390143,0.3018897753456185,-0.7114283927091051,-0.5292323731849786,0.3731477536012091,-0.7599816280144871,23.693641662597656
-0.18262662541357164,0.3516121859925081,0.3320789022713163,0.30569937192151775,-0.8445146231641684,-0.5994892574353978,0.38069288470870316,-0.77386008878446,23.614185333251957
0.32322893767056776,0.34781202023900964,0.3362308953250059,0.3102084639163509,-0.8515018929058934,-0.6541336543620165,0.40951675831266976,-0.7507291982825206,23.839330673217773
0.4578120220440461,0.35858006877011345,0.33505946182596563,0.3154708736914277,-0.904625282121802,-0.57607036692047,0.41316209019331746,-0.7407057940155493,24.14836311340332
-0.3380319250083211,0.37336019397327613,0.3524128499071229,0.32077093494213377,-0.9797499458460901,-0.5582272355927634,0.40634877057202323,-0.7453320088815325,23.97177124023437
0.042966032018927,0.3649143169199448,0.3588004466119572,0.32510782885702044,-0.9745097209260687,-0.6385209543325803,0.4050459326180265,-0.7391638449455393,24.02915954589844
0.06125438670967928,0.3676590331135038,0.35496821976234066,0.32949386775800266,-1.0618751548311016,-0.6942804605555162,0.41296579303670355,-0.7198880109466015,24.097881317138672
0.06094979595680896,0.37094579609056816,0.365827115762043,0.33420349175381037,-1.0611229371499593,-0.7556159386713089,0.4103152367577196,-0.7684628993834718,24.16661262512207
-0.11580713360104038,0.37423301518239505,0.3807319373720244,0.33931088792089986,-1.057462618201648,-0.8057994730013879,0.4188331390131393,-0.7322245226465649,24.126710891723636
0.2627674011454936,0.3723246310169722,0.37221480445945604,0.3454587861971036,-1.1324528981602247,-0.7779197198899199,0.42282204538433094,-0.7314535481115596,24.319578170776367
0.5035937135483731,0.38154891352362796,0.37498267717181094,0.353095400944257,-1.0668783596455507,-0.7667677761042054,0.4293275205191708,-0.7322245226465649,24.6632022857666
0.5029181752446907,0.3979834581925703,0.37829716978767547,0.36226918437618194,-1.0575927977516448,-0.6808981918243495,0.4315584671159812,-0.741476952378531,25.01125717163086
0.4221388626148615,0.41462991378007286,0.3816121223664344,0.3714192415201178,-1.0438391404972454,-0.7344272667490153,0.43530641382544705,-0.7622947354474787,25.3127498626709
-0.11631240290540973,0.4290494346521687,0.3796876376169511,0.37934203630881963,-1.049380568429074,-0.6585944106057388,0.42748023573456573,-0.7468741417795192,25.2706298828125
0.4586305534830714,0.427034958193037,0.38898974320482227,0.38660646961349643,-1.1159163634531686,-0.6730918949860402,0.4415084017914043,-0.7607526025494921,25.598743438720703
-0.3229536328273481,0.4427276778125903,0.40556294222477646,0.39315873767075177,-1.0249067519597381,-0.6619399512003259,0.4295817699994909,-0.7383926865825576,25.42137908935547
0.5103698244609207,0.43424485546351366,0.42234984000539266,0.39960722937137033,-0.9971030022277476,-0.704317188692095,0.4412541523110842,-0.7507291982825206,25.78495979309082
0.0029921978244374457,0.4516338658840249,0.436891014951191,0.4059323332156971,-0.9901954245564342,-0.78015015118819,0.4462068973291791,-0.7661497919504802,25.8204288482666
0.6769244369358197,0.4533302479079353,0.4348595428325083,0.41348392760185293,-0.9748445663453063,-0.8113754448942448,0.46491111873829727,-0.7700050322814586,26.29928207397461
-0.391794711387674,0.47623240868320293,0.45068465820127696,0.41960182279430314,-0.8531073616864109,-0.8526374667368792,0.4664102538489079,-0.8085565164513575,26.07093811035156
0.41626621825475524,0.4653113792608266,0.4421302682942757,0.4261534445740689,-0.8642776732360861,-0.8727109230100377,0.4793808989310475,-0.8286033249853006,26.381303787231445
-0.07408256110680282,0.4801552693077577,0.45966598566670813,0.43286093546583704,-0.8728168391503799,-0.732196941803563,0.48130400104140353,-0.8594445123212194,26.36578941345215
-1.3249289646145952,0.4794132618124637,0.4613766796629507,0.4369336041759154,-0.4829509950880795,-0.6396361699817151,0.4526230474537951,-0.8409398366852634,25.510055541992188
-0.20106659602857427,0.4384859929691946,0.4844720605305926,0.4400152040306322,-0.4788467170038622,-0.7857260167282288,0.46532157805356983,-0.7892806824524196,25.41252326965332
0.39412270257285004,0.4338213072952508,0.47345889297616317,0.444229788768203,-0.489168351022623,-0.8247577136254113,0.47364754046994756,-0.7877387333824097,25.700714111328125
-0.19997664274959043,0.4476046392969041,0.48842801739875885,0.4480666917304163,-0.49948962920350765,-0.8381399823565777,0.4714030861886642,-0.8108696238843491,25.603166580200195
-0.21754170043326596,0.4429392238393406,0.4876797497624157,0.451471258299339,-0.5533009009490987,-0.8927842729303787,0.47645387085212676,-0.7723181397144502,25.494531631469727
-0.938390352886419,0.4377435293591383,0.4464071872700398,0.4533032411069439,-0.44295838122277803,-0.6340601980888579,0.4585751432570042,-0.8108696238843491,24.91814422607422
0.5496331286533971,0.4101765916869744,0.4417031467506881,0.45616199611411357,-0.47830727879281404,-0.5069284856135494,0.4700780259150508,-0.839397703787277,25.29945373535156
-0.7973495373322073,0.4284135194505833,0.45560276545160605,0.4573779230411452,-0.4262041062680578,-0.15229799200277577,0.43328962938729526,-0.8787203463201574,24.81838607788086
-0.16670395722555983,0.405405448827512,0.45089798899162364,0.45757786920784843,-0.5055961413682872,0.020556392206070653,0.44406070055914204,-0.8717810240211825,24.74522590637207
-0.7156094949876249,0.4019064100400775,0.4456584596708024,0.45590799976166196,-0.4906947786217019,0.1320754046519424,0.4197165851508411,-0.929608342190019,24.326229095458984
-0.5875522533929485,0.38186700795884926,0.41785894629123,0.45269257862124945,-0.6703109450431917,0.058472873454118314,0.398103200664847,-0.919584937923048,23.99369239807129
-0.5877340843122473,0.36596274231254566,0.436249734684047,0.44878002864638006,-0.6561617675659532,0.4097577201174871,0.3725231321272779,-0.9542811817619685,23.665590286254883
0.927044948017102,0.3502705700307071,0.41304755043236363,0.44550513137899195,-0.4626954191723424,-0.05081570769348337,0.41557146894469704,-0.8949119145231219,24.25528717041016
1.1113483490452292,0.3784740614651237,0.40951899108552153,0.4444135222039209,-0.1943411432195588,-0.3441108295412822,0.4620152454800156,-0.8517342154872397,24.97356986999512
-0.35414233656300975,0.4128274394624538,0.38931052132726246,0.44196545561887235,-0.18914669360990868,-0.3797968794910594,0.4695915314081487,-0.8733229730911923,24.78069305419922
0.35633690092766585,0.40360270084103544,0.3732720751681471,0.44005782114913294,-0.2629155337077129,-0.518080429399264,0.4767484255199869,-0.8841175357211455,25.03786277770996
-0.19001686006412377,0.41590238274391056,0.35744751175485145,0.43676673439815106,-0.3167498085870559,-0.5682639637293427,0.4696093964101935,-0.8108696238843491,24.94918441772461
-0.2358513905830109,0.41166115401527714,0.3858889493496198,0.4337458520811278,-0.39540610365638534,-0.6162171731139693,0.4732013511505854,-0.8054724344833606,24.83168601989746
0.642825261621871,0.4060415464750022,0.42053215863995097,0.431038400398227,-0.33324558088611306,-0.6017196887336679,0.488099455660653,-0.8162668132853372,25.2706298828125
-0.07853951820658785,0.427034958193037,0.4112295930891852,0.4283255460214905,-0.42871384854997996,-0.5392689949687397,0.48812189584614823,-0.8494211080542481,25.252899169921875
-0.5299607352923477,0.4261869496269867,0.4236330444877323,0.4269475150319971,-0.4415633857597416,-0.4433626825523047,0.4749726007435609,-0.862528594289216,24.944747924804688
-0.7975031123776977,0.41144896942785963,0.4193560335193893,0.42465075642069583,-0.3868322452922192,-0.07758024515581628,0.4565047638127181,-0.8779491879571756,24.470327377319336
-0.42438249038302117,0.38875881079410457,0.4136890146846652,0.42108404394400617,-0.4937781561758015,-0.23482203568804455,0.4523820877920693,-0.9141877485220598,24.237546920776367
-1.1567505233616207,0.37762559678431096,0.4348595428325083,0.416090662284867,-0.6137022045428696,0.0027133672311824447,0.4192568881470061,-0.9789542051618946,23.55473899841309
-0.0473035326851477,0.3449688744797487,0.43400437981954465,0.4113675036576,-0.6062943480717351,0.1365362672484829,0.39256156417691046,-1.037552497865736,23.556957244873047
0.4993810766538842,0.34507496677345734,0.41914205878099076,0.40885459544756686,-0.5692236118439888,-0.06531329842660281,0.41832006486904866,-1.0444918201647113,23.88727760314941
1.4570933793794234,0.36087323134900445,0.3962604686665897,0.4076494692587282,-0.15974349973442847,-0.32180694196985343,0.4565672913198748,-0.9966879062628459,24.805076599121094
-0.008894110176321962,0.40476889506525954,0.3850333263737618,0.40768189007122063,-0.16386023919788031,-0.2615867858560134,0.44223563809415367,-1.0313843339297435,24.83168601989746
-1.0181608892458853,0.4060415464750022,0.35210108705740994,0.4064011215192043,-0.13684647472422237,-0.03297268271859476,0.4246736874865079,-1.0768751403986172,24.21981811523437
0.2974854203635555,0.37677767944121293,0.35220807442660906,0.40666590931089225,-0.10685486362910451,0.07408546713073687,0.4232414372006259,-1.093837775050575,24.434852600097656
-0.2005648850385937,0.3870621551013368,0.3681396252091038,0.40751434146961796,-0.12499864291278368,0.1766829670891643,0.41334487966545846,-1.1347023666534657,24.34174346923828
-1.116269923560612,0.3826090154541433,0.41240562621716786,0.40755216032646774,-0.058738599475701,0.2781652513984571,0.3827809112891554,-1.182506280555331,23.68110466003418
-0.35598051935001135,0.3510125775260011,0.4136890146846652,0.40570395548892063,-0.06259451855377503,0.11757802662445926,0.4111407305717152,-1.1516650013054235,23.497100830078125
0.959996424846937,0.34221220807941793,0.3841782553533769,0.4035801528225359,-0.08387184157393397,-0.0006322797162222431,0.4202743218000437,-1.1578332571554046,24.102325439453125
0.2486413896692096,0.3711583455697955,0.39454949869261063,0.4023750452316107,-0.08088079442068839,-0.11661194205299857,0.42588284311270885,-1.1223658549535025,24.28632354736328
0.9701261084079341,0.3799584413475214,0.39005878896360563,0.402083211424396,-0.005758191060333826,-0.3898336076276387,0.46290762411873976,-1.0892115601845918,24.91814422607422
0.1515254991069406,0.4101765916869744,0.35819577939119457,0.40232096249951393,-0.2662986502204254,-0.36083863886703577,0.4662451115129331,-1.1501229603214251,25.04671669006348
-0.009294351256165598,0.4163258396892211,0.3493211633172262,0.40291000956038725,-0.2662984309123554,-0.487970244989526,0.47243816697786795,-1.1416416889524408,25.07332992553711
-1.425300740292485,0.4175986735448685,0.3785115124963895,0.40028902422624896,-0.1304364706554356,-0.29838805145492564,0.43216522358786763,-1.1439547044714435,24.19542694091797
2.167958888812092,0.3756111203251792,0.3873858525926213,0.40104559664133327,0.37369867463442374,0.06070330475238837,0.4127516308780449,-1.2218288311742234,25.56326675415039
1.171010918577166,0.44103093089687007,0.41785894629123,0.4044934126578113,0.4476067218611656,-0.1266486701895775,0.4330175149049304,-1.2010109561912872,26.359140396118164
-0.6253869258296766,0.4790952586001948,0.4240600740387412,0.40815741546884815,0.3348543398369192,0.119808245217093,0.4115246102497992,-1.2596093408091174,25.97340583801269
0.44146020607570624,0.4606466935868828,0.425343646491396,0.413183236538393,0.2822395046835177,-0.051930923342618396,0.43001902681783055,-1.2611513817931157,26.29928207397461
-0.04438147902049807,0.47623240868320293,0.38300185425507904,0.41988432509848156,0.2606589689464801,-0.28612089202007623,0.45279712229079233,-1.178651132138341,26.3037166595459
0.2500390676122762,0.476444502047668,0.44897359623471905,0.4270717816396959,0.2606427243358596,-0.1746018795742049,0.44787117477576455,-1.1655435539893848,26.50545692443848
0.22914559923723002,0.48609315372915907,0.4873590636325544,0.4339151814329361,0.20827082481792109,-0.33964996694474203,0.46946669425971393,-1.1516650013054235,26.69463539123535
-0.3815199039052328,0.49514101104576086,0.4687548524568115,0.4379733344716247,0.24464326147269894,-0.29058154191098046,0.46023048820256723,-1.0568283318646743,26.469846725463867
0.20971587581127205,0.48439002120676655,0.4844720605305926,0.44239521620116035,0.24055219561957802,-0.15006777341014166,0.45202500561705244,-1.0491180350306946,26.64566802978516
0.7030654465977144,0.4927990441873048,0.48468594327641235,0.4495564775813849,-0.09072634359953599,-0.2972728358057906,0.47952381894740564,-1.0159636483477952,27.15757179260254
0.8689925736673415,0.5172819162827659,0.4944159983410811,0.4577452364797956,-0.5585256737888871,-0.32738302021552856,0.4855652397608386,-1.018276755780787,27.79411506652832
0.4456146764843699,0.5477259346525051,0.5035401902814618,0.46701819793427557,-0.7262654625652224,-0.5080437012626847,0.510743563618279,-1.0198188886787736,28.145776748657227
0.14143001423748433,0.5645448928431058,0.49269849689400363,0.47823794246615087,-0.9170825349571426,-0.5805311231641921,0.5269089939441323,-0.9928328497598444,28.283763885498047
0.18065286971854963,0.5711444173386855,0.5011784648047177,0.49031313986905134,-0.9228207961131977,-0.456744951283471,0.5293318803799847,-0.8972250219561135,28.45069122314453
0.22227739421928971,0.5791280676919115,0.5258678930786238,0.5013958642741304,-0.952309112415363,-0.49577664818065326,0.5324952929371808,-0.9581364220929469,28.648775100708008
-0.13333899727212511,0.5886018449735403,0.5565687604024582,0.5118835623891858,-0.9048859984759408,-0.5136196731555419,0.5406785532030789,-0.9218980453560396,28.58867645263672
0.26985449580407145,0.5857275009645387,0.5735296161496745,0.5214007702400302,-0.9049124295757983,-0.6240234699522785,0.5546309019341665,-0.90647745168808,28.82237434387207
1.009833450338921,0.5969045932144647,0.5801848192663752,0.532503468804075,-0.9113560351397526,-0.5950285011916756,0.556861848530977,-0.963533611493935,29.60136032104492
-0.2959456280742966,0.6341612328967254,0.5882358257819246,0.5430909865696967,-0.8011628211584105,-0.6920501356100638,0.5600520585912402,-1.018276755780787,29.4166316986084
-1.0547681710638812,0.6253261987282084,0.5977895310729431,0.5539847329274858,-0.4898989583960967,-0.6753222199314923,0.5596148017729005,-1.0329263749137416,28.664352416992188
0.44576168985329173,0.5893468628262654,0.5948909369060466,0.5624284785172357,-0.569652739757287,-0.6675159230931831,0.5688732301496637,-0.9966879062628459,29.02713203430176
-0.640867612771956,0.6066975596067444,0.6061623276293,0.567868777333752,-0.502827613477727,-0.7310817261544281,0.5580039014665708,-1.0074822850648222,28.59090614318848
0.1414977116900799,0.5858341405959624,0.643733292734022,0.5745911744530908,-0.5028245351889827,-0.7645374511587533,0.5778906988647012,-0.9442577774949972,28.731124877929688
0.0310901042371184,0.5925403959459178,0.6348237194800919,0.5806656714146786,-0.5081323337471696,-0.6730918949860402,0.565308072912339,-0.9149587230570647,28.79121398925781
-0.29980356527078067,0.5954142838401569,0.5985408344643882,0.5862844776532543,-0.5058427914143008,-0.6318298731434058,0.5596148017729005,-0.9141877485220598,28.60871124267578
-0.701418374476385,0.5866857068571584,0.616037914953705,0.5902558807250012,-0.4392865089192677,-0.6530184387128816,0.5666065535487638,-0.9226690198910444,28.134639739990234
0.008006540142015156,0.5640122420237031,0.5949984762307191,0.593869232118959,-0.4626865579914783,-0.5236564012921212,0.541869843827235,-0.8239771101193171,28.17693519592285
0.11641989449677252,0.566035110994461,0.601761310664671,0.5983235160630738,-0.7220263401933186,-0.5392689949687397,0.5485938384383054,-0.8586735377862146,28.297121047973636
-0.8629365044600988,0.5717832516747495,0.6046594448686731,0.6009223140865549,-0.6426361089288241,-0.35749299191963063,0.5117163347662046,-0.9118746410890681,27.711769104003903
-0.7666001888140364,0.5437875661260323,0.5958572269542576,0.6010416847935575,-0.722257801357011,-0.337419535646472,0.5073213263973123,-0.9249821273240364,27.206541061401367
0.6586270595555005,0.5196239743641745,0.5729924714817856,0.6008084065166064,-0.6493628333650755,-0.4991221887752406,0.5266636769648345,-0.9350055315910079,27.69841766357422
-0.3222501424699696,0.5431490054588259,0.5750324069177223,0.5992512869202608,-0.6851418490178199,-0.4344411700648602,0.5170570989140768,-0.9226690198910444,27.50700187683105
0.3809304778133966,0.5339941436189904,0.5808290432960423,0.5980956776757852,-0.6399722092198414,-0.47793362320576466,0.5428245321072374,-0.9334633986930209,27.80970001220703
0.6055260452238483,0.54847131739704,0.5525971647958877,0.5976670562156914,-0.5360495178832521,-0.47235765131290747,0.5463585345239231,-0.96430458602894,28.274858474731445
0.3908247728828383,0.5707184973736587,0.5282297105479469,0.5975314216334418,-0.5035526113200433,-0.6608247355511908,0.5666154860497862,-1.0468049275977027,28.5931339263916
-0.3473496306938009,0.5859406890044332,0.5519532167439575,0.5970160362579715,-0.5680033356830904,-0.6496728981182942,0.5708765069033427,-1.0267581190637598,28.37725067138672
-0.5435669539557073,0.5756156191304657,0.5427211175085886,0.5950628880447232,-0.521495091228678,-0.7667677761042054,0.5860648087636985,-1.0629965877146557,28.021137237548828
0.35740783855449215,0.5585837465688278,0.5573204317642186,0.5919215656406782,-0.4959909242389906,-0.7232754293161189,0.5791713144990813,-1.0745620329656254,28.312700271606445
-0.21144271301878495,0.572528360750427,0.5797553059157377,0.5889484334662474,-0.6253602600899947,-0.6998564324483731,0.5719250953770193,-1.103090112868553,28.19696807861328
-1.0764997392000033,0.5669932256641281,0.5951059235628124,0.58601327823093,-0.5156965133480863,-0.4968918638297883,0.5191810733644971,-1.0707068845486354,27.460268020629883
0.22258634429728247,0.5317589988378628,0.584693743525992,0.5826603673664086,-0.593294922522174,-0.456744951283471,0.5133091522046109,-1.0036272285618206,27.65167236328125
-0.36375862650732665,0.5409133133399834,0.5675181770997463,0.5798337263061606,-0.5886573956760489,-0.5381538856724225,0.5257401435054713,-1.0491180350306946,27.431337356567383
0.9426058140711879,0.5303753290949786,0.5815804386800661,0.5783580097766609,-0.44743159059185644,-0.6006044730845328,0.5508247850351159,-1.037552497865736,28.1257438659668
-0.6535673664275279,0.5635867781734388,0.5759986049733544,0.5756832811223447,-0.46528724793211884,-0.5136196731555419,0.5300501841817117,-1.0599124138326708,27.6939640045166
-0.10777708054009137,0.5429359998648363,0.5404671153416747,0.573355780160233,-0.5173604441211311,-0.5336931294287005,0.5208364183100602,-1.110800409702533,27.65390396118164
0.2869998567039311,0.5410200441943593,0.5496986626215703,0.5727644037107094,-0.4909206876406411,-0.5827614481096444,0.5238303312137096,-1.0830433043346104,27.892040252685547
0.5848180692871997,0.5524094122546552,0.5390717719057203,0.5731713121069368,-0.4598236201550762,-0.5749551512713349,0.5373855104481189,-1.0830433043346104,28.343860626220703
-0.4639968484228084,0.5740186701247346,0.5725634180940424,0.572558250490417,-0.45689602056811546,-0.5704943950276128,0.5342220978909229,-1.0915246676175836,28.045625686645508
-0.1787196274762793,0.5597549580554371,0.5517384140723492,0.5731496222904623,-0.4581638006466974,-0.6597096262548737,0.5523328526467489,-1.089982626633585,27.95436668395996
0.24899075887196123,0.5553903046721279,0.5498062939388215,0.5754933871278212,-0.657901506016281,-0.7589614792658961,0.5629254916640266,-1.0414077381967148,28.16802024841309
0.11647553929160684,0.5656087349146721,0.5612917513930523,0.5769310988213375,-0.6633749819083797,-0.8158362011379668,0.572482832026222,-1.0468049275977027,28.2882080078125
-0.12819834322938212,0.5713569668179128,0.5830833214406929,0.5786997929297246,-0.6934842987334394,-0.664170382498596,0.5690337973021882,-1.0560572654156812,28.23257064819336
-0.22118173785917936,0.5686959932947107,0.5686992698195655,0.5794322159542905,-0.8955995784473204,-0.6942804605555162,0.56414357979125,-1.0830433043346104,28.11016082763672
0.09818274172374362,0.5628414866518562,0.5642977928920423,0.579291178678205,-1.0179294972785733,-0.786841232377364,0.579193536818698,-1.0861274782165953,28.21700096130371
-0.2398638122405097,0.5679513403337954,0.5746024336041906,0.5780433237833856,-1.000952277759857,-0.8136057698396968,0.5777523540317936,-1.103090112868553,28.081228256225582
-0.4927626123220752,0.5614577256860194,0.5803991619750892,0.5765512922343768,-0.963705068242048,-0.6697462480386351,0.5438508982612973,-1.1246789623864941,27.76517677307129
0.8457157787488999,0.5463419000178111,0.5777157384501164,0.5774736046039879,-0.8489652094515255,-0.7355424823981503,0.5718671430533131,-1.089982626633585,28.39949607849121
-0.2632426252990801,0.5766795524249843,0.5718118387248606,0.5773108403156012,-0.8849638451469977,-0.7411184542910075,0.5805678347808738,-1.073790966516632,28.245929718017575
0.4778678556324523,0.5693349188537269,0.5769648030289867,0.5783579400344856,-0.836395585098914,-0.8013387167576655,0.5899689653081167,-1.03061326748075,28.62651824951172
0.2694329690504372,0.587537364341307,0.5704164032963273,0.5817705502009434,-0.8341337112541659,-0.8269881449236813,0.5992899211920367,-1.0498890095656994,28.860218048095703
0.13364430268047878,0.5987145478141854,0.5551730489961884,0.5850475304346298,-0.8334430042597312,-0.8481767104931571,0.6153616691900943,-1.0730199000676388,28.995983123779297
0.6630324543560693,0.6052077975701514,0.5857666529730868,0.5901474409415853,-0.7632993810134557,-0.7556159386713089,0.6011594282962585,-1.0676227106666507,29.52346611022949
-0.6694237633958569,0.63043577874129,0.5783600544723619,0.5924207057388148,-0.6542479201434824,-0.8347944417619907,0.599004299025199,-1.0298422010317567,29.05830192565918
-0.6282238742097166,0.6081883250958142,0.596716069670375,0.5947048084700638,-0.5645132484197741,-0.725505754261571,0.5848244983168585,-0.9820382871298912,28.63096809387207
-1.115865952683265,0.5877501874893917,0.6079875523862073,0.5951930966857455,-0.3690898124550866,-0.5961437168408107,0.548138716617921,-0.9735570157609065,27.85421371459961
1.140784837805233,0.5506002786615066,0.6145355841485511,0.5971625413205893,-0.2124231659237644,-0.8024539324068005,0.5766815432385003,-0.9188137795600662,28.6999626159668
-0.12709078771439816,0.5910499953486579,0.6399764078064811,0.5978949736441119,-0.3040772374818927,-0.7857260167282288,0.5818305854132091,-0.9049353187900933,28.644325256347656
-0.9354466987403046,0.5883890218254556,0.6175412576772258,0.5977810102804234,-0.1960128775761202,-0.6229082543031436,0.5472062506575354,-0.8733229730911923,27.99887466430664
-0.2974859821618057,0.5575189922677372,0.5969306883568256,0.5974608983459206,-0.24177765468237764,-0.5292323731849786,0.5384208091032012,-0.8239771101193171,27.823047637939453
0.1917806830238536,0.5491096956183417,0.5594673545693546,0.59703948357726,-0.2505689174784747,-0.5314626981304305,0.5499770689015037,-0.8671548091551993,27.99514389038086
0.6885220007479242,0.5573405601727291,0.6002583359114656,0.5976108533214697,-0.16504886767799187,-0.784610907431912,0.5758604067420766,-0.8933697816251348,28.522600173950195
-0.45083363908429763,0.5825672642225335,0.5975749123864925,0.597609584013882,-0.249877169577927,-0.674207004282357,0.5714074460494781,-0.7977621376493812,28.2320499420166
-0.1908274760680424,0.5686710894286896,0.5664444397194418,0.5976615419343756,-0.28274825351973615,-0.6730918949860402,0.5636527279667759,-0.8085565164513575,28.1314754486084
-0.007336884018799658,0.5638609031455751,0.5579641958309913,0.597529343316622,-0.3157494198642038,-0.6842437324189367,0.5661067692232674,-0.7915937898854115,28.162769317626957
0.8647696214931954,0.5653575981265551,0.5662645022352166,0.5993298398568818,-0.386796241404409,-0.7979931761630784,0.5969428520819353,-0.8247480846543219,28.819843292236328
-0.1057928092035149,0.5967835403565528,0.591704037997043,0.601802692810982,-0.6051141730448885,-0.8381399823565777,0.5958230214659582,-0.90030910392411,28.77961158752441
0.38184538063724915,0.5948593746203544,0.577690624476091,0.6035029372991895,-0.5775408137215142,-0.7991083918122134,0.6092755858715494,-0.8332295398512832,29.09698486328125
-0.08717544495124431,0.6100384177946164,0.5728398557934781,0.6055121535717873,-0.7839360855947244,-0.7857260167282288,0.6055230639786331,-0.8070143835533707,29.070167541503903
-0.05402592276560408,0.6087558230830556,0.5743491780346243,0.6065881590975362,-0.818454027513416,-0.7823804761336419,0.6062862481513506,-0.8154958387503324,29.06792640686035
0.3503779249073868,0.6086486361139176,0.6060402534771697,0.6078190759427486,-0.807301979268234,-0.8682501667663157,0.6147860675388469,-0.8663838346201943,29.365175247192383
0.29254219331622855,0.6228651859167943,0.6040998540115455,0.6093455694252428,-0.8844323989076471,-0.8660197354680457,0.6141479383804428,-0.843252944118255,29.622194290161133
-0.9157349347742547,0.6351576612064253,0.6194069591688258,0.6079953934605079,-0.7106403411944632,-0.6507880074146115,0.588889222013801,-0.9033931858921066,28.96958541870117
0.6818168019413792,0.6039452719081314,0.6181135435102341,0.6090975848482899,-0.6547859174285355,-0.7388880229927375,0.6218357716384164,-0.9049353187900933,29.51045227050781
-0.12829133616745428,0.6298133645366686,0.6180054522300887,0.6110998176044152,-0.6446659221606738,-0.7344272667490153,0.6179941426011549,-0.9087903752930947,29.452341079711918
-0.4977785925194205,0.6270340748441287,0.632341943687952,0.6141782976591633,-0.7168484932528358,-0.6753222199314923,0.6055230639786331,-0.9357765061260128,29.117094039916992
0.027333072996687382,0.611000181382382,0.6447381276727702,0.6153367756317771,-0.7190900899587911,-0.6608247355511908,0.6112790804911069,-0.8609866452192062,29.175203323364254
-0.22538546812872978,0.6137793798519696,0.6132624068573057,0.6163149049889073,-0.7476963614220327,-0.6307146574942708,0.6084189372369148,-0.8039303015853743,29.045581817626957
-0.002695157230143914,0.6075799592258714,0.6393487424410067,0.618953562990231,-0.7474432496009316,-0.6953956762046509,0.6185518792503575,-0.7268273332455764,29.08132743835449
-0.28025117606229016,0.609289568577888,0.6365460045412693,0.6216067785082496,-0.7361448472495634,-0.578300691865922,0.6006552866531901,-0.7723181397144502,28.91147232055664
-0.266426454017528,0.6011658909926388,0.6203768369276119,0.6234536721929037,-0.7773145330987412,-0.6340601980888579,0.6048226251789509,-0.6990702278776537,28.75279235839844
-0.3103166523905325,0.5935766886858417,0.6231794828347705,0.6235517436396127,-0.82278919705834,-0.5136196731555419,0.5839275444946838,-0.7152617960806182,28.56283187866211
-0.1677207461985972,0.5844914299587317,0.616927759168894,0.6241510288517994,-0.9880946140825606,-0.6050652293282549,0.5804652199520557,-0.6875046907126956,28.477893829345703
0.39874230218700607,0.5804290894398686,0.618651792089069,0.6257909045131892,-1.1279638534806142,-0.7444639948855947,0.6084947545626658,-0.6404719351738116,28.80419921875
-0.13931186212789629,0.5960353297004917,0.6104595769649893,0.6271965162082189,-1.1280763726914609,-0.7857260167282288,0.6110914979696368,-0.7137198470106084,28.739391326904297
-0.48443537263836683,0.5929357562218711,0.6028063463603753,0.6262267791594994,-1.13200568759316,-0.6820134074734845,0.5970768395972711,-0.7121777141126217,28.422029495239254
-0.12816938740966585,0.5777572603853238,0.593644437462667,0.6252188977904463,-1.1458533873147843,-0.5024677293698275,0.587648911566961,-0.7329954971815694,28.36614990234375
0.15928323311410736,0.5750847015471596,0.5895478239414434,0.6238078183088841,-1.1104766388432823,-0.5671487480802077,0.5990622513489052,-0.7638366845174885,28.51811981201172
-0.14326920511456662,0.5823529815072095,0.605285730345465,0.6222986906280046,-1.1169761325496916,-0.6017196887336679,0.603225232557094,-0.773089114249455,28.451080322265625
0.12782134979818852,0.579146677174213,0.6021600065013948,0.6211109953334776,-1.1037804494205747,-0.7478096418329997,0.6335974789602337,-0.7383926865825576,28.580699920654297
-0.4438704552235065,0.585346006577359,0.5868534532995876,0.6185013593759767,-1.069145542526826,-0.6619399512003259,0.626480672170057,-0.8031593270503693,28.294628143310547
0.26213436534333195,0.5716640232758867,0.5841583467171012,0.6158154487262435,-1.043771082766501,-0.7979931761630784,0.6429763871678599,-0.7314535481115596,28.520357131958008
-0.2293920999139901,0.5824599860304428,0.5914879474293309,0.6144044017910296,-1.0376374437513742,-0.8682501667663157,0.6457069002242881,-0.6936730384766656,28.39073371887207
0.28269994362961903,0.5762604741813918,0.5882545922680095,0.6122632844672921,-1.0723281554595454,-0.7400032386418725,0.628894626104887,-0.722972092914598,28.632104873657227
-0.2378813445310686,0.5878045563690567,0.5945062239413076,0.6099315106345824,-1.0641892733884153,-0.6563639793074687,0.6243344754000199,-0.7060095501766286,28.49578094482422
-0.2818933572501053,0.5812845782880205,0.5807088089954889,0.6080083376082176,-1.1132228648147202,-0.6552487636583336,0.6101991193309126,-0.6420138842438218,28.32815361022949
-0.7384659185620874,0.5732674491112422,0.5915958547243186,0.6047340401235356,-0.9658905824121611,-0.11661194205299857,0.5557463752325718,-0.7538132802505172,27.831993103027344
0.2326722284585222,0.5495375312653701,0.5853440390658629,0.602266045874305,-0.9515066032131948,-0.18575382335991886,0.5684181083292793,-0.7507291982825206,28.03314018249512
0.3151232619914426,0.5591578126086466,0.5969855159338185,0.6003483359849943,-0.9028875140384564,-0.42440444192828086,0.5801305779625341,-0.6867337161776907,28.294628143310547
-0.10060261368402483,0.5716640232758867,0.5904105303458724,0.5987575123201332,-0.9154853597652522,-0.3463410481339163,0.5783859080067472,-0.7060095501766286,28.25887107849121
-0.18758719501459414,0.5699538665861551,0.582325762553886,0.5973137842016398,-0.9512581672036192,-0.32180694196985343,0.5706802097467288,-0.7946778718534078,28.160533905029297
-0.14757256338973584,0.5652506848262739,0.5583956410257848,0.5961642192790114,-0.989001311202593,-0.42440444192828086,0.5731431835042426,-0.8309164324182919,28.09124755859375
-1.0253231027388934,0.5619369198552818,0.5680970863984319,0.5935218928392743,-0.7785410858790264,-0.02628160152942052,0.5340122930498361,-0.8501920825892529,27.39393615722656
-0.8515659736334326,0.528586538220228,0.5807088089954889,0.5887221387057691,-0.757638441920126,0.008289232771221266,0.539652187049019,-0.7769441707524566,26.835203170776367
0.998342872285965,0.5018639601960163,0.5789842241198404,0.5858292007338147,-0.4539170330878002,-0.3418803982430121,0.5732503735165113,-0.6875046907126956,27.55262565612793
0.7067547671758214,0.5361761966417878,0.5742413627322153,0.5850065220356361,-0.3435621803441929,-0.6686311387423183,0.6061834154566539,-0.6774812864457241,28.08454322814941
-0.06661555645612562,0.5616162711773915,0.5708996403130118,0.5842928224603613,-0.42068449789860585,-0.7277361855598411,0.621077380515028,-0.7013833353106453,28.0733699798584
0.32710033787903126,0.5610818871218922,0.5372678894271053,0.5838678880365944,-0.4116738812701508,-0.7433488855892776,0.6184224669184722,-0.7391638449455393,28.343799591064453
0.47205068003583217,0.5740157509902559,0.5103198593573428,0.5845270957256778,-0.39168550584732664,-0.8682501667663157,0.6470857733699145,-0.7376217120475523,28.72150611877441
0.2880241983558047,0.5920803585966715,0.5449215799946139,0.5854750685662693,-0.38391366969216,-0.8860931917412044,0.6680388063778878,-0.7399348194805443,28.96958541870117
0.6909082053598031,0.6039452719081314,0.5705762863983637,0.5884551982056078,-0.34037976548052873,-0.8526374667368792,0.6719294552378332,-0.7222011183795931,29.517162322998047
-0.44331929291232863,0.6301342868834162,0.5700373938714769,0.5901658900716541,-0.30230029011781423,-0.8559830073314664,0.6671374952381413,-0.7468741417795192,29.222131729125977
-1.7110776561163603,0.6160238293742483,0.5830803776781698,0.5891797822096857,-0.031781389169707595,-0.8671349511171808,0.6509184699061537,-0.7607526025494921,27.986204147338867
-0.0698002463982633,0.5569129981945581,0.6012973920895444,0.5875726156284458,-0.14110534809860267,-0.8091450135959748,0.6396031697695771,-0.7954490302163896,27.97279930114746
-0.25798279042310884,0.5562718832846827,0.6132624068573057,0.5859381798567185,-0.2510797411183404,-0.6864741637172067,0.6138222288919436,-0.8000752450823728,27.825288772583008
-0.5964186101003637,0.5492168825874799,0.6396723723333914,0.5837698305383204,-0.2999488187677609,-0.4790487325020815,0.5920258370679299,-0.8332295398512832,27.438634872436523
0.1440264407784505,0.5307243481110833,0.6254428682447273,0.5831432947335596,-0.2895176536223075,-0.7199298887215317,0.6140810535557142,-0.8162668132853372,27.574970245361328
-0.17507871502789527,0.5372448735298342,0.5658333330181599,0.5818139391328491,-0.32249926997283496,-0.8247577136254113,0.6241292457423836,-0.7939068973184028,27.48780059814453
-0.24884497514403794,0.5330758021565952,0.5651868091740216,0.5795094158927133,-0.3938912015012413,-0.8660197354680457,0.6317366864911558,-0.8023883525153644,27.34924697875977
-0.39422114420658316,0.5264491844441357,0.5580722871111368,0.5767090862304138,-0.44353062976672963,-0.8671349511171808,0.6315135918314747,-0.8509632409522347,27.110095977783203
-0.9764420441403103,0.5150112857731318,0.5394237355123898,0.5725903272415118,-0.5930231626446829,-0.8180665260834191,0.6257577931848795,-0.8933697816251348,26.47090148925781
-1.3103110953368473,0.4844404674994757,0.5459992730558089,0.5665701873312432,-0.47760927293810623,-0.7689982074024755,0.6213717173170096,-0.8463370260862515,25.62161445617676
0.20921318908339576,0.4438215322355153,0.541795028217334,0.5626639188016166,-0.6913433759529871,-0.8236424979762763,0.6367162290123178,-0.8023883525153644,25.791473388671875
0.034408930397696276,0.45194539226666924,0.5351125033047158,0.5602564607604241,-0.6758980045461752,-0.6831285167698016,0.5994594208455835,-0.8286033249853006,25.84759521484375
0.08196470301761166,0.4546295364197957,0.5235781057985381,0.5563136101351872,-0.6400578089553889,-0.725505754261571,0.5937036221989882,-0.8740941314541741,25.935155868530277
1.3760403362871911,0.4588173084982889,0.492749368790106,0.5533726616498532,-0.23143295598214017,-0.8548678980351493,0.6196985073694018,-0.8255192430173037,26.878082275390625
-2.093530098152144,0.5039147433902263,0.45178774121423393,0.5470494268958207,0.1785206754504109,-0.6898197043117937,0.5906918442932941,-0.9033931858921066,25.479398727416992
0.5542464876656791,0.43701976645433593,0.45998014032347134,0.5410247165483398,0.25732551564990186,-0.7009716480975081,0.5940829266936217,-0.9087903752930947,25.872291564941406
-0.08164922345352965,0.45581069120822293,0.4626869299634714,0.5340300366782226,0.2609485618155961,-0.7143539168286746,0.5892506615063897,-0.8632997526521978,25.852088928222656
0.22510270048713943,0.45484445769578696,0.46691003328061004,0.5268739176210465,0.2796378035519782,-0.7879564480264989,0.5958007991463415,-0.8579023794232328,26.0339412689209
0.3551840905776088,0.4635419276519975,0.5123879445224068,0.5190397232916671,0.22940107893990958,-0.7667677761042054,0.6151921695365475,-0.8933697816251348,26.30335235595703
-0.2721187995490666,0.4764270784637485,0.4449285905502287,0.511563501598945,0.047785608960072036,-0.6808981918243495,0.6007579014820082,-0.8579023794232328,26.15517234802246
-0.5529983281894857,0.4693400585102329,0.46387804987438497,0.5062846280210523,0.07872380493331504,-0.518080429399264,0.582776341192189,-0.9095615336560765,25.82065963745117
-0.8564306930653189,0.4533412858851826,0.4629036644792354,0.49974684773831657,0.14566095850845626,-0.08427153905062605,0.519613972865265,-0.9442577774949972,25.290815353393555
-2.4516802206770465,0.42800037069890084,0.47167451292426416,0.4897979311737582,0.6114668736400781,0.9071326262330057,0.44311472691428355,-0.9673888518249134,23.743959426879883
-1.0307826606621104,0.3540187387013046,0.48466837269385254,0.4793467407626595,0.30439339613786326,2.3245393850269664,0.3628943317569035,-1.0113375253958006,23.15125846862793
0.18498421404504634,0.32567157111676676,0.4775215612357923,0.46890251062064164,0.08211627499165074,1.7981695101508446,0.3540777353819303,-0.90647745168808,23.29044914245605
2.2002254907520946,0.3323286572953473,0.461387810764991,0.46192706564243324,0.6357285428520209,1.1625110541271213,0.4393221176997058,-0.8764072388871658,24.62627410888672
1.1048003124483936,0.39621729061002947,0.43583310029444816,0.45705706719010747,0.7723310232721693,0.6919008981795716,0.4907097067520969,-0.8794913208551622,25.3514347076416
0.07761249631181852,0.43089961857392345,0.36122730283452525,0.45297253301129536,0.765823419493555,0.6863248199338964,0.4976746610248931,-0.8656126762572125,25.43450355529785
-0.23462597972203944,0.4348725605993777,0.3326409769280727,0.4501560836075774,0.7449404251597525,0.9517401886702272,0.4745575662448379,-0.8548182974552362,25.315513610839844
-1.8053753022077834,0.4291816167102805,0.3393542273620259,0.4466516462438267,0.9357251975215565,1.2829515790604378,0.4119082720620046,-0.8764072388871658,24.18399429321289
1.6324233835231687,0.3750643299481455,0.4037818739057158,0.4452615638064657,1.1813286404901207,0.6907856825304365,0.46272025946314826,-0.8602154868562244,25.221221923828125
-0.7393066901532317,0.42467191883256294,0.43875680843536996,0.44265653548200384,1.1700564627597132,0.6372566076057703,0.4553670681946962,-0.8794913208551622,24.77893829345703
-0.44218953854622184,0.403518775724774,0.4427632692293233,0.4392360630476665,0.7272195427889073,0.8814830917141719,0.43324496688218334,-0.9103325081910815,24.531980514526367
1.0409941842704675,0.3917075015093595,0.4370243121979406,0.4351807694381594,0.6591304517902488,0.5580779981622714,0.4903617749439811,-0.8594445123212194,25.21448516845703
-0.8058919166826285,0.424349719364481,0.3824504507374689,0.43335287817149715,0.7534331782075434,0.7063982762070551,0.46564271235861854,-0.8694679165881909,24.72954559326172
0.8113439996793236,0.40115646614791967,0.43247656707005033,0.4318916587154737,0.41284122829697417,0.49897305769756606,0.48336544798466724,-0.8378557547172668,25.272857666015625
0.5208345398919619,0.427141506601508,0.4111449599166458,0.43137722183358573,0.3226966605717751,0.3684958046276707,0.49500645760974293,-0.8679257836902041,25.64105224609375
0.32703693897207453,0.44475118534401537,0.39923403678524666,0.4310214902454901,0.33200849700948826,0.4855906826135816,0.487608603836179,-0.8702388911231957,25.88801002502441
0.27917638875630774,0.45656245955942976,0.432151649281562,0.43053987403123195,0.32848089074420195,0.2948932734298462,0.5120420442547038,-0.792364948248393,26.10577964782715
-0.007106208568183535,0.4669777489333785,0.4087627200948187,0.43049063605556953,-0.11560589925742286,0.1621855890616808,0.5248566973677695,-0.7754022216824467,26.134973526000977
-0.8905716340586558,0.46837400744370183,0.4349669901646018,0.42989410798404065,-0.281561638400352,0.13876648584111742,0.5269582316326946,-0.8417108112202683,25.575946807861328
-0.21294182999100292,0.4416373810848114,0.4527252375852656,0.4303319354112554,-0.36428977035127547,0.26589830466924325,0.4971883843838696,-0.9087903752930947,25.47042465209961
0.5579104525919764,0.43659056246302064,0.4646361607166646,0.4355036803586252,-0.38162489285813506,0.02724747339524569,0.49795592587415893,-0.8440239186532595,25.865556716918945
-0.6676475837601611,0.4554885829630934,0.47513932141396514,0.4411296607422854,-0.4437713826161034,0.28374132964413185,0.46572768005127047,-0.9126456156240731,25.45919609069824
0.2674381896378215,0.4360535329418998,0.47654735982580043,0.4469198374536624,-0.5646645819731392,0.24917028263785376,0.4639518552748445,-0.8979959964911184,25.66574478149414
0.18246104904820168,0.44593215768653766,0.4495851628988952,0.4498258497587199,-0.6730988974213258,0.39860577633177235,0.4558043250130359,-0.9165008559550514,25.818403244018555
-0.1499684357268684,0.45323336913242485,0.4444957654667526,0.45080547159839857,-0.7269570897299711,0.41533379836316225,0.4343961701846781,-0.8794913208551622,25.75330352783203
-0.827731809271504,0.45011983854207815,0.4635532240784755,0.4503402866406081,-0.6466345978848984,0.8625248510901483,0.37080090235698626,-0.9357765061260128,25.243671417236328
-1.2308942951498452,0.4257456129829945,0.443954205155079,0.4483153690796425,-0.5000098950710747,0.7733097262157049,0.3589097827032837,-0.9673888518249134,24.484834671020508
0.39528688053480227,0.3894526525705007,0.4539161735110215,0.44972735520948176,-0.434184564252414,0.5134704357250496,0.40479604045527834,-0.9627626369589302,24.76323127746582
-0.3072180083205869,0.4027675547112818,0.461278983544215,0.4482168838293608,-0.5094063877876338,0.2960082763733453,0.40788363568672337,-0.976641097728903,24.60158348083496
0.23554623316029769,0.39503640949045965,0.45813918483558114,0.44822236091485,-0.4794110805835766,0.11646281097532424,0.44389098303971675,-1.017505781245782,24.781185150146484
0.09123628963549667,0.4036262363627697,0.4335593197230819,0.4490487452472687,-0.5649014414727948,-0.03966376390776901,0.4766769655118078,-0.9658467189269266,24.87098693847656
0.13678664088482337,0.4079211954104007,0.39696016422130154,0.44850146909983735,-0.5973571652692354,-0.055276570290023086,0.46199738047797084,-0.9820382871298912,24.98997688293457
-0.2378923563445445,0.4136121392994981,0.4103874010298391,0.4488462558159114,-0.6297655851363902,-0.16679558273589482,0.48108983888274487,-0.9612205040609434,24.87098693847656
-0.5045142105994176,0.4079211954104007,0.40259102997253876,0.4471661249710197,-0.6422683005732983,-0.27608416388349694,0.48985305811746227,-0.925753101859041,24.583620071411133
0.8881463304810094,0.39417727172420947,0.4112533271745278,0.44602231610258114,-0.4286980235037575,-0.3140006451315442,0.4986341423542245,-0.9326924241580159,25.17182922363281
-0.2330445652280749,0.42230960925570843,0.4155845217718116,0.4439919168066479,-0.5165434987902295,-0.4154829294408366,0.5022794742348722,-0.9396317464569908,25.055082321166992
0.015832810519972866,0.41672594355870207,0.42132347880319443,0.44153466285239185,-0.8311516592895257,-0.24820441077202898,0.48352601513719157,-0.9666176934619316,25.09774398803711
-0.6057647768255886,0.4187663273363319,0.4155845217718116,0.43814153400019534,-0.7797769487289784,-0.20805749822571165,0.477386554678391,-1.0236740370957633,24.74301528930664
0.5366439634941703,0.4018006826381786,0.4017246438649558,0.4370141377903109,-0.7306559520472456,-0.428865304524821,0.5163165727927331,-0.9912907168618577,25.11345672607422
-0.33872896882749925,0.41951782201868154,0.43009432724822305,0.4356952063200474,-0.7163991350110525,-0.5403842106178748,0.523718783883869,-0.9912907168618577,24.92936134338379
0.1928918260599305,0.41071307387038036,0.4244635534895648,0.43379067770184176,-0.7090760832337589,-0.548190613809002,0.5320983413063811,-0.9874354765308794,25.084264755249023
0.6656634015953048,0.4181216547313107,0.4265211515006402,0.43399318108163426,-0.6221758732467773,-0.46232092317632817,0.52116670298201,-0.9542811817619685,25.54226875305176
-0.0544468038024733,0.44002665741325925,0.40941237168663763,0.4336867200155494,-0.6365550468175485,-0.3563777762704956,0.5029398257128929,-0.9858935274608694,25.54002571105957
0.549353782954515,0.43991937922116836,0.4272789863651834,0.43396038831087436,-0.6745887646070361,-0.607295660626525,0.5386035985753422,-0.9897485839638707,25.9306697845459
1.1655973294139061,0.4586027521141073,0.41839995464743035,0.43635198698143557,-0.5790439798265345,-0.60618044497739,0.5884920525171228,-0.945028935857979,26.734405517578125
-1.3035471010799295,0.4970431008274643,0.425871039945927,0.43790624249912147,-0.25754200397113386,-0.5136196731555419,0.5897593783329086,-0.96430458602894,25.881271362304688
-0.29954852418029987,0.4562401688683955,0.44796084993419033,0.4409107818997657,-0.2384890861237632,-0.49800697312610553,0.5877290862102839,-0.9874354765308794,25.717382431030277
1.5663101967599213,0.44840183667843536,0.4478526666614659,0.44581981737226717,-0.050988029223061226,-0.6206779293576913,0.6169723516305454,-0.9380896135590041,26.77705764770508
0.36366718539178206,0.499083028490332,0.46669366673516127,0.4518124835150015,-0.05934665507250383,-0.5894526356516364,0.6074150112683501,-0.875636080524184,27.059946060180664
-0.38642842933784066,0.5126127606841516,0.5054583275430048,0.4568036334245354,-0.051963627331125785,-0.5381538856724225,0.5982591977204049,-0.89259880709013,26.828697204589844
0.5008076895069576,0.5015527987051818,0.4643111509355976,0.46249529698876074,-0.04532368023669599,-0.6407513856308503,0.6310094501884064,-0.8648417017222076,27.205869674682617
0.399228139663069,0.5195918638849093,0.4564066885981519,0.46865761794678734,-0.06346908236195942,-0.5972589324899457,0.6390319254359016,-0.839397703787277,27.51793670654297
-0.23353180766928625,0.5345171248054328,0.5075154655911861,0.47479804916077084,-0.04600478888918966,-0.48908546063866104,0.6378495673127678,-0.8316874069532968,27.38996696472168
-0.23193832661300506,0.528396703256163,0.5211593449229086,0.48133119856307605,-0.03924924762971977,-0.5403842106178748,0.6312728500356275,-0.8201220536163156,27.26370429992676
-0.0055572165711773765,0.5223579262493433,0.510006072670895,0.486507434906526,-0.1887209449538466,-0.6206779293576913,0.6399199467570539,-0.7522713311805074,27.29526901245117
-0.2098751047833685,0.5238675748895717,0.5281973291601927,0.4916989401368575,-0.47571396038782077,-0.3764512325436543,0.6167982767935482,-0.7453320088815325,27.184785842895508
-1.2880501733989176,0.5185834853684377,0.5432485109631199,0.4946979234108807,-0.2019268441087849,-0.5136196731555419,0.6114174253240146,-0.7607526025494921,26.328012466430664
-0.2728614310165459,0.47760650001607896,0.5370764528705245,0.4981988504184817,-0.6218915178775106,-0.427750088875686,0.6041801387029749,-0.7484160908495286,26.17919540405273
-0.1828351443818591,0.4704890115964422,0.5309867281359977,0.500582419439943,-0.6795214352319852,-0.17014101697766437,0.5765431984055926,-0.7630657099824837,26.091264724731445
-1.1974453367683375,0.46628354226517255,0.5325091133233396,0.5015570523893585,-0.5023571469924356,0.020556392206070653,0.542097295804488,-0.793135922783398,25.32918357849121
0.5918793375365347,0.42983541161054756,0.5271804431936157,0.5031653766907062,-0.4761380815800179,-0.19356012019822813,0.5674141823607146,-0.798533112184386,25.74404525756836
-0.2194453209647949,0.44967704233084665,0.48585774474576804,0.5033879239716393,-0.5625184717013291,-0.1177271577021336,0.5680388038346458,-0.8077855419163525,25.633563995361328
1.1918800171644297,0.444393044032665,0.47868020776637266,0.5055945710431566,-0.22297159318861257,-0.33964996694474203,0.6078300457670731,-0.8016171941523826,26.445255279541016
0.44761798254125285,0.4832138836807246,0.474439257888938,0.5076678803747259,-0.17429282888609915,-0.3240373732681235,0.6071339642849628,-0.817808946183324,26.781200408935547
0.12083743719103127,0.4992811647430707,0.4376836230105385,0.5080677587596973,-0.16854865168786573,-0.4935462168823832,0.6210906703336223,-0.8070143835533707,26.898447036743164
-0.5609668545860469,0.5048887308536213,0.4576926528578568,0.5096953783961724,-0.14322334026421957,-0.47681840755662963,0.6200019945382843,-0.8162668132853372,26.548967361450195
0.32567323049271096,0.48817413172063256,0.4523640747207115,0.5123435724775796,-0.34110358436272054,-0.4422474669031697,0.6201492718722144,-0.8216640026863254,26.803747177124023
-0.3316476315940816,0.5003595112640776,0.49151243657492666,0.5119414530440464,-0.3351885344752811,-0.5247716169412562,0.6260970103578516,-0.8301452740553101,26.612096786499023
-0.12416524454344723,0.49119342900109003,0.507715273472442,0.5107288225971607,-0.33837584813112187,-0.5325779137795655,0.6311745925243812,-0.8355426472842752,26.56249046325684
0.11226094490262538,0.4888209024535605,0.5133701492867584,0.5103492252367255,-0.6300156862687754,-0.4199437920373767,0.6227638802812302,-0.8409398366852634,26.672975540161133
-0.3695255512068721,0.49410508319764695,0.49651453304974325,0.508522561432346,-0.6315209543072332,-0.5827614481096444,0.6440204004580861,-0.8895147251221337,26.456520080566406
-0.4055591599202171,0.48375264643794197,0.5088027177469948,0.5053526121901375,-0.6044838182684348,-0.44447789820143957,0.6292560655974757,-0.8717810240211825,26.217533111572266
-0.4155701685464549,0.4723225929408498,0.49955930342442795,0.5019010021993306,-0.9306443997046406,-0.19913598573826774,0.5910219110993652,-0.754584438613499,25.974018096923828
1.2539556685132962,0.460675976154622,0.4971667604337701,0.500862225046682,-0.5800633978116309,-0.5671487480802077,0.637755884984972,-0.7969909792863991,26.83756828308105
-0.2983186799093162,0.5019770766570641,0.5024955225560729,0.4993342855764228,-0.5754970182615284,-0.4522841950397488,0.6197030825528522,-0.8355426472842752,26.66846466064453
-0.06759351991288323,0.4938893409150836,0.49205574474559827,0.49804818407274604,-0.6255238262178251,-0.25601070761033823,0.6181102651144459,-0.8255192430173037,26.657190322875977
-0.9174724045747603,0.4933501220431039,0.48052925860120155,0.49741612468771274,-0.5290890926809525,-0.03185746706946013,0.5844809238263144,-0.8486501335192431,26.068723678588867
0.1357173573622298,0.465205469413023,0.46878438207462164,0.49744912668499813,-0.5230970517638763,-0.06196765147919773,0.5944308585017376,-0.8247480846543219,26.19273376464844
-1.061251298044564,0.47113651211299,0.5104339301551132,0.4960530975648353,-0.3831364802096982,0.5012032762902006,0.5445916422485195,-0.9018512368220964,25.518573760986328
-0.29376068778618614,0.4388933946748724,0.5022779601070994,0.4961300324829926,-0.400661387915828,0.31608173264650397,0.5529620493041306,-0.8355426472842752,25.36074447631836
-0.7454268489195287,0.43134487780487135,0.5017341919735335,0.4941019300293614,-0.3649470757189905,0.11757802662445926,0.5722061423604066,-0.8023883525153644,24.912059783935547
0.25095864107151217,0.4098855904686331,0.4733520895921217,0.49281032354332527,-0.3297140634110135,-0.22701573884973528,0.6060139158031072,-0.7877387333824097,25.103710174560547
-0.8829643413019956,0.4190516727316208,0.4793331710910304,0.4882429968322342,-0.27188573090015256,-0.10657521391641923,0.5754142174227146,-0.8255192430173037,24.57160758972168
-1.1134918633095516,0.39360274956962854,0.4468180261271714,0.48123536351545043,-0.6382691474934978,0.08969827351299134,0.5399556742179015,-0.855589455818218,23.906469345092773
0.4302438767290832,0.36179111669663777,0.43920582421272314,0.4746564306998925,-0.4918473684614978,-0.13333975137875215,0.5604089229003784,-0.8571314048882278,24.199581146240234
-0.08756673506773492,0.3758098039156329,0.4175654899647074,0.4688744556683143,-0.4943279728122532,-0.36752972005621,0.5747717309467386,-0.8247480846543219,24.17703628540039
0.4541389645115997,0.3747315486175784,0.42680890428727425,0.4632298866702348,-0.43351660559723487,-0.4823943794494866,0.5947700756747096,-0.8054724344833606,24.488183975219727
-0.2606153742875906,0.3896128400750171,0.4011452746033761,0.4577337057735026,-0.4671834507929978,-0.4634361388254632,0.5959123464761821,-0.8216640026863254,24.357406616210938
-0.49063434899462954,0.383358138339729,0.3690652545374645,0.4516934057251345,-0.5651519437025586,-0.3329588857555678,0.5925659265809664,-0.8355426472842752,24.08458709716797
0.6545125696231833,0.3703099721119354,0.38320221409180827,0.4464390674444629,-0.427786052344871,-0.4255196575774159,0.622438170792731,-0.7723181397144502,24.51749610900879
-0.5635704843279106,0.39101475440839284,0.38211486180983434,0.4409319044798823,-0.4576793444879032,-0.29058154191098046,0.6036581320578619,-0.7754022216824467,24.197324752807617
-0.804405117314297,0.375701887162875,0.3971217031897572,0.4348751127318281,-0.43503003678140056,-0.1879842546581889,0.5775828543782469,-0.8016171941523826,23.73286437988281
-0.01744577085885823,0.35348809478685583,0.39081423202109883,0.4294613856840476,-0.5032804319490758,0.08969827351299134,0.5310362451482316,-0.8201220536163156,23.75315284729004
-1.0345921632493873,0.35445843333215254,0.3776559815131105,0.4204916260113333,-0.5289729567587111,-0.06196765147919773,0.5258338258332671,-0.817808946183324,23.15791702270508
-0.8191309162523549,0.3259900304437981,0.39853544514148104,0.4108293404877228,-0.5474844268305332,0.07743111407814195,0.5009942834170416,-0.8725519985561874,22.70471954345703
-1.707574017422043,0.3043149096020439,0.383093386871032,0.39885864011060257,-0.2701240186410965,0.5681147262988504,0.4357035833221253,-0.8910566741921435,21.74646759033203
0.1565657484896821,0.25848449828710557,0.3606921820033709,0.3886027556868199,-0.3403298918360923,0.7933831824888644,0.4152679817758145,-0.9087903752930947,21.861467361450195
0.5845474845049942,0.2639846037596605,0.3616707070645688,0.3789074635164456,-0.1893964043513643,0.4911665481536209,0.4127516308780449,-0.8872016176891424,22.2154483795166
0.5186717369932577,0.28091448906045025,0.33296212302082845,0.37164151913130716,-0.08989476793330876,0.2870867638859006,0.4341373455209075,-0.9303793167250239,22.53787612915039
-1.0601516050749098,0.296335273058726,0.31110413433126005,0.36334778431084663,-0.17504516727203093,0.5937640481120479,0.36280958193013013,-0.9581364220929469,21.95841789245605
0.8074564948315696,0.2686214664331044,0.2648870627184259,0.357318494227197,0.011582021772808494,0.4521350639620745,0.4024936338502888,-0.9334633986930209,22.43867301940918
-0.9936142087336566,0.2915906760784289,0.27043357127486023,0.3495084399893794,0.03672834350292045,0.7944983981379989,0.3460149549468951,-0.9835804200278783,21.899803161621094
-0.24093931873197225,0.2658180938811154,0.2875062899979547,0.3427371396568188,0.023942129708775167,0.6863248199338964,0.34089728545870396,-0.9820382871298912,21.79382705688477
0.0017946664334570438,0.2607495641966398,0.30305717548917993,0.337658681842942,-0.024030155282525993,0.8580642011992441,0.33855021634860255,-1.0213609296627721,21.82314109802246
-0.2497060135699405,0.26215156975296783,0.27510955405766335,0.3315964037104421,-0.06523269269960477,0.7576971325390868,0.33871535868457736,-0.9943747988298542,21.712661743164062
2.03583617645336,0.25686766267773864,0.2982725494707581,0.32840310943746853,0.11090982597772543,0.2725893858584175,0.39186548269480015,-0.9720148828629197,22.867055892944336
-0.8172723410392894,0.31207898630870334,0.2722825301171101,0.32336311210845303,0.2056480433028361,0.4744387388278677,0.35943200721427543,-0.9920616913968626,22.42063331604004
0.16608501346308116,0.2907278893940804,0.2671712384512021,0.3189441827976656,0.17481670031856136,0.2904324108333061,0.3813754585063406,-1.0136506328287922,22.54463577270508
-2.6300151548033126,0.2966585672022376,0.26858507239550455,0.31157932541023803,0.7235733205001038,0.358459076491091,0.33697962122981284,-1.0082534434278039,21.063312530517575
0.23048777581379193,0.2258111734051957,0.2632565862509381,0.3035274053089681,0.6839630601483487,0.2815108983458618,0.3541624852087037,-1.0205898632137786,21.21436882019043
1.3047787300911322,0.23303575757101824,0.31893371470952425,0.2980422204285192,0.7836907643468947,0.03393876729005546,0.40202522221131004,-1.0622255212656624,21.947145462036133
-0.4179429043839124,0.26808233878407733,0.2974024836600213,0.2931890809846688,0.725030328125183,0.009404448420356691,0.40488972278307406,-1.0352394823467332,21.741968154907227
-0.8447113669069902,0.25826930334225695,0.30338319718861456,0.2872147477350446,0.7702501107250739,0.23244247331210016,0.3587448582331875,-1.113884583584518,21.30231094360352
0.7258466876025211,0.237241774240003,0.23193808075272349,0.283719153679104,0.8232115497663708,0.19564120771318833,0.35307380941336564,-1.1007770054355615,21.72392463684082
0.26439183622919527,0.25740633421200354,0.23922361701968547,0.28175381918311615,0.8257987292093332,0.21682987963548161,0.35544745816065565,-1.113884583584518,21.898483276367188
-1.0993089257421162,0.26575496759801437,0.2745658779166765,0.28069867586669683,0.4881311630226571,0.38856904819519344,0.2901164528781993,-1.1262210033704925,21.313617706298828
0.3622985513752646,0.23778254390217432,0.26467005222492535,0.27991027777234806,0.49370095465206615,0.6807489543938572,0.25469342181159715,-1.2133474678912501,21.53804397583008
-0.05925526676999976,0.24851620138020175,0.2434651188525936,0.2782479497800355,0.4828160610329127,0.7409693232133332,0.2480049393387377,-1.2179736827572334,21.53351402282715
-0.3485187559096018,0.24829954686811365,0.26379980242903084,0.27540176696230795,-0.23455833729799758,0.7130895701018652,0.25462196180341806,-1.2364783583931895,21.370290756225582
-0.28832181104400323,0.240493051488561,0.2722188712525479,0.273653135352975,-0.23235937267134268,0.9193995729622196,0.2471482907041031,-1.2835112058460618,21.241079330444336
0.07045878015710944,0.23431324379724117,0.24401045085999962,0.27089402796567286,-0.5484489746893233,0.6138375043852073,0.27868045504488126,-1.203324063624279,21.306808471679688
1.0556639937518368,0.237456877961899,0.2548346656574769,0.2709129094972275,-0.3435404776530461,0.4699780889369627,0.3226078806824303,-1.1801931731223394,21.907548904418945
0.5501106348968191,0.26618855029104765,0.2546161832827147,0.27200797788418646,-0.4343300717931175,0.2692437389110124,0.3663790964850268,-1.1485809193374268,22.24305534362793
-0.7950412037182254,0.2822348500743284,0.24674382635528636,0.27200376545680693,-0.39312286715657413,0.1945259920640533,0.34562236063366736,-1.1948427922552942,21.821413040161133
-0.14070487360786985,0.26206892175804086,0.2405118810938617,0.2721472948532847,-0.4078139345877479,0.0707400328889677,0.353158559240139,-1.203324063624279,21.771541595458984
0.29228067137294556,0.25968371522011946,0.24368203735351512,0.26994095464733814,-0.6102261837165799,-0.05750700158829354,0.3826872289613597,-1.1894455109403175,21.961952209472656
-0.9382660636581873,0.2687905025640094,0.2726561119798086,0.2676126586244298,-0.4690224295290127,0.12092346086622843,0.35277925474550553,-1.2056371710572704,21.465499877929688
0.533472104449404,0.24504662760641105,0.2888377905841891,0.26576125494578207,-0.41523175144774427,0.09192849210562508,0.37019392801922124,-1.207950278490262,21.785137176513672
0.21857676263790135,0.26033395242524066,0.268501727119069,0.26788555045687135,-0.43272946231452114,-0.08761697329239601,0.38785871132156374,-1.2426466142431711,21.93475914001465
0.009834531639392675,0.2674899369308146,0.2660963971599512,0.2697244935335571,-0.4539811032710761,-0.009553792203666941,0.39154870570732336,-1.1925296848223024,21.9687557220459
-0.14010663754012193,0.26911589483542736,0.27528001630626736,0.2696555975634564,-0.44607705120733593,0.07297025148160184,0.3770386203270331,-1.2094923194742602,21.91888236999512
1.5078339847762783,0.2667305970745537,0.2513358199136023,0.2722088539465586,-0.2751224108382699,-0.24485876382462388,0.4357794006478763,-1.137015474086457,22.789386749267575
0.034888245164815916,0.3083642964616578,0.2667521202619741,0.2759554082455921,-0.30729142512065927,-0.31288542948240916,0.44194565860974405,-1.1262210033704925,22.83925437927246
0.2411919082244311,0.31074932055367444,0.2739684781096428,0.27908866380471037,-0.4353399825781567,-0.3563777762704956,0.44373041588719236,-1.1400995560544538,23.009275436401367
0.5329277110212342,0.3188809345357875,0.27560815383501536,0.28263083168522224,-0.435219702528682,-0.338534751295607,0.44801387692624417,-1.0992349644515629,23.351581573486328
-0.4853784270119373,0.33525244414458133,0.2732027318833189,0.28696874848534454,-0.36232447972492005,-0.2838904607218062,0.4441007878808035,-1.084585437232597,23.09315490722656
-0.37466387979318494,0.3228926463160362,0.3151876849062872,0.2902953897972226,-0.5221356074484237,-0.13668539832615723,0.4175836781993983,-1.1385575150704554,22.902727127075195
-0.01602362416214906,0.31378503796557433,0.3175928308802474,0.2936828230384478,-0.5379501197188238,-0.17348666392506948,0.4289883033461987,-1.0922957340665767,22.92313575744629
-0.03159719856493532,0.31476112355687574,0.325793049358687,0.2974957625892764,-0.5336152630450209,-0.2058272796330775,0.423535991868486,-1.0637675622496605,22.934467315673828
0.3718888210157939,0.3153030791174292,0.34230268150665777,0.30222601632049634,-0.5276441498495869,-0.37868166384192437,0.46204661816653325,-1.0267581190637598,23.181564331054688
0.0487946979632243,0.3271210126083732,0.3298386069986502,0.3069397179088117,-0.5429316370583859,-0.3318436701064328,0.4628540291126055,-1.037552497865736,23.240503311157227
0.7376882757281035,0.3299398930622802,0.3206541599191246,0.3113273701787794,-0.876592265162523,-0.34076518259387706,0.45321193892363676,-1.0406366717477213,23.707489013671875
0.47070253538744794,0.35227446462735373,0.32163848051278965,0.3156653009273366,-0.8473746254015132,-0.5470753981598669,0.4689625526166456,-1.0568283318646743,24.02259826660156
-0.11397363507348103,0.3673452261570477,0.3221850084237209,0.32093710264866815,-0.834755065638804,-0.60841087627566,0.473879567630651,-1.0838143707836037,23.98405647277832
-0.006497587308057007,0.36550188395672745,0.3341026470133759,0.32639676189300865,-0.8855757696869809,-0.6552487636583336,0.48309769081987425,-1.1084873022695412,24.011249542236328
-0.05469464641600588,0.3668024495899223,0.3369453096923333,0.3313867540824351,-0.9752862114112975,-0.6808981918243495,0.48899640948282763,-1.068393777115644,24.008989334106445
0.24919821143306062,0.36669435039125947,0.3594683127343879,0.33803455032174534,-1.0592701022154027,-0.6385209543325803,0.49470318830673904,-1.059141439297666,24.192615509033203
-0.2680006798996189,0.375476657693256,0.37466622270057626,0.34357713766182857,-1.0070415534833403,-0.5526513700527241,0.47114426152489364,-1.1054032203015447,24.05886459350586
-0.22112456683866674,0.36907973937508576,0.37280732865981103,0.3485008003932,-0.9752093647593933,-0.5749551512713349,0.47321464096917976,-1.0861274782165953,23.95458602905273
-0.22929706150361973,0.3640923981182975,0.3741188668564356,0.3530763380830468,-0.9675950793680764,-0.5191956450483991,0.4702207280655304,-1.1092583687185342,23.84577178955078
0.8781091939585823,0.35888812868056436,0.37400985565050165,0.35914940765478287,-0.8019716211927788,-0.6775526512297622,0.5058400562887465,-1.152436067754417,24.410228729248047
0.6342867309547795,0.385884466785103,0.3828662571938583,0.36413937194733925,-0.8304895518091822,-0.7065475136375473,0.5159551333001444,-1.1400995560544538,24.83641242980957
-0.25518655701941123,0.4062675969511933,0.3764153695947771,0.36869282461505204,-0.8342964253863326,-0.6630551668494609,0.5162050254628926,-1.1740249172723578,24.707210540771484
0.3091216846834158,0.40008824537463555,0.37138595132404273,0.37338440863488537,-0.830996409960925,-0.7578462636167609,0.5361452000012789,-1.1693987024063746,24.933897018432617
0.35224872309478,0.4109300020513256,0.36613777470081005,0.37786600361479245,-0.8215846129713555,-0.6440969262254372,0.5259987503033633,-1.179422106673346,25.190059661865234
-0.5137366913794083,0.42318151823530287,0.39336187449969323,0.3822536372868467,-0.7332867815011579,-0.4991221887752406,0.5046398331635679,-1.2195157237412317,24.89308738708496
0.3600585192401603,0.4089781957605326,0.41391697229504854,0.3877409609273336,-0.7229799358239765,-0.6474424668200244,0.5389027284266529,-1.1979268742232905,25.153783798217773
-0.9070381064845129,0.4214465489025027,0.4076854869965179,0.39184125218825316,-0.5505315462317258,-0.4165981450899716,0.5066208875976301,-1.2472728291091544,24.60519218444824
-0.0076057953286873025,0.39520900331651015,0.41861871299992903,0.3959802317584729,-0.5638796151448563,-0.5058133763172326,0.5076559683868339,-1.2249129131422198,24.63239479064941
0.07904782835526526,0.3965100250644673,0.43097359231684473,0.39971581793809313,-0.5819022828986735,-0.40544620130425724,0.49994133762579307,-1.2218288311742234,24.714008331298828
0.46024246613712516,0.4004133639771961,0.4166504397829143,0.4040924183980371,-0.6834559610339112,-0.5626879918364853,0.5172043762480069,-1.1778800656893478,25.03590965270996
0.5176375092123973,0.4158089704405935,0.4292239854597498,0.40821481327900405,-0.7104737331072236,-0.6753222199314923,0.5508158525340935,-1.1925296848223024,25.39861297607422
-0.02997180968358273,0.433156018302974,0.4027650799317175,0.41160224652022925,-0.729988771615155,-0.6887044886626588,0.5501332787364561,-1.1778800656893478,25.412220001220703
-0.8388140872960003,0.43380680284580997,0.4040770780912363,0.41384028222004643,-0.5996987609245108,-0.6998564324483731,0.5467110415154894,-1.200239981656282,24.902162551879883
-0.897833108612241,0.40941223456832815,0.40801334854752935,0.41470236059771176,-0.5250815154145376,-0.7299665105052929,0.5564378815312315,-1.1840483215393294,24.364898681640625
-0.2591595205746016,0.38371646209698435,0.42353884408699277,0.41525496504732534,-0.5458927572247322,-0.7422336699401425,0.5476524399768974,-1.1763380247053492,24.23568344116211
0.0297596648022904,0.37753647195975937,0.4410322448731555,0.4154815062301559,-0.5917175076967872,-0.7377729136964204,0.5511326295215703,-1.1215948804184976,24.28554916381836
-0.47598534101702517,0.37992140482882336,0.44168851993065145,0.41539310104892413,-0.6848402706646409,-0.6630551668494609,0.5501332787364561,-1.1092583687185342,24.02259826660156
-0.15842951101075675,0.3673452261570477,0.41708814047306925,0.4153986153302401,-0.6891884594895912,-0.7444639948855947,0.5324373406134745,-1.0953798160345731,23.95684814453125
-0.27383936208505427,0.364200588539913,0.3911755788708106,0.4153378326998496,-0.7011164102250595,-0.6485576824691592,0.5277791502632397,-1.084585437232597,23.820837020874023
-0.323684098447436,0.3576955710230799,0.3849434496242281,0.41349768540827264,-0.8111408606788467,-0.6619399512003259,0.5244281551845736,-1.0622255212656624,23.65534782409668
-2.5072238597131156,0.34978070277600726,0.38734850360560935,0.407010165986435,-0.19174274976027025,-0.6831285167698016,0.5132111125592433,-1.1169686655525144,22.175046920776367
-1.2507341183846632,0.2789822044814832,0.37466622270057626,0.39918534500539693,-0.1897760297436303,-0.5214259699938512,0.4873990168609708,-1.1339313002044717,21.49724578857422
-0.502171814223905,0.2465649424271233,0.37149505452255566,0.39020558430476504,-0.18900310656128216,-0.46789689506918536,0.47404449210074723,-1.1485809193374268,21.25014305114746
-0.09287106326125348,0.23474673526732195,0.3649351557175406,0.38054612566398754,-0.16105617392050173,-0.5816462324605094,0.492887058342773,-1.1131135171355244,21.227474212646484
0.5945146810773706,0.23366255047735768,0.35695351160644195,0.37246158947213476,-0.00545487116565674,-0.4790487325020815,0.46862791062712406,-1.1632305384703816,21.576580047607425
-0.45926138129281135,0.25035926991166474,0.28555770319281326,0.36319448636036833,-0.04257077530128219,-0.428865304524821,0.4518600811469562,-1.1755669582563562,21.35215377807617
-0.21030376158327102,0.23962561243363714,0.25286694439593516,0.3550534171613314,-0.030038150989276525,-0.44447789820143957,0.4480450317468832,-1.204095130073272,21.265493392944336
-0.269910433470379,0.23548089758870455,0.2409490298285436,0.3465569232397695,-0.03866830157022831,-0.5771854762167871,0.4565540015012805,-1.179422106673346,21.14689064025879
-0.021364708428283762,0.22980847195895635,0.2398556980289446,0.33790040357256573,-0.015477340086085001,-0.5939133918953584,0.4628228742919664,-1.1940717258063007,21.162857055664062
0.21549816048438206,0.23057209929398292,0.2566932837205058,0.32880945989629473,0.0398842472274991,-0.6987412167992381,0.48944695611976163,-1.1940717258063007,21.30654525756836
-0.43334289640445844,0.23744428919445976,0.24586906892302832,0.31832843378266296,-0.6716098530834161,-0.5805311231641921,0.46749892964424594,-1.2118054269072518,21.098997116088867
-0.9717062518628669,0.22751786362273402,0.2416893861031059,0.3066077870003588,-0.7828423198095604,-0.6117564168702472,0.4570760081463936,-1.1963848332392921,20.604076385498047
0.027196452745487966,0.20384724069595953,0.23596910356522918,0.29623055119179886,-0.7954414714737754,-0.5414994262670098,0.4483084315941043,-1.2364783583931895,20.645124435424805
1.4059474266526215,0.20581044985580982,0.2367391734427591,0.28903103390376045,-0.36537366946977956,-0.5816462324605094,0.47408915460585915,-1.1994689152072888,21.41145133972168
-0.21403737966696126,0.24246164280260651,0.2436693423776342,0.28192969964991116,-0.429472068485387,-0.4823943794494866,0.44743827527499674,-1.1948427922552942,21.322513580322266
0.3982198778313863,0.23820800775243878,0.23365916991037594,0.275301682291476,-0.4238109968589887,-0.4400171419577174,0.45787470445732203,-1.1015480718845547,21.566547393798828
-0.20043750844413438,0.2498794371817351,0.20978884355852517,0.2691144959232659,-0.4244647367042644,-0.397639904465948,0.44601038230668666,-1.1285341108034843,21.484437942504883
0.374010197594456,0.24595238030136732,0.2117686158478958,0.2636546739471834,-0.41883459663297223,-0.5236564012921212,0.47145668119479855,-1.1254500288354874,21.71707344055176
0.4477761126881096,0.2570786613667743,0.24872902620680915,0.2591991206954807,-0.39847238575267807,-0.4545146263380187,0.46976996356271783,-1.1339313002044717,21.9930419921875
0.5473382359573141,0.27027743668907606,0.24443950424774297,0.2559642321892421,-0.37062948410515667,-0.6106412012211123,0.5122830039164296,-1.1177397320015081,22.328304290771484
0.6386060611869198,0.28631205993444225,0.25620940275576937,0.2572940992325705,-0.4014876726400676,-0.6686311387423183,0.5273776234489896,-1.1092583687185342,22.72059631347656
0.26024736692001504,0.30507424945830475,0.25224921422897617,0.2607154085730098,-0.708669714599118,-0.721044998017849,0.5304473536783899,-1.1454968373694303,22.90076446533203
-0.07444587265026183,0.313691169547495,0.26346936508581187,0.26470572572266016,-0.6914394390698251,-0.7556159386713089,0.5446049320671138,-1.1239079878514895,22.8870849609375
-0.24265389380117414,0.3130369185324656,0.2767794953414768,0.26847888433677775,-0.9465300697559598,-0.636290629387128,0.5510968995174808,-1.137015474086457,22.775331497192383
-0.6012897398006216,0.30769207452499436,0.29294939889576477,0.27062267511056326,-0.8218965070356322,-0.6351754137379929,0.5529709818051529,-1.1277631362684792,22.456024169921875
-0.34599126291188137,0.29242053127694,0.311869880557584,0.27290213766242505,-0.788087086691324,-0.6987412167992381,0.5614975986957165,-1.1547491751874086,22.287254333496094
0.029319115361442,0.28434875955163946,0.32055949955549085,0.27550402293952647,-0.8081622087839079,-0.7165842417741267,0.548629568442395,-1.2372494248421828,22.332860946655277
0.2336139308906553,0.28652999156786474,0.3198997287799987,0.27878977673884775,-0.822841056923855,-0.6965108918537862,0.5603152405725826,-1.2225998057092282,22.494800567626957
0.1081826739258132,0.29427509390041295,0.3145097915927623,0.2822589943041432,-0.8592422152677011,-0.6519032230637465,0.5572097803390927,-1.230310102543208,22.58602905273437
-0.08667217933076382,0.29863828771648243,0.2991094059605311,0.28532791038193767,-0.9330107719051061,-0.6485576824691592,0.5629612216681161,-1.2357073838581847,22.565502166748047
0.23065977085705722,0.2976565463021288,0.2909695346138153,0.28929748620869555,-1.0572056330098498,-0.5861069887042313,0.5558132600573004,-1.2557541923921274,22.72743034362793
-0.3739791926173247,0.30540110129696224,0.29316916916663094,0.29401763197399566,-1.0683915076623602,-0.3195765106715834,0.527225770931609,-1.2873663542630516,22.540414810180664
-0.6427626660381975,0.29645669080844766,0.3009796150884949,0.29780932340879246,-0.9825787535250589,0.119808245217093,0.5066520424182692,-1.3051000553640024,22.200584411621094
-0.002612273191701626,0.28020358859194444,0.3053796201347562,0.2997996813972274,-0.9772683978621528,0.06739438594156262,0.5044701156441426,-1.308955295694981,22.22795295715332
-0.1798613388781917,0.2815125467367654,0.3043895960012028,0.301828950869923,-1.053740115588261,0.02724747339524569,0.5006241292893091,-1.3205207409459507,22.154977798461918
0.11465897851154888,0.2780223565757195,0.31219948996759367,0.30349128351171384,-1.0658797689439785,-0.05862200453179264,0.5050814472994795,-1.3451936724318883,22.248483657836918
-0.9442561479366939,0.2824944705970243,0.30317961761162554,0.3041195210255484,-0.8534814204887878,-0.054161354640888455,0.485190292583777,-1.3035580143800045,21.742158889770508
-0.14569753440083216,0.2582784256375028,0.2867893918309985,0.3040528010113127,-0.8985364984708946,-0.17014101697766437,0.5016413450764681,-1.2634644892261073,21.6897029876709
0.2833176888775279,0.2557696119990007,0.28810939334487695,0.30376370109736434,-0.8619999974925714,-0.15787407024845093,0.5045637979719383,-1.2426466142431711,21.87444496154785
-0.19833065126996965,0.26460528472818523,0.2845897572781832,0.3024571930332358,-0.8642668190397154,0.1421121327885221,0.49990560762170355,-1.2518990439751376,21.79233741760254
0.1749271981322864,0.2606783190707699,0.28909960146358843,0.30050018110348364,-0.8760994368659877,-0.29504240450752056,0.5341373480641495,-1.2102633859232537,21.917774200439453
-1.1537856489784144,0.2666775965391754,0.2646792514828101,0.29660286281966913,-0.6766872518428146,0.6539844169315246,0.4439803080499406,-1.3336282271809186,21.301973342895508
-0.6225200119992786,0.23722562777741776,0.2621492715793543,0.29198279242624414,-0.6798387996271775,0.44098312017636015,0.39331995530029884,-1.425380814653671,20.99180030822754
0.6100037472754954,0.22239095124868513,0.2710594887813366,0.28849688788317235,-0.5477068934110086,-0.12776388583871293,0.43679225911746333,-1.4246098401186662,21.345314025878903
0.28870110482151556,0.2392984869261225,0.26709939224712226,0.28623967308518633,-0.5069899511018408,-0.3630690701653058,0.47578022955551175,-1.4122733284187032,21.53005027770996
0.4479569837319355,0.24813388598644978,0.2731492841950085,0.2850610303249949,-0.45733648207653677,-0.4757031919074946,0.5040775213309148,-1.40379196513573,21.803741455078125
0.06806609764976965,0.26122374110351676,0.24344883616613747,0.2839324438486545,-0.5915239009130865,-0.5716095043239299,0.5129566452130446,-1.4284649885356562,21.869882583618164
-0.41939330010118536,0.2643870794259055,0.2284890029940055,0.2819087398015366,-0.5657913624568537,-0.4812791638003516,0.49525634977249117,-1.4970866855064693,21.66461944580078
0.17213307769867456,0.25456993895122454,0.24553918353528226,0.279962872671375,-0.5779297648225569,-0.5504209387544541,0.5114352877828173,-1.483208132822508,21.78777885437012
0.11745090040271206,0.26046029621439526,0.25444912475952813,0.2782949792534847,-0.5770800137836901,-0.5727247199730648,0.5193104856963825,-1.4816660918385098,21.88128471374512
0.25173971865844924,0.2649324102357001,0.2676494158760497,0.2766437635144141,-0.5699826987101306,-0.7466944261838647,0.5549831910598543,-1.4978576600414741,22.0500545501709
0.07080692135748486,0.27300418196100046,0.27083944253273406,0.27561523381203556,-0.8915864042769605,-0.7087779449358175,0.5692078721391853,-1.445427623187614,22.11848258972168
0.12707666927000902,0.27627689660338645,0.26093947717493476,0.2756597153713521,-1.0772848395373498,-0.7076627292866824,0.5844584836408192,-1.3845162230507806,22.21883201599121
-0.2725937169371005,0.28107631857811083,0.2668795299836776,0.27533170397314305,-1.1045694002653113,-0.7645374511587533,0.5768331778900023,-1.4192125588036897,22.093393325805664
0.7269655931387912,0.2750769498867529,0.2713893741690828,0.2762490367514478,-0.9791725048946361,-0.7890716636756339,0.5894737561660708,-1.3706376703668193,22.531293869018555
-0.05498717226695733,0.29602046264979315,0.27952924551579844,0.2769328541294059,-1.0097568317272807,-0.8057994730013879,0.5874791940475357,-1.322062781929949,22.52900505065918
0.36624077229241453,0.2959109951068435,0.2828295712745207,0.2794347105294155,-0.9854441754999463,-0.8314489011674036,0.5991648661777234,-1.3274599713309374,22.76849174499512
-0.03527630603059596,0.3073649490174799,0.28766948483282967,0.2820866706882813,-1.0813310352651846,-0.8838627604429343,0.5905044796377027,-1.3498198872978715,22.777612686157227
-0.01563101098821561,0.30780117717613426,0.2816195008923646,0.2843383247101679,-1.0728267802653393,-0.9061665416615451,0.6144024057266415,-1.3328571607319253,22.79813766479492
-0.25911138115180093,0.30878282736753543,0.30273970909957826,0.28649546878575716,-1.0237993924831175,-0.7979931761630784,0.6072498689323752,-1.344422605982895,22.67725944519043
-0.354961795578439,0.30300157275550493,0.3026293180049616,0.2879187484984938,-0.9787417222049152,-0.8782867885500771,0.6189669137490805,-1.340567457565905,22.501644134521484
-0.5761527459700149,0.29460240185383235,0.3141799062050164,0.2901092618801576,-0.8828205966088862,-0.7834956917827769,0.6178379327662025,-1.3397964830309002,22.200584411621094
-0.32116351234918833,0.28020358859194444,0.3146198147170636,0.292683380472589,-0.8730418947000385,-0.7634222355096183,0.623379569254139,-1.3459647388808818,22.04777717590332
2.498861881723905,0.2728952617557655,0.3156097468580381,0.2978872207689671,0.07975222069812192,-0.7879564480264989,0.6366582766886116,-1.3829741820667825,23.480077743530277
0.47894699848931666,0.34139804322872974,0.30977971717359687,0.30341352098641144,0.05545273574685743,-0.8002235011085305,0.6434269338047939,-1.386058264034779,23.797096252441406
-0.09989131933829819,0.3565601189338342,0.3013096844613985,0.30820039606490407,0.05807956774794254,-0.8950147042286487,0.6466171438650571,-1.4269229475516578,23.767454147338867
0.6420220351305531,0.35514242302968324,0.2867893918309985,0.3138489961607076,0.07889860721838261,-0.8314489011674036,0.6564646815775407,-1.3976237092857486,24.18709945678711
-0.6320807203349905,0.3752128409147472,0.2794194063766549,0.3191250940000289,0.14693883979795752,-0.7277361855598411,0.6357301680457978,-1.3660115474148244,23.829025268554688
0.441135758370659,0.35808719115798243,0.34850012955101506,0.32482928325891264,0.1524307327381451,-0.784610907431912,0.6455509082552143,-1.3621563070838463,24.12779998779297
0.19146544498095233,0.37237671932282557,0.36379012408862943,0.33066886067769413,0.1283378906541068,-0.8336792261128558,0.6484554961486397,-1.3922265198847605,24.27684593200684
0.5459050636324078,0.3795051544967573,0.3623604674207651,0.3369969959819011,0.09201793182291755,-0.9485437791533144,0.6729379563898484,-1.331315119747927,24.64603614807129
0.27402001346897403,0.3971624516204476,0.38260021465583216,0.3436558161343649,-0.011446256885636679,-0.9362767260712831,0.6693773743359741,-1.330544145212922,24.850120544433597
0.10836329998466486,0.40692321631050965,0.3653300798585316,0.35031596603763515,-0.06851667953973505,-0.9184337010963944,0.6748832808198211,-1.359843291564843,24.95101547241211
-0.3431886061343112,0.4117487280496369,0.3797401653794727,0.3568291226830612,-0.8153170111706848,-0.87494124795549,0.6655579676183292,-1.3876003969327657,24.765275955200195
-0.07643522223549504,0.4028653457163168,0.38692874146832973,0.36223570348262724,-0.8346810582398873,-0.9162032697981246,0.6761861187738178,-1.338254442046902,24.74922752380371
0.039914423024784956,0.4020977957943346,0.40473500901515164,0.36778760372783326,-0.8450172627872129,-0.9307007541784259,0.6781896133933754,-1.3829741820667825,24.80655288696289
0.4206742959434183,0.40483950163046206,0.4145781229592235,0.37348238244254905,-0.8958515687924917,-0.9017057854178229,0.6911870559785821,-1.3536750357148615,25.10465240478516
-0.08686572715205329,0.41909673687013527,0.41944434639508266,0.37909900807578134,-1.0649936453519242,-0.8091450135959748,0.6756105171225705,-1.3359413346139102,25.08171272277832
-0.10839828933632521,0.41799959842092177,0.4104860170743633,0.3845761912040002,-1.0826492036790996,-0.8593286542788715,0.6763022412871088,-1.34750677986488,25.045034408569336
-0.10131124543083851,0.4162453810451529,0.40971199151594295,0.3902697796522599,-1.0743922866018372,-0.9440830229095926,0.6814288432763224,-1.3667825219498295,25.01293182373047
0.04975184017273339,0.414710007532331,0.4124768284731956,0.3965479702600962,-1.181978025381579,-0.9541197510461716,0.6806390794664163,-1.334399293629912,25.077136993408203
-0.35607577500029475,0.41778075455797486,0.4268543486212249,0.40308491363673,-1.1658187406619176,-0.8504070354386092,0.6834144728938351,-1.364469414516838,24.882225036621094
0.07198029888999079,0.40845868104628386,0.42574795387542946,0.41018439274872015,-1.1704693610559007,-0.8381399823565777,0.690321474842925,-1.3536750357148615,24.960186004638672
-0.3466864928462947,0.41218732800505536,0.4239789365841978,0.41333404236847904,-1.1695022596870024,-0.7188146730723968,0.6714074485927202,-1.3490488208488782,24.77215385437012
-0.21812692082348864,0.40319429568288084,0.4224306094896205,0.4154537860402695,-1.1576520660324872,-0.6987412167992381,0.6689579825196792,-1.335170268164917,24.666675567626957
-0.28088116607887137,0.3981495751889967,0.425527263678775,0.4172936264662757,-1.1458950968152588,-0.6965108918537862,0.6719562527409004,-1.2904505281450365,24.52220916748047
-0.09504770014982278,0.3912401663239168,0.4161265420463795,0.4180434292408913,-1.3038178168122772,-0.7756893949444676,0.6779397212306272,-1.3436516314478901,24.49468994140625
-0.3523118206296987,0.3899240015658516,0.41988664671418,0.41920772836039166,-1.2829159088456425,-0.7556159386713089,0.6737723827048664,-1.340567457565905,24.30665397644043
-0.01396280508720246,0.38093078679777204,0.41081774231368645,0.41969962457126814,-1.2701050121525768,-0.722160213666984,0.6694131043400636,-1.3421095904638918,24.32958984375
0.1820693781733207,0.38202774280108037,0.4057304607108574,0.4201803620341193,-1.2094275797683804,-0.7154691324778096,0.6756551796276824,-1.340567457565905,24.47405815124512
0.31675843394483294,0.38893724288911274,0.39876275880381246,0.4203201160541818,-1.1328770352791777,-0.8827476511466172,0.6857791891401027,-1.3205207409459507,24.703367233276367
-0.06193414976158842,0.39990443112543256,0.39743548987620503,0.4199456052230548,-1.1627568829500579,-0.8782867885500771,0.6973846866269675,-1.3613853325488412,24.69648551940918
0.18952896466762534,0.39957529871296377,0.3883664014905536,0.4196940637951689,-1.1412014204591054,-0.8872084073903393,0.7009631336828865,-1.3629273735328395,24.84782600402832
-1.0797195327271272,0.4068134750987024,0.38947261225119123,0.4183077985795283,-0.8482010593350077,-0.8236424979762763,0.6900537176781321,-1.3051000553640024,24.196590423583984
-0.9400203408513758,0.3756667663261786,0.396440406150815,0.4156246962147147,-0.7088478934507787,-0.2671626513960526,0.6304562887226544,-1.2619223563281206,23.648542404174805
0.8281721695463371,0.3494552192816368,0.40750012195014085,0.41409308830604225,-0.5178498297999338,-0.5281171575358433,0.6688196376867714,-1.2619223563281206,24.17824363708496
0.8833663860935751,0.37478929274648437,0.4071682127256601,0.4132378493110209,-0.36908044786273037,-0.2281309544988703,0.6435474136356568,-1.2141185343402434,24.753808975219727
1.3379584491371659,0.40231691332613884,0.4144674558868702,0.41457382576889346,-0.16386257355504763,-0.1957905514964978,0.6518108485448778,-1.2488148700931523,25.62976837158203
1.2834536467360607,0.4442115103572734,0.38305796972817585,0.4181233119283186,-0.026957889145049412,-0.40098555141335307,0.685685506812307,-1.2380204912911763,26.501134872436523
-0.2717510851060717,0.4858864425188889,0.3566252820851151,0.4213877292715197,0.008319648492903689,-0.5046981606680976,0.6834009652093622,-1.2395625322751744,26.352088928222656
-0.5086728039495748,0.4787580073449573,0.3821730931122446,0.4237466095629744,0.06807392400662489,-0.486855135693209,0.6791443016733776,-1.2434176806921644,26.044816970825195
-0.054460779455315037,0.4640620809269134,0.40993295769033394,0.42657502207447157,0.06768043326057865,-0.4433626825523047,0.6819643576059083,-1.249585936542146,26.04252052307129
-0.05790786446167519,0.4639522484921539,0.4521810094888056,0.4292022191116774,0.07281236988293434,-0.7355424823981503,0.7059827635257101,-1.2650065302101055,26.03793716430664
0.3188595046248105,0.46373303973739716,0.49420754315741316,0.43288587061819567,-0.1336962470284349,-0.8782867885500771,0.7257667282291439,-1.2927636355780279,26.283292770385746
-0.7050672428998122,0.4754676866727471,0.48701896706855624,0.43575899251344813,-0.20549228754967055,-0.8481767104931571,0.710698906199651,-1.3058711218129961,25.845312118530277
0.00821332945461297,0.45452034254570356,0.4721990546088509,0.4390793198337352,-0.2413818834121077,-0.6017196887336679,0.6891659142228584,-1.3259179303469388,25.884302139282227
0.022021559323824866,0.45638512213985144,0.47208829554391885,0.4425841152073184,-0.3108362151689752,-0.7578462636167609,0.7106810411976063,-1.3513619282818699,25.932456970214844
0.24747801224726765,0.45868822802056053,0.471867237376949,0.447027988969421,-0.573358458470868,-0.8370247667074427,0.7164100423411344,-1.3428805649988966,26.129657745361328
-0.6606929118773469,0.4681197690752012,0.4837008867421167,0.4504265530618017,-0.9140839698348958,-0.6552487636583336,0.6943683335378229,-1.3505908618328766,25.723777770996094
0.2534150389430299,0.4487077072380271,0.46257681484659147,0.45395927785179707,-0.8755077161711201,-0.7366576980472853,0.7134875894456641,-1.3112683112139842,25.923282623291016
-0.23501624691277082,0.45824944561923714,0.4644573271433858,0.45663676364677097,-0.9173950087601029,-0.7054324043412301,0.7085215546089749,-1.3004739324120078,25.80174827575684
0.11643911356064342,0.4524368103115611,0.46677986378154107,0.4595993322064044,-0.9066867106479356,-0.6987412167992381,0.7035197897681962,-1.2534410849591358,25.911815643310547
-0.03362998393317488,0.4577010132290592,0.4762909765085533,0.46222093592116265,-0.9063781298699221,-0.7701134230516105,0.7152812792241349,-1.2279970870242047,25.923282623291016
0.24064682539105475,0.45824944561923714,0.4567151397150264,0.4668995757932863,-0.9222230425872241,-0.786841232377364,0.7111897580241251,-1.207950278490262,26.115901947021484
0.007579747687592999,0.46746186914207355,0.46633737947728604,0.4730091856153276,-1.0672356851776463,-0.7154691324778096,0.7047422352129915,-1.2125764933562453,26.154878616333008
0.6338146226372678,0.46932601017555436,0.4604757043457214,0.4789399393044338,-0.9444694879884895,-0.726620969910706,0.7209255305408895,-1.2225998057092282,26.611207962036133
0.03356160524948466,0.49115091910524455,0.46578432009325665,0.48360741112957534,-0.9446929957693412,-0.5058133763172326,0.6843916013593326,-1.1948427922552942,26.66853904724121
0.29998254492784693,0.49389289861022945,0.46633737947728604,0.4867209017562534,-0.9380275194926311,-0.44447789820143957,0.680924701633254,-1.1801931731223394,26.90701103210449
-0.1714173005158671,0.5052983219101579,0.47562752602990727,0.4875090673766848,-1.1090638623881097,-0.35749299191963063,0.6694621241627474,-1.2110343604582585,26.824462890625
0.16709598571290166,0.5013502837507249,0.4775073943786498,0.4890238906685356,-1.1161537950391576,-0.4210587949808758,0.6698324961563585,-1.1678566614223764,26.973512649536133
-0.07770293289355948,0.5084789013705614,0.49951643488268516,0.4912430076409713,-1.152739807823546,-0.41102227954993237,0.6634339931679087,-1.1894455109403175,26.955162048339844
-0.07769611540126656,0.5076012453449622,0.5022815478176743,0.4934230317994911,-1.1369043409806223,-0.5147348888046769,0.683075255720863,-1.2025530890892737,26.93682861328125
-0.16795165909277474,0.5067244103259352,0.5137831959657821,0.49541857860575794,-1.1146333397923083,-0.6117564168702472,0.6842221017057859,-1.200239981656282,26.8565673828125
-0.0711067240761937,0.5028857484864993,0.5098018491458542,0.4967824937789992,-1.1176162981160989,-0.6853589480680716,0.682178519764567,-1.204095130073272,26.842809677124023
-0.20524310262356604,0.5022277573304191,0.5169906092198688,0.49895692461507113,-1.0925376769381845,-0.7310817261544281,0.6891256090353184,-1.2094923194742602,26.73732566833496
0.30245078952087384,0.49718276316767757,0.5161055486187799,0.5016232237651496,-1.2282856977943095,-0.7667677761042054,0.712519393481189,-1.191758618373309,26.97809410095215
0.14917890764947744,0.5086980189023657,0.5152213159509006,0.5045075323052977,-1.21806925914947,-0.7176994574232617,0.7007265313387326,-1.1956137667902988,27.11568260192871
-0.9339344618632076,0.5152784778008815,0.5113502682330103,0.5054242513524609,-0.9580209408143272,-0.6307146574942708,0.6859443314760776,-1.1709408353043615,26.50572204589844
-0.42791199755804105,0.48610583371955074,0.5106867257617854,0.5067099204546519,-0.9303644300906296,-0.5058133763172326,0.6706401249683094,-1.1300761517874822,26.251195907592773
-0.3115801308592151,0.47393258682878237,0.5055991681812199,0.5070844312857786,-0.9552100198286225,-0.41325249814256654,0.6590971549886013,-1.1285341108034843,26.07691764831543
-0.11312951499149686,0.46559736321678286,0.5172115753942598,0.5076545828666622,-0.9571433132930428,-0.31623107642981424,0.658668830671284,-1.137015474086457,26.03564071655273
-0.7596858222309543,0.46362320730263745,0.5238475520619815,0.5068105212175799,-0.8783272533163599,-0.14895255776100663,0.6428023123308627,-1.1478098528884333,25.5655574798584
-0.0157836651708605,0.4411404896627722,0.4944287853095408,0.505994421531258,-0.8655522655828187,-0.06419808277746779,0.621380649818032,-1.1640015130053865,25.5884952545166
-0.47172711473959084,0.44223753688903306,0.48215283562527583,0.504040171391642,-0.862813421528664,0.24359441709781413,0.6003385096657133,-1.153978108738415,25.314212799072266
-0.4047901239703129,0.42911940265670406,0.4737472897108493,0.5014347013667375,-0.8610692183045165,0.29154762648244154,0.5949663728313236,-1.1763380247053492,25.08604049682617
0.5151731470777705,0.41820658330004895,0.47175647831201684,0.49859893338050026,-0.7856207062396395,-0.13222474843525303,0.6484197661445502,-1.1416416889524408,25.447895050048828
0.18006738707070774,0.43551303694858584,0.4490840793219145,0.4959886000012479,-0.7790497051056181,-0.12887910148784795,0.6606097977836848,-1.1154266245685163,25.597705841064453
-0.11460265066096303,0.4426780525264531,0.45019038207513096,0.49269583943806217,-0.9032681647900125,-0.6151019574648343,0.6863011957852158,-0.9535102072269637,25.55622673034668
-1.144836980829855,0.4406942269793473,0.4369615732591668,0.4878681977334499,-0.704668978846641,-0.5749551512713349,0.6674407645411452,-0.9188137795600662,24.84402656555176
0.18204663624113587,0.4066317589774061,0.4259566850368336,0.48303679925033577,-0.6674973571583311,-0.6385209543325803,0.6800724103161914,-0.9188137795600662,24.991535186767575
-1.0356131129610822,0.41368666845165614,0.44340914912540946,0.4767219149594091,-0.5525275502992805,-0.6039501200319379,0.671724225580197,-0.8378557547172668,24.36461639404297
0.4688274069359585,0.38370296110002056,0.4506346142383841,0.4712383062521188,-0.5073462455203028,-0.7277361855598411,0.6972552742950822,-0.8255192430173037,24.68729591369629
1.0043781113469652,0.3991357865280208,0.448634051626194,0.46756845904680366,-0.29759054818829084,-0.6887044886626588,0.7057150063609171,-0.837084596354285,25.35109138488769
-0.06526939456046355,0.43088319844248085,0.41428420666980675,0.4639096822494255,-0.3231341814377017,-0.7299665105052929,0.7232904646530357,-0.7962200047513941,25.341875076293945
-0.011738727619864985,0.4304424091362036,0.4213986367401124,0.4605698317695722,-0.3458446485736355,-0.7857260167282288,0.7177307452971758,-0.7507291982825206,25.367223739624023
0.5445719774185455,0.43165476217437143,0.39116196396914127,0.457581351667128,-0.3409763435358361,-0.8336792261128558,0.7388578531421465,-0.7476451163145238,25.75213432312012
-0.026408535985174387,0.4500639188722215,0.4067249924807743,0.45429680673217615,-0.3465439585812286,-0.8347944417619907,0.746661808913411,-0.7615235770844969,25.76826858520508
-0.2511175259621304,0.4508355738270644,0.43874024977117726,0.4521788856558965,-0.3398908717041743,-0.8325640104637207,0.7441319503311686,-0.7337664717165744,25.636890411376957
0.14662142455175303,0.44455213686175205,0.43829574163018775,0.45099606301467376,-0.5752422760587669,-0.8426007386002999,0.7522703302260763,-0.7222011183795931,25.765968322753903
-0.12824733755442458,0.45072555894639965,0.4395183230030671,0.4501144614774424,-0.5689242052628904,-0.752270398076722,0.7388356308225298,-0.7622947354474787,25.715259552001957
-0.08969397516571129,0.4483003055323495,0.45808279338474794,0.44927168308438287,-0.8516744353410947,-0.78015015118819,0.7437927331581965,-0.7761731962174516,25.68990898132324
-0.38202335915042035,0.4470878612712289,0.45886095860921644,0.4490466715799274,-0.8194369720349398,-0.732196941803563,0.7186991591275296,-0.7252852003475896,25.47325134277344
-0.41680583037881147,0.4367257548785637,0.4525245097782212,0.4481870341783926,-1.0695597614205208,-0.6496728981182942,0.6863190607872606,-0.6690000150767395,25.23584747314453
0.09597449775238769,0.4253714164320115,0.45875001555912637,0.44822635481674755,-1.060503660785279,-0.6440969262254372,0.6883447777264348,-0.7083224737816434,25.33034324645996
-0.3331383831367931,0.42989087516564206,0.45630430085789503,0.44837803939824056,-1.036236200768206,-0.8649045198189107,0.7121000016648941,-0.710635581214635,25.148265838623047
0.2511797956625073,0.42118264090104146,0.4550816274924365,0.44811959814449204,-1.1512613311954056,-0.9039362167160929,0.722857565152268,-0.703696442743637,25.341875076293945
0.3345456792223309,0.4304424091362036,0.44463209846860435,0.4481027623834085,-1.0771022087308117,-0.8559830073314664,0.7499679236210867,-0.741476952378531,25.59079933166504
0.3343206127419144,0.4423477342156024,0.43318196616465066,0.4487994355689878,-1.0385148898183925,-0.8091450135959748,0.7604980351312077,-0.710635581214635,25.842021942138672
0.5896461717925818,0.4543629829527132,0.43773955449847757,0.4522604003102226,-0.9338868815363368,-0.9083969729598151,0.7726076742611407,-0.6512663139757879,26.263813018798828
-0.2749002583208802,0.47453602665929256,0.42895785092914485,0.4549965811198107,-0.9149661626107128,-0.8091450135959748,0.7583474810435987,-0.6397007768108302,26.113994598388672
0.6037700419420151,0.46737064618961544,0.43829574163018775,0.4603228933252466,-0.8349057461104268,-0.8002235011085305,0.7812325486629504,-0.6381588277408203,26.54962158203125
-0.05099993124842824,0.48820542119332566,0.45030150911037836,0.46486262073288814,-0.8905757102115288,-0.7478096418329997,0.769113977031995,-0.6042333746089275,26.54962158203125
0.1636605257662162,0.48820542119332566,0.4624181276480799,0.46813818287567965,-0.9840304238932844,-0.7924172042702212,0.7781181559284382,-0.5618268339360274,26.69482040405273
-0.00016335361491745743,0.49514985967214914,0.4827613665343501,0.47152049239176985,-0.9767126014479963,-0.8582134386297364,0.7693327143741042,-0.5487193477010595,26.729394912719727
0.17575884817179105,0.4968034581313569,0.47553553345106003,0.47521743675687356,-1.0701632424604097,-0.9128577292035372,0.7783813379097807,-0.5911258883739599,26.88381576538086
0.053325218354645945,0.5041889595853153,0.49654608650428783,0.4781502812014541,-1.0626854628615965,-0.9418526979641403,0.7902053548728761,-0.5710790798400169,26.955270767211918
-0.01408591205558506,0.5076064450532525,0.49654608650428783,0.48110559192539254,-1.058756570279978,-0.9619260478844809,0.784623631063278,-0.5880418064059633,26.980621337890625
-0.3091885758647384,0.5088188893143726,0.5035491135616098,0.4839485294072361,-1.0075267518861488,-0.9440830229095926,0.7739105122151375,-0.582644617004975,26.80314445495605
0.02663520254160998,0.5003306848111008,0.5052166630383732,0.48660605034220117,-1.1079976729021053,-0.9429679136132753,0.7807238318364317,-0.5903549138389549,26.85615921020508
0.1982745668717804,0.5028662267746734,0.5126644742144215,0.48980294796089124,-1.1478952254140198,-0.8816324354974822,0.7917670174906434,-0.5749343201709953,27.02671813964844
-0.2183649856022091,0.5110235656293796,0.5161107921957744,0.4927807203147094,-1.2752821956091656,-0.7745741792953327,0.7699573358480354,-0.6188829937418824,26.911476135253903
-0.06108149830791458,0.5055118748418622,0.5173334655612324,0.4962697818535767,-1.2745499327367347,-0.7277361855598411,0.7670703950907761,-0.6412429097088165,26.904563903808597
-0.356991771400352,0.5051812828621545,0.5087736480920789,0.4998262701273879,-1.2307087776355992,-0.6530184387128816,0.7452206261265066,-0.6651447747457612,26.69482040405273
0.06083380882392352,0.49514985967214914,0.5113305818211372,0.5033378165435266,-1.2255436190192606,-0.7857260167282288,0.765727469815118,-0.6620606927777646,26.7708797454834
-0.09493293689101412,0.49878755734732005,0.5195567422068117,0.5072201635070737,-1.2555655110627806,-0.8972450291741005,0.7871088271404086,-0.6605187437077544,26.740915298461918
0.14859710476756105,0.4973544447642039,0.5139985505928634,0.5109620357814149,-1.2372463316607554,-0.9173184854472596,0.7919901121503244,-0.7252852003475896,26.87689781188965
0.38660272367740156,0.5038580939367499,0.5136651694871215,0.5148275562828352,-1.1469327512393892,-0.9563501823444415,0.8067679546954076,-0.6867337161776907,27.17654609680176
0.30851223532576455,0.518189402213819,0.5035491135616098,0.5186874648638944,-1.152028407290567,-0.9295855385292908,0.811568847196122,-0.7191170364115965,27.425466537475582
-0.01141851290411242,0.5300945448473126,0.5072175016282998,0.5215866052399595,-1.1509966584580074,-0.9373919417204181,0.8204926335833638,-0.7168039289786049,27.453123092651367
0.15988739239725433,0.5314172776579549,0.5057722982146104,0.5252105109497581,-1.1560006310136575,-0.963041263533616,0.8257710880899578,-0.7237432512775798,27.600624084472656
-0.21487950176482176,0.5384718222403954,0.5123308171309426,0.5274915915200836,-1.156786031440914,-0.9318159698275609,0.818560816837864,-0.7306823897485781,27.48538589477539
-0.1201245785813725,0.5329603138987833,0.526783035252996,0.5296546776289964,-1.1504061905253116,-0.9663869104810211,0.8304427861246655,-0.7160327706156231,27.436981201171875
0.2655430817574646,0.5306452578113021,0.5387886187480285,0.5320031988827009,-1.2123132344609842,-0.8950147042286487,0.8146520851099952,-0.7568975460464903,27.65825080871582
-0.05426159893252636,0.5412279413030113,0.540122511141313,0.5342618364210602,-1.2028679365186385,-0.8269881449236813,0.8222015735350611,-0.7090936321446248,27.65595245361328
-0.11970096314101626,0.5411180176452993,0.5472365732413037,0.5360260484323237,-1.198282398298645,-0.7935324199193563,0.8152544842643097,-0.6551213704787897,27.607545852661133
0.02108921803772806,0.5388028703348657,0.5416785656125135,0.5377396787686836,-1.2003788442693686,-0.9318159698275609,0.8220588713845816,-0.6489532065427966,27.65825080871582
-0.024828093208981727,0.5412279413030113,0.5393439779465292,0.5394364686944815,-1.2633783457651893,-0.9061665416615451,0.8209924179088601,-0.6982990695146719,27.676692962646484
-0.08695986251768098,0.5421099760303284,0.5500159450260143,0.5415040777656012,-1.3208106660459218,-0.9842299354559094,0.8424184377392627,-0.6458691245748005,27.651336669921875
0.5738942161780893,0.5408972581003507,0.5499050939685034,0.5445155774353263,-1.1460268764858004,-1.0132247978636946,0.8671283499577244,-0.6057755075069144,28.091562271118164
-0.031675826320980746,0.5619519716424374,0.5475704143099402,0.5471450248200507,-1.151772423205641,-1.0332982541368534,0.8666109184960618,-0.6173410446718726,28.105392456054688
-0.04778749122462334,0.5626134292707109,0.5500159450260143,0.5500610009571993,-1.1764923941948395,-1.0388742260297104,0.8691094043917865,-0.6381588277408203,28.10769271850586
-0.15398403454099968,0.5627234441513754,0.5509054212708878,0.5528140547236977,-1.1709705341851053,-0.8938994885795136,0.8481073515611294,-0.6366166948428337,28.033945083618164
-0.1413644296446375,0.5591963086945838,0.5496824719276932,0.5559210639775641,-1.1898167699845776,-0.8816324354974822,0.848589270884581,-0.6612897182427594,27.96940422058105
2.3425389162947887,0.5561095064293072,0.5709148190885216,0.5630003411061498,-0.1457375225616841,-0.9017057854178229,0.8610200443195628,-0.6435560171418085,29.67500114440918
-0.11806158881042908,0.6376832598681795,0.5715818572777426,0.5700290691061799,-0.14589292854749705,-0.8883235166866567,0.8581422539292045,-0.6466400991098054,29.62430000305176
0.1169512564836177,0.6352583713459391,0.5716928003278323,0.5770353168784171,-0.15026321768395728,-0.995381772888806,0.8717821829903872,-0.6304485309068405,29.751060485839844
0.3169365007365697,0.6413209575433503,0.5681359072667053,0.5839909550788803,-0.16081588795084242,-0.9507742104515845,0.8703453575210547,-0.6905887726806922,30.02994728088379
0.322556627278984,0.654659303982913,0.5650230623836735,0.5910364955926022,-0.18098396734599764,-0.9596957229390288,0.8751063805659862,-0.7090936321446248,30.31574821472168
0.10119537214222334,0.6683283336251364,0.6472850342107338,0.5983011660206744,-0.18662847434141894,-0.9418526979641403,0.8787785099497011,-0.7383926865825576,30.433298110961918
0.2326287385397498,0.6739504041851279,0.6448396874798177,0.6057423538940748,-0.20013092718607867,-1.0054185010253853,0.893382277657787,-0.7044674172786419,30.65321159362793
-0.13991723500560185,0.6844682281576392,0.6509534222774237,0.6132951803919918,-0.19020552554903425,-1.0087640416199724,0.9018374345401714,-0.6936730384766656,30.583770751953125
0.2965715253260562,0.681147074127498,0.664404301178725,0.621626180781379,-0.22047269561567584,-0.9842299354559094,0.9151472967952831,-0.6743972044777277,30.85459518432617
0.45843401423119484,0.6940998211470203,0.6781886531783474,0.6303939903622237,-0.25575464550916627,-1.021031201054822,0.9234508190261655,-0.6466400991098054,31.255056381225582
0.0914476325742828,0.7132527185762609,0.6838581558127006,0.6394439070415875,-1.2210464805713928,-0.8838627604429343,0.9399018715188566,-0.621967075709879,31.368486404418945
-0.09734098888476873,0.718677747558943,0.694464716168625,0.648521543910838,-1.2272097149045034,-0.9072817573106801,0.9378761545796824,-0.6620606927777646,31.331451416015625
0.05629327363706628,0.7169064714910645,0.691115542350535,0.6576843545738714,-1.2219659110031031,-0.9373919417204181,0.948441996093893,-0.6813365267767025,31.417097091674805
0.2324353177278493,0.7210026557252895,0.704177568621049,0.6673552369829399,-1.2325092245673062,-0.9284704292329736,0.9606542500526442,-0.6797943938787159,31.64396476745605
0.0667198368395333,0.731853078582463,0.723492054498071,0.6773192783005512,-1.2474736930610415,-0.9095121886089501,0.9582803834394755,-0.6867337161776907,31.73887062072754
-0.21703858754048155,0.7363921502508721,0.7289628531621142,0.6858829106893997,-1.1895657162176678,-0.9128577292035372,0.9470720554492891,-0.70986460667963,31.6046085357666
-0.013632234753120998,0.7299707841814431,0.7271766332586381,0.6944861752316519,-1.1953558765390229,-0.9396222666658702,0.9514448414985647,-0.7646078428804703,31.63469696044922
0.026556290197324445,0.7314098262564693,0.731307376026614,0.7032362052073093,-1.2190183507537735,-0.8704804917117679,0.9588470525897006,-0.7245142258125847,31.69720458984375
-0.03379605347166137,0.7343993848544255,0.7422493413250154,0.7121998740633929,-1.2398819040972642,-0.7779197198899199,0.9425790074350291,-0.7329954971815694,31.71109771728516
0.7512551528148106,0.7350638528401303,0.7468267080632947,0.7229008483995637,-1.0948488288366958,-0.8202969573816892,0.9776449563266144,-0.6520372885107929,32.359249114990234
-0.2840299678209728,0.7660630540985292,0.7403511664530824,0.7289758335563776,-1.0483850629177154,-0.9017057854178229,0.9585437832866966,-0.6319904799768504,32.16713333129883
0.18058712574542563,0.7568747134351418,0.741802349384397,0.7356370621386237,-1.052622897297664,-0.9964969885379411,0.9627958716392307,-0.6296773725438588,32.35692596435547
-0.1745431305013329,0.7659519445424353,0.7448171301783775,0.7417410274939554,-1.0321464626785364,-0.965271694831886,0.9531716464523068,-0.6281354234738489,32.25508117675781
-0.00028560309579497384,0.7610810037729837,0.7454872041227008,0.7472667511760851,-1.0444045229181442,-0.9418526979641403,0.9463672593320349,-0.6150279372388809,32.296756744384766
-0.1973045138371991,0.7630742252841928,0.776747938281399,0.7518023312490438,-1.0290410806528667,-0.8961299198777837,0.947982299090058,-0.58341559153998,32.17637252807617
-0.14135032549590312,0.7573165974168486,0.7674820777695934,0.7558708154286127,-1.0389896662237956,-0.847061494844022,0.9485446109227111,-0.5479481893380777,32.1023063659668
0.07919940407914873,0.7537742277269966,0.776635891320363,0.7596628044300233,-1.0378833669832144,-0.9184337010963944,0.9587712352639496,-0.5602847010380406,32.20879364013672
-0.03409720391500755,0.7588672051627311,0.7717238555802378,0.7636578779960195,-1.036965564071761,-0.9530045353970364,0.9650401080546355,-0.5402378925040978,32.22266387939453
-0.1102083591223283,0.7595305784730062,0.7737338934280492,0.7668742848258409,-1.0325096709730819,-0.847061494844022,0.9565803759888005,-0.5502612967710696,32.17405700683594
0.3641410515191892,0.7572058527525646,0.7679276898215293,0.7699440238613021,-1.2189039399800299,-0.9217792416909816,0.9758691315501885,-0.6173410446718726,32.51435089111328
0.013249420381548813,0.7734811221465152,0.7643554339997347,0.7728669974633585,-1.2583626970970228,-0.9686172354264732,0.9761859085376653,-0.6065464820419194,32.56757354736328
-0.24627424946285179,0.7760266074119053,0.769491379676774,0.7754852861000575,-1.2536095405168928,-0.9608109385881639,0.976293098549934,-0.6227382340728608,32.405548095703125
0.3611523631211131,0.7682774000464966,0.7701603497101508,0.7787242754461955,-1.189931782422823,-0.9541197510461716,0.9765294830282092,-0.6443269916768134,32.74582290649414
-0.5004880670498267,0.7845517572109226,0.7678160108308087,0.7804961219008998,-1.0880460748801877,-0.8281032542199984,0.9284750240524395,-0.6728550715797409,32.370826721191406
0.3924785434672397,0.7666167774199497,0.7842285908080957,0.7829281849814883,-1.0400581358926713,-0.7901867729719512,0.9408835751678046,-0.703696442743637,32.736572265625
-0.18978635844012018,0.784109325891501,0.786795551728248,0.7854053665999268,-1.0338571792856692,-0.7556159386713089,0.9391210402099729,-0.6867337161776907,32.620819091796875
-0.12898399942232794,0.7785731873527251,0.778980966140336,0.7876512134233616,-1.0298552602600979,-0.7734589636461976,0.9440515629084512,-0.7006121769476632,32.556007385253906
0.015995679706141127,0.7754734314281996,0.7953926261918344,0.7898801454445813,-1.0299838245947295,-0.8247577136254113,0.9492406924048213,-0.7214301438445881,32.611576080322266
0.7625231661737707,0.7781311209251133,0.7773063332350014,0.7937228742031597,-0.8770540415989003,-0.932931185476696,0.9647547037536763,-0.6936730384766656,33.28749465942383
0.03633910410431905,0.810458345925397,0.7949464621844254,0.7961661843718625,-0.9012027593451005,-0.9451982385587275,0.9747536582517833,-0.7114067395776168,33.36156463623047
-0.10272958538243206,0.814000898061154,0.7893636165593465,0.7989706288224964,-0.895273409655001,-0.9318159698275609,0.9822451943531431,-0.6882758490756771,33.317596435546875
-0.12463422951125155,0.8118980265610904,0.7862377087301186,0.8011600588757057,-0.911292074006931,-0.8392551980057128,0.9810852764155045,-0.703696442743637,33.25509262084961
-0.040058969947721866,0.8089086504090391,0.7889178205222529,0.8036203489393208,-0.941626342336191,-0.8381399823565777,0.9734732604832819,-0.7391638449455393,33.26436233520508
0.24124938508543906,0.8093519939579854,0.8215177826438089,0.8065828012619954,-1.0272394774132718,-0.9039362167160929,0.9752266450742125,-0.7391638449455393,33.51203918457031
-0.2543310299874366,0.8211976592264767,0.8250902224507611,0.8094155238399174,-1.0341059365614658,-0.7812652604845068,0.9599982558921953,-0.7337664717165744,33.338436126708984
-0.1491236126156494,0.8128947285396474,0.8229696095231754,0.8122256313551741,-1.0396596867716248,-0.8370247667074427,0.9664547112043513,-0.7445610343465275,33.25509262084961
-0.13841506032385414,0.8089086504090391,0.8199550127143527,0.8145956192503928,-1.038595379215027,-0.7834956917827769,0.9659459943778326,-0.7214301438445881,33.1810302734375
-0.09755542466001009,0.8053664631650921,0.82040209664755,0.8168358588029452,-1.0337984982425177,-0.6519032230637465,0.9673381573420531,-0.7306823897485781,33.14167404174805
-0.47320765702743756,0.803484168764072,0.8323477009811746,0.8183255702622602,-1.2404968604105417,-0.5381538856724225,0.9610200468628047,-0.7792572781854482,32.785179138183594
-0.003882322716422558,0.7864340516119426,0.82397472043966,0.8190816963274236,-1.246368701990668,-0.4600904918780581,0.9473622527995773,-0.7807994110834349,32.82453536987305
-0.25860800824293384,0.7883163460129625,0.8199550127143527,0.8192848599331408,-1.2360560833506908,-0.4389019263085824,0.9335258087159021,-0.8301452740553101,32.650917053222656
0.1660535932404144,0.7800126855425136,0.8163829408777158,0.8203231256431716,-1.194551886067203,-0.5838766637587792,0.9565670861702062,-0.8147246803873506,32.83147430419922
-0.22535422326341858,0.7886482151140051,0.8144847660057827,0.8201764067045498,-1.1904026894304118,-0.6106412012211123,0.9533010587841921,-0.8710100494861776,32.68563461303711
-0.19554094820886772,0.7816731257231555,0.7972908010637676,0.8206503931248454,-1.2686037306551785,-0.5537664793490414,0.9593511942327688,-0.853276348385226,32.565269470214844
0.44004806874179025,0.7759164100853361,0.7991889759357007,0.8212259427500865,-1.1167475822169495,-0.6407513856308503,0.9833338701484811,-0.8232061355843121,32.972679138183594
-0.09783598121928487,0.7954016327303814,0.7908152594535554,0.821987750477786,-1.1181297539240893,-0.5872222043533664,0.9805408295848962,-0.8262902175523087,32.93333435058594
0.3269458023932793,0.7935198856670762,0.7995236449375468,0.8236805697490784,-1.060102533489409,-1.0098792572691075,1.0132464195477857,-0.798533112184386,33.250450134277344
0.19220701642266663,0.8086866137427562,0.7924897083737321,0.8257401584700547,-1.0443403775992433,-1.0188007697565518,1.031839311492942,-0.7568975460464903,33.456478118896484
-0.28183408471150406,0.8185403346213729,0.7866844246930006,0.8256724527664103,-1.098409016269484,-1.0087640416199724,1.031723188979651,-0.7692338739184768,33.25971984863281
-0.020950237288156974,0.8091299572917025,0.8063340395347629,0.8254862597566484,-1.0981671478062496,-1.0634084385465914,1.0423023203124557,-0.7807994110834349,33.28518295288086
-0.08921369416426427,0.8103477837070179,0.8044364166183028,0.8253282518846077,-1.1240800751452353,-1.0121096885673775,1.0417088536591637,-0.7915937898854115,33.252777099609375
0.7495874912256748,0.8087979057447551,0.8197311027774385,0.8269759526180501,-0.955130296350193,-1.0912881916580592,1.0613368263935237,-0.7584394951165004,33.931026458740234
0.1980342162903971,0.8412366051929426,0.8296679571593556,0.8291258435074227,-0.9857524373528948,-1.0377590103805754,1.0630189688421539,-0.7807994110834349,34.14630889892578
-0.17073508911955315,0.8515329398368859,0.8201781867106359,0.8304180637246,-0.9906928265926443,-1.0277222822439964,1.0528367891401487,-0.7707760068164634,34.042144775390625
-0.19245108552621298,0.8465510719572453,0.8214062876382461,0.8318344157146043,-1.003541456568922,-1.052256494760877,1.0540816747704391,-0.7345376300795561,33.919464111328125
0.5999275651312247,0.8406836116551418,0.8198433337236322,0.8348251554635239,-0.9355025544273686,-1.0399894416788453,1.0654237724100828,-0.7376217120475523,34.48197937011719
1.016147967457883,0.8675870847940781,0.8525557107765394,0.8402817367532006,-0.7530154858905745,-1.1292045665532886,1.0662717064095737,-0.7191170364115965,35.41947555541992
0.2003861762298244,0.9124248079403676,0.8629389131510231,0.8463872364363858,-0.7530314314462911,-1.108016000983813,1.0742717414715737,-0.6952149875466758,35.646324157714844
-0.23705749241040897,0.9232743185680167,0.8579150144350197,0.8529498542324349,-0.7627383437259374,-1.0801362478723449,1.0780867908716467,-0.6898177981456872,35.477352142333984
0.28844461885691464,0.9151928772097555,0.8519980517635677,0.8601644404797862,-0.7755405693976958,-1.0366437947314402,1.072205937210738,-0.7006121769476632,35.78416442871094
0.49716885949888284,0.929866818896257,0.8791285031171844,0.8690204878606425,-0.7930412930164251,-1.0589476823028694,1.0745573636384114,-0.7507291982825206,36.28392028808594
-0.15159424290408682,0.9537686920075127,0.9243445114870034,0.8772097163563657,-0.8150089980838253,-1.0567172510045992,1.0872469617371638,-0.7484160908495286,36.1909294128418
-0.1089705268471879,0.9493212081833716,0.9352855568596165,0.8856241562841135,-0.7929231244016183,-1.0310679291914013,1.0962600731346295,-0.7553554131485039,36.13747787475586
-1.368852351469064,0.9467647761636864,0.9271359342995428,0.891374324234341,-0.38151331271174543,-0.48016394815121677,1.0254811136920323,-0.8424817857552732,34.92415237426758
0.5472251982498544,0.8887349369706244,0.941933676547746,0.8974288935317466,-0.36118091261712393,-0.5838766637587792,1.0450642060554016,-0.8293742995203052,35.45643615722656
0.08279466899672439,0.9141925263131002,0.9660372040869744,0.9038739911131739,-0.40095308574837674,-0.8760564636046251,1.0578119743437389,-0.8201220536163156,35.57729721069336
0.18747440406116564,0.9199729599185588,0.961552197897858,0.9100729825068994,-0.5661807255675769,-0.9998425291325284,1.0800857103077537,-0.8131827313173408,35.793453216552734
-0.09941574643804332,0.9303110746747278,0.9589741978682439,0.9156621204241623,-0.574399410028927,-1.023261526000274,1.0823567442262256,-0.7892806824524196,35.74930191040039
-0.16840690364688551,0.9281994457712283,0.9004547747010158,0.921470220874555,-0.5788820726236504,-1.1013248134418205,1.0932036327238233,-0.8039303015853743,35.64236831665039
0.08467605893568184,0.9230851221646186,0.9261271436799043,0.9275165791932054,-0.5967940167753896,-1.1046704603892257,1.112050556283421,-0.812411572954359,35.76557159423828
-0.11732529218623344,0.9289775775556957,0.9319563454311361,0.9334946087781127,-0.6642760962812662,-1.1247438103095664,1.1142503480595924,-0.8162668132853372,35.705135345458984
-0.03566010687006384,0.926087087084109,0.9423816804067319,0.9378533087464326,-0.663699624165452,-1.0611780072483212,1.111127022824058,-0.8417108112202683,35.71908950805664
-0.2834344943369201,0.9267544742042922,0.9402522361915768,0.9411716042446834,-0.6572752990266815,-1.0578324666537342,1.1090433535611774,-0.8579023794232328,35.507568359375
0.056904617409565796,0.9166380312225964,0.9350947642510873,0.9449817680569403,-1.1535903985340887,-1.1158222978221222,1.1305987857234654,-0.8417108112202683,35.60518264770508
0.5306607570964802,0.9213066394834959,0.9410369328891435,0.950377190108481,-1.1613200369781773,-1.1314349978515585,1.1569104478813557,-0.8864306431541371,36.13282012939453
-0.43478805478126864,0.9465420097137838,0.938122056035791,0.9535401558342169,-1.0856523073145377,-1.0957489479017812,1.152395177547479,-0.8686969420531859,35.779518127441406
0.08159489979074418,0.9296445997840691,0.9387950737426372,0.9547124567059472,-1.099644615142165,-1.053371710410012,1.143194701494422,-0.8956828890581268,35.900386810302734
0.18280912857245277,0.9354253982813375,0.9285932807336402,0.955853076032242,-1.084958357269579,-1.0600627915991863,1.1531535686708674,-0.8717810240211825,36.11423873901367
-0.1470004745079937,0.9456533157109372,0.9333012769338823,0.9571902753029186,-1.0874296719192729,-1.085712219765202,1.1640316119891043,-0.8594445123212194,36.025909423828125
-1.573023685883986,0.9414287807826036,0.9587495519906991,0.9543742071564248,-0.542409474683145,-1.0254919572985441,1.1132374895900055,-0.855589455818218,34.62893295288086
-0.9889114076368174,0.8746154483891632,0.9417095826256742,0.9483227995042931,-0.43882283858207916,-0.9407374823150052,1.0987542017127823,-0.8447948931882645,33.80146026611328
0.26479163118186866,0.8350398300324654,0.9475391523472214,0.9431609951416228,-0.40275578825946023,-1.0567172510045992,1.1187926337624148,-0.8494211080542481,34.07341003417969
-0.43388590164032254,0.8480463985939382,0.9578533602875696,0.9373192510659332,-0.3968477391531532,-1.0321830384877182,1.107423738619704,-0.9026222113571016,33.74102783203125
-0.28625091248205414,0.8321495220067837,0.9535931839611558,0.9339422233572418,-0.4135942551593565,-1.0031881760799335,1.0943101735212062,-0.8841175357211455,33.53879928588867
-0.600487577180087,0.8224775172494635,0.8862161633470459,0.9281231222410871,-0.5326798871306636,-1.0611780072483212,1.0881794276975494,-0.8879725922241474,33.06927490234375
1.0718646258339577,0.8000215279346683,0.846306654895449,0.9243155063429624,-0.22452400002172238,-1.0622932228974562,1.1271094458118915,-0.862528594289216,34.01530456542969
-0.4077328247063854,0.8452673825702552,0.859422956787483,0.9192273683151736,-0.23913175672586914,-1.0076489323236555,1.1043627230254474,-0.8910566741921435,33.706153869628906
0.18177582485136998,0.8304816015440402,0.8433919620272542,0.9147341310414931,-0.2392728205221886,-1.019915985405687,1.1248519195778925,-0.8895147251221337,33.90604782104492
-0.1155664360056764,0.8400419494075516,0.8336383568624008,0.9103656020759543,-0.23783413691240612,-1.050026169815425,1.1260743650226879,-0.8910566741921435,33.85027313232422
0.12418438014278428,0.8373744078317725,0.8109929116979006,0.9060650298858904,-0.5219238289128296,-1.1013248134418205,1.1388175581275743,-0.8979959964911184,34.0013542175293
-0.17442496772832405,0.8446001778959769,0.8566204948654819,0.9016511499085847,-0.6837076530968331,-1.1147071885258053,1.130741487873945,-0.9033931858921066,33.89443588256836
-0.6135849198803434,0.8394865840729869,0.841709969715612,0.8960190043166404,-0.6492717340950417,-0.9853450447522267,1.0858861714594608,-0.856360430353223,33.40862274169922
0.5224953079422475,0.8162515507441997,0.8513509759639565,0.8920923896697807,-0.6021695630964579,-1.1002097041455035,1.1250571492355288,-0.8386267292522721,33.896759033203125
-0.6296868904965606,0.8395976936290809,0.8486609289733066,0.8867095956014224,-0.547997458539699,-0.9429679136132753,1.0848733129898738,-0.8031593270503693,33.39700698852539
0.04187206063441309,0.81569600296373,0.8559476611437934,0.8802332256286532,-0.6091748748726036,-0.9719627760210605,1.0831197105330646,-0.7761731962174516,33.47602844238281
-0.19270521090667828,0.8194753698840682,0.8507909251439347,0.8743234782827053,-0.9071969232140965,-0.9675020197773381,1.0695734637996774,-0.7422479269135362,33.35517120361328
0.1103731197134365,0.8136951187245145,0.8273598633560794,0.868453381688074,-0.9216495726745911,-0.9842299354559094,1.0877779008832993,-0.7515001728175256,33.492305755615234
-0.4214621635241982,0.8202538665603454,0.8509029721049706,0.8612914089376631,-0.9163278559648153,-0.8202969573816892,1.0603819202476428,-0.7237432512775798,33.17619323730469
0.34773332215957364,0.8051351217576583,0.8267996285508998,0.8551663070537795,-0.8577144801293244,-0.9708476667247432,1.0887685370332696,-0.7060095501766286,33.51321792602539
0.18857106989030353,0.8212540350110958,0.8306108810925394,0.8529451954551344,-0.8494667052223478,-0.9797691792121875,1.0991692362115053,-0.722972092914598,33.717769622802734
0.07619418847640984,0.8310371493245099,0.8247818633264653,0.8530075356607699,-0.8467722967667715,-1.0043032853762504,1.1067141494531207,-0.7299114152135728,33.82703399658203
0.0056349168976907995,0.8362629473790233,0.8313959457604214,0.8525259333949471,-0.9434835897397352,-1.0700995197357654,1.1369970708460366,-0.7568975460464903,33.8758430480957
0.49570356027171075,0.8385973427324256,0.8161496476977593,0.8540047557759805,-0.9517224597969153,-1.1147071885258053,1.1429180118286066,-0.7407057940155493,34.34768295288086
0.286339191721466,0.8611640767115049,0.8324045523949022,0.8566961435112032,-1.0900659899113792,-1.1581995353138914,1.1598867136488389,-0.7630657099824837,34.64288330078125
0.08594102109908099,0.8752826530634416,0.8422702045207915,0.8608267028761417,-1.0911765482274745,-1.123628701013249,1.1607612272855183,-0.7707760068164634,34.76374816894531
0.08548213985071448,0.881063269114805,0.8475400913926323,0.8629458235178342,-1.1288291443368863,-1.1158222978221222,1.1740933118602466,-0.8062434090183659,34.88462829589844
0.19484921105226116,0.8868446149497882,0.8498941814853321,0.8663511851475535,-1.1272274926000887,-1.1269742416078365,1.1922665941232293,-0.8023883525153644,35.10313034057617
-0.22775455766457578,0.8972949339374806,0.8726513056405529,0.8688839326816806,-1.2120431770497098,-1.150393238475582,1.194479675717995,-0.8039303015853743,34.94505310058594
-0.06926137503212025,0.8897345580836601,0.8868889970687344,0.8715130081081376,-1.2147499236500114,-1.174927450992463,1.1934757497494302,-0.8301452740553101,34.928794860839844
0.42437012018352865,0.8889569736369074,0.8927183828051238,0.8748049968579181,-1.172107439679638,-1.167121047801336,1.2037649015978253,-0.8131827313173408,35.35182189941406
0.11675199579400361,0.9091891298166795,0.8985485044821441,0.8787259205432848,-1.1736845088366825,-1.167121047801336,1.204371658069712,-0.7576685205814951,35.50291061401367
0.13403790464101065,0.9164152647726937,0.9090869903297218,0.8842390859844075,-1.183042788364762,-1.148162807177312,1.2090923759271033,-0.7915937898854115,35.67028045654297
-0.7927490817106883,0.9244200788508901,0.9014628293800234,0.8869191382914274,-0.9539924586600427,-1.0912881916580592,1.1909949109898716,-0.7700050322814586,34.996192932128906
-0.3273408063544672,0.8921804278849661,0.9006786846379299,0.8902168087037444,-0.9488783046504936,-1.0712147353849006,1.187644133777084,-0.7861966004844231,34.74980545043945
-0.25315527546541555,0.8803964293323364,0.9210815347152931,0.892885572077345,-0.9428950686504399,-1.0745602759794877,1.1757933193109216,-0.7838834930514315,34.570831298828125
0.2973585713655131,0.8718366148113852,0.9283686348560953,0.8965968786810531,-0.9113898235220322,-1.0935185166035113,1.1824057665921515,-0.8154958387503324,34.877655029296875
1.803632770449306,0.8865111038356014,0.9364409836499372,0.9039911765653548,-0.29571468979844046,-1.0723299510340356,1.1822763542602661,-0.8070143835533707,36.525657653808594
-0.44315912553797626,0.9653302890020495,0.9039293344040746,0.9112664664019648,-0.26783550617259055,-1.054486926059147,1.1723218444013925,-0.8332295398512832,36.16072463989258
0.1558843261555271,0.9478766015082455,0.8920459170537508,0.9181848157861096,-0.2716160771857939,-1.1002097041455035,1.1773281844256216,-0.8031593270503693,36.351322174072266
0.5563730905030895,0.9569923287014763,0.8834138854102025,0.9259757420700203,-0.25719897272506476,-1.1113615415784002,1.1916999249730043,-0.8108696238843491,36.9138298034668
0.26289236967405727,0.9838954369486027,0.8982121796138787,0.934219927399769,-0.2547381769816192,-0.9964969885379411,1.1857611189883894,-0.7908228153504067,37.20903396606445
0.1892696397271277,0.9980141957464443,0.9776963435300687,0.9429003639835742,-0.25442424335986086,-0.9797691792121875,1.1776717589161656,-0.8232061355843121,37.436805725097656
-1.3012039371318251,1.008907858283083,0.9600954034192336,0.9475238703414953,-0.0916594212705084,-0.4299803074683201,1.1172309711446475,-0.8455660515512462,36.24437713623047
0.4948683821388245,0.9518774577571518,0.9692880378382768,0.9526565038770358,-0.10266611183259688,-0.48908546063866104,1.1349401990862233,-0.8632997526521978,36.74843597412109
0.5397050242624433,0.9759851298491526,0.9964181212215781,0.9588426534115752,-0.11779919026795635,-0.8437159542494348,1.1722728245787086,-0.8401686783222819,37.30148315429688
0.3786905870166855,1.0024357722520878,1.0106559966349173,0.9657295630231583,-0.11611624445773921,-0.8760564636046251,1.1690512418319279,-0.8039303015853743,37.70983505249024
-0.20886578039832288,1.0219660590356474,1.0216415664156924,0.9717141204756607,-0.504139726798571,-0.9095121886089501,1.1744501761693849,-0.8347714889212934,37.55816650390625
-0.8045516132185417,1.0147121923020856,0.9641300139423142,0.9763263193022492,-0.4207679017088279,-0.48462470439493893,1.1194797827435028,-0.855589455818218,36.83710861206055
-0.1405195108182385,0.980226084908929,0.9884410767394216,0.9807733500601477,-0.4203926885079725,-0.6284842261960008,1.117079118627267,-0.8594445123212194,36.75309371948242
-0.12327550765595693,0.9762078962990556,1.0151148769316416,0.9840242095244975,-0.4792970380678786,-0.7478096418329997,1.1155621185146116,-0.8702388911231957,36.68541717529297
0.590668465969414,0.9729711234999381,1.0348099361073544,0.9883687099859549,-0.42527870601100726,-0.9530045353970364,1.1531982311759794,-0.843252944118255,37.28514862060547
-0.0018707001007453074,1.0016545388872364,1.0274948702225821,0.9924189821588504,-0.43436994151290215,-0.8526374667368792,1.1446894792874607,-0.8771782134221706,37.331817626953125
-0.22521192818171262,1.0038865820879808,0.9927178117300284,0.997708544887456,-0.7539798969914447,-0.8548678980351493,1.1415304240478366,-0.8594445123212194,37.16612243652344
0.09441035547165842,0.9959618617620425,0.9886657226169668,1.0039343544722692,-0.8049903411974394,-0.9608109385881639,1.1389916329645717,-0.8787203463201574,37.303810119628906
0.34430577811375046,1.0025470642540864,0.9854016419343103,1.01151226955533,-0.8491498063927997,-0.9563501823444415,1.146746351047274,-0.8864306431541371,37.67950820922852
0.29904502481487927,1.020515614091564,1.0143270524863937,1.0191613867497502,-0.864091253948761,-0.9139729448526723,1.1551659957914473,-0.9041643442550884,38.01554107666016
0.055012480206589144,1.0365870914097233,1.016577926905627,1.023043515187815,-0.8744586720797093,-0.9675020197773381,1.1848018555249367,-0.8987671548541002,38.11821746826172
0.10519817832508396,1.041497805386446,1.0085863475960128,1.0281850013301224,-1.1161075801513092,-1.0377590103805754,1.2117294245216144,-0.9157296975920696,38.2699089050293
-0.03905519001238798,1.048752766795437,1.0152271078778348,1.0328902641152438,-1.1327395355141276,-1.089057760359789,1.214705472423219,-0.8879725922241474,38.28155517578125
-0.5223431683483882,1.049309774143146,1.0333472541036839,1.035103713373578,-1.0085364124755116,-0.8548678980351493,1.1880410854078838,-0.9550523401249503,37.82184982299805
-0.09216759127696604,1.027323400587605,1.049554322659826,1.036500853719065,-1.1167061446441588,-0.9217792416909816,1.195956588508989,-0.925753101859041,37.78218078613281
-0.2085793490051394,1.025426145622382,1.0545064671643283,1.0369730082448931,-1.100445962150456,-0.9307007541784259,1.1979912379491855,-0.9619914785959484,37.630496978759766
-0.6911318363978834,1.018171549105201,1.0618226369600463,1.0388558888919295,-0.9644397353269135,-0.8671349511171808,1.1811787459639056,-0.9619914785959484,37.016788482666016
0.6591362266165187,0.9888196519222898,1.0623843436464873,1.0411425953310511,-0.8323993192260966,-1.022146416703957,1.213335531778615,-0.9126456156240731,37.68650817871094
-0.20654789469895743,1.0208504023270848,1.0402124762778924,1.0417170941741862,-0.8629488196477382,-1.0388742260297104,1.2231606293056034,-0.8771782134221706,37.53715896606445
-0.3462454513438009,1.0137074627037124,1.0382992146230283,1.0406078774246268,-0.8886310398465156,-1.0477957385171548,1.2257976779001145,-0.8586735377862146,37.25480270385742
-0.3878217486433648,1.0002031817136283,1.0309834127976258,1.0390890695298352,-0.884797923461532,-1.054486926059147,1.2119167891772058,-0.8571314048882278,36.93510818481445
0.34577092954951355,0.9849131202062251,1.0013838806277502,1.0402380951129755,-0.8350938177394505,-1.0845970041160673,1.2205684610820828,-0.853276348385226,37.3084716796875
-0.3480592116844844,1.0027700131498938,1.0336848668680527,1.0409036214431286,-0.8304425383460924,-1.0868274354143372,1.2233214143240063,-0.8324583814883018,37.0261116027832
-0.03614268176235614,0.9892655497139049,1.0264816639591592,1.041768284930753,-0.8620160822937468,-1.083481788466932,1.2263018195431827,-0.8216640026863254,37.04012680053711
-0.7087726254733137,0.9899358559685668,1.0128634505569347,1.0396578774114775,-0.7870622152664662,-1.1280894572569715,1.2239460357979375,-0.7954490302163896,36.41939926147461
-0.7250034627587965,0.96024825832061,0.9974443904311976,1.0359092261977108,-0.7270685837667984,-1.1403565103390032,1.209065578424036,-0.7946778718534078,35.79401397705078
-0.43483587275481295,0.9303378942227505,1.0154519377405373,1.0317112214999147,-0.7663326779480942,-1.1492780228264472,1.2109529505303027,-0.8070143835533707,35.4439811706543
-0.39727387082134347,0.9135968404335489,1.0018335403531553,1.026415344779718,-1.00152862161369,-1.0801362478723449,1.1858190713120957,-0.839397703787277,35.131290435791016
0.6242455002479876,0.8986417496075717,1.0025095018225245,1.021676912616091,-0.7742922569106672,-1.0845970041160673,1.190089242532553,-0.8324583814883018,35.73566818237305
0.22836700244698785,0.927547384107058,0.9725714369624912,1.0167393618929061,-0.7330990492677666,-1.118052729120392,1.222705507485219,-0.7707760068164634,35.99001693725586
-0.2927594976294893,0.9397121472632475,0.9424087262249129,1.0110111487794189,-0.740095580432689,-1.1537387790701694,1.2227904751778709,-0.7707760068164634,35.768341064453125
0.1641023086864185,0.9291100332826648,0.9255264321400322,1.0053909895426456,-0.7774666778355218,-1.1581995353138914,1.2417578785683314,-0.7576685205814951,35.964359283447266
-0.12995643140878033,0.9384850161067815,0.9104451687638219,0.9995660858775174,-0.783488113565022,-1.1648907228558838,1.2510208821285453,-0.7491872492125105,35.89201354980469
0.11997163486450883,0.9350249295200466,0.9395946732379771,0.995242898624789,-0.7681634852386379,-1.1581995353138914,1.2577091467355261,-0.7515001728175256,36.04835510253906
-0.3050740325141856,0.9425022924871302,0.9518620676124091,0.9904475940420588,-0.8428292524604744,-1.144817266582725,1.259011984689523,-0.754584438613499,35.81501007080078
0.43746550749082896,0.931342076483409,0.9411705061136296,0.9871085339735239,-0.8977314863221633,-1.1938856916164866,1.2816471601461263,-0.7391638449455393,36.260719299316406
-0.07372318236715909,0.9526590560138126,0.9506245834417565,0.9852143178982852,-0.955968213415711,-1.1425869416372731,1.283797932099614,-0.7237432512775798,36.23972702026367
0.08546399973051266,0.9516550561990591,0.9471353049260821,0.981994684330493,-1.0244408589605714,-1.0667539791411782,1.2791351665659287,-0.7306823897485781,36.36572265625
-0.03588934854993646,0.9576810619925348,0.9546757526290296,0.9791732413870335,-1.1483893832238037,-1.0946337322526463,1.2824905189621667,-0.7430189014485412,36.37972259521485
0.11265837493500563,0.9583506384635774,0.943421380532863,0.9774098523334371,-1.164786915304833,-1.120283054065844,1.2897633177214174,-0.7430189014485412,36.53141021728516
-0.18890314049808316,0.9656054174266634,0.9649182063578771,0.9761128989473055,-1.1899174301735718,-1.1135919728766699,1.2843911808870276,-0.7599816280144871,36.40306091308594
0.19810185831900276,0.9594668425098541,0.9639057360350848,0.9744689828892349,-1.1845848716447243,-1.1470476978809951,1.290767243689982,-0.793135922783398,36.634090423583984
0.6715491778114009,0.9705163138492913,0.9699825818085732,0.9751572823643164,-1.046388924828085,-1.1135919728766699,1.2988879764487236,-0.7723181397144502,37.3084716796875
0.09385956060285375,1.0027700131498938,0.970657807337312,0.9761470633141767,-1.04650285334487,-1.0689843040866305,1.2987363417972215,-0.7792572781854482,37.44616317749024
-0.22468795173025896,1.0093553980878427,0.9779737931478723,0.9782460424156829,-1.0682733856409603,-1.0957489479017812,1.2989862339599698,-0.7476451163145238,37.280460357666016
-0.9796728256771289,1.0014303128700945,0.971783428532086,0.9797193412164442,-0.8069974968870292,-1.0979792728472335,1.290441534201483,-0.7615235770844969,36.39840316772461
0.01693663884639659,0.9592440760599514,0.9829261216375321,0.9821994752536307,-0.8069433786266988,-1.1069007853346777,1.3011411453651507,-0.7152617960806182,36.461402893066406
-0.07108081650496999,0.9622571701796417,1.0154519377405373,0.985396372872321,-0.8100754965140962,-0.9842299354559094,1.2823031543065753,-0.7191170364115965,36.4427490234375
0.18273138541551193,0.9613650097046018,1.0220928820075172,0.9876489986351815,-0.7988700002319911,-0.9741932073193303,1.2874789939843512,-0.6959861459096572,36.659759521484375
-0.2234064520288438,0.9717439923434721,1.0141009347275873,0.9888890796022098,-0.7956088643814571,-0.9663869104810211,1.2720675974643145,-0.6666869076437478,36.49873352050781
0.1999513136251998,0.9640425858051512,0.9715587826545411,0.9912383773187979,-0.7882838119747816,-0.9585805072898939,1.2688906772226456,-0.6605187437077544,36.73208999633789
1.3553622844552118,0.9752033491465872,0.9745972975338643,0.9963181090897408,-0.44842556865425387,-1.1258590259587014,1.3333604586870167,-0.6790234193437109,38.04821014404297
0.8324692785027947,1.0381495581394249,0.9736976101127386,1.0036618206496601,-0.4137397700756858,-1.0477957385171548,1.3323343103988354,-0.7237432512775798,38.90461349487305
0.495182374752455,1.0791088462390068,0.9841641577636578,1.0119440945060032,-0.39317830229190326,-1.083481788466932,1.3451443883284506,-0.7191170364115965,39.44598007202149
-0.55021365141928,1.1050008392810882,0.9763977762870617,1.019572214656222,-0.3383872226648877,-1.0812514635214798,1.340173778308311,-0.7191170364115965,38.94428253173828
0.23592313651723004,1.0810061012042298,0.9876527003387015,1.0268078072467313,-0.5711692760287556,-1.1113615415784002,1.3394644070076063,-0.741476952378531,39.228965759277344
0.9739852398668993,1.0946216741963126,1.0511299715503206,1.0365917603196462,-0.5003881701313682,-1.199461557156526,1.3615507783160297,-0.7445610343465275,40.25338363647461
0.3472061395722249,1.1436166097320217,1.092434823437872,1.0470640686613832,-0.534700743896516,-1.170466694748741,1.3713669433419957,-0.7622947354474787,40.66176223754883
0.07513783774488302,1.1631481736369158,1.1185452610772313,1.0578207855934196,-0.5247980140222971,-1.1158222978221222,1.3630409809256179,-0.7723181397144502,40.79243469238281
0.2700862564542823,1.1693978581098188,1.094348085092736,1.0690211836459058,-0.594851465184877,-1.1280894572569715,1.3725628091496023,-0.7584394951165004,41.12613296508789
-0.13117263530067866,1.1853576785341693,1.108078529441154,1.0803296820698887,-0.547686996440729,-1.0477957385171548,1.3551300530079633,-0.7538132802505172,41.04212951660156
-0.18091563578866476,1.1813400372620106,1.1574868236141975,1.0907438626333694,-0.7188899288936489,-0.9596957229390288,1.3555272225046415,-0.7006121769476632,40.90628433227539
-0.20830522146619462,1.1748429561420415,1.1771831706860143,1.0991144951761609,-0.7803934547658421,-0.9362767260712831,1.3584989130886742,-0.7006121769476632,40.74234390258789
-0.6443562185470899,1.1670021609323646,1.183485582262836,1.1056481095263,-0.7017273569490384,-0.9262399979347037,1.3496956065322954,-0.7152617960806182,40.12643814086914
-0.5687263902713886,1.137545174908222,1.1995800519024693,1.1112954496134724,-0.6970499464214838,-0.754500723022174,1.3355691829642105,-0.7507291982825206,39.59716033935547
0.4179252311237286,1.1122313529388201,1.1955285147448809,1.1202461231775847,-0.6734550985270558,-0.9072817573106801,1.3744233837528017,-0.7306823897485781,40.07022476196289
-0.2689304236492668,1.1348566520533774,1.1889766192942255,1.1285008907200444,-0.9029870341006268,-0.9440830229095926,1.3697383958994997,-0.736079579149566,39.84774398803711
-0.09021362041181381,1.1242160419868574,1.1810696731571508,1.1367040862487132,-0.9654184502214066,-1.0310679291914013,1.373272180450307,-0.7222011183795931,39.80793380737305
0.6786843421290524,1.1223120365231525,1.1513641655364433,1.1461822617288602,-0.8050259412308128,-1.1336654291498287,1.4052951966155591,-0.729140440678568,40.547977447509766
0.3615909576651561,1.1577061771850767,1.1258367768618178,1.1570919650963258,-0.7877602813666519,-1.1169375134712571,1.4074725482062351,-0.7607526025494921,40.97420501708984
-0.0487562290934685,1.1780914054790732,1.1486529602526585,1.1674385329457289,-0.7889892006488152,-1.1403565103390032,1.417199606087856,-0.7468741417795192,40.97654724121094
-0.24840154859826372,1.1782034272646922,1.1379225778856055,1.1740744823142188,-0.783876065044534,-1.118052729120392,1.4124520907273972,-0.7561263876835088,40.77046585083008
-0.28098284143762914,1.1683471521434066,1.1360025087799066,1.1780404780426517,-0.7776037121760823,-1.1002097041455035,1.4275510675775291,-0.7484160908495286,40.53157806396485
-0.8651708666949484,1.1569218422398426,1.1716952614023055,1.1786373594745347,-0.7090124851457781,-1.0254919572985441,1.3882999151581383,-0.7191170364115965,39.69083786010742
0.49787592401074854,1.116711677025846,1.192252475026974,1.1818101913933168,-0.7078132302387854,-0.9608109385881639,1.4104220164706511,-0.6875046907126956,40.24586868286133
-0.23371843383599386,1.143257191299337,1.1923654419137988,1.183832361112581,-0.7398790758164663,-0.9440830229095926,1.3986513766478117,-0.7299114152135728,40.05851745605469
-0.33784008849907515,1.1342967255711898,1.1824260117396739,1.1826437312729068,-0.7320099286344388,-0.9162032697981246,1.3664277060083736,-0.7168039289786049,39.76577377319336
-0.0879863324788383,1.1202956443820191,1.1709043092093776,1.1803682672724207,-0.7320428417577467,-0.9552349666953065,1.3605557848484875,-0.7345376300795561,39.728302001953125
-0.19677101262192853,1.1185034782580277,1.1303549003793192,1.1774146024638161,-0.8807620636483742,-0.9898058009959488,1.3668782526453076,-0.754584438613499,39.58075714111328
0.021003523985338553,1.1114468355476805,1.1571243728535396,1.173824489162621,-0.95025650325568,-1.085712219765202,1.383146297799979,-0.7191170364115965,39.65336608886719
-0.03941151199686049,1.1149195109018546,1.1480883098036943,1.170467686684726,-0.9494947908606906,-1.150393238475582,1.395300599435024,-0.7137198470106084,39.66507339477539
0.7137572139813051,1.1154794373840424,1.1339691048170681,1.1693259328857153,-0.7642052589407448,-1.177157775937915,1.4109172256126972,-0.7121777141126217,40.43790435791016
-0.27149211671781043,1.1524417005987215,1.132161818613036,1.1680300674775164,-0.7650832692230739,-1.1124767572275351,1.40522373660738,-0.6982990695146719,40.21074295043945
0.07930067892309442,1.141577229406869,1.125045640683732,1.1685609728116988,-0.9458558018583837,-1.083481788466932,1.4112383599177458,-0.7399348194805443,40.34423065185547
-0.062386196249723344,1.1479615589576,1.128547614175287,1.1703535512903387,-1.0300095504907467,-1.0489109541662898,1.4026402830190032,-0.7422479269135362,40.33252716064453
0.34782431529560653,1.1474018149213172,1.1291122646242513,1.1719919530670933,-1.002442101472699,-1.168236263450471,1.4383578687534655,-0.735308604614561,40.74234390258789
0.5017729557390644,1.1670021609323646,1.1663863696770338,1.175571372568097,-0.9895160481667806,-1.1559692103684394,1.4643170239197896,-0.7067805247116336,41.31612396240234
-0.46926351492852536,1.194444396828518,1.1554302375214895,1.1781745968949615,-0.9059747039601569,-1.1002097041455035,1.450525460207105,-0.6520372885107929,40.87585067749024
-0.09373284813808869,1.1733874027126208,1.1618684301446898,1.1788653605935653,-0.9186138953163463,-1.1347805384461458,1.4492359120717024,-0.6258223160408573,40.83134841918945
0.09757684435701555,1.1712589887858684,1.1613039636808833,1.178893889792684,-0.9193839865141595,-1.1459324822318602,1.4511991015037198,-0.6381588277408203,40.98590850830078
-0.05099993124842824,1.1786511495153564,1.1810696731571508,1.1789167094323962,-0.9185406302530729,-1.1147071885258053,1.4487897227523403,-0.6350747457728237,40.98590850830078
-1.0467730951332692,1.1786511495153564,1.2087434326814388,1.1769072141910972,-0.7729338556875858,-1.0756754916286226,1.4382105914195356,-0.6489532065427966,39.94611358642578
-0.04411057973006219,1.1289207745369303,1.18750878570614,1.1754971389968574,-0.7808253528915359,-1.0511412791117418,1.4395892466992832,-0.6898177981456872,39.953125
0.05943895412134466,1.1292561101101661,1.1853624148564765,1.1764105383164831,-0.7822094265046224,-1.083481788466932,1.4444171545689433,-0.6759393373757143,40.0655403137207
-0.47544641047573005,1.1346326084821403,1.1928169414907808,1.1749148197311476,-0.7485697646258569,-0.9875754760504968,1.4235488713877433,-0.6967571204446621,39.63228225708008
0.6517701407850855,1.1139111323853832,1.1928169414907808,1.1756055741307951,-0.6676917347085282,-1.1292045665532886,1.4697338232592914,-0.6504953394407834,40.34188461303711
-0.05783282984573533,1.1478493547260766,1.1426670031470711,1.1769928203863662,-0.7511595563061865,-1.198346447860209,1.4958938507656796,-0.6643738002107562,40.33486175537109
0.13131914139814158,1.1475134718151256,1.1430051678669133,1.1789281192522523,-0.7669619737675839,-1.1905400446690817,1.50141784011745,-0.659747585344773,40.522216796875
0.3958730925648767,1.156474119989178,1.1484270264790097,1.1823476989867476,-0.7197295279903583,-1.1905400446690817,1.5275868001248607,-0.6420138842438218,40.98356628417969
-0.1967816852866923,1.178539127729738,1.1275307282087101,1.1852192261109278,-0.7196021542311662,-1.1570843196647564,1.5368809585057137,-0.6389298022758253,40.83134841918945
-0.05549203456596591,1.1712589887858684,1.1617552792727077,1.1880508235150904,-0.7196229445530137,-1.0946337322526463,1.5396428442486596,-0.5880418064059633,40.82667541503906
-0.06001817319760847,1.1710354925523463,1.161416562597392,1.1889756512524856,-1.0048679347882212,-1.123628701013249,1.5351763758715882,-0.5849577244379667,40.81729507446289
0.17194746679117323,1.1705868580721575,1.1704528096323952,1.1910193852523092,-1.0022392392093615,-1.1169375134712571,1.561149038722385,-0.5996073435709214,41.04914093017578
0.35431773190124033,1.1816753728352465,1.1927039746039565,1.1937710209279127,-0.9762042831899914,-1.085712219765202,1.5831373703854408,-0.58341559153998,41.47303009033203
-0.2504718411859814,1.2019487617895297,1.1853624148564765,1.1960374091466714,-1.046165866854811,-0.9184337010963944,1.5664632232330686,-0.5895839393039499,41.26226425170898
0.597275802672754,1.191868443097007,1.185137033038301,1.1989660690607422,-1.0669124959862712,-0.8905539479849265,1.5997444148472055,-0.5633687830060372,41.94376373291016
-0.015930532067231832,1.2244625864561838,1.1846846135355305,1.2005873979530177,-1.0713855971808983,-0.8559830073314664,1.5987494213796634,-0.5379247850711065,41.981239318847656
-0.22617256643940542,1.2262549350260796,1.1958666794647232,1.2028252476737014,-1.0357103473836242,-0.9619260478844809,1.6167442714880769,-0.5178779765371634,41.79388046264648
-0.3721056721907559,1.2172941044061223,1.2163111101877253,1.2043381135351692,-1.0243488055239112,-0.9886906916996318,1.6487136926471948,-0.4962892189332104,41.45196914672852
-0.0421466244348043,1.200941477948488,1.2061457462399514,1.2054970053113558,-1.0375369628041302,-0.9808842885085044,1.6720316597673144,-0.5279013808041348,41.46131896972656
-0.6762036234320762,1.2013886528614373,1.239014878647215,1.205046024509906,-0.9025419120866549,-0.9396222666658702,1.6518505255672022,-0.5047704903021955,40.8009033203125
-0.7516560843853294,1.1698028880187326,1.2408223488364045,1.2053542942230666,-0.7868924940545977,-0.9273552135838385,1.6501104307948657,-0.5302144882371265,40.07257461547852
0.04074879893837687,1.1349690387308062,1.2317859178162436,1.205873808335306,-0.8019472147277662,-0.9831147198067745,1.692324341297267,-0.49860232636620233,40.16624450683594
-0.8634208478598915,1.139448997926022,1.2152953281320948,1.2040926861713055,-0.7669054323602635,-0.6753222199314923,1.6748068353288545,-0.47007424646327484,39.33487319946289
-0.28235340263800707,1.0996869198544998,1.2157462757536035,1.2028025303225127,-0.7667723544237269,-0.5693791793784777,1.6462374290710866,-0.44925627956635017,39.103023529052734
0.05712627480347099,1.0885982226455058,1.1838940293129177,1.2000451850875031,-0.9426587487103927,-0.7087779449358175,1.6502531329453454,-0.4538824944323338,39.21074295043945
0.031042336603524685,1.0937501301085282,1.1487662951097986,1.1975047473161953,-0.9336932146808234,-0.7165842417741267,1.6388217102954779,-0.4130179028294429,39.292701721191406
-1.7540796851096279,1.0976699803756518,1.1532840506569844,1.1903516178735942,-0.5167927105913348,-0.2883513233183463,1.574164564175515,-0.3505643697946228,37.587799072265625
-1.0316640769213314,1.0161294320914744,1.1131865093742237,1.1797846182559046,-0.468220126625844,1.9431441412482235,1.452167297468195,-0.39682633462647837,36.648681640625
1.5893630944905734,0.9712141694355956,1.1020042594598733,1.1733222525119076,0.08499185464954781,1.124594572879074,1.5183595265687364,-0.4168731431604212,38.180301666259766
-0.891247158861646,1.0444671124889566,1.107199632342848,1.1648788928288605,0.10526820168882145,0.8736767948758627,1.4898480726346748,-0.3582746666286029,37.36296844482422
-1.1310465270272911,1.005376435347526,1.1111525534559121,1.1539522281643961,0.15132195032537527,1.5126806851413552,1.3672264023193021,-0.3528774772276144,36.33486557006836
0.4290963881404206,0.956205257067668,1.0289240669275523,1.1435437757582352,0.2058455301394122,1.0219970729206467,1.4106540436313546,-0.3698402037935607,36.779296875
1.5299710634225059,0.9774611172199247,0.9836298648657132,1.1357132452177907,0.4926845986276769,0.6372566076057703,1.4586058877783061,-0.3482512623616312,38.26072311401367
0.3422067203479325,1.048313437056399,1.0575008256058047,1.1293308226044396,0.5093970939917744,0.56588429500058,1.4726830736578287,-0.36135893242457595,38.64401245117188
0.6726756219146778,1.06664505424466,1.0180803497033595,1.123023944715221,0.5563580769691291,-0.07088916396664163,1.5307369228634626,-0.305073563325749,39.35650253295898
1.2669764275539088,1.1007213881353741,0.9684943258679831,1.1198471607398468,0.6883733148384886,-0.08538675469976147,1.581071566124605,-0.32203628989169525,40.67803192138672
-0.17807371612512204,1.1639263054213833,0.9899295166651696,1.1168060671404627,0.35598166229053796,-0.048585489100849234,1.5735042126974943,-0.33283066869367156,40.54633712768555
-0.18302859622779194,1.1576277254459628,1.0613796007003182,1.1142659734305522,0.1952400576166648,0.07854632972727697,1.5712018060925048,-0.32049434082168543,40.409950256347656
-0.22913786645822,1.1511047370074956,1.0798658773899792,1.1112560220371157,0.01763781162352936,0.013865311016896803,1.564027046978622,-0.2819426728238096,40.2265510559082
0.27709695401915235,1.1423332852368415,1.1142297052183505,1.1106756183564839,-0.1392859046275039,-0.13110953278611842,1.5603950049165685,-0.3019894813577524,40.56280517578125
0.6316101018911465,1.1584153444174858,1.177967867383581,1.113590236845956,-0.46853686554376944,-0.3797968794910594,1.6171950359908895,-0.3374568835596548,41.26823425292969
0.7250761486668506,1.192153970938201,1.171616147784497,1.1182655755884554,-0.45766372506657166,-0.456744951283471,1.6547060936379439,-0.34670931329162163,42.08420181274414
-0.17821104585123368,1.2311793324456717,1.1650381264414489,1.1246350354561834,-0.6332759456135836,-0.14560691081360153,1.61405384575331,-0.30892880365672765,41.94780731201172
-0.11039514199037224,1.2246559791153946,1.156192672014975,1.131414932674202,-0.6013382045210609,-0.00509292960712683,1.5884692020322906,-0.33976999099264643,41.88433074951172
-0.7385404619680381,1.2216200792575898,1.1724104117102636,1.1361437962113972,-0.4799296598681618,0.2870867638859006,1.5472191301767926,-0.3891160377924986,41.150657653808594
0.22040091461293243,1.1865306232568753,1.2064336830117437,1.1413664808435031,-0.7606728682685282,-0.034087898367729796,1.581714052600581,-0.3482512623616312,41.43519592285156
0.08487799760287021,1.2001392633045713,1.2457882922277341,1.1510948075575114,-0.7710537590711285,-0.12999431713698298,1.6142144129058345,-0.32974658672567503,41.5786361694336
-0.0842886490102791,1.206999594221229,1.2392099029143708,1.1630264290691503,-0.7799699320463922,-0.17125623262679981,1.6326419446491371,-0.33283066869367156,41.54337310791016
-0.41536739230136516,1.205313064276184,1.2361483898903358,1.170284385650494,-0.7472080254239919,-0.23816768263544963,1.6436361104806652,-0.3282046376556652,41.15772247314453
0.3773170692820582,1.18686851307278,1.2007628924812868,1.1806295493574375,-0.7342795438610717,-0.37422080124538426,1.6576019668962256,-0.34131212389063315,41.60684967041016
0.6233700311230773,1.2083489641339888,1.2144863453937123,1.1952234528698662,-0.7364473363509049,-0.5861069887042313,1.7168826188642266,-0.3197231824587036,42.32170104980469
0.32845993674978713,1.2425382320398466,1.2214045552933375,1.2097313503318883,-0.8316911063112505,-0.45897538258174103,1.729157182464256,-0.3382280419226366,42.73085021972656
-0.4289989483484423,1.2621066500175337,1.2197037964956106,1.2196248916093704,-0.7936969357944199,-0.39540947316767794,1.6946622600404675,-0.35519058466060605,42.3193359375
-0.38468046811378326,1.2424251155787986,1.2011036329933367,1.2277071077115291,-0.7647331086969362,-0.2972728358057906,1.6883265024250529,-0.3790926335255272,41.95956802368164
-0.004806692144650568,1.2252184598402511,1.2227653095196453,1.2341728861726304,-0.9036205590701799,-0.368644935705345,1.6816025078139827,-0.372153311226552,42.00894927978516
-0.18941674897218128,1.227580222079391,1.25724302416063,1.237056092786411,-0.9046367274315116,-0.456744951283471,1.681714055143823,-0.35519058466060605,41.86080551147461
-0.6507004595827659,1.2204949353619718,1.276976536234301,1.2387012456057211,-0.8117370378857255,-0.09765370142897493,1.6202514764016955,-0.357503692093598,41.22122573852539
-0.06443958847883927,1.1899056900519192,1.2571289533628596,1.2406444578837486,-0.811661867559278,-0.18909925760168803,1.6292018424261259,-0.33128871962366174,41.20711135864258
-0.940210595887802,1.1892306402037296,1.2397771291555426,1.240759095421797,-0.6738323785434844,-0.22701573884973528,1.6207198880406741,-0.30969977819173256,40.27357864379883
-0.605607900645621,1.144582478352648,1.2421588170218971,1.2386668766618028,-0.7029007188086253,0.3841083983042892,1.5410260747118578,-0.36752709636056907,39.70451736450195
-0.9599129683404549,1.1173659280408754,1.2350137534228345,1.2326138137953806,-0.8084237420773382,0.554732563920502,1.4633845579594038,-0.3690692292585558,38.78509521484375
1.8123006389411418,1.0733926335920787,1.2041664339134754,1.229059919930485,-0.10265273692685878,0.12649953911190356,1.5650577704502537,-0.35904582499158433,40.62629318237305
-1.057426548272636,1.1614517916130054,1.203485688830006,1.223299197664417,-0.0273366138967244,0.2904324108333061,1.470586114576354,-0.40299449856247144,39.5845947265625
-0.48468469604121406,1.1116303761280262,1.1584608410390318,1.2166270381585846,-0.024225395176134985,0.33169453902875845,1.4440021200702202,-0.41147576993145585,39.147220611572266
0.255487323488492,1.0907120408998645,1.1310146711548115,1.2124884723919376,0.0031158011224688372,0.008289232771221266,1.4949659599887446,-0.43769092622936895,39.45289993286133
-0.30832977683083135,1.105331796152606,1.0866703844621486,1.2070257816877168,0.0017942076335230905,0.41533379836316225,1.4087041440179315,-0.4446300647003669,39.194244384765625
0.3516825788442455,1.0929610515697659,1.1754724766897717,1.2021936253396326,0.026259451316195163,0.13430583595021284,1.4404548278349403,-0.40453663146045815,39.59634780883789
0.6995657162766497,1.1121924919610728,1.1252307297523725,1.1992931691611957,0.11206526166631862,0.018325960907800993,1.4854441317647602,-0.4014523656644848,40.35352325439453
0.22116486529448862,1.1484059971819758,1.1041359114969207,1.1980148880800934,0.03226499432259925,-0.10657521391641923,1.500810865779685,-0.36752709636056907,40.63333511352539
-1.0549638115750084,1.1617885867534807,1.1188790101532886,1.1931082470889391,0.11623612033468472,0.17779818273829934,1.428778088205775,-0.41147576993145585,39.5940055847168
0.3382800708772992,1.1120804701754543,1.1064038965358196,1.1874162720096648,0.017825297449517004,0.20902358279717234,1.4444973292122663,-0.40299449856247144,39.98669052124024
0.6876181400795681,1.1308614516275237,1.125797588023229,1.182561193733345,-0.36109624626581105,0.06404873899415714,1.508730726198362,-0.39451322719348675,40.73915863037109
-0.2345013744223869,1.1668498186017595,1.1623166179888333,1.1782449713991756,-0.5447564545610983,0.038399417180959655,1.4974555133834468,-0.39991041659447457,40.54869842529297
0.33594969942498004,1.157740659461106,1.1758121132908756,1.1757801899394806,-0.5956970030859452,-0.1567588545993159,1.5292332125694015,-0.36598496346258236,40.94844436645508
0.08198100335394921,1.1768593482831748,1.1256846211364044,1.1735332179422864,-0.598979740256169,-0.27719937953263196,1.5142412078656595,-0.3698402037935607,41.08717727661133
0.19386415680200247,1.1834945409531656,1.1446240532694667,1.1722721957247966,-0.638087845584753,-0.3719905826527501,1.5363855314977892,-0.36752709636056907,41.34349822998047
0.48923010543746637,1.1957536286421968,1.1809160455504757,1.1739573712536913,-0.6240318766754279,-0.518080429399264,1.5920790217747272,-0.3814057409585188,41.91253280639648
-0.13907813933932942,1.2229689018326344,1.1717300345971098,1.1754476871451913,-0.6748828881237277,-0.4790487325020815,1.5983881997529532,-0.34054096552765134,41.8184814453125
-1.1633743949922644,1.218470698046927,1.191010023257064,1.1763246531525136,-0.41954426560344227,-0.4389019263085824,1.5728750160401126,-0.304302588790744,40.63333511352539
-1.6591794274992706,1.1617885867534807,1.1977011954720942,1.1745305031501936,-0.1857662527814374,-0.3363045327029729,1.5318567534794396,-0.2757745088878162,38.968505859375
-0.16468267517635088,1.0821646327004475,1.2100637101730543,1.1747024687562229,-0.21659134561037985,-0.39652468881681296,1.524035150572009,-0.25881178232187024,38.85564041137695
-0.5973388570042435,1.0767666057116931,1.2375085921611704,1.1690678217449293,-0.31730818675638506,-0.20917271387484668,1.4699346955993557,-0.2511014854878904,38.31480026245117
0.12002436559173582,1.0508997902044903,1.2329724380982152,1.1663794468716737,-0.29467101682396885,-0.22924617014800533,1.4683240131589046,-0.21948932361696635,38.481746673583984
0.08571541679192779,1.0588843527872411,1.1758121132908756,1.165083981318612,-0.3307675653644004,-0.4076766326025273,1.5196089873824774,-0.24570429608690228,38.61578369140625
-0.5051268948991255,1.06529495454828,1.0955163908440955,1.1619542686619924,-0.34776471025021405,-0.5002374044243754,1.5201085538420953,-0.27114829402183327,38.16900253295898
0.659929755590805,1.0439267077185945,1.090072821983391,1.1611403216841434,-0.24441227577796343,-0.4422474669031697,1.4962241354376293,-0.28733986222479774,38.8603401184082
0.8610358435135114,1.0769913790665497,1.063987774295794,1.1615473091215027,-0.1465408247195833,-0.4913158919369311,1.524972191715845,-0.2564986748888786,39.7633056640625
1.6828974861314334,1.1201776018815384,1.0720397007371318,1.164390418634045,0.2544762360604906,-0.43778671065944735,1.5116756192793275,-0.2657511046208447,41.51984786987305
0.020136266002699924,1.2041879203805657,1.0785043872230402,1.1667348715941985,0.1083805320295944,-0.44559311385057476,1.505986705457461,-0.27962956539081796,41.595096588134766
1.4889407171489581,1.2077868483009417,1.0569558615687136,1.1755909375729685,-0.11767000715443568,-0.5716095043239299,1.5601854179413603,-0.2811716982888047,43.22701644897461
0.23297579077671363,1.2858368415322634,1.0902994916976707,1.184252134615386,-0.15499229446420465,-0.5738399356221999,1.5849890124876176,-0.2765454834228214,43.53976058959961
0.13765889870054915,1.3007944866009096,1.13385006642004,1.1915892067202305,-0.295652856240549,-0.578300691865922,1.585743046293434,-0.2618958642898671,43.7490348815918
0.22537088464800353,1.3108034689446098,1.2185691600281088,1.2001414664850494,-0.3055371592680665,-0.722160213666984,1.618319441790317,-0.23490991728492594,44.05707931518555
0.5104481431438534,1.3255363406583993,1.2221984512487885,1.2092554948212981,-0.333120027740047,-0.7433488855892776,1.6473485450519199,-0.2603539152198573,44.687278747558594
-0.20027951449353026,1.355676951488263,1.3009069337401389,1.2176170422834052,-0.42108093254071005,-0.8080299042996579,1.6464158612256556,-0.2603539152198573,44.5173225402832
-0.1425886374346609,1.3475484390865333,1.315990772908557,1.2251005450592138,-0.3527811526110992,-0.776804504240785,1.6501816729371663,-0.2418492395839008,44.41344451904297
-0.40772361253493516,1.3425802546497616,1.3260841986596719,1.2302129812608282,-0.2785797699188865,-0.5872222043533664,1.6235486586083487,-0.17631162458108415,44.00979995727539
0.31531336992220094,1.3232751061128685,1.3409413681138105,1.2365559019061687,-0.6096613024986396,-0.722160213666984,1.6443722792844369,-0.1647460874161264,44.420528411865234
-0.2992000830381495,1.342919056695191,1.3713362681203989,1.245103093739593,-0.5672378034638768,-0.721044998017849,1.637309285366273,-0.15395170861415006,44.1396369934082
-0.19373938262594734,1.3294848349325947,1.3631391773896402,1.2573172919470643,-1.01577236847734,-0.722160213666984,1.6247578142345498,-0.18633502884805558,43.97911834716797
0.22708443922476512,1.3218076936996277,1.358129077560464,1.2705661571683284,-1.0166258555676742,-0.7600766949150309,1.642471617359576,-0.1878769779180654,44.29070281982422
-0.14931476932683532,1.3367098752131794,1.338661056069346,1.284862977612492,-1.01492236066927,-0.7444639948855947,1.635519952905374,-0.1878769779180654,44.17976379394531
0.2006710121011272,1.3314039834064078,1.3584707379983023,1.299443369740853,-1.0187274254082979,-0.8158362011379668,1.6567139455750732,-0.23568089181993085,44.46303939819336
-0.09478086113252482,1.3449522338595765,1.3449231748966326,1.3135761286921719,-1.1351682289200107,-0.8214121730308241,1.656031371777436,-0.2526436183858771,44.41344451904297
0.03871617741871925,1.3425802546497616,1.3371812634460098,1.329045454585113,-1.1389506315805715,-0.7444639948855947,1.6602344403072862,-0.2911951025557761,44.51496124267578
-0.1925358866341806,1.3474355050713902,1.3522091711264888,1.3424382397590353,-1.1340042227011584,-0.3206917263207184,1.643609312977598,-0.4168731431604212,44.35444259643555
-0.1345632405704731,1.3397583638384234,1.3468585147704202,1.3533997104183826,-1.1915413733299782,-0.5526513700527241,1.6729954984142177,-0.3598167995265893,44.260013580322266
-0.1828775464781491,1.3352420979081288,1.3605210685956488,1.3597168171599576,-1.255365760137629,-0.49800697312610553,1.6639244346930457,-0.37523739319454885,44.111305236816406
0.656842215052265,1.3281298091967824,1.358129077560464,1.3677896506148188,-1.0714391423636695,-0.7176994574232617,1.7139913207893953,-0.3189522079236987,44.90680313110352
0.2770580479932311,1.3661761659784732,1.3630252905770273,1.3727993426439884,-1.0712367963537794,-0.7979931761630784,1.7372511177199301,-0.28656888768979283,45.282135009765625
0.2518242825607903,1.3841272010090784,1.3552833791264045,1.3778982860594486,-1.0680051419543233,-0.8359096574111259,1.751261418774724,-0.30044753228774257,45.631492614746094
0.08503518823069658,1.4008359618731097,1.3507290105328373,1.3828726048573776,-1.087894995810405,-0.9206640260418465,1.7741867915816159,-0.25726983325186037,45.789642333984375
-0.15621687177188742,1.4083998041991237,1.3435567171304363,1.3867968017754984,-1.074035965192052,-0.8660197354680457,1.7500165331444335,-0.28965296965778936,45.66689682006836
-0.4080833130935253,1.4025292423166367,1.381924061990239,1.3881720430779854,-1.0090632378456434,-0.8604437635751887,1.7546747234946682,-0.28656888768979283,45.251441955566406
-0.1472307432937991,1.382659241258123,1.4000265456409489,1.3896911392404345,-1.0005528246314965,-0.8414855229511647,1.7611089564872076,-0.27114829402183327,45.14049911499024
0.1645166143793404,1.3773531670054469,1.4168762743529177,1.3920676457042913,-1.0093335880306689,-0.8426007386002999,1.7806787590319828,-0.27114829402183327,45.38835525512695
-0.3735353579568539,1.3892074072314686,1.4245039310206122,1.3945189250788754,-0.9654930995686104,-0.7756893949444676,1.7770691571554247,-0.2557277003538733,45.015384674072266
-0.030417498296179492,1.3713693062160064,1.4185838406014795,1.396026527730858,-0.9781225865739904,-0.8671349511171808,1.8062230975654623,-0.27962956539081796,45.03899002075195
-0.45420152370783445,1.3724982814756275,1.3985462010621397,1.397091035096662,-1.0744310045943883,-0.8827476511466172,1.799681892426533,-0.29659229195676456,44.57632827758789
-0.07177837383591469,1.3503705123437766,1.3931953607209138,1.398489309914865,-1.1302744971899124,-0.8459462791948871,1.7999718719109425,-0.2950501590587775,44.552730560302734
-0.6852965442113447,1.3492419019759652,1.4051496123569496,1.3973729794634393,-1.0876153098590804,-0.7299665105052929,1.7904055990477248,-0.32049434082168543,43.8327522277832
0.12023026058550562,1.3148074267738998,1.3871610155188523,1.3969932100723055,-1.079217261812696,-0.7924172042702212,1.8153564709279122,-0.2935082099887677,44.02397155761719
-0.26987709150140976,1.323952892649632,1.3882995156746654,1.3953244750988347,-1.0789416975762813,-0.5861069887042313,1.7847659229144206,-0.317410075025712,43.77847671508789
-0.16529833737568508,1.3122115864387527,1.3659850598088572,1.3934658740277106,-1.0946791556033706,-0.6831285167698016,1.775783966337594,-0.31509696759272005,43.65099334716797
-0.6346984366385922,1.3061144267423597,1.3648469276233597,1.3897774335584983,-1.031198540353912,-0.28612089202007623,1.7040322357470712,-0.3343728015916583,43.00185775756836
0.4359411452930253,1.2750681544404923,1.3301219369304333,1.3877807243826452,-0.9388111964402265,-0.4433626825523047,1.7172484156743872,-0.33051756126067994,43.53533554077149
-0.10845970962818034,1.300582849351207,1.3393445609301806,1.38585884391126,-0.9454229780997613,-0.22143987330969606,1.6652451376490873,-0.371382336691547,43.47160339355469
0.23459846676355103,1.2975347256177725,1.3275041961067573,1.3850705248580433,-0.9026385473722418,-0.33964996694474203,1.6913918753368813,-0.3559617430235878,43.78791427612305
-0.13352775899829097,1.3126629576075153,1.321355596121768,1.3821186175522524,-0.9305417986246758,-0.42440444192828086,1.6943454830529907,-0.3544196101256011,43.69584655761719
0.3879171049692701,1.3082596256923638,1.2900473937923844,1.3794428799611356,-0.8624873758257723,-0.4790487325020815,1.7199523490936268,-0.34131212389063315,44.18447113037109
-0.7346028239789921,1.3316291216530738,1.3157773501256318,1.3740396653838909,-0.8461210568252346,-0.41882857638824167,1.6909411108340688,-0.3629008814945855,43.41493988037109
0.2648619791841483,1.2948246741461475,1.3127035100960311,1.369102588907497,-0.8257546490235494,-0.5493057231053191,1.728314041514094,-0.36135893242457595,43.76431274414063
0.4930845215264052,1.3115341647937993,1.3279593753868932,1.3659435380425264,-0.7709491581891316,-0.7277361855598411,1.7738074870869824,-0.368298070895574,44.37096405029297
0.4939975277182717,1.3405485370526153,1.3235188936059388,1.3652990552513582,-0.7318898500401255,-0.8035691480559356,1.8040636109768309,-0.3459383387566164,44.98705673217773
-0.09835802020272764,1.3700144629260986,1.3470855524550147,1.3647926991628319,-0.8534484996497457,-0.8091450135959748,1.8054021789349173,-0.335914934489645,44.93277740478516
-0.5603253396450055,1.3674184401450473,1.309970594563638,1.3622608536275038,-0.784901890211332,-0.6987412167992381,1.7863988276744884,-0.3598167995265893,44.3497200012207
0.6070780298012909,1.3395324958081372,1.3268210592162384,1.362450756920984,-0.7216694013630665,-0.8158362011379668,1.8342794296791398,-0.3513355281576042,45.09328842163086
0.010627410422551959,1.375095216486204,1.356080218844379,1.3627557069066072,-0.725533334221056,-0.8604437635751887,1.835198605820931,-0.368298070895574,45.16408920288086
-0.13714295678807928,1.378481412481448,1.3857947417378134,1.363946847464587,-0.7251938960443943,-0.7879564480264989,1.8261589147862767,-0.3474802878266262,45.06496810913086
0.0600156079639237,1.3737407380881066,1.3831768169289804,1.3655062174084514,-0.7503442877569131,-0.873826032306355,1.8482006235895883,-0.34285407296064296,45.19242858886719
-0.26627214543236566,1.37983680310907,1.3550556055011789,1.3682164541288802,-0.8836135005295221,-0.8693652760626326,1.8478971364207057,-0.3343728015916583,44.9445686340332
0.2541087067738898,1.367982380437143,1.3909183604092874,1.371312206995676,-0.8846441170593682,-0.7834956917827769,1.8348951186520486,-0.3559617430235878,45.29393768310547
-0.1410050238696018,1.384691688638889,1.3943331249360955,1.37475321152638,-0.9288876220703995,-0.784610907431912,1.8326197274160048,-0.3189522079236987,45.1900749206543
-0.016143730473129503,1.3797242339857367,1.3895524545985642,1.3786028029149942,-1.0064815423763005,-0.8113754448942448,1.8422886151080407,-0.26498013008584015,45.23020553588867
0.23373972300602544,1.3816435649054548,1.3956999506726073,1.3848346103268712,-0.9889772070310611,-0.8347944417619907,1.8417977632835667,-0.27731664178580323,45.55832290649414
0.31911767032619603,1.397336466970913,1.3837455150514133,1.3908131885502233,-1.095164054102428,-0.8481767104931571,1.8826107961866034,-0.28733986222479774,45.987918853759766
-0.17389502613854843,1.4178827949989508,1.4005957957188553,1.3965961260238187,-1.2094520508934459,-0.8649045198189107,1.8468888531345693,-0.25726983325186037,45.84392929077149
-0.7037861475197708,1.4109961918719858,1.3955864318303097,1.3997494301335558,-1.0182111486515253,-0.7656526668078883,1.7956840535543188,-0.26883518658884165,45.08148956298828
-0.27091367815328865,1.3745309113022983,1.3975219556892549,1.4025114527437794,-1.0055208559569953,-0.6284842261960008,1.747754431726984,-0.25726983325186037,44.82890701293945
0.02754066660295893,1.362450620600085,1.4133472550431814,1.404301036958366,-1.0080451106211434,-0.7879564480264989,1.7664007008123959,-0.2657511046208447,44.91860961914063
2.2612524198732125,1.3667408360541888,1.4340669275620943,1.414416906991299,-0.10716017411195183,-0.752270398076722,1.78224042164975,-0.23568089181993085,47.56475830078125
1.096330806781996,1.4932984518091879,1.4271222237997616,1.42707035071688,-0.010071806705809271,-0.8593286542788715,1.8248068391437176,-0.24878837805489915,48.955116271972656
0.06256238263425296,1.5597952405575988,1.3903492943165385,1.4385902516222058,-0.025807468224305262,-0.9206640260418465,1.8289652451684562,-0.2742323759898298,49.09675598144531
0.15281032436644065,1.5665694570071358,1.378167085070119,1.4492297738031048,-0.03522813120706523,-0.9619260478844809,1.8502352730297849,-0.2857979131547879,49.35169219970703
-0.41896689833123596,1.5787623168326823,1.3824934960533033,1.4588737961757803,0.022518028866260028,-0.9998425291325284,1.8609348841934525,-0.25881178232187024,48.88903045654297
-0.02447134387179179,1.5566345477008314,1.5101188483614953,1.4700196651462487,0.028362778793746355,-1.0087640416199724,1.863018553456333,-0.2603539152198573,48.92207336425781
0.257704602925674,1.558214894129215,1.5771766547270054,1.4802909021475228,0.009541236910729407,-0.9619260478844809,1.864557775888605,-0.28811102058777954,49.30684280395508
-0.16791545645533387,1.576617300328583,1.5840080236321987,1.4900315313812291,-0.08529702718014383,-0.7511551824275868,1.8410570192963445,-0.3482512623616312,49.15997314453125
0.20244083579898917,1.5695929505434063,1.5963037517209155,1.5007875601904705,-0.12942432341524382,-0.5704943950276128,1.8324009900738956,-0.33283066869367156,49.47739791870117
0.11436786881967112,1.5847744567373845,1.5739892958551076,1.5117410244481095,-0.13587162816399775,-0.7344272667490153,1.8552370378705636,-0.3189522079236987,49.68585205078125
0.04070159850425244,1.5947442132115277,1.5755829752910566,1.5235816556685577,-0.8525374732485899,-0.5861069887042313,1.812059288721259,-0.3521065026926091,49.80193328857422
0.5240111793444538,1.6002960420981265,1.5941406382219026,1.5363491232010458,-1.1131857346602754,-0.7188146730723968,1.826515779095415,-0.3374568835596548,50.531517028808594
0.7328414260134747,1.6351899160887706,1.5870570256655103,1.551829672934709,-0.9740174538777153,-0.8091450135959748,1.8308929224622625,-0.335914934489645,51.5406379699707
-0.4334445432812023,1.6834532435457659,1.6023666146224194,1.5659882178929232,-0.8864153365874433,-0.8258729292745464,1.832980949042715,-0.37446641865954394,51.03844451904297
-0.12750981234561146,1.6594347875012687,1.61242048356463,1.5791044056001644,-0.9491704606882962,-0.784610907431912,1.8500076031866532,-0.3582746666286029,50.93895721435547
-0.04918044838785549,1.6546765983010554,1.6180191519132707,1.5911791380552303,-0.9469524342382085,-0.8526374667368792,1.8633621279468768,-0.37446641865954394,50.94131851196289
0.02932107585777237,1.6547895323161985,1.6532074172332716,1.6038589815188484,-0.9533028813594203,-0.8347944417619907,1.8586146125864182,-0.37600836772955376,51.04556274414063
0.07102921806015876,1.6597752315598426,1.7018779309239604,1.61878425335285,-0.9752365582175068,-0.8816324354974822,1.8887413241443816,-0.372153311226552,51.20426177978516
0.2722192660356159,1.6673653460961646,1.6776568368689655,1.6353530878845686,-0.969786231583414,-0.8626741948734585,1.9208312251343624,-0.35519058466060605,51.62591552734375
0.26596853308134577,1.6875318217501665,1.6728585039562953,1.6527195311272347,-0.9635923393035042,-0.8247577136254113,1.9262480244738642,-0.3274334792926834,52.04281997680664
0.5349906975108673,1.7074711522525483,1.6729723907689082,1.6655295413865698,-0.9245599004795664,-0.8526374667368792,1.9617869601878788,-0.3274334792926834,52.81978988647461
0.30985753285216455,1.7446313692740612,1.6780001531732232,1.676134071593452,-0.9561971017017447,-0.7098931605849524,1.952269707147345,-0.3459383387566164,53.305397033691406
0.4025081148431969,1.7678565505239827,1.6856543037036258,1.6878946852916015,-1.0493897640089531,-0.784610907431912,1.96172007536315,-0.3513355281576042,53.921295166015625
0.07487867768050474,1.7973131716563158,1.7059909191242189,1.6994553900188731,-1.1902225758538465,-0.7511551824275868,1.9535592552827472,-0.31355501852271056,54.09422302246094
-0.3071145400724765,1.805583809417975,1.7260984730234825,1.711283486245706,-1.1270245505247656,-0.6675159230931831,1.9106893506198972,-0.31355501852271056,53.74125289916992
-0.7032302703980213,1.788702272281988,1.7635722019723634,1.7208541491490708,-0.9028198774095646,-0.5849918794079144,1.878367422469213,-0.33128871962366174,52.84823226928711
-0.3676862883506288,1.745991685941116,1.7869933285617032,1.728447463304407,-0.8497486613034168,-0.5593424512418984,1.869358886255198,-0.2827138311867914,52.421836853027344
-0.5777739502688944,1.7255984300273028,1.8166984682120955,1.734683799308191,-0.760643159388793,-0.6396361699817151,1.8790055516276172,-0.28656888768979283,51.71829605102539
0.9413612507082076,1.691950114229521,1.825038883380698,1.7433337911078,-0.5940867064090541,-0.7444639948855947,1.9005609837899051,-0.2557277003538733,53.02587127685547
-0.5384479169110739,1.7544876443953465,1.8080149207243927,1.7498703904230364,-0.546946313415325,-0.7533855073730389,1.892422386029119,-0.2665220791558497,52.36735153198242
0.8971127864843975,1.7229925551673853,1.7649439953081327,1.7592075472250115,-0.4536604363016259,-0.8392551980057128,1.9189617180301406,-0.2665220791558497,53.632301330566406
-0.4965482158698342,1.7834914347916777,1.7443786863365254,1.7652821743719929,-0.4355270448718248,-0.8727109230100377,1.9173242380866224,-0.24262021411890572,53.02350234985352
-1.096089109261512,1.754374345488394,1.7104464876881043,1.7654553953371748,-0.3365378421466448,-0.6931652449063811,1.8663471083495038,-0.23722302471791756,51.611698150634766
0.013842035620578697,1.686851845862544,1.773511632146488,1.7670606370343804,-0.3415640835419286,-0.7924172042702212,1.8932611696617088,-0.20098446415303337,51.69696044921875
-0.027609476189133147,1.690929694283325,1.7417508263291763,1.7689834938962183,-0.3379004842653761,-0.9083969729598151,1.890552878924897,-0.17399851714809253,51.72776794433594
0.24738073565145796,1.692403127411428,1.8027601206354829,1.7718591590561243,-0.3617443248268353,-0.902821001066958,1.9254403956619133,-0.177853573651094,52.12099838256836
-0.47378806214154734,1.7112101986279,1.7733973773635598,1.7731121562739924,-0.3512023009861131,-0.9162032697981246,1.9070261537372049,-0.18556387048507378,51.55957794189453
0.5134349499709022,1.6843590874636747,1.705305206441492,1.7757856807134178,-0.34289293402790905,-0.8582134386297364,1.9098327019852626,-0.177853573651094,52.30101776123047
0.1978868776605718,1.7198200033267983,1.7094174587011195,1.778239777671878,-0.4931878547897777,-0.8336792261128558,1.9161776099675782,-0.15934889801513755,52.63265609741211
-0.3636749914229511,1.7356813029624942,1.7109033228346595,1.7786555433243507,-0.5172453907155938,-0.7812652604845068,1.9085477290333108,-0.19096105988606196,52.21337890625
0.7556689497440136,1.7156284911072546,1.7298690648452717,1.7797931125928521,-0.5640810721102486,-0.8347944417619907,1.93157114148557,-0.19481630021704027,53.28645324707031
0.08684242514927704,1.766950524160169,1.7027914172319132,1.7802031035932218,-0.6004001568741634,-0.8671349511171808,1.9335253984165652,-0.19481630021704027,53.47358703613281
0.2132925669759222,1.775900590471736,1.7385515084220282,1.7799894507643603,-0.8996176333713857,-0.8805172198483472,1.9294872543568111,-0.17631162458108415,53.83364868164063
0.29787980915474993,1.7931212945449626,1.7545466260765066,1.7805206815620265,-0.8955596702871439,-0.87494124795549,1.9126436075508924,-0.19481630021704027,54.31214904785156
0.42662681586542683,1.8160065790740252,1.734324633409157,1.7835233983671597,-0.8874172989359171,-0.9240096729892516,1.9240393001966705,-0.11385809154626407,54.973052978515625
-0.7410710472126865,1.8476156969925588,1.7860796582685927,1.7863470265654409,-0.6997687842653505,-0.6329449824397229,1.859083024225397,-0.08610098617834144,54.00656509399414
-0.6879937767425202,1.8013913849689065,1.7951052341644496,1.7880735359568136,-0.6397618941303524,-0.5660336387838905,1.8184532165262584,-0.06451222857438879,53.13010025024414
-0.1419900911787384,1.7594726138553707,1.8124712252289088,1.7912148072165965,-0.6805815331060175,-0.4690121107183204,1.7950282772597486,-0.05834388081041884,53.006935119628906
0.4927492821810471,1.7535819829233428,1.835549587469464,1.7929586684611492,-0.6402567902920752,-0.4400171419577174,1.795951810719112,-0.07761971480935674,53.74125289916992
-1.8693183737554526,1.788702272281988,1.8674253840103348,1.7902389561038552,-0.1197138308381152,0.34173105445970187,1.6549692756192864,-0.06451222857438879,51.25164794921875
-0.3975110543282478,1.6696316891270326,1.8208110884420385,1.7833327790540145,-0.2317928712220104,0.5669995106497154,1.6134782441020628,-0.1354470329781936,50.79919052124024
1.3510063158238252,1.6479919627908328,1.7785386586101724,1.7823338200339038,0.05843954833289881,0.15772472646514066,1.6883622324291425,-0.12927868521422364,52.61370086669922
-0.8904107998334857,1.7347747292609657,1.7725983298236931,1.782033528825581,0.10405685752934433,0.15660951081600563,1.658846852526516,-0.11231595864827736,51.48851013183594
0.8139928399889331,1.6809601202550866,1.8080149207243927,1.7842913806021006,0.19019676660720106,-0.2537802763120682,1.7546660088595245,-0.1177133318772424,52.62319564819336
-0.22062615166563837,1.735228837118302,1.6879397673325056,1.7859197674025022,0.14733309622867816,-0.278314595181767,1.753421123229234,-0.0999796307762912,52.39577865600586
-0.9684356170527603,1.7243521420508205,1.66611747176353,1.7836042155997345,0.17829348466564243,0.018325960907800993,1.683119507926638,-0.10306371274428773,51.17109298706055
0.5467933688953315,1.6657789789529183,1.7536324038279232,1.7845569960009335,0.2104275298349395,-0.0006322797162222431,1.6670074547410403,-0.08533001164333653,51.95043563842773
0.18882176975705464,1.7030526773272885,1.6993637737440666,1.784476150871489,0.22005703777546795,-0.02851203282769018,1.675752808973713,-0.08687196071334637,52.267852783203125
0.3190135597825786,1.7182338186294572,1.7540903428854246,1.784787982085061,0.20094210487426165,0.09081327645649044,1.661880852751827,-0.11000303504326227,52.76057815551758
-1.3973757586309867,1.7417994439379525,1.743121883724315,1.7817102041015427,0.03513011409921593,0.5948792637611834,1.5150220391745433,-0.1423861714491916,50.95078659057617
0.8085134670540585,1.6552423630522004,1.6840545527574728,1.7787363884537952,0.09479548264935769,0.48224503566617616,1.6086949987375145,-0.13313392554520198,52.06650924682617
-0.6760064896140398,1.7086041413220776,1.721642720474439,1.773285386538131,-0.09538345028312399,0.4755539544770023,1.541262459190133,-0.17862473201407544,51.237430572509766
-0.78774750228948,1.6689517132394103,1.7369519414610333,1.7646122682332397,-0.11410489378906608,0.5357743232964783,1.4890940388288583,-0.17091443518009566,50.27568817138672
0.14502911202053737,1.6229543639214736,1.7607163843546307,1.755384801924355,-0.2335519158097662,0.38522361395342425,1.5387816204305744,-0.1531807340791448,50.52677917480469
0.9721329005903566,1.6349633182748649,1.6734290419303057,1.7477568305574434,-0.06599608798538999,0.14880321397769636,1.6031444297485555,-0.11540022444425077,51.843841552734375
0.5515848750494127,1.6979545914062166,1.7272410208527649,1.7444250143761684,-0.14542755400442764,-0.06196765147919773,1.660328122635082,-0.12696557778123202,52.6397590637207
-2.654521679889132,1.736021017237448,1.6872540546497785,1.7347183077364599,0.5259293622587902,-0.0430094108551737,1.625940390223562,-0.07299349994337315,49.14813232421875
-1.1652521269337561,1.5690266384545466,1.6408686366176541,1.7219107524016903,0.5671428872119381,0.0071740171220866355,1.613384561774267,-0.08301690421034456,47.75291061401367
0.3734471337732236,1.5022972311773675,1.652978907667415,1.7085719569702977,0.5743035976612008,0.0015981515820474167,1.634404479606969,-0.07299349994337315,48.2692985534668
1.139405654631082,1.5269945684340576,1.7165016232129848,1.7048705444565053,0.6314407695848958,-0.3942942575185429,1.7213177145547802,-0.07376447447837807,49.73322296142578
-0.18793649207020408,1.5970098264587766,1.7548892064401336,1.7018491181505164,0.54448455270138,-0.3541475576778615,1.703528094104003,-0.05757290627541426,49.559715270996094
-0.8078240538843081,1.5887114569195702,1.5864859357360268,1.6920750870643868,0.5565931995205889,-0.28277524507267116,1.6482095510041264,-0.0922693339423114,48.6041145324707
-2.0282231441767316,1.5430078455085485,1.5191935482944563,1.6790755268719257,0.7914161044673643,0.0618185204015234,1.5562812613969421,-0.09458225754732616,46.15571975708008
-0.4431647472772492,1.4259082254644027,1.5440992511212326,1.662185841138648,0.7676548851070595,0.013865311016896803,1.5562812613969421,-0.1261946032462271,45.69456481933594
-1.1597165497739335,1.4038525224649934,1.614705211252879,1.6427041363213146,0.6085704847724386,0.1510336452759664,1.5275109827991098,-0.145470437245165,44.40382766723633
0.9176529287409406,1.3421203085234679,1.606336830340307,1.628879061248885,0.6944644966890406,0.009404448420356691,1.5822314840622436,-0.14701238631517485,45.49965286254883
0.38373228949894916,1.3945304489533026,1.5602476284120703,1.6143826572973292,0.3075339083290809,-0.1957905514964978,1.5772521594069602,-0.18093783944706743,46.00359725952149
-1.6065905566492065,1.4186326476681566,1.4421600666787557,1.5946680880066177,0.40152007423322833,0.022786823504341105,1.4793626236296658,-0.19404532568203536,44.18037414550781
-1.9263172116782574,1.3314331747511943,1.419918284950237,1.5686068784878902,0.5400073713484655,0.28820197953503607,1.425971539957717,-0.20098446415303337,42.06952667236328
-0.09535338987307476,1.2304774630494593,1.3576652509779163,1.5468414521965317,0.2616026355338317,0.10085000459306977,1.4542734069165706,-0.19096105988606196,42.02198791503906
-1.0479224649364338,1.228203822182394,1.4105175633178415,1.5197545212603452,0.2397404376335145,0.18114382968570442,1.4394286795467588,-0.196358433115027,40.95467758178711
0.47982283096121003,1.1771574648918077,1.4348231065602186,1.49603875039118,0.38513672310397173,-0.11103607651295895,1.5031757998918311,-0.18247978851707725,41.508544921875
-0.13640753450827844,1.2036473331642992,1.3468879523956512,1.4744472145898855,0.17932562473747501,-0.09765370142897493,1.5035551043864648,-0.1955872747520452,41.4182243347168
1.458288953979654,1.1993275614735994,1.2450805013260837,1.4561259172786787,0.5134322088333942,-0.1567588545993159,1.5967594344445786,-0.2040687299490068,43.010860443115234
-0.35253469641334717,1.2754987267760944,1.2427876782908962,1.4337886051510147,0.43395453657835076,-0.12330302324217282,1.5885005747188081,-0.21100786842000477,42.68043899536133
-0.26305022293683383,1.2596956273840667,1.1913106550047368,1.4089490367682032,0.2982266226570657,-0.20359684833480746,1.6141385955800835,-0.22797059498595107,42.44985961914063
1.320519756422984,1.2486676846614102,1.2180240120058603,1.3962366934509614,0.5022417812601987,-0.3853727450310986,1.6636521023448023,-0.24416216318891557,43.93316650390625
-1.777590956063501,1.3196099503290077,1.2136677954271298,1.382214480496748,0.5482843134083034,0.09415892340389552,1.5373450128271204,-0.29659229195676456,42.0005989074707
-0.48862449513738215,1.2271808479935291,1.2904815987645433,1.3657919650485135,0.2552194166630117,0.14434256408679216,1.5506546572163535,-0.33360182705665337,41.53231430053711
-1.4505772829421388,1.2047841535978319,1.2745451723753694,1.3421908689132238,0.42302308032693753,0.37184123886943987,1.4529348389584844,-0.35364863559059617,40.0513801574707
0.20758764731361326,1.1339553692830917,1.2634241895185316,1.3196559353580284,0.3597363985697284,0.30604500450992506,1.4758109740768137,-0.3490224207246129,40.315242767333984
-0.27549069248697866,1.146575152526142,1.334964978236423,1.2988883615109357,0.32325123091449687,0.20790836714803773,1.4808574014227045,-0.33128871962366174,40.08466339111328
0.058404187716357754,1.1355472098034851,1.2417560735117037,1.2843615127751833,0.32826974158424327,0.17445253579089426,1.5105200586592609,-0.31047093655471397,40.19639205932617
0.37840470550387323,1.1408908679125744,1.219170423523454,1.2720307707435425,0.0630720929551437,0.0841221952673166,1.4980356902181449,-0.30661569622373563,40.63614273071289
-1.3069347776488751,1.161922866939499,1.1477440735736482,1.2596767999180958,0.17540824512332864,0.19341077641491788,1.4267926764541408,-0.32203628989169525,39.33587646484375
-0.4162693417525591,1.099734903127493,1.16047032693137,1.2437592364159278,0.17447265730596495,0.5157008670233196,1.356772108134932,-0.3482512623616312,38.96981430053711
0.45897417809640895,1.0822272116458336,1.1493493440745317,1.227847475462733,-0.09417797554252676,0.6339109606583653,1.370238180224996,-0.37292428576155723,39.47613906860352
-1.2752872567761337,1.1064432566053553,1.1547380853582432,1.2133785778250599,-0.2440653439808942,0.6339109606583653,1.3046126202746797,-0.40916266249846456,38.24481964111328
-1.0414899974548875,1.0475528200788036,1.1759475263669386,1.2017026125296413,-0.19288942754467447,0.9461641104245522,1.2562368091279827,-0.4006813911294798,37.27971267700195
-1.5776702118652437,1.0013945534727309,1.1132348974706974,1.1866078951068724,-0.15652023805963586,1.1390921636121931,1.169042527196784,-0.3983682836964882,35.82970428466797
-1.0665821724520745,0.9320448581091461,1.0955794977531848,1.1718550445277773,-0.19619285116393664,1.803745375690884,1.1065446497995741,-0.431522578465399,34.90263748168945
2.7131066185033226,0.8877059420668973,1.1199998477339632,1.1617436100971843,0.8253046765923984,1.1725477822637007,1.2678152912459018,-0.39451322719348675,37.36054611206055
-0.30573674255501077,1.0052605821979042,1.0606125665778903,1.1512612867790948,0.8134482601037851,1.122364141580804,1.2790281944195387,-0.43614879333138223,37.11807632446289
-0.030895122633716233,0.9936639555896236,1.0140648736366793,1.1369429950439387,0.7776005232400954,0.941703460533648,1.2812724308349435,-0.4415459827323707,37.137088775634766
0.3283767877600601,0.9945732659797257,0.9441300913603018,1.1243051549676801,0.7271401297269139,0.6160679356834771,1.3039208961101414,-0.48009746690226934,37.496036529541016
-0.00622008911395436,1.0117406958487163,0.8994170984116193,1.11233366882872,0.7264254776460471,0.3707260232203044,1.317601130358864,-0.49937330090120724,37.53881454467773
-3.9606627052882013,1.0137866442264456,1.0179635191282237,1.0876315855205392,1.5715616040748444,0.6194135826308821,1.2272745906911084,-0.5818736424699702,33.79966735839844
1.6245959643748156,0.8349540804571548,1.0062690545348518,1.0711577491303446,1.795631940964346,0.16553102330344993,1.350137220668207,-0.500915433799194,35.24256134033203
-0.13837119542629403,0.9039635142080711,1.0071860365608007,1.0556342010209563,1.7641528493760517,0.1677614546017204,1.3878894558428658,-0.48318173269824277,35.16411209106445
0.6972449210515789,0.9002115141734703,1.0244983039592135,1.0453547437419697,1.6810376779963905,0.06404873899415714,1.4206976606345736,-0.45696657640033,35.83445358276367
0.6155498870031085,0.9322720032607666,1.026561513517598,1.0359154843955616,1.6216180260549398,0.009404448420356691,1.4475047498003883,-0.44771433049634,36.442989349365234
0.0744437036067099,0.9613765037966115,0.8462201818713326,1.0273222162317488,1.149498058000507,-0.04412462650430912,1.4604396648784383,-0.44540122306334873,36.5594596862793
-0.43636659926339116,0.9669469421655116,0.9158118318286099,1.017581605595956,1.1542011775096892,-0.19021447325082305,1.4539298324260268,-0.46853211356528773,36.20051574707031
-0.6412028703814888,0.9497796947424259,0.9120281770606246,1.0054421152065156,1.1698916058304831,-0.09207783588893571,1.4246776345047427,-0.46159279126631325,35.65617752075195
0.7523349738797053,0.9237455763404151,0.9443591528816313,0.9982511669070648,1.211513408164109,-0.1444916951644665,1.4772878868678077,-0.4608218167313083,36.38594436645508
0.42850061188535066,0.9586482077344953,0.9737092011776733,0.9930361074194429,1.2313921806110626,-0.09542327013070488,1.482133441873634,-0.44540122306334873,36.830448150634766
0.18206382040193547,0.9799075343589454,0.9793266360123989,0.9871198972985965,-0.35283735571085806,-0.20471206398394248,1.5043402930129202,-0.431522578465399,37.04914093017578
0.19075920557357604,0.9903669756418837,0.9620145525991439,0.9847615052023678,-0.7013524908142627,-0.23370703274454546,1.5368094984975345,-0.40453663146045815,37.277339935302734
-0.9320208799538032,1.001281072119873,0.935760790521941,0.9827160601945137,-0.4933089021937538,0.10085000459306977,1.4757395140686347,-0.44617219759835364,36.44061279296875
0.10772956900418704,0.9612628399978488,0.9709578871295113,0.9845644789080645,-0.5666861584285742,-0.04189419520603907,1.4781534680034647,-0.42689636359941574,36.58797836303711
-0.36209764659486776,0.9683109077506648,0.9923965736446939,0.9879658698832783,-0.6207463223133224,-0.11215129216209399,1.4994322104999374,-0.46005084219630304,36.2979850769043
1.2496400123176448,0.9544413700589386,1.0029442587501565,0.9883077181290392,-0.34515151345923784,-0.27608416388349694,1.5402138707164563,-0.42843849649740245,37.50078201293945
-0.41424011256327753,1.011967658554432,1.0139504348685933,0.9883946447761573,-0.34847788921965506,-0.11438151075472852,1.5048847398435286,-0.4353778187963773,37.15373611450195
-0.457812153619396,0.9953694599087798,0.9735945784244298,0.9874965329413266,-0.38433417234352124,-0.08538675469976147,1.4792778738028924,-0.46005084219630304,36.76865768432617
2.631169873230446,0.9769522755911135,0.9807021090513223,0.991848212197347,0.3279967739990175,-0.249319626421164,1.5483435359762203,-0.47315832843127137,39.28121948242188
0.23164765253162453,1.0971208182018546,0.9667155573633937,0.9967851491893907,0.3249025398044521,-0.37087536700361506,1.592364643941565,-0.51942010943515,39.5640869140625
-0.03213051360539998,1.110649546943197,1.0247271814953853,1.010883241630177,0.3317125792400214,-0.41882857638824167,1.5843911885167536,-0.4762424103992679,39.583106994628906
1.0639168770582093,1.111559222225109,1.0079889477889792,1.0242048525896106,0.39464491410586305,-0.4645513544745982,1.621723814009239,-0.4507984124643369,40.70746612548828
0.6205589917992481,1.1653340580237164,0.98941638206036,1.0394154908064506,0.22248475373851453,-0.4823943794494866,1.6460589969165176,-0.4677611390302828,41.40394973754883
-0.037467700941101786,1.198644848897403,1.1105987581312522,1.0530268572562789,0.23555471880389464,-0.5035829450189625,1.6341009924380865,-0.4677611390302828,41.4182243347168
-0.7943906821266271,1.1993275614735994,1.1242416255446073,1.0632426073829968,0.32586142581710864,-0.3931790418694079,1.5953138943401024,-0.5063126232001821,40.63378143310547
-0.004891369628819333,1.1618099329243559,1.1251589755408715,1.0732907996091552,0.2535206235200574,-0.46566646377091525,1.5997089027089946,-0.5217332168681417,40.68151473999024
-0.2767083778425286,1.1640928785325722,1.1793874968603508,1.083643718645976,0.23508212543967452,-0.43778671065944735,1.6040368083872798,-0.49937330090120724,40.44757843017578
0.2872127982694039,1.1529043834135886,1.2129793229670374,1.0961731421862104,0.16770941414641655,-0.49800697312610553,1.6516542284105884,-0.48163959980025606,40.79610443115234
-0.21405918048883985,1.1695733710703478,1.2136677954271298,1.1065105040684924,-0.6327425713869366,-0.4734728669620427,1.6542241743144923,-0.46313492416429997,40.62662506103516
0.09198279537619566,1.1614676644067334,1.1758336395543258,1.1161250766453377,-0.6375542104735149,-0.40990706390079734,1.6571557775768635,-0.5024573828692042,40.77462005615234
-0.13832306191219726,1.16854583573386,1.1781358458325562,1.1249854201441836,-0.6310464337001191,-0.5559969106473113,1.6774395266057938,-0.49551824439820547,40.68390655517578
0.06646092931198315,1.1642072721149541,1.1668529560369465,1.1335862762566535,-0.8917188079708384,-0.5593424512418984,1.6838467442293874,-0.5101676797031836,40.80565643310547
0.20159687957293404,1.170030215616258,1.1836625759845376,1.144866933604313,-1.0129020852251671,-0.6552487636583336,1.6848728925175687,-0.5047704903021955,41.06826019287109
-0.27231511982202816,1.182589791710686,1.1754884833984913,1.1552238883883366,-1.0032276763598598,-0.60618044497739,1.6717728351035437,-0.4785555178322595,40.83669662475586
0.387258270527112,1.171514777944561,1.1826263715764027,1.1673992448537225,-1.1442282111450928,-0.7121234855304045,1.7020378914944148,-0.5039995157671905,41.29266357421875
0.23491456146749307,1.193322354513284,1.1782512045264302,1.177375807216514,-1.1255864983081778,-0.5626879918364853,1.7140492731131016,-0.49012087116924075,41.59345245361328
-0.028468574124025973,1.207708214115923,1.1841232748194048,1.1882565536328538,-1.17003644013053,-0.5270019418867086,1.7117468665081121,-0.5186491349001452,41.61732864379883
0.07057944706700903,1.208850143034793,1.1967888130750872,1.2003902321743645,-1.1968488911748307,-0.5794159075150571,1.7140714954327183,-0.4747002775012812,41.746238708496094
-0.4370714301274664,1.2150155374996248,1.1856203620475643,1.2053981759996766,-1.1245879431562873,-0.5704943950276128,1.7042642629077747,-0.4608218167313083,41.33562088012695
0.36157860317052504,1.195376877848545,1.2076119239616185,1.2107757347554196,-1.0821145566183639,-0.7054324043412301,1.7322940153842634,-0.42689636359941574,41.77011489868164
0.14641519897757202,1.216157466418495,1.2221191536458222,1.2166190503547898,-1.0942989385657618,-0.5872222043533664,1.7243606472811135,-0.4523405453623236,41.980201721191406
-0.12242961819656184,1.2262053097399426,1.2232707167478316,1.2195353240585523,-1.0808037291384056,-0.5749551512713349,1.7238207756339556,-0.4523405453623236,41.903804779052734
-0.27684226237288156,1.2225514656021867,1.2294881271817986,1.220166062991736,-1.056403684694329,-0.4634361388254632,1.6923912261219956,-0.475471435864263,41.662696838378906
-0.5053057444556974,1.211019972181961,1.2096837808224152,1.2195865055161625,-0.9944776286752194,-0.368644935705345,1.6547060936379439,-0.5186491349001452,41.18047332763672
0.04227632919192251,1.1879566204497,1.2306396902838077,1.2211577130318902,-1.0538619775187685,-0.428865304524821,1.6487629303357572,-0.5271304062691299,41.27833557128906
1.3087278673985465,1.192637087694419,1.2407723048735118,1.2260983510086958,-0.6243680542475111,-0.6206779293576913,1.715655598235981,-0.513251945499157,42.70830535888672
0.3900096784799273,1.2610283947194794,1.2370876341203658,1.232778981864071,-0.606982746702347,-0.6831285167698016,1.7303663380904568,-0.5425509999370894,43.18816375732422
0.12256747616176428,1.2839786299906923,1.225458852228291,1.239075565808236,-0.6070614452159515,-0.7232754293161189,1.7537379002167108,-0.5379247850711065,43.37914276123047
0.38533660335642844,1.2931126017744148,1.2022009204738262,1.2469608021108753,-0.6641307033032136,-0.7132387011795396,1.7481605337246846,-0.5232751659381516,43.86137390136719
0.4595732721076606,1.3161763183984856,1.2069208757093184,1.2558760838458336,-0.6550828130656114,-0.7823804761336419,1.7738697967282604,-0.5518034296690559,44.431922912597656
0.3496869037139707,1.3434640226131753,1.275889183952327,1.266118168617891,-0.6514590678334369,-0.7578462636167609,1.785448496712058,-0.5448641073700807,44.885501861572266
-0.3620408476236472,1.365157388045421,1.2990330449090215,1.2751964052698481,-0.6081343306856187,-0.7065475136375473,1.7896740054274036,-0.5356116776381146,44.5298080444336
0.29198734329411513,1.3481455845333243,1.308244077843834,1.2845830418203592,-0.6572772938402853,-0.6675159230931831,1.7919138845252365,-0.596523077774948,44.91892623901367
1.394624267577549,1.3667559790642965,1.3315023775686143,1.2985669988667583,-0.5800233416801005,-0.6987412167992381,1.8409901344716157,-0.5949811287049381,46.57331466674805
-0.8638153914535884,1.4458805786755742,1.3590203016643356,1.3090884428956342,-0.3302336554799596,-0.3809120951401944,1.753407615544761,-0.6582056362747631,45.60886001586914
-0.5255863490577609,1.3997535103192422,1.3808966888696732,1.317532379113996,-0.4095725266126656,-0.397639904465948,1.7511187166242443,-0.685191583279704,45.057395935058594
-0.4565291289268743,1.373378582966848,1.3637413608107742,1.3247833242819969,-0.3670358473244704,-0.5816462324605094,1.7752040073687747,-0.6898177981456872,44.59187316894531
0.30202315206776303,1.3511139794063098,1.3825087668213916,1.3326976849169827,-0.35999083511013746,-0.5292323731849786,1.7537243925322379,-0.7206589854816063,44.99293518066406
0.001057542575520384,1.3702956120655747,1.4623009218915621,1.34175845812828,-0.37403721415499314,-0.6095259855719773,1.7652316325078565,-0.7090936321446248,45.05260848999024
0.20482161905176424,1.3731496133561785,1.4157846904123168,1.350475867363876,-0.3975684727598143,-0.6898197043117937,1.7920698764943104,-0.6898177981456872,45.34624481201172
0.21556045840568994,1.3871933868870994,1.3891872440605408,1.359431850632257,-0.40881489115124214,-0.7243906449652542,1.8365060189583782,-0.6258223160408573,45.65420150756836
0.5195924193613163,1.4019220623450757,1.366734799326462,1.3701918965907878,-0.4046151098549279,-0.7288514012089761,1.8453315478343737,-0.6381588277408203,46.3178825378418
0.2180470549360987,1.4336640008823884,1.3860782628658208,1.3823136166739978,-0.4082703135035602,-0.6864741637172067,1.8662399183372351,-0.6104017223728977,46.635372161865234
0.017325747531512992,1.4488486086567502,1.3889563426876346,1.395808727567314,-0.7693548764114247,-0.704317188692095,1.864557775888605,-0.6142567788758991,46.716552734375
0.2117479352174476,1.452731239959271,1.403118600201161,1.409827602196076,-0.9692220912633669,-0.7890716636756339,1.8854885865769617,-0.6227382340728608,47.02927780151367
0.5666477144688532,1.4676879727983925,1.4179715379966724,1.4221646861161779,-1.0461718106259692,-0.748924751129317,1.8922661761941664,-0.608859589474911,47.76932907104492
-0.1686851460285304,1.5030824783521266,1.449981275732345,1.4329828970487917,-1.1641415063325034,-0.6262539012505487,1.8723660889774416,-0.6242801831428706,47.626102447509766
0.16935591862814495,1.4962323644061446,1.4652939924369346,1.4439873381869934,-1.1682595611819158,-0.7355424823981503,1.8968888544061902,-0.6412429097088165,47.89347839355469
-0.3777391785165984,1.5090201803276229,1.4692093805778292,1.4528443991541289,-1.0549882756513203,-0.7667677761042054,1.8893570131172905,-0.6204251266398692,47.49479293823242
-0.06678472685940541,1.4899522114671206,1.4842922998204588,1.4602640924891448,-1.0402740091441047,-0.8794020041992121,1.9057769107893425,-0.577247427603987,47.47569274902344
0.02005234154528833,1.4890387048212055,1.519985420413173,1.4667876081723212,-1.0398670442582805,-0.8448311698985698,1.9021402935438385,-0.582644617004975,47.5616340637207
-0.047055343024219584,1.4931490286130615,1.5130775136823789,1.4741898380666778,-1.105793163494011,-0.8604437635751887,1.9129470947197749,-0.5525744042040609,47.56641387939453
0.71332652854275,1.4933776333319215,1.5259732173703373,1.4829014354543442,-0.9700548843169704,-0.8136057698396968,1.911095452617598,-0.5525744042040609,48.492671966552734
0.09005730757197335,1.537677870842328,1.5067443765842221,1.4880050004512781,-0.972525443501649,-0.8704804917117679,1.9119788987552997,-0.577247427603987,48.66694259643555
0.07800258130351949,1.5460127295625177,1.5058231628996464,1.4958494887257112,-0.9759617376551942,-0.8336792261128558,1.919657799512251,-0.5541165371020476,48.8268928527832
0.5151227584458736,1.5536626863556522,1.5099681645173435,1.5067549703668404,-0.990763725678453,-0.8492919261422921,1.966752995024568,-0.5695371307700071,49.53113555908203
-0.11152215138604857,1.5873445721999384,1.5101986979199347,1.5186090664765726,-0.9996149905165975,-0.7533855073730389,1.9583601477834616,-0.6065464820419194,49.45476150512695
-0.4072188891773484,1.583691822737612,1.554872686015186,1.5283914201289375,-0.9316196867410919,-0.7411184542910075,1.9657983067445657,-0.5972942361379298,49.00593566894531
-0.2383713404709031,1.5622257849028918,1.563277863959297,1.5374580423839916,-0.961726332556964,-0.7991083918122134,1.9781665526723908,-0.6196539682768873,48.7719955444336
0.008557858810462593,1.551037107338004,1.5709923616214234,1.545989277207739,-0.9658383049940054,-0.756731154320444,1.9850602648028863,-0.5957521032399431,48.84600067138672
-0.8068203043375481,1.5545765578933772,1.6049584135388604,1.5514769728064934,-0.7794731812168276,-0.7556159386713089,1.9554065400673524,-0.6165698863088908,47.90541076660156
1.8756354112722358,1.5095908711182007,1.6012748466966606,1.561078898802243,-0.2070184520781411,-0.5682639637293427,1.9349933787065368,-0.6150279372388809,50.256866455078125
-0.3064318590832293,1.6220541758266174,1.5796277049978102,1.5691096358801777,-0.23095843296723964,-0.6106412012211123,1.9292508698785358,-0.58341559153998,49.9298095703125
0.43694076737820436,1.6064119937227257,1.5683446312170433,1.5784555337014394,-0.2135535892580738,-0.7834956917827769,1.986019528266339,-0.5996073435709214,50.55050659179688
-0.6571391501018672,1.6360981318034435,1.5719139432763147,1.5851361738557712,-0.14126498532882417,-0.4968918638297883,1.967855178504379,-0.6235092086078656,49.769866943359375
-1.1090821909164386,1.5987624018214013,1.5265487229436054,1.5867423268507321,-0.037478854182,-0.06419808277746779,1.896674474381653,-0.6636028256757514,48.428218841552734
-0.043258108954001194,1.5345952648328647,1.6399608538495898,1.5887209030610434,-0.036611805670403265,-0.055276570290023086,1.8875543908377974,-0.6373876693778385,48.43777084350586
-0.4727254854712251,1.5350521093787748,1.6241867023695025,1.58877905873617,-0.031506088470178155,-0.08873218894153063,1.8729506231297113,-0.6566635033767765,47.91733551025391
-0.5947525921259841,1.5101611970169688,1.6541232953482743,1.5881909183235734,-0.007909928651617503,-0.4299803074683201,1.8757839688808362,-0.6582056362747631,47.25352096557617
-2.332228996004542,1.4784128728729837,1.6164725726776916,1.5809546562081827,0.43480079247747777,0.07297025148160184,1.755348582657162,-0.6967571204446621,44.507171630859375
0.570358102406795,1.3470629505335514,1.5517640727907813,1.5752264058988688,0.49053594078169926,-0.20471206398394248,1.7943768582827504,-0.6859627416426858,45.21174240112305
0.4191842382647489,1.3807605267256606,1.552224771625648,1.57080672337259,0.03783119160807454,-0.3853727450310986,1.8334896658692337,-0.7168039289786049,45.75333404541016
-0.22369500432947537,1.4066632840761322,1.5271238605465585,1.5636384180326741,0.0405887742833383,-0.5136196731555419,1.8673553916356405,-0.6967571204446621,45.55202865600586
-0.2740162779550591,1.3970354312278013,1.4951076833303665,1.5554143835420677,-0.04963706754935365,-0.4389019263085824,1.8308704822767674,-0.7060095501766286,45.29320907592773
-1.27836094536315,1.3846568414710496,1.3626495928850153,1.5433479550553242,0.021603122467402463,-0.39987033576421804,1.780049562374601,-0.6882758490756771,43.87689971923828
0.7014780866280284,1.3169188732314945,1.396631467526014,1.531615303319936,0.12299386362132482,-0.5515361544035892,1.817235128399035,-0.6805653684137207,44.71806716918945
-0.8545282825438424,1.3571494723868411,1.4227527602896772,1.5178372530714768,0.13318264216960127,-0.5738399356221999,1.8016718793616175,-0.7060095501766286,43.8026123046875
-0.7209994772638934,1.3133659216791571,1.4130436795329855,1.5033306481644342,0.14158920783720244,-0.3318436701064328,1.7469868902366947,-0.7807994110834349,43.05491256713867
-0.2017417271573813,1.2776056120860662,1.4005606545537355,1.4889912384986401,0.1451889166246109,-0.4511689793906136,1.7508821142800906,-0.7592106534794822,42.88956069946289
-0.21328826165858883,1.2696973118915704,1.3322511971604307,1.4740391484735502,-0.39405382891850166,-0.2671626513960526,1.7376482872166084,-0.8023883525153644,42.71222686767578
-0.23819586570570644,1.2612159491097332,1.3728212123281505,1.4608833379118622,-0.508497022289159,-0.22255508895883108,1.7108590630528384,-0.827061192087314,42.508522033691406
0.1525667065520719,1.2514733377872105,1.3286682701994899,1.4425328790724823,-0.5664614648211859,-0.2894665389674813,1.7199658567780998,-0.8340005143862881,42.72898483276367
-0.7620339610564802,1.2620174339700299,1.2926062593655983,1.4230928149831972,-0.5360121942737657,-0.13222474843525303,1.668845807024623,-0.8995381293891052,41.95494079589844
-0.4478380867115378,1.2249971529575878,1.2846312387201766,1.401105692265443,-0.5370836690861337,-0.11549672640386394,1.6152451363774663,-0.9465708849279888,41.53076171875
1.3849492052123948,1.2047098981145308,1.2760783206944368,1.384725208101438,-0.26945732831613894,-0.32626780456639354,1.7018505268388233,-0.9172718304900563,43.05012512207031
0.5826235538047732,1.2773766424753963,1.2662535132735557,1.3733092881297961,-0.2966239376478987,-0.42440444192828086,1.7234281813207277,-0.9141877485220598,43.74508285522461
0.5252855518794229,1.3106144549871166,1.2768865674921885,1.3634357303102365,-0.3395732562135954,-0.4422474669031697,1.7413069089158504,-0.913416590159078,44.38735580444336
0.9937316567750355,1.34133250710604,1.2395539551592594,1.357710809027417,-0.3160545392601548,-0.40098555141335307,1.7977722980006499,-0.9442577774949972,45.568809509277344
0.4505987785380978,1.3978380107635275,1.2190955415642724,1.3550235965237474,-0.3332626441168469,-0.44113235760685243,1.8339447876896182,-0.8987671548541002,46.15114974975586
0.40351105017085,1.425689655270313,1.2923753579926918,1.3603337936372435,-0.36783814628750006,-0.43555638571399524,1.8336770305248251,-0.901080078459115,46.68556594848633
-0.1759232041823033,1.451249231873637,1.3258935900363005,1.3635642790874902,-0.3780858641342899,-0.44447789820143957,1.8203584536345696,-0.9111034827260863,46.53697967529297
-0.059085334134888305,1.4441427814312477,1.3568708030669918,1.3654511768838158,-0.360984744384663,-0.4545146263380187,1.8401735731586426,-0.938860588094009,46.52739334106445
-0.3360618647987628,1.4436842948721935,1.4138530302416832,1.3670050790411474,-0.48304597171049335,-0.5147348888046769,1.8221164134089507,-0.9373186390239991,46.189483642578125
0.18320503676241456,1.4275230541688155,1.4419396524598378,1.369861737133584,-0.5992671472574933,-0.5069284856135494,1.8436940678908555,-0.9427158284249874,46.465091705322266
0.8721137155735779,1.4407045883531029,1.4677148691418775,1.378834728193747,-0.7664814779750955,-0.5292323731849786,1.8922661761941664,-0.9627626369589302,47.55787658691406
-0.16571686415842524,1.4929693193967193,1.460548463264523,1.3854184081266943,-0.7324143152991237,-0.6206779293576913,1.9071867208897293,-0.9866645019958744,47.41888046264648
0.2644056625311895,1.486321537959289,1.4600861085632368,1.3951625151702016,-0.7490297919866682,-0.5738399356221999,1.9357517698299251,-1.0082534434278039,47.799922943115234
-0.18482010317856878,1.504545694509554,1.4437885193095088,1.4063320034906572,-0.8796309255300083,-0.5013526200735107,1.9269931257786583,-0.9565942891949601,47.63695526123047
-0.09048716714872705,1.4967514230056311,1.4570812629677719,1.4177877415948366,-0.9044194896733736,-0.516965213750129,1.915387846157672,-0.9928328497598444,47.58903121948242
-0.6459500447113801,1.4944593551021694,1.5097869391370144,1.4279173740836677,-0.8253984034456635,-0.4032157700059872,1.861407871015882,-1.0136506328287922,46.86769104003906
0.7979637434202546,1.4599597467120489,1.5030830719461032,1.4410146663109185,-0.6902392250494752,-0.41102227954993237,1.8726741513297747,-0.9712439083279152,47.88140487670898
-0.0627859363039195,1.5084427390385629,1.521460981377882,1.4535394961665493,-0.690039974201506,-0.4545146263380187,1.8984592316591014,-1.0051691776318306,47.86702728271485
-0.40864637213279864,1.5077551004229346,1.5136009514560196,1.4668879811108106,-0.6765639584395516,-0.5370386700232874,1.915628805819398,-1.009024417962809,47.43087005615234
0.6688754326920721,1.4868949654384405,1.5112895459199047,1.483391006926049,-0.6075271134868054,-0.6507880074146115,1.953519167961086,-0.982809445492873,48.30077362060547
0.1787955184757789,1.5284999295955208,1.4764988725256816,1.496879655044467,-0.7420442307194302,-0.776804504240785,1.9615192030230857,-1.0275291855127535,48.58355331420898
0.27426962306235353,1.5420244620810502,1.5253909043462341,1.509655659019194,-0.7426284001723623,-0.8169514167871018,1.9887992790113298,-1.045262886613705,48.98616409301758
-0.08555442254546702,1.5612801677777115,1.5246974642868847,1.5207608915489363,-0.7471109463459205,-0.7377729136964204,1.9850334672998193,-0.9720148828629197,48.94303894042969
-0.8601222868635033,1.5592176168226344,1.5036613372967367,1.526526718942226,-0.5945401572983238,-0.6619399512003259,1.956740532841988,-0.982809445492873,47.93411636352539
0.18841237641636216,1.5109637765526946,1.5456173126573691,1.5315857140397549,-0.5881890255930153,-0.6474424668200244,1.9760828834095103,-0.9673888518249134,48.22649383544922
0.3371328571831164,1.5249473429349933,1.5592559484120967,1.5365044808704305,-0.671185106535036,-0.7656526668078883,2.0032113247462524,-0.9619914785959484,48.70338439941406
-0.3368404278802195,1.5477556352921817,1.5786741099254802,1.5409208622670854,-0.764770643193387,-0.776804504240785,2.0003154514879706,-0.9165008559550514,48.34870529174805
0.2505636636794596,1.5307923623907924,1.576594157717745,1.5462661164472944,-0.7517146562514733,-0.8370247667074427,2.021776983456584,-0.9272952347570277,48.72016906738281
0.31775685146496047,1.5485583972738128,1.527933211255256,1.5535508540238991,-0.787085626782792,-0.8046842573522528,2.0280462919790274,-0.9380896135590041,49.17789077758789
-0.18680961941543212,1.5704498989587974,1.5420347536667434,1.5597489620167393,-0.8706524449115367,-0.784610907431912,2.0122553730984785,-0.9149587230570647,49.00773239135742
-0.2717274944841288,1.5623117169241074,1.5650354741707517,1.5626114133591926,-0.8629433570122559,-0.6608247355511908,1.9954831863007387,-0.9619914785959484,48.73213577270508
0.3948813025912683,1.5491307300775348,1.547929086163799,1.5671621553810304,-0.8396296541494082,-0.7098931605849524,2.0053128590111777,-0.9797251796968995,49.28572463989258
-0.6369126018149823,1.5756072797989673,1.5658450088646072,1.568990627832486,-0.7558915015089276,-0.607295660626525,1.9782068578599308,-0.9720148828629197,48.55001449584961
0.8460383244611424,1.5404203976850277,1.587921203951201,1.573921111348588,-0.7655061247059767,-0.7098931605849524,2.0039294106821006,-0.9758701231938981,49.65958023071289
0.2558516515401008,1.5934877082643701,1.5797143620070844,1.5799147817786452,-0.7614169047269378,-0.8124906605433799,2.0250166490712886,-0.9519682581569539,50.04780578613281
-0.08295459436755943,1.6120554104535922,1.5664221703042944,1.5875675162672165,-0.7715831493021922,-0.8727109230100377,2.0562943460658683,-0.9704729337929099,50.00706100463867
-0.3613633196844834,1.6101067057431828,1.5931220963889063,1.5917852626500613,-0.7668887379835213,-0.7979931761630784,2.0192784975608595,-0.9519682581569539,49.61164474487305
0.08551468022271289,1.5911950930231937,1.5576383509056482,1.5964586765085262,-0.7766249609241721,-0.8626741948734585,2.0601806376082417,-0.9465708849279888,49.78419494628906
0.3155537935118863,1.5994476686402663,1.6111533777835887,1.603328624823111,-0.7769215920566974,-0.7879564480264989,2.0437252277979785,-0.9666176934619316,50.24911880493164
-0.21948060328721875,1.6216836281937326,1.6298777312673058,1.6075522574455388,-0.7732107978445557,-0.664170382498596,2.0349264964250504,-0.9619914785959484,50.03342819213867
0.7498827846116776,1.6113677718379633,1.627912585797972,1.6135751730943786,-0.7006231970855675,-0.4210587949808758,1.9911149754349136,-0.9928328497598444,51.054325103759766
-0.9003620404967516,1.6601943098034346,1.6088414202920007,1.6159235595132109,-0.5332877191563964,-0.22590052320060025,1.962425089346283,-1.09075360116859,49.94953918457031
-0.8814682426103715,1.6073556039429522,1.6171636209299918,1.615800859779714,-0.467560797573219,-0.2548954919612032,1.9146603919890441,-1.1208238139695041,48.892704010009766
-2.105684011135603,1.5568102431072657,1.6395871799943125,1.6118985619045934,-0.06587522150268312,0.5235071638616289,1.7906064713877892,-1.2133474678912501,46.333282470703125
0.6920232875289916,1.4344005350005349,1.6291842912079555,1.6094216174095508,0.017139666633397475,0.030593120342650378,1.838451343388351,-1.2102633859232537,47.21038055419922
0.35545798852968036,1.4763495921342868,1.6784227670804472,1.6069739088343349,0.05746997784243283,-0.04523984215344415,1.8516407258125998,-1.2526700185101425,47.69926452636719
0.8147104539911693,1.4997314944165316,1.6251382736050979,1.6079553393210888,0.16359090803993867,-0.3329588857555678,1.9303173233542572,-1.2279970870242047,48.75131607055664
-0.374443772761646,1.5500480680874533,1.5741664735619674,1.6070519735757298,0.16482179096207647,-0.2147487921205218,1.894613245304268,-1.2141185343402434,48.34958267211914
-0.15059335908058452,1.5308343249489231,1.4507240238139572,1.6047337808692628,0.13765384230879565,0.1331906203010778,1.8518995504763702,-1.2873663542630516,48.22690200805664
1.6112036155297396,1.5249668646468195,1.4930269951820005,1.607808899351168,0.44265050197510797,-0.26493222009778256,1.9201440761532744,-1.2557541923921274,50.26923370361328
-1.2192980131188913,1.6226456654503554,1.5166061650218,1.6079084353835553,0.4863234400159304,0.2458248483960846,1.8119788962120575,-1.3320861861969204,48.77296829223633
-0.2465267122601686,1.5510836310437572,1.567347247677182,1.606066246970985,0.4380290287880498,0.14322734843765714,1.8087128688260434,-1.3721797113508176,48.530006408691406
0.8751045082466559,1.5394634689137425,1.5479714027500688,1.6088087138752944,0.4579307874198152,-0.15898928589758635,1.8664364333597276,-1.364469414516838,49.675052642822266
0.6808005217943149,1.59422770885471,1.5420544400786167,1.6111040869420494,-0.07503988151426853,-0.3363045327029729,1.9140982980222696,-1.318978608047964,50.6012077331543
-0.049135754713980156,1.638523020325684,1.640557333730835,1.6124589542304328,-0.08547146700067008,-0.2671626513960526,1.8898925274468763,-1.34750677986488,50.60361099243164
0.3744234159446131,1.638637961245781,1.5683915474322554,1.61525013836883,-0.08481362227364025,-0.456744951283471,1.9218619486059942,-1.335170268164917,51.15208435058594
-0.08423179302567095,1.664869851008721,1.5566733487535411,1.61889964410639,-0.12686279683465873,-0.3586082075687657,1.9090028508536951,-1.309726270229986,51.1087760925293
-1.8651813296027921,1.6627985426502079,1.611899621583197,1.6163701140112776,0.2851349743073196,-0.002862498308856774,1.8020869138603406,-1.372950777799811,48.74650955200195
0.6947278643420659,1.5498181862472589,1.6565686420791905,1.6149648742745155,0.32621456364529156,-0.06419808277746779,1.8475849346166795,-1.359843291564843,49.67264938354492
-0.4938976872737857,1.594112767934613,1.656684552728538,1.6127191111416905,0.0568446584576112,0.04620571401926893,1.835631505321699,-1.4022499241517319,49.112152099609375
0.21238256277983883,1.5673058086793774,1.6831377547166817,1.6087880887893609,-0.09988171167769475,-0.0608524358300627,1.8489858122160439,-1.4207546917016765,49.441707611083984
0.6135895317374002,1.583067492850989,1.6810489712213772,1.609590839823357,-0.070839752634468,-0.22478552025710116,1.9009714431051776,-1.382203115617789,50.27885055541992
-0.10170304823953827,1.6231056115766491,1.567115426378487,1.612811477678471,-0.15827536394968772,-0.10211456402551505,1.8962818800684251,-1.389913412451769,50.21390151977539
-0.6226233952203314,1.6199992875995466,1.6117837109338498,1.620488501041912,-0.19270429851905976,-0.02628160152942052,1.8566960856595127,-1.4207546917016765,49.48261642456055
0.614940360847166,1.5850240427353097,1.5847505877286532,1.6280739668778035,-0.12383215304643315,-0.28612089202007623,1.9025285305394943,-1.4261518811026646,50.3221549987793
0.7164141988014399,1.6251767374892574,1.6006452494870305,1.6368660653335165,-0.07091287178966682,-0.4043309856551222,1.9649728129305701,-1.344422605982895,51.306034088134766
-0.05468873880293155,1.6722328203934222,1.6410211603133826,1.643081859941977,-0.07121062827938304,-0.545960182510732,1.958833134605891,-1.355988143147853,51.301212310791016
0.11648883978320136,1.6720022087696083,1.6378886290184778,1.650810576205646,-0.6682581798101475,-0.515849998100994,1.9518592478320722,-1.3004739324120078,51.52012252807617
0.4126779755477687,1.6824720494691268,1.6026183063181452,1.6603219582601252,-0.7170477575348284,-0.5236564012921212,1.9503958427255512,-1.2387914658261812,52.12874221801758
1.196980886764327,1.7115805638148798,1.6431097598235296,1.6688951034816657,-0.6268642674491584,-0.5894526356516364,1.988553962032032,-1.2148895088752485,53.78618240356445
-0.13877564997438316,1.7908511201500905,1.6905628437257547,1.6808224381742716,-0.591153545152233,-0.6329449824397229,1.99961479482241,-1.170169768855368,53.66590118408203
-0.8145838353798519,1.7850984183221792,1.690330286486429,1.6907970663540721,-0.4340364102570943,-0.6864741637172067,1.991690577086161,-1.0838143707836037,52.621883392333984
0.15534451717415956,1.7351660757270109,1.7008884587458801,1.6986548056417852,-0.44434249947348053,-0.5827614481096444,1.981352405415082,-1.131618284685469,52.89852142333984
0.09180184707807107,1.7483968703056252,1.7302425547153915,1.7047240300949313,-0.561899707702364,-0.60841087627566,1.9958446257933276,-1.153978108738415,53.09097671508789
0.3171377744369537,1.7576014486545506,1.8101818979117172,1.7120012262176618,-0.5906500482620595,-0.6630551668494609,1.9919940642550436,-1.1740249172723578,53.58892440795898
-0.36991144422382083,1.7814168424068757,1.8043806619044551,1.7168800447304062,-0.6024436913056069,-0.6519032230637465,1.9944435303280845,-1.183277255090336,53.15351486206055
-0.6247710627577616,1.7605924668197461,1.7540270519911776,1.7199703577075396,-0.5157646292442826,-0.5102741325609546,1.965347542241753,-1.1979268742232905,52.37651062011719
0.12746962470817183,1.723430607785089,1.7673694716420174,1.7293996206755078,-0.5154176580645551,-0.5559969106473113,1.9630229133171468,-1.2341653428741863,52.61466217041016
-0.23764294072871514,1.734820705629005,1.7766517068328584,1.7359613829675415,-0.5355652185019785,-0.31734629207894927,1.9100022016388094,-1.2904505281450365,52.36447143554688
0.5530538215021467,1.722854808509174,1.800668025407339,1.7458538920608313,-0.7889832849610688,-0.4389019263085824,1.9473705571353843,-1.2156605753242418,53.17034149169922
-0.25344181176857805,1.7613972357063312,1.7796679595081006,1.75427456228956,-0.7836246783169367,-0.42663487322655097,1.9265247141396795,-1.2518990439751376,52.8961067199707
-0.2419912740985562,1.7482813820478136,1.7421925746928006,1.7600271293706127,-0.9203057386410484,-0.29838805145492564,1.8859079783932566,-1.2596093408091174,52.63871765136719
0.8727716595243822,1.7359712095054058,1.7536787680876622,1.7689579496621963,-0.7278750354321127,-0.4076766326025273,1.9125499252230966,-1.2596093408091174,53.87757873535156
0.05765888008371161,1.7952223415859767,1.741611917535117,1.7800349784563045,-0.7286936117779653,-0.14895255776100663,1.8720985496785272,-1.2835112058460618,54.02672958374024
-1.034928891431145,1.8023557940222938,1.7804795180386905,1.7857640842696332,-0.5556522037748107,0.07408546713073687,1.817025323557948,-1.3205207409459507,52.67239761352539
0.2824208571857033,1.7375820243999107,1.7672530090371976,1.7901855149997696,-0.5461634291858204,-0.08650175764326058,1.8558481516600218,-1.3667825219498295,53.11983108520508
1.0492757919003866,1.7589814694793364,1.754838978492083,1.7982485194574118,-0.4401067143941465,-0.31846129502244835,1.905022876983526,-1.3829741820667825,54.60888671875
-0.04235212927471689,1.830198681125643,1.8145899983049176,1.8058072228959556,-0.43629533297406914,-0.22701573884973528,1.8933415621709102,-1.3536750357148615,54.62091827392578
-0.5108278835111977,1.8307741155097486,1.821783633985611,1.8103224708001162,-0.39456107077894415,0.04286027977749977,1.834216902171983,-1.3660115474148244,53.98102569580078
0.4090170436391159,1.8001699096354928,1.756463383449367,1.8123396376806822,-0.4141851799144791,-0.14003104527356192,1.869894400584784,-1.3259179303469388,54.61368179321289
0.4780433583215764,1.8304280156281225,1.7780433705656589,1.8164444110387252,-0.4100845516669497,-0.2593563545577433,1.8908829457309682,-1.2727168270440852,55.349796295166016
0.9930039981729835,1.8656342370079833,1.8498614249161962,1.8266829157124587,-0.33820920639710567,-0.4812791638003516,1.9382951360966405,-1.200239981656282,56.8220100402832
-0.10749565264414256,1.9360459499840852,1.8504417141035645,1.836047699714753,-0.3931163686759736,-0.5939133918953584,1.9345515467047467,-1.2148895088752485,56.7402229309082
-0.14252350886413578,1.9321343097826826,1.8195793078112743,1.8446208263383799,-0.38082596226968335,-0.7087779449358175,1.9791972761440226,-1.1855903625233275,56.60791778564453
-0.20946352799495388,1.9258065384624756,1.8500926942594182,1.8514230224545363,-0.6166772446961483,-0.6931652449063811,1.9682523480010572,-1.203324063624279,56.37937927246094
0.10140289959586896,1.914876204298949,1.8855959421693917,1.859820231415541,-0.6153054272623808,-0.6808981918243495,1.9828293182060759,-1.1963848332392921,56.598289489746094
0.13752208275759295,1.9253460449984674,1.9566017020487083,1.8707741792189279,-0.7904510455819573,-0.6295994418451357,1.9527962889759085,-1.204095130073272,56.87013244628906
0.6297082236386372,1.9383475050746024,1.9526570602677402,1.8835518012121193,-0.7428771592502478,-0.6574791949566037,1.9855689816294053,-1.1693987024063746,57.856407165527344
-0.14076039480417998,1.9855181640070547,1.9462759030434253,1.8966167795648796,-0.8370917703995671,-0.60618044497739,1.9593819387540712,-1.1879034699563191,57.724098205566406
0.4756981816482884,1.9791902102409429,1.9352533522459536,1.9096055064727995,-0.8293833272804526,-0.6563639793074687,1.9662935158866115,-1.1948427922552942,58.49868774414063
0.01356692444441422,2.0162365810177882,1.9458115245054046,1.9234973015594647,-0.840792119977813,-0.6898197043117937,1.9957463682820813,-1.1894455109403175,58.59491729736328
0.4324178776247716,2.020838961415203,1.9589226748130233,1.9397757017769501,-1.0300691722686732,-0.8080299042996579,2.0213220795020783,-1.162459472021388,59.31658172607422
0.3421711948118705,2.0553540777072414,2.0064913013942807,1.9544825597162667,-1.0377114007385415,-0.756731154320444,2.0582978406854258,-1.1223658549535025,59.91075134277344
-0.958777677518919,2.083771486965172,2.000109960184808,1.9654482149061234,-0.7329543257089614,-0.7466944261838647,2.036371818663648,-1.1362444076374636,58.52515411376953
-0.0558429418308033,2.0175023907060963,2.037468882395287,1.9796976757638751,-0.7486616351397489,-0.8437159542494348,2.0484773183418876,-1.1647725794543797,58.5179328918457
0.8364447896197722,2.01715702060809,2.0421100919832864,1.996081647036638,-0.6415799827371224,-0.7444639948855947,2.0432925461630895,-1.2472728291091544,59.84100341796875
1.0629598507226443,2.080435646039685,2.0769164041159134,2.012975749774343,-0.5058308743987417,-0.847061494844022,2.0852522071851705,-1.2187446572922382,61.539329528808594
0.2067643741837717,2.1616616575837866,2.105573564308078,2.030825673672083,-0.5328443984765795,-0.7879564480264989,2.106133780184965,-1.1740249172723578,61.94346618652344
-0.10738827947353473,2.1809903416424143,2.038745371419371,2.0500185156988637,-0.5371211333202843,-0.7578462636167609,2.106793913797107,-1.112342450686531,61.85447692871094
-0.03421740127130645,2.17673424357253,2.0383970875158552,2.067733623322543,-0.5411713946405763,-0.8113754448942448,2.0960631478128002,-1.152436067754417,61.88092422485352
0.40200730473799434,2.177999141031314,2.1022095796847937,2.0853952898421366,-0.539074310709745,-0.7991083918122134,2.1067224537889278,-1.0660806696826524,62.59511566162109
0.05642142661149075,2.212156845795621,2.1841208758012884,2.099885788956196,-0.5461431205985307,-0.8727109230100377,2.1249225335549777,-1.0606834802816638,62.76642608642578
0.25982395479655296,2.2203501264935963,2.203612631377749,2.115787283861207,-0.5501464095102758,-0.8035691480559356,2.120001379089279,-1.0529731834476843,63.26346969604492
-0.08693682684599481,2.2441222805664562,2.199320625619054,2.1318700991226756,-0.8264888700204541,-0.8046842573522528,2.129732576422593,-1.0791881559176204,63.20554733276367
0.3250818728172866,2.2413520219462093,2.2005961947173494,2.1499862800472607,-0.8539357602296221,-0.7689982074024755,2.1279521764627165,-1.1092583687185342,63.811153411865234
-0.32258710920529127,2.2703164040270787,2.2350420799260524,2.1664925326004694,-0.8680762110148886,-0.7634222355096183,2.1265778785005405,-1.1516650013054235,63.369625091552734
0.4152576975411776,2.2491993852084633,2.2433044853877933,2.184171113922279,-1.1213650039622922,-0.87494124795549,2.1541570843400955,-1.137015474086457,64.12239074707031
0.14691958090850152,2.285201982963283,2.267277199479901,2.2002336667571245,-1.1248029360429213,-0.8292184698691335,2.1582220259029166,-1.1570622826203996,64.44572448730469
-0.17002477378793843,2.300666097863976,2.264483568845469,2.216142359054612,-1.1122501778274607,-0.784610907431912,2.1674669465952072,-1.1740249172723578,64.25029754638672
-0.5079372883343088,2.2913193941551215,2.293692316540402,2.2283395587692576,-0.9926913831032378,-0.7935324199193563,2.1478659892297927,-1.2110343604582585,63.50232696533203
-0.22698341272819214,2.2555461309027813,2.272397138448221,2.2396081367721794,-1.0210239218216781,-0.754500723022174,2.138709957815969,-1.1848193879883226,63.21760940551758
-0.08546601883111435,2.2419289158975544,2.3087034815715306,2.248982219731162,-1.021381938370617,-0.8426007386002999,2.144809330953108,-1.183277255090336,63.1620979309082
0.6372326969153813,2.2392739630892144,2.324298063537708,2.259607635394765,-0.913572899411967,-0.8950147042286487,2.1950548670699055,-1.1909875519243156,64.26959991455078
-0.35750816375118,2.2922425704339973,2.314872503909024,2.2723872566636447,-0.87986812377765,-0.9318159698275609,2.2019437861510722,-1.2094923194742602,63.76771926879883
0.47622782998970187,2.2682390749537036,2.2787974301289364,2.2872724592932783,-0.8467658596116033,-0.9083969729598151,2.2274881246845517,-1.1886745364053126,64.624267578125
-0.13746752452838834,2.309205295997672,2.265065329914099,2.298585421216471,-0.8704572928939592,-0.8113754448942448,2.2097699642419535,-1.1817352141063375,64.48190307617188
-0.5048238919989901,2.3023964148262013,2.26238797789933,2.303941025135474,-0.8616242333596543,-0.5559969106473113,2.166275655971051,-1.1354734331024587,63.7363510131836
-0.7508316028235467,2.266738822277578,2.315803468806958,2.305541301189808,-0.7779051948151346,-0.4389019263085824,2.1451483302602017,-1.233394276425193,62.599945068359375
0.2954328142309775,2.2123878223112454,2.2915974615348937,2.308705354893477,-0.733905693036345,-0.5682639637293427,2.165686546635331,-1.1778800656893478,63.152462005615234
0.5248564745883402,2.238813104733396,2.332909304858437,2.314063497427656,-0.7002205930396012,-0.5994892574353978,2.1674848115972516,-1.1655435539893848,64.07898712158203
0.7071648449097182,2.283126113457147,2.326042978773282,2.320697893870379,-0.6194762667640749,-0.6998564324483731,2.20578127573664,-1.130847218236476,65.31673431396484
-0.6005108243825346,2.342323971333482,2.2900845515831727,2.324685602662678,-0.540482206474155,-0.4500538700942967,2.1902984192084247,-1.140870622503447,64.40229797363281
0.17840816446152227,2.2985891336824107,2.235275005135694,2.328379250547636,-0.6112843414878572,-0.47012722001463764,2.187777275261326,-1.1377865405354506,64.7787094116211
0.2837601074798886,2.3165918009041073,2.261923231390994,2.3335608616880514,-0.6246575008901506,-0.5470753981598669,2.204674517073379,-1.1709408353043615,65.33119201660156
0.049030291542700534,2.3430154413131143,2.3066100984472837,2.337672069924123,-0.6663861318257969,-0.664170382498596,2.232905141889932,-1.088440585649587,65.49768829345703
0.48254967864336057,2.350978475279085,2.3663073945940716,2.3450299158982078,-0.6312100242795238,-0.8102602292451099,2.240740034615957,-1.1485809193374268,66.38802337646484
0.6208925755325302,2.393560619702896,2.322203576502515,2.3533230044411786,-0.6613073290036389,-0.8649045198189107,2.276145418546393,-1.0922957340665767,67.52445220947266
0.026139380871219184,2.447912714344658,2.340358127952853,2.361151405520541,-0.8752967830954944,-0.8481767104931571,2.280219074744358,-1.0946087495855799,67.65715789794922
-0.14479393329720983,2.4542596424848813,2.3670046983417334,2.3690620837686787,-0.8379388566239389,-0.8158362011379668,2.282173331675353,-1.0676227106666507,67.4954833984375
-0.011699408275449446,2.4465272201427246,2.375034914534463,2.3789608045650357,-0.8578779637301343,-0.8247577136254113,2.3087124458104964,-1.079959222366614,67.56306457519531
-0.13230583228224863,2.4497594317942193,2.417976314399706,2.3892124114687423,-0.93858708938584,-0.8236424979762763,2.3255517352988435,-1.0730199000676388,67.42311096191406
0.5894982959994712,2.4430658564346555,2.4727869647581304,2.4022813046822686,-1.0478725194379834,-0.8124906605433799,2.3347835840384183,-1.059141439297666,68.52333068847656
-0.013678630472242931,2.4956861745469534,2.4791874404240035,2.4128093044756094,-1.0338841295898762,-0.8057994730013879,2.3380093062368923,-1.0784171813826153,68.58848571777344
0.7277503634829044,2.4988023506029213,2.471389781470599,2.4278779569227824,-0.9446945451676948,-0.8080299042996579,2.369023821250129,-1.0822723297996053,69.94931030273438
-0.06590239081838002,2.563886643155471,2.4746492625243133,2.4407938915977487,-0.9294248086358083,-0.721044998017849,2.3619876248350327,-1.106174286750538,69.9227523803711
0.1819581773790193,2.562616454765445,2.467899215058821,2.455068496834385,-0.9547009269732936,-0.5660336387838905,2.33493521868992,-1.089982626633585,70.33775329589844
0.2357942222902062,2.582464744761274,2.52096347830041,2.472413320002752,-1.0222404756594257,-0.6820134074734845,2.346808037609821,-1.0714778590836405,70.85169219970703
0.8445533934226384,2.6070449517470076,2.5241059447938308,2.4964689770378166,-0.8931697907505309,-0.8281032542199984,2.4001681843270086,-1.1000060309005566,72.46826171875
-0.4325992670920475,2.6843607826569467,2.5897393380684703,2.517460339576561,-0.81741831379107,-0.6552487636583336,2.368300942264952,-1.1724828762883595,71.76371765136719
0.26175493379304626,2.650664483586172,2.588458433400602,2.5375870572255934,-0.828684907953677,-0.674207004282357,2.390922827902961,-1.1547491751874086,72.33554077148438
-0.23558799982545903,2.678013124733104,2.6084741787061763,2.5538673172344164,-0.8078772729364402,-0.6808981918243495,2.3896334976334375,-1.1424126634874454,71.995361328125
0.5803959733582225,2.661743328716301,2.6332617630617126,2.575199811999256,-0.8095865887121971,-0.7188146730723968,2.4166994114630227,-1.106174286750538,73.15349578857422
0.7827253049116535,2.7171335405570356,2.7112298892785005,2.5994025227353825,-0.757113032856622,-0.8202969573816892,2.449801953056712,-1.1185107065365125,74.70735168457031
0.03772660971767821,2.791449960790153,2.677249302533606,2.622670130386975,-0.7999494126604269,-0.8180665260834191,2.4388393777775805,-1.1439547044714435,74.87622833251953
0.7875634911733048,2.7995268410007914,2.7048286776719968,2.649431356066211,-0.7592521847255658,-0.8448311698985698,2.481258300071739,-1.1262210033704925,76.47590637207031
-0.5810096429288526,2.8760348014437613,2.688421617249441,2.6715049404832496,-0.6065514584978847,-0.8370247667074427,2.471174595746859,-1.1493519857864203,75.4432373046875
-0.2192041986204404,2.826645235415719,2.7442791431551465,2.6900201861340958,-0.5716531251188011,-0.8336792261128558,2.4744630633183684,-1.1724828762883595,75.11993408203125
0.44066816339974574,2.811182580082265,2.8192225533794386,2.710505731923801,-0.6487616333273258,-0.8448311698985698,2.518381338589016,-1.1562912161714067,76.0609130859375
0.3835371806990688,2.8561868763397427,2.8273675763105697,2.733438037795141,-0.7217434761950635,-0.8693652760626326,2.5325748648477084,-1.1354734331024587,76.90296936035156
-0.3169863539010202,2.8964599853909347,2.904521016249087,2.7549352356808368,-0.6657333323210726,-0.7857260167282288,2.5244850690437275,-1.187132403507326,76.38182830810547
0.08910494651682103,2.871535320536719,2.8547147621799507,2.777438208721895,-0.701398490086683,-0.7790349355390548,2.53026766519339,-1.187132403507326,76.65447235107422
0.13801349758233958,2.8845750942528867,2.8391216520950344,2.798159036713718,-0.7376296678830474,-0.7712286387007455,2.538616285661141,-1.2094923194742602,77.02360534667969
-0.16409853504641153,2.9022296546880035,2.8845056389138284,2.81818002522521,-0.8303908526218357,-0.5950285011916756,2.499543347530441,-1.254983125943134,76.80166625976562
-1.2051865648439266,2.8916149519399816,2.9251185226232908,2.829378572785315,-0.5222956197481257,-0.18575382335991886,2.4211922416114042,-1.3135814186469759,74.54327392578125
1.0593720967649705,2.7836025975278993,2.8999835742900277,2.845782341536866,-0.42971958727466225,-0.4032157700059872,2.4793619954644504,-1.2858243132790532,76.65204620361328
0.7706053290651048,2.88445905865736,2.913133361480762,2.865085710962839,-0.40070600902872977,-0.3909488232767737,2.481807322085798,-1.322062781929949,78.25654602050781
-0.10787133486234068,2.9611976307241443,2.930936869250219,2.882859866961487,-0.41046180553988615,-0.4913158919369311,2.4924130330557914,-1.3498198872978715,78.14315795898438
-1.7913251973180195,2.9557746086464163,2.9202326127755582,2.888247422095669,0.009590007517468834,-0.1177271577021336,2.4263818068395313,-1.3791190336497925,74.67839050292969
-0.15879626569665142,2.7900648314800294,2.8113089837766867,2.894852471031085,-0.024237626368222805,-0.2147487921205218,2.4810221334593425,-1.3791190336497925,74.47329711914062
1.2448236597639495,2.7802558098481174,2.9130163469204686,2.9060570071192973,0.17770738878499318,-0.428865304524821,2.567836893030029,-1.3151234596309742,76.93196105957031
0.2690506344249519,2.8978465742682977,2.9904023440983116,2.9196199446026956,0.18491568866178434,-0.5292323731849786,2.586001242791989,-1.2796560574290718,77.55926513671875
0.4081118179087744,2.92784870865633,2.984933569271003,2.9325711967151626,0.1998766194692785,-0.5504209387544541,2.614321192618766,-1.2835112058460618,78.46646881103516
-0.5845242442956908,2.9712376288716804,2.8178257380622225,2.9391347165100106,0.23474175008641926,-0.4935462168823832,2.5912796972985834,-1.334399293629912,77.39989471435547
0.13542708943584375,2.920226483640743,2.8079339600439406,2.946182711948298,0.05698251178663219,-0.5414994262670098,2.6394145487835545,-1.3583011586668563,77.76751708984375
-0.2878138292455392,2.9378087954975127,2.926516809821768,2.9481874740206426,-0.05105134395207068,-0.5258867262375735,2.6441221946882303,-1.3251468638979456,77.2983169555664
0.8811087671820675,2.9153683140846356,2.956772065093667,2.9571842332141003,-0.02804032074895294,-0.6864741637172067,2.6829493801078756,-1.2943056765620264,79.13396453857422
-0.33049739093104535,3.003162013313909,3.0005270473262344,2.9655954743007475,-0.016510684351797075,-0.6407513856308503,2.6767070869543783,-1.3043290808289978,78.57046508789062
-0.04134579927046181,2.9762114691315045,2.94908553317551,2.971760031657858,-0.5230267034835242,-0.6931652449063811,2.685278366350054,-1.3266889048819437,78.58979034423828
-0.7696996310600392,2.9771357400858096,2.96681618282252,2.9723640918843035,-0.3993130686715294,-0.5649184231347554,2.6859746656980428,-1.3513619282818699,77.15077209472656
0.5174696399589939,2.9083116713742885,2.9441863763964236,2.9769623143789903,-0.6150969320962595,-0.6151019574648343,2.7236506478151936,-1.340567457565905,78.26815032958984
-0.45367409707261347,2.9617526311668994,3.0327207702196013,2.978938584448043,-0.5934178715231461,-0.4835094887458039,2.6941084704094997,-1.3752638852328025,77.46519470214844
-0.9394358901682215,2.9233495926410975,3.0055428506952993,2.975740784830554,-0.5194183283190141,-0.3140006451315442,2.61630202918695,-1.4168995432846865,75.71177673339844
-1.9154216719728525,2.8394886973381963,3.0064749195041793,2.9643173327039953,-0.11430190925770436,0.5725755888953905,2.4577666938463794,-1.4893763886724893,72.11544036865234
-1.3805125226365333,2.6674863609112514,2.9370701984671195,2.952444554990277,-0.02651518634016654,0.8870591699598471,2.3436895054236153,-1.525614765409397,69.67272186279297
0.5716587547309708,2.5506582203736206,2.9909620269480177,2.938125556534413,0.09104740042246526,0.8547185542518391,2.3504581625397973,-1.5410354509913449,70.77798461914062
-2.6167444269060796,2.603519731972218,2.952234991104923,2.9086171586787835,0.32312954364087926,2.1483391411650783,2.1656020146744357,-1.5495167223603297,66.15135955810547
-0.07396477282061453,2.3822416757618976,2.867666581341006,2.87929081579719,0.3500650515388902,2.254282288070911,2.1659989663052355,-1.6821339933499613,66.11265563964844
3.6032722249055285,2.3803905796106184,2.6942131020433453,2.873414600489058,1.618833366519196,1.5082198225448151,2.3376925292494155,-1.712204114236887,72.2677993774414
-1.297573775141961,2.674773250353603,2.57639931022468,2.862443468213712,1.6607824529279263,1.8873846350252876,2.2180780616562865,-1.7723445398387154,69.97262573242188
1.769618482306086,2.565001752526319,2.6297068018447414,2.85339071070308,1.8748152859577518,1.3487478134199526,2.3671052943232236,-1.7862230925226767,73.21826171875
-1.324180778465032,2.720231107130702,2.4065618752163456,2.837019358114543,1.9301357232070735,2.199637784791474,2.24239537956152,-1.8371110883925388,70.84326934814453
-0.572230675510491,2.6066421111889526,2.404695161806378,2.816143274741859,1.9133477746203096,2.458361859632994,2.1696800281899726,-2.006737802568071,69.90250396728516
-3.1554345543355806,2.56164803190215,2.7015614692416596,2.7843898669688967,2.1970317292035952,3.8545799465046615,1.8908385010917348,-2.1663410665196374,64.37374114990234
2.775887807290965,2.2972233436382083,2.590863855352299,2.763042028925521,2.577036097039112,3.056103834408671,2.0664451530813555,-1.9743544823341652,69.01002502441406
-1.4141779286064031,2.5189633528797764,2.7474028431624817,2.736995539655231,2.6302939241857146,3.7921295717981875,1.8914496148811932,-1.9188403175553141,66.6133041381836
-3.927187709152554,2.4043351450636243,2.6328555238335234,2.6904384811027873,2.9745962461321884,6.197594636222739,1.5566960780297865,-1.8964804475453738,60.03493118286133
4.651544244122314,2.0897106485079076,2.5874818401835604,2.662788349555841,3.8581342510374808,4.230399324743365,1.8570172199645614,-1.8178353463075894,67.22759246826172
-5.100479035302638,2.4337147740240828,2.320826263612015,2.614008663674813,4.11492417793181,7.00276204221354,1.4240841678514506,-1.9897751219591189,58.57897186279297
1.6748532504445102,2.0200763375326534,2.544437040659693,2.575015562471442,4.274182596450612,6.246663273962136,1.6160303250039219,-1.7823679441056868,61.15468978881836
-1.0118468228382436,2.143265454545186,2.428841741872507,2.529649356209321,4.091093443950183,6.306882791959069,1.4621218073270685,-1.5749607202952607,59.65763854980469
-0.35174325693003156,2.071665836282175,2.1115628331465044,2.4851262212573952,4.081379260134093,5.8106235269039574,1.5338423830969523,-1.6883022491999427,59.20053482055664
-2.542850598748667,2.049803890833787,2.458469239786352,2.4357156662577895,4.19024652618006,5.145970314825267,1.4128982800467593,-1.8278587046175665,55.44215774536133
-0.8848424917864611,1.8700516172578132,2.0413410340241236,2.392200659097269,3.989777286432527,4.6497106243588835,1.4044875678036084,-1.9620180165911962,54.26434326171875
3.8868273069651798,1.8137201669936158,2.165569468365804,2.367911012415067,4.282288436584775,4.658631924140692,1.6530997685150646,-1.9219244454803048,59.70841598510742
-0.26722449184563946,2.074094373722514,2.0933657811247395,2.340125302079611,4.252222064934986,4.912895561796944,1.6381256288133677,-1.8895411712033932,59.379493713378906
2.0144904717089034,2.0583629755711184,2.071319391633692,2.3312348020642264,3.9001016117365888,4.583914389999368,1.8225090077221786,-1.9257795938972948,62.50422286987305
-1.6760636920041143,2.2078097072191842,1.8900505908074887,2.3161304323244156,3.132687740473522,5.090210808602331,1.6908116985021835,-1.973583461842166,59.916412353515625
1.0691447376603993,2.0840422366880675,1.8332438854732378,2.2901900627478473,2.0458809004460914,4.146760065408961,1.8120725785398533,-2.0344948619789993,61.62631988525391
-0.1311074454577311,2.1658221539994953,2.0958148075588094,2.269537963344905,1.9141881485167453,3.7519826592518704,1.779032346587442,-2.0129060124610585,61.50054550170898
-2.116257799390565,2.159806730068504,2.0799506873366096,2.2330858485512857,2.0952587396807885,4.144529634110691,1.6275421401629908,-2.061480946854923,58.26456451416016
0.6039574851474502,2.005039146049464,2.2306582655736684,2.204793149798249,2.113149674565592,3.4586875374040713,1.684087703891113,-2.0676492027049043,59.23679733276367
-0.6150764104624429,2.0515382216059197,2.105846598282097,2.176718539476414,1.7587479699897364,3.000344328185735,1.633119506655017,-2.0984903900408236,58.385498046875
3.373128183379226,2.0108230461271157,2.188316473337352,2.17453720881448,2.1514605126394204,2.826374941033389,1.8741331991187238,-2.0298686930700103,63.47889709472656
-0.5056095136296553,2.2544255481547864,2.182250298703009,2.1592619335497014,1.5054019550336812,2.9891925971056565,1.8625409914504532,-1.9836068661091375,62.74367141723633
0.9535966242112516,2.2192618366707713,2.026176977326951,2.153743672280314,1.5217647159458367,2.6156036501652222,1.9534030454477949,-1.9620180165911962,64.34955596923828
0.23224323307403819,2.29606663660104,2.073068354542735,2.1653932471366524,1.3111830324592235,2.428251675223257,1.9813702704171268,-1.9890041014671198,64.81391906738281
0.7193961936065855,2.3182757766064834,2.032009674796179,2.162610571543625,1.0715604256712101,2.372492169000321,1.9987001938640692,-1.973583461842166,66.0860595703125
1.9312839831116038,2.379118566761543,2.2776673932903773,2.189046184955478,1.2062848835799043,1.9922123535763492,2.1429622640343817,-1.9712704003661685,69.42361450195312
-0.40926226946647826,2.538744137890786,2.242207013922146,2.2076583908277083,1.2332103055243544,2.3356911161070446,2.0882770570435802,-2.059167839421931,68.78994750976562
0.26088343487324855,2.5084376837333533,2.3196597977122324,2.231252336065306,0.7056722626472223,2.254282288070911,2.1503779828099905,-2.0815277094318714,69.3365478515625
-0.5835702643480147,2.5345799925569796,2.3420563109583723,2.25366722008966,0.8202754788089772,2.0357051257757077,2.202929847117592,-2.0468313736789625,68.39575958251953
-0.8657233873554596,2.4895848185947473,2.403412417286933,2.2817830526864933,0.8707572902312753,2.669133150501161,2.163036426088104,-2.0684202231969033,66.97607421875
-1.2642465906932012,2.421685385729341,2.56438471145692,2.3077234408609746,0.21597966590735973,2.845332968951777,2.0302951035778825,-2.1108269017407864,64.90583038330078
1.0795523196647658,2.3226716282395334,2.5338225689419875,2.324950232372102,0.2700098237111917,2.462822722229535,2.133877692628737,-2.073817412597892,66.77533721923828
-0.20312119430691403,2.4120847173208433,2.5601854342177033,2.3423479666040237,0.21416735416962415,2.3959114849265206,2.13359664564535,-2.078443627463875,66.51654052734375
1.0821592643444589,2.3997072222395213,2.514810646656794,2.356809750539831,0.30781268022223823,1.7881327820142654,2.1959603176613456,-2.0915511136988427,68.43685913085938
-0.023258008760876477,2.491550490774314,2.4463383623989294,2.3776976621854216,0.2755434115500446,1.4937226572229674,2.23863414303346,-2.0452892867379697,68.4852294921875
-0.6872186291035793,2.493863904848651,2.346489249347861,2.3917113758932222,-0.12293662906816143,1.5249478445762046,2.184007324098122,-2.0807566889398723,67.3751449584961
1.238184389244927,2.4407717816262395,2.4366566954307345,2.41142606607037,0.07862036561485701,1.2639933384364137,2.320978294775382,-2.0676492027049043,69.58807373046875
0.7770385193720587,2.546609745743531,2.424174774362431,2.4426075880070273,0.1364929213167468,1.5896290759922207,2.309752101783151,-2.0715043511218942,71.05611419677734
-0.6829199412616529,2.6168218628996547,2.5167929027457934,2.4686305044221135,0.1517037818306233,1.9286465505151034,2.1827667957854033,-2.0560837114969406,69.91213989257812
0.5043722072559906,2.5621088902579685,2.5191258345453584,2.4991399721610223,0.05931052681222061,1.7925936446108055,2.229955673625516,-2.0599388599139306,70.90135192871094
0.5380994420976883,2.6094200325372063,2.4655857856859718,2.5198274354962495,-0.2372317356022155,1.5294087071727447,2.27386523426102,-2.0445182662459707,71.96548461914062
0.3539587831711352,2.6603144123889972,2.5723166795754415,2.5441170635805377,-0.3213762914069756,1.5862832163391796,2.2940640155972987,-2.0028826081940867,72.70796966552734
0.355041728545142,2.6958253184300682,2.64312115969224,2.5663255758591177,-0.3634451644218536,1.2874124416569774,2.349958378214301,-2.064565074779914,73.46012115478516
0.8832404831038785,2.731798542394196,2.5879465866918965,2.591664358731719,-0.4049866786715148,0.9015565479873306,2.4131656269122157,-2.0252425241610212,75.20861053466797
0.5666232637188732,2.8154237175879455,2.6356568818445782,2.6167869036655005,-0.421268262003233,0.855833769900974,2.4448537832220674,-1.9913171629431172,76.39204406738281
-0.4995727232167724,2.8720239106700847,2.686980645494378,2.6316454275883965,-0.4846995909396099,1.4658429041114995,2.3601714948710666,-2.028326652086012,75.51900482177734
-0.5249143142298257,2.8302689759791635,2.7227911486177017,2.645825908785438,-0.5107060069122957,1.71564525375994,2.2979816798261896,-2.0506865220959525,74.60718536376953
0.19014168985782073,2.7866592962188648,2.7590678701306226,2.659791286516375,-0.5730338089787463,1.4178896947268729,2.3339221423544543,-2.073817412597892,75.06554412841797
-0.2830615184876831,2.8085812663699703,2.8433985710707983,2.6749681323246106,-0.6816873294953868,1.3375958696342387,2.3655301240209834,-2.057625798437933,74.62173461914062
0.8737859690859815,2.7873551449002147,2.9004762865423332,2.69789151119753,-0.6111754588209606,1.0487616103829795,2.4638124719773846,-1.977438610259156,76.37989807128906
-0.2778096471136784,2.8714430029088316,2.8583690753820767,2.7247855631740956,-0.5873102886074599,1.185930157347685,2.4416232679742644,-2.0028826081940867,75.93853759765625
0.7123552326363418,2.8503340117100326,2.814391471108699,2.7507224921366897,-0.539518744297483,0.9026717636364656,2.5267029436878223,-2.02678456514502,77.4154052734375
-0.34362223463694475,2.920968308690132,2.8364983917166278,2.7758833859678513,-0.4991347041134724,1.0744111449018134,2.4861441602651055,-2.029097672578011,76.8382568359375
0.20171037928346539,2.893364973059937,2.8150931905001455,2.7975691294993514,-0.6138908717467877,0.9216300042604892,2.5038623207077038,-2.0445182662459707,77.33296966552734
-0.31686268615637303,2.917025652684894,2.899890477800234,2.8178600853214055,-0.6525635791636141,0.9049021949347361,2.5108362074815225,-2.0129060124610585,76.80915832519531
0.12000663639308307,2.8919732756972367,2.878603395054992,2.841672797814042,-0.7039374104673672,0.8614098481466492,2.543024583848628,-2.02678456514502,77.143798828125
-0.033718030757133546,2.9079781602601016,2.9498336168266954,2.860173927648636,-0.780535732389455,0.9695832136451159,2.523673300780083,-2.00750882306007,77.17776489257812
-0.08923075462151472,2.9096026585974752,2.921997398408163,2.87491322034888,-0.7778655219014302,0.8491426887118002,2.5776086134167615,-2.0514575425879515,77.10259246826172
0.43169931244741067,2.9060073795951973,2.9458576975689197,2.8947525258446034,-0.7839902589796968,0.9294363010987986,2.605352525860534,-2.0406631178289807,78.05078887939453
0.1307071123821193,2.9513568635047767,2.92059395962527,2.9130612602653247,-0.9490034956603001,0.7744249418648403,2.630486405078741,-2.02678456514502,78.41211700439453
0.16506988453235574,2.968638139618435,2.936733873598854,2.929828209069279,-0.9857135433756309,0.6428324731458099,2.663741017055689,-1.9643311240241879,78.84376525878906
-0.38903744263569606,2.9892826235433176,2.938372077442965,2.9431299946530536,-1.0774930452045464,0.6595602824715635,2.633801452287439,-1.9188403175553141,78.16474151611328
1.0669112300685082,2.956806887576432,2.934746465925439,2.9600251016780805,-0.8172296701655237,0.5157008670233196,2.722267635217874,-1.8540737690014908,80.39097595214844
0.1810584175686481,3.0632812230100708,2.980478552662591,2.97381657032104,-0.8178940888145875,0.6595602824715635,2.7716473723331356,-1.8694943626694505,80.86626434326172
1.188466530319373,3.086012888087194,2.9979056267994046,2.9909480754229865,-0.6568937402164576,0.855833769900974,2.784586862594636,-1.9119010412133335,83.41987609863281
0.9588195224110966,3.2081447310807376,3.018724283333157,3.015439425774706,-0.5826976558426525,0.855833769900974,2.8143028969714483,-1.9743544823341652,85.56605529785156
-1.9354422526631454,3.310790256753806,2.985974557293238,3.0321394034925944,0.10252730394695321,2.3301152505670055,2.5788848717335697,-2.0476023941709616,81.45799255371094
0.28787572088484303,3.1143135319659785,3.0933471914127457,3.049436411425672,0.09467877387418605,1.8059758069891538,2.6217543406646624,-2.012134991969059,82.16127014160156
0.4344215761774801,3.147949258996321,3.1162706381505223,3.0702922044748626,0.09481962660507456,1.6175088291036885,2.682975959745064,-2.0098218845360676,83.17737579345703
0.9892262854408099,3.196546644905218,3.2394328785033637,3.092235715085751,0.15477123171065285,1.536099575656283,2.7587614770777695,-1.9681862724411778,85.38175201416016
-0.10562254451232184,3.301975565303687,3.3429444001034967,3.1149654710825145,0.16986598683741755,1.5137961134961262,2.765302682216699,-1.9859199735421291,85.26293182373047
-0.03536720589684299,3.2962927402573587,3.1448100478417627,3.1341778967120795,0.1305738217805251,1.4546907476201492,2.77981254973111,-2.015990140386049,85.29689025878906
-0.27530746136469353,3.2979168737029223,3.178729551514303,3.1536089780092045,0.08140404989015851,1.6978022287850514,2.781182490375714,-2.0136770329530576,84.80944061279297
0.9759453483434926,3.274603571080926,3.2277369420287303,3.177243131935519,0.14842957893432954,1.3242137072558897,2.8304241005239468,-2.0082798435520695,87.02837371826172
0.7867955373751009,3.3807287050525554,3.334055341194649,3.2066823641513045,0.07885141634743671,1.2796061448186682,2.863839061787541,-2.0044246951350795,88.88597106933594
-0.7438532560027216,3.469572198018717,3.328324571502784,3.2314811194132123,0.08499288156811696,1.5550580289859426,2.764695707878934,-2.023700437220029,87.31695556640625
0.4700844361312594,3.3945307377594625,3.3299624073765797,3.2590228251251774,-0.5228608052402229,1.3743973479387863,2.812808337044288,-2.0314107340540084,88.47615814208984
-1.257004273566778,3.449972034453574,3.3064524159560733,3.2801210047793954,-0.18886014884821667,1.6543098819969648,2.696897153655513,-2.060709926362924,85.7576675415039
0.8535821942899463,3.3199545145577445,3.413472902483754,3.303725588023443,-0.13195543695869302,1.3253289229050247,2.7490703670661167,-2.060709926362924,87.73406219482422
0.27664553877470827,3.414479737894805,3.503065946904305,3.328234624990783,-0.230851474654569,1.1747782135619707,2.831445455762799,-2.0476023941709616,88.46642303466797
-0.1252262496873217,3.449506432504228,3.4273913796633355,3.351283632768556,-0.2296793541677766,0.9729288605925209,2.8742173207802817,-2.0252425241610212,88.29912567138672
-0.05099993124842824,3.441505084898225,3.4833004214131953,3.3759878734346875,-0.22907595893738827,0.8681009293358235,2.897865354706472,-2.0352658824709984,88.29912567138672
0.9989516922915253,3.441505084898225,3.3521859745744864,3.401023045371429,-0.15566714946928925,0.8970958980964264,2.998713291249205,-2.023700437220029,90.66111755371094
-0.17278370712905022,3.55447230519602,3.447508684775957,3.4242139180324327,-0.23264489615082778,1.063259201116099,2.9586630067871287,-2.049915501603953,90.37982177734376
0.8631602655567829,3.5410187441675043,3.4828308912907593,3.446311158995285,-0.21703430032380214,0.9127084917730446,3.024971358400961,-2.0476023941709616,92.48479461669922
0.11778024223784846,3.641693489175667,3.4747620382149136,3.464146167366498,-0.33630932956535375,1.0443009604920759,3.0496233182957164,-2.0846118373568623,92.88248443603516
0.017656493920517862,3.6607138396549863,3.4747620382149136,3.492391301956076,-0.3460455318144428,0.824608582547737,3.0807184436840336,-2.063022987838921,93.04495239257812
-0.23205934784079035,3.6684842107453655,3.5886823361264497,3.51787581807789,-0.7007432184605752,1.3710514882857454,2.97961168247753,-2.057625798437933,92.6157455444336
0.5985280816164287,3.647956492199629,3.575115270598065,3.544619431533159,-0.7566380695750379,1.0732959292526782,3.0232223311276023,-2.0769015405228823,94.14836883544922
0.21894723187329937,3.721257418525983,3.6766393845247825,3.5675679175891357,-0.7572191959194041,0.8770224418232682,3.05084598160639,-2.065336095271913,94.7958755493164
-0.5339807070756881,3.752225786426451,3.6958202051847393,3.5879625939740873,-0.6608919126262737,0.9037869792856007,3.0166410386670113,-2.079214647955874,93.62940979003906
-0.13030285378649958,3.696437112729379,3.703656133050944,3.60781335578445,-0.6519806990634235,0.64506290444408,3.0297413139469147,-2.066878136255911,93.44023895263672
0.7761733121213555,3.6873896203045873,3.682955227018116,3.6336525341143404,-0.7215927374366775,0.5090095731285095,3.1474904138875157,-2.0730463921058924,95.40940856933594
-0.5927287266359885,3.7815692910977363,3.756874575854681,3.6508727326651766,-0.6295826054596592,0.5513869169730968,3.1087926407997553,-2.083069796372864,94.09259033203124
0.05927076374668031,3.718589694504299,3.788104216521729,3.66420911036783,-0.7670147100751102,0.4933969794518909,3.120290730408473,-2.0923221341908422,94.35693359375
-1.8375517871870537,3.731232465931369,3.731844867031619,3.6709009557649708,-0.21770253502399436,0.6896704668813011,3.0111037594966468,-2.1023455384578136,90.06214141845703
-0.14823700302814943,3.5258250140978955,3.7227210430615534,3.6742231754229437,-0.22281836077807182,0.6629059294189686,2.9672700161868937,-2.0969483490568255,89.83902740478516
0.8792463146540628,3.5151541180111594,3.817695285374351,3.6893624348482477,-0.08723926137241307,0.5402349731873825,3.044500855758196,-2.0815277094318714,91.96822357177734
-0.6957820876378452,3.616987394515541,3.754184344878873,3.696001108811047,-0.11671193537561038,0.6182983669817471,2.9846313123203534,-2.103116604906807,90.45743560791016
0.7013666091612437,3.544730788548927,3.7669337803664646,3.7050812238522552,-0.03779606927583088,0.46886287328782805,3.0474773393915577,-2.104658645890805,92.19134521484376
0.4239437482334426,3.627658655494088,3.5597933546355898,3.717288466440124,-0.026004939106918566,0.542465404485653,3.0674974707073885,-2.1339577922427257,93.306884765625
4.058099167211488,3.6810116763605283,3.5490324307323595,3.7533072312541726,1.297291388554229,0.5090095731285095,3.1377544235048727,-2.1378129406597157,103.0750503540039
0.9380117679336498,4.148194701918561,3.651724850410437,3.7898993883355114,1.3078569208573763,0.4889363295609867,3.2080427489888743,-2.116995111633774,105.6722640991211
0.21113088863426055,4.272411901605296,3.5788586326165146,3.828897557470277,1.2414778003043245,0.4309463920397812,3.2251630854606086,-2.154004600776669,106.37798309326172
0.09128097733627867,4.306164394014785,3.6624861422839836,3.8637045008466724,1.2397869787239537,0.34507670140710694,3.2506987093589443,-2.1324157512587276,106.76359558105467
1.3184206696241425,4.324607120759139,3.7162892899188726,3.906622031442082,0.8292850688141475,0.3071602201590601,3.299632257154844,-2.1378129406597157,110.4884796142578
-0.9433913492139587,4.502757519289949,4.18741382773157,3.9430200263077766,0.9878822077229031,0.25809179512529806,3.2563118058550597,-2.1177661780827672,107.97644805908205
0.5194912747278315,4.382614336659993,4.312679018436858,3.984289930561397,0.9868460745739828,0.24917028263785376,3.237295164776037,-2.108513794307795,109.54583740234376
-1.2183056605918385,4.457673676617929,4.3467162726103235,4.013882223604265,1.1093265113459447,0.4610565764495188,3.1545091810323247,-2.0437472457539716,106.28797149658205
1.2534704964216887,4.3018594004423845,4.365314596261019,4.050506945631923,1.1361679809096412,0.26589830466924325,3.2568738998218345,-2.0344948619789993,109.82038116455078
0.6436432748090875,4.470804308394744,4.544968007402665,4.094712865274356,1.1317101992109964,0.24917028263785376,3.2703754840501094,-1.999027459777097,111.7639389038086
-0.08598470507473552,4.563759037382285,4.423811205268694,4.139137087223991,0.01012821124467256,0.24024877015040944,3.2600238046945575,-2.0044246951350795,111.66432189941406
-0.15347873969536358,4.558994645021305,4.499503803055118,4.178050449873764,-0.03670972532366631,0.1621855890616808,3.309296787529308,-2.024471457712028,111.3727798461914
0.27607093265127164,4.545051034292182,4.3423749588293665,4.222436062555232,-0.035463282752817966,0.18002861403656978,3.345486924354442,-2.0352658824709984,112.30083465576172
-0.001753558552453678,4.589437203823804,4.512745214854384,4.26652076099828,-0.03265770607205687,0.2948932734298462,3.316761308261722,-2.0306397135620093,112.44173431396484
0.8199584936006786,4.596176025767788,4.606484180818421,4.327156802635517,-0.1534816539173955,0.31496651699736855,3.3696303852885574,-2.054541670512942,114.93677520751952
1.971686880464983,4.715506594337248,4.601679592410389,4.402774969927944,0.03696610788246872,0.2948932734298462,3.3905341806079683,-2.057625798437933,120.85975646972656
0.41844994562899757,4.998785607307036,4.587618342748437,4.476726559604853,0.0352383252864253,0.2759350328058226,3.4208393243205006,-2.0529995835719497,122.3052749633789
-0.37300363134134706,5.067920563840534,4.632378987852962,4.551915077902473,-0.2362110502060463,0.23801855155777532,3.4595462477751617,-2.0252425241610212,121.30191040039062
0.48276683232144135,5.019932547254057,4.639174663637562,4.626898014865637,-0.3349840753026291,0.37630210146598,3.5481549149901976,-2.0213873757440313,122.95148468017578
-0.5202181386643387,5.098826900133331,4.759511995879163,4.695578732716883,-0.2377658226271789,0.5101247887776441,3.5304323972300278,-1.9758965692751576,121.48167419433594
-0.11457369729296832,5.0285301280773265,5.045180966617164,4.739968288155987,-0.23462585192686228,0.34173105445970187,3.561795061917259,-1.9890041014671198,121.284912109375
1.2800744858338649,5.019119568301751,5.114899198362935,4.788052895622509,-0.15044027573078403,0.7264717324802137,3.597414390140475,-2.016761160878048,125.39794158935548
1.5124619925041456,5.215833837657781,5.0665063182752075,4.846593194195166,-0.019954104541269696,0.6941313294778416,3.6706831208436532,-2.032952820995001,130.39288330078125
-0.8642040916240714,5.454727410879564,5.146066284076367,4.897608126089006,0.16882257823679758,0.7443147574551023,3.722784874246078,-2.0491444351549597,127.69137573242188
-3.1934539397673554,5.3255221401524215,5.075176434846398,4.914622501532511,1.1676353005379545,1.5282932788179737,3.45581159088429,-2.0715043511218942,117.46826171875
-0.02502790938218298,4.836580251082278,5.065686480412521,4.9379498456818665,0.8664407536688896,1.210464263511748,3.3911276472612606,-1.995172311360107,117.54598999023438
-2.6923693409290137,4.84029776884085,5.264060381349574,4.938169022091,1.2502075666102586,1.2896426602496116,3.183453534467154,-2.023700437220029,109.63574981689452
1.514572524634139,4.4619739265968015,5.504969442923679,4.9569896640773905,1.480018551895783,0.9941173198091787,3.3145748063041447,-2.0090508640440685,114.00873565673828
-1.3323734753066523,4.671121154589247,5.374674098007025,4.958126684707447,1.496503430748776,1.094484388469336,3.215534285090234,-2.02292941672803,110.2868194580078
-0.5663128862915724,4.493112698972461,4.881607122317377,4.9509963935024714,1.4970680748956207,0.7777705888122454,3.1860679250102915,-2.0352658824709984,108.8388900756836
1.1265181997940636,4.423862436627056,4.885356003890559,4.9520683028378,1.6332128809832789,0.6640211450681036,3.276689237211786,-2.0337238414870003,112.1040496826172
0.010241361870008802,4.5800255493728015,4.503840333221974,4.95427726999901,1.471293503526436,0.6350261763075007,3.3363313286723755,-2.027555585637019,112.27896118164062
-1.2094299600714735,4.588391059005016,4.7147520867152695,4.946146113487803,1.2048565701247163,0.6852098169903973,3.2739314909205333,-2.0213873757440313,108.96520233154295
-0.6775830191480017,4.4299035854306394,4.535241816026309,4.933431222256428,1.20337802542411,0.732047598020253,3.211380454248946,-2.023700437220029,107.22572326660156
-1.2960287944451794,4.346709347464302,4.465407305660875,4.90634328703292,0.7325910494359398,0.6617907137698331,3.159176303883582,-2.015990140386049,103.82453155517578
1.1393019541115534,4.184040213749248,4.622887929508139,4.872492202012387,0.9221374633955418,0.8792528731215379,3.1527152733879755,-2.0337238414870003,106.97307586669922
0.5658589069256599,4.334625955181705,4.631324016958742,4.839215569340206,0.4633715684625667,0.77665537316311,3.2351888374617825,-2.0391210768449826,108.6542510986328
-1.6974142728151227,4.415031689937304,4.471499422202451,4.797274838351121,0.3753948873198668,0.9684679979959805,3.0876566004537627,-2.0298686930700103,104.09662628173828
0.35206307890302924,4.197053715255107,4.387603294204751,4.75391876895831,0.31430273265473624,0.960661701157672,3.10518260319144,-2.0375789899039902,105.16558837890624
1.4215276657705271,4.2481790716225225,4.223561759634105,4.72376314511929,0.5268491728288841,0.7231260855328087,3.2128436414895885,-2.0429762252619725,109.11097717285156
0.8858666197145948,4.436875573241106,4.37541795721065,4.700435689382455,0.48021114192105285,0.7019376263161509,3.303853190686739,-2.0398920973369816,111.71532440185548
-0.3480455598210286,4.561433946770035,4.45650205605815,4.665021114980245,0.48695033199753923,0.7108591388035952,3.289450077452839,-2.053770650020943,110.869873046875
0.5407422043545914,4.520998460863466,4.236685052962131,4.621505029140749,0.37409100869748635,0.7220110825893096,3.3261535062879424,-2.029097672578011,112.54134368896484
0.28114173884862664,4.600940053236958,4.2882417418215715,4.5868957815835385,0.30955171470326864,0.7588123481882217,3.397097608066514,-2.029097672578011,113.4936752319336
-1.3180169111440727,4.646487308507467,4.478530231018587,4.568276462009441,0.31624181556589787,0.8625248510901483,3.284885351564521,-2.014448099402051,109.83008575439452
1.1575723392986415,4.47126845077685,4.604139473968764,4.557711340781002,0.31983214246913183,0.8993261166890606,3.399766029347543,-1.9635600575751946,113.21187591552734
-1.1762974614848083,4.6330096646195,4.563362843468952,4.558516742017655,0.4573984317676182,1.0688350666561381,3.320393132457897,-1.9789806972001485,109.96614837646484
0.6149704251283954,4.477775931313399,4.6439788840752785,4.553210478362838,0.14030434995259766,0.910478060474775,3.414092889523935,-1.9458263564742433,111.83195495605467
-0.08851800923714952,4.567012047866941,4.689910410723371,4.556716426807051,0.14892551873929083,0.7208958669401742,3.439249426793516,-1.9612469960991972,111.72505950927734
0.6318010625274334,4.56189954871938,4.513213273095557,4.568489687086295,-0.011897277729188542,0.5692299419479855,3.510175663570043,-1.9535366992652174,113.66861724853516
2.44222215688444,4.654854277706922,4.67631905915417,4.589904217247035,0.4753908367797272,0.5770362387862947,3.642390186385822,-1.9519946123242249,120.88890075683594
-1.092212156061256,5.000179494020595,4.519775655700202,4.603075147912298,0.605171350766639,0.6885552512321664,3.6368755652668314,-1.9905461424511182,117.68205261230467
-0.02183575974555237,4.846805249377399,4.6097646361801115,4.62453706555632,0.5963722708801571,0.7253565168310792,3.594411762601682,-1.994401290868108,117.76949310302734
-0.20645635905739734,4.850987274409888,4.604609004091199,4.6491022310262275,0.6034067248285891,0.7889223198923234,3.5699336596780453,-1.9874620145261273,117.30305480957033
-0.6005247913786446,4.828678883832171,4.698347970055236,4.677955015239533,0.4603437988371989,0.8379907449260855,3.5510551455660515,-1.977438610259156,115.6607666015625
-1.053546589107968,4.750133002631285,5.046586613221949,4.691931291347708,0.4618105817901956,1.035379448004631,3.4650835269455267,-1.9643311240241879,112.70654296875
0.46679758720937364,4.608841055595257,4.8919183864952025,4.705433822808461,0.3393823528266485,1.0543376886286546,3.4818648641101673,-1.9365740186562652,114.19337463378906
-0.26477675952621726,4.679951901278998,4.896135694279874,4.7285302180695155,0.3198325072527182,0.9762742948342905,3.4676761309008044,-1.9219244454803048,113.57142639160156
