Date,Open,High,Low,Close,Adj Close,Volume
2000-01-03,0.9363840222358704,1.004464030265808,0.9079239964485168,0.9994419813156128,0.8392807245254517,535796800
2000-01-04,0.966517984867096,0.9877229928970337,0.9034600257873535,0.9151790142059326,0.7685207724571228,512377600
2000-01-05,0.9263389706611633,0.9871649742126465,0.919642984867096,0.9285709857940674,0.7797667384147644,778321600
2000-01-06,0.9475449919700623,0.955357015132904,0.8482139706611633,0.8482139706611633,0.7122867703437805,767972800
2000-01-07,0.861607015132904,0.9017860293388367,0.8526790142059326,0.888392984867096,0.746027410030365,460734400
2000-01-10,0.9107139706611633,0.9129459857940674,0.845982015132904,0.872767984867096,0.7329062819480896,505064000
2000-01-11,0.8565850257873535,0.8872770071029663,0.8080360293388367,0.828125,0.6954172253608704,441548800
2000-01-12,0.8482139706611633,0.8526790142059326,0.7723209857940674,0.7784600257873535,0.6537110805511475,976068800
2000-01-13,0.8436099886894226,0.8816959857940674,0.825892984867096,0.8638389706611633,0.7254081964492798,1032684800
2000-01-14,0.892857015132904,0.9129459857940674,0.8872770071029663,0.896763026714325,0.7530561089515686,390376000
2000-01-18,0.9017860293388367,0.9464290142059326,0.896763026714325,0.928013026714325,0.7792983055114746,459177600
2000-01-19,0.9430800080299377,0.970982015132904,0.9229909777641296,0.9514510035514832,0.7989802956581116,597643200
2000-01-20,1.03125,1.0848209857940674,1.0133930444717407,1.0133930444717407,0.8509957790374756,1831132800
2000-01-21,1.020089030265808,1.020089030265808,0.9838169813156128,0.993861973285675,0.8345949053764343,495924800
2000-01-24,0.9681919813156128,1.0066959857940674,0.9386159777641296,0.9486610293388367,0.7966375350952148,440876800
2000-01-25,0.9375,1.010045051574707,0.9140629768371582,1.0022319555282593,0.8416233658790588,497145600
2000-01-26,0.982142984867096,1.019531011581421,0.9799110293388367,0.9838169813156128,0.8261594772338867,367158400
2000-01-27,0.9715399742126465,1.0089290142059326,0.955357015132904,0.982142984867096,0.8247537612915039,340144000
2000-01-28,0.9659600257873535,0.9899550080299377,0.8984379768371582,0.9073659777641296,0.7619597315788269,423348800
2000-01-31,0.9017860293388367,0.9274550080299377,0.84375,0.9263389706611633,0.7778924107551575,701680000
2000-02-01,0.9285709857940674,0.9375,0.892857015132904,0.8950889706611633,0.7516500353813171,318035200
2000-02-02,0.8995540142059326,0.9118300080299377,0.8660709857940674,0.8822540044784546,0.7408720254898071,464195200
2000-02-03,0.8956469893455505,0.9308040142059326,0.8950889706611633,0.9224330186843872,0.7746123671531677,475193600
2000-02-04,0.928013026714325,0.982142984867096,0.9252229928970337,0.9642860293388367,0.8097582459449768,425320000
2000-02-07,0.9642860293388367,1.020089030265808,0.9458709955215454,1.0184149742126465,0.8552132844924927,441067200
2000-02-08,1.0178569555282593,1.036829948425293,0.9933040142059326,1.025670051574707,0.8613055348396301,408643200
2000-02-09,1.0189729928970337,1.0457589626312256,1.003906011581421,1.005579948425293,0.844434916973114,299364800
2000-02-10,1.0078129768371582,1.0167410373687744,0.982142984867096,1.0133930444717407,0.8509957790374756,302982400
2000-02-11,1.0145089626312256,1.0189729928970337,0.966517984867096,0.970982015132904,0.8153812885284424,212251200
2000-02-14,0.9760040044784546,1.0345979928970337,0.9698659777641296,1.0340399742126465,0.868334174156189,367539200
2000-02-15,1.0290180444717407,1.0708709955215454,1.0284600257873535,1.0625,0.892233669757843,485744000
2000-02-16,1.051339030265808,1.0546879768371582,1.0011160373687744,1.0189729928970337,0.8556816577911377,378246400
2000-02-17,1.0284600257873535,1.03125,1.010045051574707,1.025670051574707,0.8613055348396301,289497600
2000-02-18,1.0234379768371582,1.0301339626312256,0.9899550080299377,0.9933040142059326,0.8341262340545654,233441600
2000-02-22,0.9832590222358704,1.0440850257873535,0.9525669813156128,1.0161830186843872,0.8533390164375305,422296000
2000-02-23,1.0110210180282593,1.0625,0.9910709857940674,1.0379459857940674,0.8716142773628235,473099200
2000-02-24,1.0474330186843872,1.0636160373687744,0.997767984867096,1.0285990238189697,0.8637653589248657,376432000
2000-02-25,1.0251120328903198,1.0446430444717407,0.9832590222358704,0.9854909777641296,0.82756507396698,249144000
2000-02-28,0.9832590222358704,1.026785969734192,0.9676340222358704,1.011160969734192,0.8491214513778687,328328000
2000-02-29,1.0139509439468384,1.046875,1.0050220489501953,1.0234379768371582,0.8594311475753784,368961600
2000-03-01,1.058593988418579,1.1791290044784546,1.058035969734192,1.1635040044784546,0.9770515561103821,1077003200
2000-03-02,1.1339290142059326,1.1422990560531616,1.0775669813156128,1.089285969734192,0.914726972579956,311259200
2000-03-03,1.114954948425293,1.144950032234192,1.0714290142059326,1.1428569555282593,0.9597132802009583,323366400
2000-03-06,1.125,1.1529020071029663,1.1160709857940674,1.1222100257873535,0.9423744678497314,210560000
2000-03-07,1.128906011581421,1.1378350257873535,1.0814729928970337,1.0970979928970337,0.9212874174118042,273011200
2000-03-08,1.0970979928970337,1.1065850257873535,1.058593988418579,1.089285969734192,0.914726972579956,271230400
2000-03-09,1.0792410373687744,1.1160709857940674,1.0558040142059326,1.0915180444717407,0.9166014194488525,276718400
2000-03-10,1.0864959955215454,1.1422990560531616,1.0803569555282593,1.1227680444717407,0.9428437948226929,248606400
2000-03-13,1.0904020071029663,1.129464030265808,1.066964030265808,1.0831470489501953,0.9095718264579773,303956800
2000-03-14,1.0823099613189697,1.109375,1.0178569555282593,1.020089030265808,0.8566188216209412,428579200
2000-03-15,1.0323660373687744,1.073660969734192,1.0189729928970337,1.0379459857940674,0.8716142773628235,443609600
2000-03-16,1.0474330186843872,1.089285969734192,1.0223209857940674,1.0853790044784546,0.9114463329315186,378100800
2000-03-17,1.072545051574707,1.1160709857940674,1.068079948425293,1.1160709857940674,0.9372196197509766,305043200
2000-03-20,1.1026790142059326,1.1272319555282593,1.0926339626312256,1.098214030265808,0.9222244620323181,204489600
2000-03-21,1.0943080186843872,1.2209819555282593,1.0859379768371582,1.2047990560531616,1.0117288827896118,524328000
2000-03-22,1.1855469942092896,1.2890629768371582,1.1746649742126465,1.2873879671096802,1.081083059310913,567996800
2000-03-23,1.2678569555282593,1.3426339626312256,1.25,1.261718988418579,1.0595277547836304,562564800
2000-03-24,1.2717629671096802,1.285156011581421,1.2098209857940674,1.238281011581421,1.0398458242416382,446913600
2000-03-27,1.228795051574707,1.292410969734192,1.2220979928970337,1.246093988418579,1.0464062690734863,279182400
2000-03-28,1.2254459857940674,1.2678569555282593,1.224329948425293,1.2421879768371582,1.0431267023086548,202966400
2000-03-29,1.244420051574707,1.2449779510498047,1.1948939561843872,1.2137279510498047,1.0192270278930664,239836800
2000-03-30,1.1925220489501953,1.2293529510498047,1.1199779510498047,1.1227680444717407,0.9428437948226929,414400000
2000-03-31,1.1378350257873535,1.2254459857940674,1.125,1.2126120328903198,1.0182899236679077,404633600
2000-04-03,1.2098209857940674,1.245535969734192,1.1556919813156128,1.1902899742126465,0.9995452761650085,328563200
2000-04-04,1.1841520071029663,1.1875,1.042410969734192,1.136718988418579,0.9545586705207825,660329600
2000-04-05,1.1291849613189697,1.1863839626312256,1.1071430444717407,1.1640629768371582,0.9775208830833435,457665600
2000-04-06,1.166295051574707,1.2008930444717407,1.1004459857940674,1.1177459955215454,0.9386262893676758,259627200
2000-04-07,1.136160969734192,1.177454948425293,1.120535969734192,1.176339030265808,0.9878300428390503,242435200
2000-04-10,1.175781011581421,1.1852680444717407,1.113839030265808,1.1160709857940674,0.9372196197509766,212262400
2000-04-11,1.1026790142059326,1.114954948425293,1.0541290044784546,1.066406011581421,0.8955137133598328,541822400
2000-04-12,1.0625,1.0625,0.9363840222358704,0.9754459857940674,0.8191298842430115,941136000
2000-04-13,0.9955360293388367,1.0714290142059326,0.96875,1.0161830186843872,0.8533390164375305,529827200
2000-04-14,0.9760040044784546,1.0535709857940674,0.9732139706611633,0.9988840222358704,0.8388120532035828,667620800
2000-04-17,0.9776790142059326,1.1065850257873535,0.9737719893455505,1.1060270071029663,0.9287853837013245,409561600
2000-04-18,1.1026790142059326,1.1328129768371582,1.0658479928970337,1.1328129768371582,0.9512788653373718,390924800
2000-04-19,1.1266740560531616,1.1629459857940674,1.0691959857940674,1.0814729928970337,0.9081659317016602,520150400
2000-04-20,1.1043529510498047,1.113839030265808,1.0452009439468384,1.0613839626312256,0.8912962079048157,722120000
2000-04-24,1.026785969734192,1.0758930444717407,1.0245540142059326,1.0758930444717407,0.9034804105758667,443620800
2000-04-25,1.0904020071029663,1.1495540142059326,1.089843988418579,1.1456470489501953,0.9620563387870789,391641600
2000-04-26,1.130579948425293,1.1428569555282593,1.0714290142059326,1.0831470489501953,0.9095718264579773,366912000
2000-04-27,1.0463169813156128,1.1339290142059326,1.040876030921936,1.1316959857940674,0.9503411054611206,326603200
2000-04-28,1.135045051574707,1.1383930444717407,1.0831470489501953,1.1077009439468384,0.930190920829773,249580800
2000-05-01,1.114954948425293,1.1171879768371582,1.088170051574707,1.1099330186843872,0.9320652484893799,226195200
2000-05-02,1.1004459857940674,1.1272319555282593,1.0491069555282593,1.052454948425293,0.8837981224060059,236432000
2000-05-03,1.0619419813156128,1.082589030265808,0.9966520071029663,1.027343988418579,0.8627111315727234,489798400
2000-05-04,1.0279020071029663,1.0290180444717407,0.9871649742126465,0.9882810115814209,0.8299080729484558,399515200
2000-05-05,0.9893969893455505,1.0245540142059326,0.9885600209236145,1.010045051574707,0.8481846451759338,284076800
2000-05-08,1.000836968421936,1.0150669813156128,0.982142984867096,0.9832590222358704,0.8256909847259521,184900800
2000-05-09,0.9849330186843872,0.9933040142059326,0.9363840222358704,0.9414060115814209,0.7905449271202087,327140800
2000-05-10,0.9291290044784546,0.9375,0.8816959857940674,0.8867189884185791,0.7446216344833374,535091200
2000-05-11,0.9051340222358704,0.9308040142059326,0.8839290142059326,0.9179689884185791,0.7708637118339539,499744000
2000-05-12,0.9464290142059326,0.986607015132904,0.9354069828987122,0.9609379768371582,0.8069470524787903,306913600
2000-05-15,0.9648439884185791,0.9648439884185791,0.8939729928970337,0.9017860293388367,0.7572740316390991,678932800
2000-05-16,0.9331750273704529,0.9737719893455505,0.9174110293388367,0.943638026714325,0.7924193739891052,440451200
2000-05-17,0.9252229928970337,0.9257810115814209,0.8962050080299377,0.9051340222358704,0.7600856423377991,398092800
2000-05-18,0.919642984867096,0.9369419813156128,0.8984379768371582,0.8995540142059326,0.7553998827934265,373777600
2000-05-19,0.8861610293388367,0.8861610293388367,0.8337050080299377,0.8392860293388367,0.704789936542511,740667200
2000-05-22,0.8370540142059326,0.8370540142059326,0.767857015132904,0.803013026714325,0.6743296980857849,755507200
2000-05-23,0.8080360293388367,0.8337050080299377,0.7645090222358704,0.7661830186843872,0.6434016227722168,517585600
2000-05-24,0.7695310115814209,0.8013389706611633,0.7410709857940674,0.7829239964485168,0.6574597358703613,678462400
2000-05-25,0.7901790142059326,0.8272879719734192,0.767857015132904,0.7791569828987122,0.6542962789535522,406750400
2000-05-26,0.7857139706611633,0.8024550080299377,0.7611610293388367,0.7712050080299377,0.6476187109947205,181148800
2000-05-30,0.7823659777641296,0.7868300080299377,0.7299110293388367,0.7818080186843872,0.6565226912498474,713059200
2000-05-31,0.7756699919700623,0.814732015132904,0.7483260035514832,0.75,0.6298119425773621,433507200
2000-06-01,0.7299110293388367,0.7996649742126465,0.7176340222358704,0.7957590222358704,0.6682378649711609,903840000
2000-06-02,0.8370540142059326,0.890625,0.794642984867096,0.8264510035514832,0.6940116286277771,792848000
2000-06-05,0.8331469893455505,0.8504459857940674,0.8007810115814209,0.8152899742126465,0.6846393346786499,323668800
2000-06-06,0.821150004863739,0.8638389706611633,0.806361973285675,0.8292409777641296,0.6963542699813843,525481600
2000-06-07,0.8359379768371582,0.8660709857940674,0.8180800080299377,0.8621649742126465,0.7240022420883179,337019200
2000-06-08,0.8716520071029663,0.8794639706611633,0.8314729928970337,0.8465399742126465,0.7108812928199768,238526400
2000-06-09,0.8638389706611633,0.8744419813156128,0.8426340222358704,0.8549110293388367,0.7179107666015625,252358400
2000-06-12,0.8604909777641296,0.8610489964485168,0.8113840222358704,0.8141739964485168,0.6837019324302673,290337600
2000-06-13,0.8141739964485168,0.8454239964485168,0.787388026714325,0.84375,0.7085384130477905,351456000
2000-06-14,0.8454239964485168,0.859375,0.8046879768371582,0.8074780106544495,0.6780788898468018,277446400
2000-06-15,0.814732015132904,0.8337050080299377,0.794642984867096,0.8247770071029663,0.69260573387146,248572800
2000-06-16,0.8348209857940674,0.8370540142059326,0.7952010035514832,0.8141739964485168,0.6837019324302673,303564800
2000-06-19,0.8085939884185791,0.8738840222358704,0.8018969893455505,0.8627229928970337,0.7244709730148315,394004800
2000-06-20,0.8794639706611633,0.928013026714325,0.8783479928970337,0.904017984867096,0.7591484189033508,501390400
2000-06-21,0.9017860293388367,1.0167410373687744,0.8984379768371582,0.9933040142059326,0.8341262340545654,490000000
2000-06-22,0.9955360293388367,1.0290180444717407,0.9564729928970337,0.9598209857940674,0.8060088753700256,467712000
2000-06-23,0.9603790044784546,0.9754459857940674,0.9073659777641296,0.9229909777641296,0.7750810980796814,204965600
2000-06-26,0.9375,0.9776790142059326,0.9308040142059326,0.966517984867096,0.8116327524185181,185354400
2000-06-27,0.9603790044784546,0.9910709857940674,0.921875,0.924107015132904,0.7760182023048401,203470400
2000-06-28,0.9520090222358704,0.9888389706611633,0.919642984867096,0.9720979928970337,0.8163184523582458,286428800
2000-06-29,0.9475449919700623,0.9631699919700623,0.9118300080299377,0.9151790142059326,0.7685207724571228,203660800
2000-06-30,0.9430800080299377,0.9810270071029663,0.9229909777641296,0.935267984867096,0.7853905558586121,323097600
2000-07-03,0.9308040142059326,0.9698659777641296,0.9308040142059326,0.9520090222358704,0.7994490265846252,70828800
2000-07-05,0.950892984867096,0.9854909777641296,0.90625,0.921875,0.7741435766220093,265216000
2000-07-06,0.9375,0.9453129768371582,0.8861610293388367,0.9252229928970337,0.776955246925354,309545600
2000-07-07,0.9391739964485168,0.9787949919700623,0.9308040142059326,0.9720979928970337,0.8163184523582458,263603200
2000-07-10,0.9659600257873535,1.0401790142059326,0.9598209857940674,1.020089030265808,0.8566188216209412,397796000
2000-07-11,1.0178569555282593,1.058035969734192,0.9899550080299377,1.0167410373687744,0.8538075685501099,357896000
2000-07-12,1.0379459857940674,1.052454948425293,1.0066959857940674,1.051339030265808,0.8828610777854919,225433600
2000-07-13,1.0446430444717407,1.082589030265808,0.9776790142059326,1.0089290142059326,0.847247302532196,445659200
2000-07-14,1.020089030265808,1.0535709857940674,1.015625,1.0301339626312256,0.8650542497634888,190276800
2000-07-17,1.0401790142059326,1.0502229928970337,1.020089030265808,1.041295051574707,0.8744269013404846,260002400
2000-07-18,1.0446430444717407,1.051339030265808,1.015625,1.0223209857940674,0.8584932684898376,318404800
2000-07-19,0.9854909777641296,1.0145089626312256,0.924107015132904,0.9408479928970337,0.790076494216919,457872800
2000-07-20,0.982142984867096,1.0189729928970337,0.966517984867096,0.984375,0.8266280293464661,465572800
2000-07-21,0.9707030057907104,0.9933040142059326,0.9453129768371582,0.9564729928970337,0.8031973838806152,196235200
2000-07-24,0.9386159777641296,0.9441959857940674,0.8482139706611633,0.8694199919700623,0.7300946712493896,412171200
2000-07-25,0.8984379768371582,0.904017984867096,0.8761159777641296,0.8939729928970337,0.7507132291793823,211607200
2000-07-26,0.8900669813156128,0.9151790142059326,0.8794639706611633,0.8939729928970337,0.7507132291793823,210470400
2000-07-27,0.892857015132904,0.950892984867096,0.890625,0.9285709857940674,0.7797667384147644,294985600
2000-07-28,0.9335939884185791,0.9375,0.8370540142059326,0.8627229928970337,0.7244709730148315,237893600
2000-07-31,0.8777899742126465,0.921875,0.8705360293388367,0.9073659777641296,0.7619597315788269,155299200
2000-08-01,0.8984379768371582,0.9135040044784546,0.8794639706611633,0.8805800080299377,0.7394662499427795,137284000
2000-08-02,0.875,0.8917409777641296,0.8426340222358704,0.84375,0.7085384130477905,162355200
2000-08-03,0.8136159777641296,0.8582590222358704,0.7901790142059326,0.857142984867096,0.719785213470459,339897600
2000-08-04,0.8833709955215454,0.9151790142059326,0.8270090222358704,0.845982015132904,0.7104125618934631,263121600
2000-08-07,0.8549110293388367,0.8761159777641296,0.8426340222358704,0.8560270071029663,0.7188481092453003,187348000
2000-08-08,0.8560270071029663,0.857142984867096,0.8270090222358704,0.8348209857940674,0.7010402679443359,176674400
2000-08-09,0.859375,0.8649550080299377,0.84375,0.8482139706611633,0.7122867703437805,379640800
2000-08-10,0.857142984867096,0.8649550080299377,0.845982015132904,0.8493300080299377,0.7132243514060974,251714400
2000-08-11,0.8364959955215454,0.857142984867096,0.8136159777641296,0.8515629768371582,0.7150992155075073,238056000
2000-08-14,0.849888026714325,0.8515629768371582,0.8270090222358704,0.8404020071029663,0.7057268023490906,156660000
2000-08-15,0.84375,0.8560270071029663,0.830357015132904,0.8337050080299377,0.7001031041145325,114200800
2000-08-16,0.8370540142059326,0.875,0.8359379768371582,0.8660709857940674,0.7272824048995972,143673600
2000-08-17,0.8638389706611633,0.9363840222358704,0.8627229928970337,0.9185270071029663,0.7713324427604675,270900000
2000-08-18,0.9174110293388367,0.9252229928970337,0.890625,0.892857015132904,0.7497760057449341,190176000
2000-08-21,0.8973209857940674,0.9207590222358704,0.8861610293388367,0.9017860293388367,0.7572740316390991,134467200
2000-08-22,0.904017984867096,0.9430800080299377,0.8995540142059326,0.9229909777641296,0.7750810980796814,276802400
2000-08-23,0.9190850257873535,0.9776790142059326,0.9118300080299377,0.9698659777641296,0.8144441843032837,236863200
2000-08-24,0.9762830138206482,1.011160969734192,0.953125,1.0019530057907104,0.8413892984390259,310766400
2000-08-25,1.0089290142059326,1.026785969734192,1.0066959857940674,1.0145089626312256,0.8519332408905029,334460000
2000-08-28,1.0223209857940674,1.0535709857940674,1.0189729928970337,1.036829948425293,0.8706771731376648,359004800
2000-08-29,1.0334819555282593,1.0613839626312256,1.0301339626312256,1.056920051574707,0.8875479698181152,267030400
2000-08-30,1.0535709857940674,1.0714290142059326,1.0482699871063232,1.0625,0.892233669757843,285392800
2000-08-31,1.0530129671096802,1.098214030265808,1.052454948425293,1.088170051574707,0.9137899875640869,419596800
2000-09-01,1.0948660373687744,1.136160969734192,1.0915180444717407,1.1328129768371582,0.9512788653373718,256872000
2000-09-05,1.1188620328903198,1.145089030265808,1.1116069555282593,1.114954948425293,0.9362823963165283,298642400
2000-09-06,1.0959819555282593,1.113839030265808,1.03125,1.0435270071029663,0.8763008713722229,355404000
2000-09-07,1.0558040142059326,1.1171879768371582,1.0401790142059326,1.1071430444717407,0.9297223091125488,217464800
2000-09-08,1.1004459857940674,1.1004459857940674,1.0446430444717407,1.051339030265808,0.8828610777854919,195518400
2000-09-11,1.0479910373687744,1.078125,1.0379459857940674,1.0435270071029663,0.8763008713722229,187381600
2000-09-12,1.0239959955215454,1.072545051574707,1.0178569555282593,1.03125,0.8659912347793579,187997600
2000-09-13,1.0133930444717407,1.0625,1.0133930444717407,1.035714030265808,0.8697401285171509,305984000
2000-09-14,1.0457589626312256,1.0647319555282593,1.0145089626312256,1.0153460502624512,0.8526363968849182,426552000
2000-09-15,1.03125,1.0390629768371582,0.96875,0.9863280057907104,0.8282680511474609,394514400
2000-09-18,0.986607015132904,1.0848209857940674,0.9832590222358704,1.0831470489501953,0.9095718264579773,424536000
2000-09-19,1.066964030265808,1.0803569555282593,1.0457589626312256,1.0703129768371582,0.8987945914268494,271510400
2000-09-20,1.0608259439468384,1.0970979928970337,1.0457589626312256,1.0901230573654175,0.9154297113418579,227388000
2000-09-21,1.0446430444717407,1.0647319555282593,0.986607015132904,1.0122770071029663,0.8500588536262512,510490400
2000-09-22,0.8984379768371582,0.9363840222358704,0.892857015132904,0.9319199919700623,0.7825790643692017,726700800
2000-09-25,0.9419639706611633,0.9910709857940674,0.9296879768371582,0.955357015132904,0.8022603988647461,435551200
2000-09-26,0.9520090222358704,0.9776790142059326,0.9174110293388367,0.9185270071029663,0.7713324427604675,290936800
2000-09-27,0.924107015132904,0.9419639706611633,0.861607015132904,0.8738840222358704,0.7338435649871826,402259200
2000-09-28,0.8805800080299377,0.9609379768371582,0.859375,0.955357015132904,0.8022603988647461,979585600
2000-09-29,0.5033479928970337,0.517857015132904,0.453125,0.4598209857940674,0.38613438606262207,7421640800
2000-10-02,0.4765630066394806,0.4776790142059326,0.41964301466941833,0.4330359995365143,0.36364156007766724,2424788800
2000-10-03,0.4453130066394806,0.4464290142059326,0.39620500802993774,0.3984380066394806,0.33458802103996277,2038120000
2000-10-04,0.3995540142059326,0.42410698533058167,0.390625,0.421875,0.35426920652389526,1466024000
2000-10-05,0.41964301466941833,0.4375,0.39285698533058167,0.3939729928970337,0.3308385908603668,873006400
2000-10-06,0.405133992433548,0.4095979928970337,0.375,0.39620500802993774,0.3327127993106842,612656800
2000-10-09,0.40401801466941833,0.40848198533058167,0.37723198533058167,0.38839301466941833,0.3261527121067047,597564800
2000-10-10,0.3861609995365143,0.40066999197006226,0.3660709857940674,0.37276801466941833,0.3130316436290741,691101600
2000-10-11,0.359375,0.375,0.34151801466941833,0.3504459857940674,0.2942868173122406,1198422400
2000-10-12,0.3627229928970337,0.3716520071029663,0.3482140004634857,0.35714301466941833,0.29991060495376587,1191064000
2000-10-13,0.36160698533058167,0.3950890004634857,0.35714301466941833,0.3939729928970337,0.3308385908603668,1247752800
2000-10-16,0.3984380066394806,0.4151790142059326,0.3816959857940674,0.3839290142059326,0.322404146194458,820176000
2000-10-17,0.3872770071029663,0.391741007566452,0.3515630066394806,0.359375,0.30178478360176086,601720000
2000-10-18,0.3470979928970337,0.376116007566452,0.3348209857940674,0.359375,0.30178478360176086,834265600
2000-10-19,0.34207600355148315,0.35379499197006226,0.327008992433548,0.33816999197006226,0.2839779853820801,1506724800
2000-10-20,0.3404020071029663,0.3638390004634857,0.33816999197006226,0.3482140004634857,0.29241248965263367,791263200
2000-10-23,0.36188599467277527,0.3671880066394806,0.3470979928970337,0.3638390004634857,0.30553343892097473,551292000
2000-10-24,0.36941999197006226,0.37276801466941833,0.3359380066394806,0.3370540142059326,0.2830408811569214,804451200
2000-10-25,0.3404020071029663,0.342633992433548,0.329241007566452,0.33035698533058167,0.27741703391075134,663969600
2000-10-26,0.3359380066394806,0.3370540142059326,0.3125,0.33035698533058167,0.27741703391075134,721851200
2000-10-27,0.3370540142059326,0.342633992433548,0.3191959857940674,0.3314729928970337,0.2783541977405548,744503200
2000-10-30,0.34151801466941833,0.3560270071029663,0.3348209857940674,0.344866007566452,0.2896009385585785,639189600
2000-10-31,0.3526790142059326,0.36160698533058167,0.34375,0.34933000802993774,0.29334962368011475,885880800
2000-11-01,0.3470979928970337,0.37276801466941833,0.3470979928970337,0.3660709857940674,0.30740779638290405,575366400
2000-11-02,0.37723198533058167,0.40066999197006226,0.376116007566452,0.3984380066394806,0.33458802103996277,590693600
2000-11-03,0.4107140004634857,0.4107140004634857,0.391741007566452,0.3973209857940674,0.33365002274513245,515821600
2000-11-06,0.40066999197006226,0.40401801466941833,0.37276801466941833,0.3828130066394806,0.3214668929576874,393478400
2000-11-07,0.3839290142059326,0.389508992433548,0.3716520071029663,0.38058000802993774,0.3195917010307312,301963200
2000-11-08,0.3816959857940674,0.3828130066394806,0.35379499197006226,0.358258992433548,0.30084770917892456,422088800
2000-11-09,0.3549109995365143,0.3660709857940674,0.3404020071029663,0.360491007566452,0.3027220666408539,476834400
2000-11-10,0.34570300579071045,0.3549109995365143,0.3404020071029663,0.3404020071029663,0.28585222363471985,422251200
2000-11-13,0.3348209857940674,0.35714301466941833,0.32589301466941833,0.34598198533058167,0.29053807258605957,431816000
2000-11-14,0.3560270071029663,0.3660709857940674,0.34933000802993774,0.36160698533058167,0.3036591708660126,409001600
2000-11-15,0.35770100355148315,0.360491007566452,0.34375,0.3549109995365143,0.2980363070964813,282357600
2000-11-16,0.3482140004634857,0.35379499197006226,0.3370540142059326,0.3392859995365143,0.28491517901420593,239372000
2000-11-17,0.342633992433548,0.34375,0.32589301466941833,0.33035698533058167,0.27741703391075134,446180000
2000-11-20,0.3320310115814209,0.3482140004634857,0.32589301466941833,0.33816999197006226,0.2839779853820801,408066400
2000-11-21,0.342633992433548,0.3482140004634857,0.3348209857940674,0.3359380066394806,0.2821037471294403,301952000
2000-11-22,0.3359380066394806,0.34151801466941833,0.328125,0.33035698533058167,0.27741703391075134,280532000
2000-11-24,0.336775004863739,0.3482140004634857,0.3359380066394806,0.344866007566452,0.2896009385585785,160932800
2000-11-27,0.3549109995365143,0.3560270071029663,0.33035698533058167,0.33370500802993774,0.28022849559783936,258792800
2000-11-28,0.33370500802993774,0.3392859995365143,0.3203130066394806,0.32198700308799744,0.27038830518722534,269124800
2000-11-29,0.32310301065444946,0.327008992433548,0.3080359995365143,0.313616007566452,0.26335883140563965,492150400
2000-11-30,0.297991007566452,0.3035709857940674,0.2879459857940674,0.29464301466941833,0.24742616713047028,809597600
2000-12-01,0.3035709857940674,0.3125,0.3002229928970337,0.3046880066394806,0.25586143136024475,385705600
2000-12-04,0.30691999197006226,0.30691999197006226,0.2935270071029663,0.297991007566452,0.25023767352104187,371520800
2000-12-05,0.30245500802993774,0.311383992433548,0.2924109995365143,0.3035709857940674,0.254923552274704,613978400
2000-12-06,0.2611609995365143,0.26785698533058167,0.25,0.25558000802993774,0.2146231234073639,1374464000
2000-12-07,0.2578130066394806,0.265625,0.25,0.25558000802993774,0.2146231234073639,408917600
2000-12-08,0.264508992433548,0.2734380066394806,0.2578130066394806,0.2689729928970337,0.22586986422538757,435624000
2000-12-11,0.27120500802993774,0.2745540142059326,0.265625,0.27120500802993774,0.2277442216873169,332511200
2000-12-12,0.2723209857940674,0.2857140004634857,0.26785698533058167,0.2745540142059326,0.23055653274059296,386260000
2000-12-13,0.2779020071029663,0.2779020071029663,0.265625,0.26785698533058167,0.22493267059326172,344887200
2000-12-14,0.26841500401496887,0.2723209857940674,0.2578130066394806,0.2578130066394806,0.21649819612503052,263317600
2000-12-15,0.26004499197006226,0.2622770071029663,0.25,0.251116007566452,0.21087442338466644,513945600
2000-12-18,0.26004499197006226,0.2611609995365143,0.24888400733470917,0.2544640004634857,0.21368592977523804,325808000
2000-12-19,0.2566959857940674,0.2723209857940674,0.25,0.25,0.20993727445602417,374007200
2000-12-20,0.2460940033197403,0.2611609995365143,0.24330399930477142,0.2566959857940674,0.21556027233600616,565331200
2000-12-21,0.2544640004634857,0.26785698533058167,0.24776799976825714,0.251116007566452,0.21087442338466644,366844800
2000-12-22,0.25223198533058167,0.26785698533058167,0.25223198533058167,0.26785698533058167,0.22493267059326172,318052000
2000-12-26,0.265625,0.26785698533058167,0.2544640004634857,0.2622770071029663,0.22024691104888916,216815200
2000-12-27,0.25613799691200256,0.264508992433548,0.2533479928970337,0.264508992433548,0.2221212536096573,325466400
2000-12-28,0.2566959857940674,0.266741007566452,0.25558000802993774,0.264508992433548,0.2221212536096573,305177600
2000-12-29,0.2622770071029663,0.26785698533058167,0.2589290142059326,0.265625,0.22305841743946075,630336000
2001-01-02,0.265625,0.2723209857940674,0.26004499197006226,0.265625,0.22305841743946075,452312000
2001-01-03,0.2589290142059326,0.297991007566452,0.2578130066394806,0.2924109995365143,0.24555186927318573,817073600
2001-01-04,0.3239400088787079,0.33035698533058167,0.3002229928970337,0.3046880066394806,0.25586143136024475,739396000
2001-01-05,0.30245500802993774,0.31026801466941833,0.28683000802993774,0.2924109995365143,0.24555186927318573,412356000
2001-01-08,0.30245500802993774,0.30329200625419617,0.2845979928970337,0.295758992433548,0.24836325645446777,373699200
2001-01-09,0.3002229928970337,0.31501099467277527,0.295758992433548,0.30691999197006226,0.25773581862449646,588929600
2001-01-10,0.297991007566452,0.3035709857940674,0.28683000802993774,0.295758992433548,0.24836325645446777,580781600
2001-01-11,0.2901790142059326,0.33035698533058167,0.2901790142059326,0.3214290142059326,0.2699197828769684,803734400
2001-01-12,0.3191959857940674,0.3214290142059326,0.3046880066394806,0.30691999197006226,0.25773581862449646,423376800
2001-01-16,0.311383992433548,0.32589301466941833,0.3035709857940674,0.3058040142059326,0.25679871439933777,306118400
2001-01-17,0.313616007566452,0.313616007566452,0.29464301466941833,0.3002229928970337,0.2521119713783264,840873600
2001-01-18,0.31808000802993774,0.3348209857940674,0.31473198533058167,0.33370500802993774,0.28022849559783936,1227010400
2001-01-19,0.3470979928970337,0.34933000802993774,0.33370500802993774,0.3482140004634857,0.29241248965263367,776664000
2001-01-22,0.3404020071029663,0.3504459857940674,0.329241007566452,0.34375,0.2886638343334198,519327200
2001-01-23,0.344866007566452,0.373883992433548,0.3404020071029663,0.3660709857940674,0.30740779638290405,879530400
2001-01-24,0.3683040142059326,0.36941999197006226,0.34933000802993774,0.3660709857940674,0.30740779638290405,717091200
2001-01-25,0.3671880066394806,0.3671880066394806,0.3526790142059326,0.3560270071029663,0.29897341132164,489708800
2001-01-26,0.3482140004634857,0.35379499197006226,0.3404020071029663,0.34933000802993774,0.29334962368011475,482820800
2001-01-29,0.34933000802993774,0.38839301466941833,0.34933000802993774,0.3872770071029663,0.32521554827690125,855528800
2001-01-30,0.38504499197006226,0.39285698533058167,0.37276801466941833,0.38839301466941833,0.3261527121067047,692423200
2001-01-31,0.3839290142059326,0.4017859995365143,0.3828130066394806,0.3861609995365143,0.32427841424942017,730704800
2001-02-01,0.36941999197006226,0.3839290142059326,0.3660709857940674,0.37723198533058167,0.3167802393436432,369695200
2001-02-02,0.37723198533058167,0.391741007566452,0.3660709857940674,0.3683040142059326,0.3092830777168274,427341600
2001-02-05,0.3660709857940674,0.3671880066394806,0.3526790142059326,0.360491007566452,0.3027220666408539,286115200
2001-02-06,0.3599329888820648,0.381974995136261,0.35714301466941833,0.37723198533058167,0.3167802393436432,462711200
2001-02-07,0.36886200308799744,0.37276801466941833,0.35379499197006226,0.3705359995365143,0.31115737557411194,393887200
2001-02-08,0.3671880066394806,0.376116007566452,0.360491007566452,0.3705359995365143,0.31115737557411194,604128000
2001-02-09,0.3660709857940674,0.3716520071029663,0.33370500802993774,0.34151801466941833,0.2867894470691681,590083200
2001-02-12,0.3404020071029663,0.35714301466941833,0.3359380066394806,0.3515630066394806,0.2952248752117157,274120000
2001-02-13,0.3560270071029663,0.36495500802993774,0.3392859995365143,0.34151801466941833,0.2867894470691681,237070400
2001-02-14,0.342633992433548,0.3504459857940674,0.33035698533058167,0.3482140004634857,0.29241248965263367,309120000
2001-02-15,0.3515630066394806,0.3671880066394806,0.3515630066394806,0.358258992433548,0.30084770917892456,311416000
2001-02-16,0.3392859995365143,0.3482140004634857,0.3348209857940674,0.3392859995365143,0.28491517901420593,263911200
2001-02-20,0.342633992433548,0.3470979928970337,0.3247770071029663,0.327008992433548,0.27460551261901855,314893600
2001-02-21,0.32589301466941833,0.3560270071029663,0.32589301466941833,0.3370540142059326,0.2830408811569214,390258400
2001-02-22,0.3404020071029663,0.34598198533058167,0.3214290142059326,0.3359380066394806,0.2821037471294403,431961600
2001-02-23,0.3325890004634857,0.3370540142059326,0.32589301466941833,0.3359380066394806,0.2821037471294403,293865600
2001-02-26,0.3404020071029663,0.3515630066394806,0.3314729928970337,0.3482140004634857,0.29241248965263367,206438400
2001-02-27,0.3443079888820648,0.3470979928970337,0.33370500802993774,0.34598198533058167,0.29053807258605957,348516000
2001-02-28,0.34598198533058167,0.3470979928970337,0.3236609995365143,0.32589301466941833,0.2736683487892151,508233600
2001-03-01,0.31808000802993774,0.3348209857940674,0.30691999197006226,0.3348209857940674,0.28116559982299805,330461600
2001-03-02,0.327008992433548,0.36495500802993774,0.32589301466941833,0.34375,0.2886638343334198,406201600
2001-03-05,0.34598198533058167,0.3660709857940674,0.34375,0.3638390004634857,0.30553343892097473,324172800
2001-03-06,0.36997801065444946,0.3939729928970337,0.36941999197006226,0.3839290142059326,0.322404146194458,731802400
2001-03-07,0.38058000802993774,0.3861609995365143,0.3705359995365143,0.3794640004634857,0.31865471601486206,419540800
2001-03-08,0.36941999197006226,0.37723198533058167,0.36495500802993774,0.3716520071029663,0.3120945990085602,204859200
2001-03-09,0.3683040142059326,0.36941999197006226,0.35714301466941833,0.36160698533058167,0.3036591708660126,299135200
2001-03-12,0.3515630066394806,0.3549109995365143,0.3236609995365143,0.3325890004634857,0.27929139137268066,391020000
2001-03-13,0.3370540142059326,0.34933000802993774,0.3247770071029663,0.34933000802993774,0.29334962368011475,443329600
2001-03-14,0.33035698533058167,0.3660709857940674,0.329241007566452,0.36495500802993774,0.3064706027507782,477775200
2001-03-15,0.37276801466941833,0.3816959857940674,0.3515630066394806,0.3515630066394806,0.2952248752117157,529317600
2001-03-16,0.3392859995365143,0.3627229928970337,0.3370540142059326,0.3504459857940674,0.2942868173122406,470316000
2001-03-19,0.3526790142059326,0.3683040142059326,0.3482140004634857,0.3671880066394806,0.30834585428237915,356008800
2001-03-20,0.36997801065444946,0.373883992433548,0.3515630066394806,0.3515630066394806,0.2952248752117157,499206400
2001-03-21,0.35323700308799744,0.37276801466941833,0.34598198533058167,0.359375,0.30178478360176086,371375200
2001-03-22,0.3638390004634857,0.38839301466941833,0.360491007566452,0.3861609995365143,0.32427841424942017,723301600
2001-03-23,0.3939729928970337,0.420758992433548,0.39285698533058167,0.4107140004634857,0.34489673376083374,944888000
2001-03-26,0.4130359888076782,0.42410698533058167,0.3773210048675537,0.38892900943756104,0.32660287618637085,734451200
2001-03-27,0.39178600907325745,0.4116069972515106,0.39107099175453186,0.408392995595932,0.34294769167900085,543821600
2001-03-28,0.39428600668907166,0.4017859995365143,0.3839290142059326,0.39589300751686096,0.33245089650154114,584662400
2001-03-29,0.38874998688697815,0.41874998807907104,0.3839290142059326,0.4023210108280182,0.3378487825393677,613065600
2001-03-30,0.4026789963245392,0.4057140052318573,0.381071001291275,0.39410701394081116,0.33095115423202515,400349600
2001-04-02,0.39446398615837097,0.4046429991722107,0.3821429908275604,0.38553598523139954,0.3237535357475281,340911200
2001-04-03,0.381428986787796,0.3821429908275604,0.35946398973464966,0.36142900586128235,0.3035096824169159,368687200
2001-04-04,0.35285699367523193,0.36160698533058167,0.3348209857940674,0.3482140004634857,0.29241248965263367,685484800
2001-04-05,0.3678570091724396,0.4017859995365143,0.35714301466941833,0.3726789951324463,0.31295692920684814,446762400
2001-04-06,0.3714289963245392,0.3757140040397644,0.35535699129104614,0.36767899990081787,0.30875808000564575,324889600
2001-04-09,0.3694640100002289,0.381071001291275,0.35821399092674255,0.36678600311279297,0.3080083429813385,266582400
2001-04-10,0.3732140064239502,0.4053570032119751,0.3710710108280182,0.39357098937034607,0.3305009603500366,457374400
2001-04-11,0.4103569984436035,0.4107140004634857,0.3799999952316284,0.38928601145744324,0.32690250873565674,334096000
2001-04-12,0.3824999928474426,0.4110710024833679,0.3776789903640747,0.4003570079803467,0.33619946241378784,298933600
2001-04-16,0.39446398615837097,0.4000000059604645,0.3725000023841858,0.38285699486732483,0.3215039372444153,285224800
2001-04-17,0.3785710036754608,0.3787499964237213,0.3499999940395355,0.36428600549697876,0.3059088885784149,685199200
2001-04-18,0.3851790130138397,0.4300000071525574,0.3764289915561676,0.4069640040397644,0.3417477309703827,1100842400
2001-04-19,0.45625001192092896,0.4598209857940674,0.42142900824546814,0.45928600430488586,0.3856850266456604,1873670400
2001-04-20,0.4451789855957031,0.45767900347709656,0.4392859935760498,0.44714298844337463,0.3754880130290985,693403200
2001-04-23,0.4346430003643036,0.4464290142059326,0.4285709857940674,0.4330359995365143,0.36364156007766724,541525600
2001-04-24,0.4344640076160431,0.4419640004634857,0.41982099413871765,0.42910701036453247,0.36034226417541504,377137600
2001-04-25,0.4323210120201111,0.443928986787796,0.42089301347732544,0.4414289891719818,0.3706897497177124,330780800
2001-04-26,0.44946399331092834,0.4660710096359253,0.4407140016555786,0.4408929944038391,0.3702395558357239,799696800
2001-04-27,0.44999998807907104,0.4694640040397644,0.4419640004634857,0.4678570032119751,0.3928825259208679,453012000
2001-04-30,0.4767859876155853,0.48428601026535034,0.4441069960594177,0.45517900586128235,0.38223621249198914,494776800
2001-05-01,0.45375001430511475,0.4732140004634857,0.44999998807907104,0.4630360007286072,0.3888340890407562,427252000
2001-05-02,0.4703570008277893,0.4767859876155853,0.46000000834465027,0.474821001291275,0.3987305164337158,368524800
2001-05-03,0.4637500047683716,0.46875,0.4416069984436035,0.44571399688720703,0.3742879629135132,301543200
2001-05-04,0.4328570067882538,0.4616070091724396,0.42785701155662537,0.4598209857940674,0.38613438606262207,281052800
2001-05-07,0.45750001072883606,0.46000000834465027,0.443571001291275,0.44571399688720703,0.3742879629135132,276550400
2001-05-08,0.45267900824546814,0.45446398854255676,0.42767900228500366,0.4387499988079071,0.3684399425983429,315436800
2001-05-09,0.431071013212204,0.4383929967880249,0.42267900705337524,0.42821401357650757,0.35959234833717346,324889600
2001-05-10,0.4323210120201111,0.4375,0.4098210036754608,0.4107140004634857,0.34489673376083374,288976800
2001-05-11,0.4108929932117462,0.41946399211883545,0.4064289927482605,0.4080359935760498,0.34264782071113586,203044800
2001-05-14,0.4087499976158142,0.42285698652267456,0.40625,0.41589298844337463,0.3492457866668701,309220800
2001-05-15,0.41732099652290344,0.45535698533058167,0.4114289879798889,0.4139289855957031,0.34759655594825745,237025600
2001-05-16,0.41535699367523193,0.4375,0.4080359935760498,0.4303570091724396,0.36139199137687683,322330400
2001-05-17,0.4326789975166321,0.4344640076160431,0.4151790142059326,0.42053601145744324,0.3531447649002075,332119200
2001-05-18,0.41714298725128174,0.42214301228523254,0.4128569960594177,0.42017900943756104,0.35284504294395447,159051200
2001-05-21,0.42196398973464966,0.42696401476860046,0.4116069972515106,0.42071399092674255,0.35329413414001465,460997600
2001-05-22,0.4285709857940674,0.4308930039405823,0.41785699129104614,0.41964301466941833,0.3523949682712555,412916000
2001-05-23,0.42410698533058167,0.42410698533058167,0.4082140028476715,0.41482099890708923,0.34834563732147217,281041600
2001-05-24,0.41589298844337463,0.41607099771499634,0.4039289951324463,0.4142859876155853,0.34789639711380005,271756800
2001-05-25,0.4142859876155853,0.41589298844337463,0.4017859995365143,0.4064289927482605,0.3412984013557434,158743200
2001-05-29,0.3985710144042969,0.4017859995365143,0.3716070055961609,0.38339298963546753,0.3219539225101471,515989600
2001-05-30,0.370714008808136,0.370714008808136,0.3446429967880249,0.35321399569511414,0.2966112792491913,777078400
2001-05-31,0.35357099771499634,0.36142900586128235,0.348035991191864,0.35624998807907104,0.29916054010391235,442892800
2001-06-01,0.35946398973464966,0.3766070008277893,0.35678601264953613,0.3730359971523285,0.31325674057006836,456075200
2001-06-04,0.3764289915561676,0.3769640028476715,0.36535701155662537,0.368928998708725,0.3098078966140747,281920800
2001-06-05,0.3714289963245392,0.3767859935760498,0.36339300870895386,0.3739289939403534,0.31400662660598755,471794400
2001-06-06,0.3737500011920929,0.3737500011920929,0.36303600668907166,0.3701789975166321,0.3108574450016022,223176800
2001-06-07,0.3698210120201111,0.38749998807907104,0.36517900228500366,0.38678601384162903,0.32480326294898987,325180800
2001-06-08,0.38660699129104614,0.38660699129104614,0.3698210120201111,0.3807139992713928,0.3197042942047119,342624800
2001-06-11,0.3758929967880249,0.3762499988079071,0.35624998807907104,0.35785698890686035,0.30051007866859436,294000000
2001-06-12,0.35303598642349243,0.3694640100002289,0.35285699367523193,0.36267900466918945,0.30455949902534485,303794400
2001-06-13,0.3824999928474426,0.38803601264953613,0.35821399092674255,0.36553600430488586,0.30695855617523193,511487200
2001-06-14,0.35785698890686035,0.36517900228500366,0.35303598642349243,0.35499998927116394,0.29811087250709534,297348800
2001-06-15,0.35892900824546814,0.3705359995365143,0.3455359935760498,0.36500000953674316,0.30650851130485535,454624800
2001-06-18,0.36446401476860046,0.3723210096359253,0.35714301466941833,0.36303600668907166,0.3048592209815979,345912000
2001-06-19,0.3723210096359253,0.3821429908275604,0.35732099413871765,0.36053600907325745,0.3027598559856415,321087200
2001-06-20,0.35714301466941833,0.39017900824546814,0.35678601264953613,0.38696399331092834,0.32495275139808655,431620000
2001-06-21,0.38482099771499634,0.4107140004634857,0.3767859935760498,0.4016070067882538,0.33724915981292725,341331200
2001-06-22,0.4014289975166321,0.4107140004634857,0.38857099413871765,0.39750000834465027,0.3338002860546112,286025600
2001-06-25,0.4017859995365143,0.4285709857940674,0.4008930027484894,0.42839300632476807,0.3597427308559418,439549600
2001-06-26,0.41678598523139954,0.42446398735046387,0.4108929932117462,0.42410698533058167,0.35614338517189026,272781600
2001-06-27,0.42553600668907166,0.4285709857940674,0.4017859995365143,0.41678598523139954,0.3499957323074341,374130400
2001-06-28,0.4116069972515106,0.42696401476860046,0.4096429944038391,0.42035698890686035,0.3529944121837616,348409600
2001-06-29,0.42250001430511475,0.44821399450302124,0.4142859876155853,0.4151790142059326,0.34864625334739685,515390400
2001-07-02,0.42214301228523254,0.4326789975166321,0.4132139980792999,0.42678600549697876,0.3583931624889374,230048000
2001-07-03,0.41982099413871765,0.4317860007286072,0.41964301466941833,0.42571398615837097,0.35749292373657227,112543200
2001-07-05,0.42142900824546814,0.42446398735046387,0.4108929932117462,0.41410699486732483,0.34774595499038696,152292000
2001-07-06,0.4064289927482605,0.4099999964237213,0.38785699009895325,0.39339300990104675,0.33035150170326233,302920800
2001-07-09,0.39446398615837097,0.4107140004634857,0.38714298605918884,0.4053570032119751,0.34039831161499023,337467200
2001-07-10,0.4098210036754608,0.4119639992713928,0.3721430003643036,0.3774999976158142,0.31700533628463745,395270400
2001-07-11,0.3755359947681427,0.4026789963245392,0.375,0.4025000035762787,0.3379989564418793,470506400
2001-07-12,0.41607099771499634,0.4430359899997711,0.41607099771499634,0.4350000023841858,0.3652910590171814,614801600
2001-07-13,0.4308930039405823,0.44660699367523193,0.42571398615837097,0.4437499940395355,0.37263867259025574,454742400
2001-07-16,0.4442859888076782,0.44821399450302124,0.42696401476860046,0.42785701155662537,0.35929256677627563,278667200
2001-07-17,0.42821401357650757,0.45035699009895325,0.4108929932117462,0.44821399450302124,0.37638720870018005,647830400
2001-07-18,0.38892900943756104,0.4067859947681427,0.36464300751686096,0.3712500035762787,0.31175696849823,1137012800
2001-07-19,0.3791069984436035,0.3824999928474426,0.3526790142059326,0.35642901062965393,0.29931092262268066,861140000
2001-07-20,0.3517859876155853,0.35821399092674255,0.348035991191864,0.35678601264953613,0.2996107339859009,444584000
2001-07-23,0.35874998569488525,0.3660709857940674,0.3483929932117462,0.3489289879798889,0.2930128574371338,241360000
2001-07-24,0.3462499976158142,0.35571399331092834,0.33446401357650757,0.3408930003643036,0.2862646281719208,348376000
2001-07-25,0.3414289951324463,0.3446429967880249,0.32089298963546753,0.32982099056243896,0.2769668996334076,443878400
2001-07-26,0.33000001311302185,0.3357140123844147,0.3187499940395355,0.33196398615837097,0.2787665128707886,369140800
2001-07-27,0.3348209857940674,0.34375,0.33035698533058167,0.3385710120201111,0.28431475162506104,334135200
2001-07-30,0.3414289951324463,0.3457140028476715,0.33053600788116455,0.3380360007286072,0.28386545181274414,243359200
2001-07-31,0.3441070020198822,0.3467859923839569,0.33053600788116455,0.33553600311279297,0.2817661762237549,235026400
2001-08-01,0.339464008808136,0.35321399569511414,0.3383930027484894,0.3403570055961609,0.2858145534992218,304136000
2001-08-02,0.3508929908275604,0.35482099652290344,0.3439289927482605,0.3539290130138397,0.2972116470336914,252089600
2001-08-03,0.3551790118217468,0.35535699129104614,0.3392859995365143,0.3482140004634857,0.29241248965263367,186054400
2001-08-06,0.3400000035762787,0.35107100009918213,0.3392859995365143,0.341607004404068,0.28686416149139404,99652000
2001-08-07,0.3451789915561676,0.3512499928474426,0.3389289975166321,0.34375,0.2886638343334198,168548800
2001-08-08,0.3439289927482605,0.3517859876155853,0.33107098937034607,0.3375000059604645,0.2834153473377228,276169600
2001-08-09,0.3385710120201111,0.3419640064239502,0.33428600430488586,0.3401789963245392,0.28566500544548035,200664800
2001-08-10,0.3400000035762787,0.3449999988079071,0.33196398615837097,0.3396430015563965,0.285214900970459,186961600
2001-08-13,0.3410710096359253,0.3451789915561676,0.33500000834465027,0.3408930003643036,0.2862646281719208,147996800
2001-08-14,0.3428570032119751,0.3457140028476715,0.33339300751686096,0.33446401357650757,0.28086596727371216,228950400
2001-08-15,0.33500000834465027,0.3382140100002289,0.32499998807907104,0.32928600907325745,0.2765176594257355,289279200
2001-08-16,0.32624998688697815,0.3348209857940674,0.32089298963546753,0.33303600549697876,0.2796667516231537,288092000
2001-08-17,0.3214290142059326,0.32946398854255676,0.32124999165534973,0.3226790130138397,0.2709694504737854,208426400
2001-08-20,0.3239290118217468,0.32553601264953613,0.3180359899997711,0.32357099652290344,0.27171841263771057,252302400
2001-08-21,0.3239290118217468,0.3239290118217468,0.3160710036754608,0.3199999928474426,0.26871970295906067,185701600
2001-08-22,0.32035699486732483,0.32589301466941833,0.3144640028476715,0.32517901062965393,0.27306878566741943,173975200
2001-08-23,0.32499998807907104,0.32749998569488525,0.3139289915561676,0.3180359899997711,0.26707035303115845,217078400
2001-08-24,0.3214290142059326,0.33250001072883606,0.3151789903640747,0.33160701394081116,0.27846673130989075,290332000
2001-08-27,0.33214300870895386,0.3446429967880249,0.32428601384162903,0.3378570079803467,0.28371524810791016,175644000
2001-08-28,0.3375000059604645,0.3417859971523285,0.32857099175453186,0.32857099175453186,0.27591726183891296,171735200
2001-08-29,0.32928600907325745,0.3362500071525574,0.3183929920196533,0.3183929920196533,0.2673702836036682,239971200
2001-08-30,0.316785991191864,0.32464298605918884,0.3085710108280182,0.3183929920196533,0.2673702836036682,368692800
2001-08-31,0.3166069984436035,0.33214300870895386,0.3151789903640747,0.33125001192092896,0.27816691994667053,216904800
2001-09-04,0.33035698533058167,0.3407140076160431,0.32464298605918884,0.32589301466941833,0.2736683487892151,348213600
2001-09-05,0.32571399211883545,0.3383930027484894,0.32357099652290344,0.33125001192092896,0.27816691994667053,360057600
2001-09-06,0.32857099175453186,0.3380360007286072,0.3151789903640747,0.3164289891719818,0.265720933675766,282368800
2001-09-07,0.3125,0.32321399450302124,0.3071430027484894,0.3085710108280182,0.25912219285964966,241830400
2001-09-10,0.3035709857940674,0.3125,0.30214300751686096,0.3101789951324463,0.26047253608703613,308845600
2001-09-17,0.2857140004634857,0.3048210144042969,0.2808929979801178,0.30339300632476807,0.2547740936279297,458007200
2001-09-18,0.30178600549697876,0.3164289891719818,0.2887499928474426,0.29071399569511414,0.2441268265247345,327101600
2001-09-19,0.29464301466941833,0.3053570091724396,0.2785710096359253,0.30392900109291077,0.2552240490913391,373318400
2001-09-20,0.29089298844337463,0.30267900228500366,0.2767859995365143,0.2800000011920929,0.2351297289133072,411174400
2001-09-21,0.26428601145744324,0.2901790142059326,0.26214298605918884,0.2808929979801178,0.23587961494922638,570516800
2001-09-24,0.287678986787796,0.30071398615837097,0.2848210036754608,0.29374998807907104,0.24667632579803467,294537600
2001-09-25,0.2882139980792999,0.28964298963546753,0.2741070091724396,0.2775000035762787,0.23303045332431793,374404800
2001-09-26,0.2823210060596466,0.2837499976158142,0.26660698652267456,0.27053600549697876,0.22718237340450287,493796800
2001-09-27,0.2723209857940674,0.28125,0.27142900228500366,0.276964008808136,0.2325802594423294,322240800
2001-09-28,0.2805359959602356,0.2841069996356964,0.274821013212204,0.276964008808136,0.2325802594423294,365108800
2001-10-01,0.2766070067882538,0.285535991191864,0.27196401357650757,0.2775000035762787,0.23303045332431793,208208000
2001-10-02,0.2755360007286072,0.2826789915561676,0.26571398973464966,0.26875001192092896,0.2256825864315033,235883200
2001-10-03,0.26696398854255676,0.2742860019207001,0.26482099294662476,0.26750001311302185,0.22463300824165344,683043200
2001-10-04,0.2741070091724396,0.2901790142059326,0.26767900586128235,0.2835710048675537,0.23812849819660187,401122400
2001-10-05,0.2750000059604645,0.2883929908275604,0.26767900586128235,0.2882139980792999,0.2420274019241333,342686400
2001-10-08,0.2780359983444214,0.29196399450302124,0.2767859995365143,0.2892859876155853,0.24292771518230438,207984000
2001-10-09,0.2866069972515106,0.2892859876155853,0.279107004404068,0.2857140004634857,0.23992809653282166,174025600
2001-10-10,0.2874999940395355,0.30089300870895386,0.2848210036754608,0.30035701394081116,0.2522246241569519,307759200
2001-10-11,0.30214300751686096,0.316785991191864,0.30089300870895386,0.316785991191864,0.2660207450389862,334163200
2001-10-12,0.3091070055961609,0.32285699248313904,0.3010709881782532,0.32160699367523193,0.2700693607330322,287812000
2001-10-15,0.3205359876155853,0.32821398973464966,0.3205359876155853,0.32124999165534973,0.26976945996284485,318752000
2001-10-16,0.32303598523139954,0.32499998807907104,0.3173210024833679,0.32160699367523193,0.2700693607330322,202949600
2001-10-17,0.32749998569488525,0.32875001430511475,0.30285701155662537,0.30339300632476807,0.2547740936279297,285538400
2001-10-18,0.3087500035762787,0.32553601264953613,0.3087500035762787,0.3214290142059326,0.2699197828769684,612572800
2001-10-19,0.32035699486732483,0.32857099175453186,0.3192859888076782,0.32678601145744324,0.2744184136390686,166790400
2001-10-22,0.32517901062965393,0.3405359983444214,0.32303598523139954,0.3396430015563965,0.285214900970459,391938400
2001-10-23,0.3414289951324463,0.3467859923839569,0.3191069960594177,0.3239290118217468,0.2720191478729248,684980800
2001-10-24,0.32249999046325684,0.3408930003643036,0.3169640004634857,0.3383930027484894,0.2841651737689972,374427200
2001-10-25,0.32928600907325745,0.34375,0.32428601384162903,0.3426789939403534,0.28776440024375916,254951200
2001-10-26,0.3367860019207001,0.34375,0.33250001072883606,0.33339300751686096,0.27996644377708435,278964000
2001-10-29,0.33160701394081116,0.33339300751686096,0.3142859935760498,0.3148210048675537,0.26437076926231384,239181600
2001-10-30,0.310357004404068,0.3214290142059326,0.30464300513267517,0.3142859935760498,0.2639213800430298,276763200
2001-10-31,0.3166069984436035,0.32857099175453186,0.3114289939403534,0.3135710060596466,0.2633209228515625,273750400
2001-11-01,0.3151789903640747,0.33535701036453247,0.3080359995365143,0.33196398615837097,0.2787665128707886,312995200
2001-11-02,0.33071398735046387,0.3367860019207001,0.32428601384162903,0.33160701394081116,0.27846673130989075,197204000
2001-11-05,0.33642899990081787,0.34375,0.3323209881782532,0.3405359983444214,0.28596484661102295,235793600
2001-11-06,0.3385710120201111,0.3503569960594177,0.33089300990104675,0.3494639992713928,0.2934620678424835,316019200
2001-11-07,0.3474999964237213,0.35946398973464966,0.3451789915561676,0.349821001291275,0.2937619090080261,382989600
2001-11-08,0.3505359888076782,0.3551790118217468,0.33160701394081116,0.33410701155662537,0.28056600689888,342143200
2001-11-09,0.33214300870895386,0.34375,0.33125001192092896,0.33410701155662537,0.28056600689888,134293600
2001-11-12,0.33321401476860046,0.3423210084438324,0.32071399688720703,0.3348209857940674,0.28116559982299805,201499200
2001-11-13,0.3407140076160431,0.3462499976158142,0.33410701155662537,0.345892995595932,0.29046323895454407,224672000
2001-11-14,0.349821001291275,0.35535699129104614,0.3419640064239502,0.350178986787796,0.29406243562698364,221149600
2001-11-15,0.3473210036754608,0.35535699129104614,0.3433929979801178,0.3473210036754608,0.2916625440120697,213029600
2001-11-16,0.3441070020198822,0.3444640040397644,0.32857099175453186,0.3387500047683716,0.2844650447368622,230664000
2001-11-19,0.3392859995365143,0.35803601145744324,0.3385710120201111,0.35714301466941833,0.29991060495376587,332589600
2001-11-20,0.3539290130138397,0.36071398854255676,0.3482140004634857,0.3487499952316284,0.29286256432533264,276584000
2001-11-21,0.350178986787796,0.35357099771499634,0.3439289927482605,0.3514289855957031,0.29511237144470215,201583200
2001-11-23,0.35196399688720703,0.35624998807907104,0.3494639992713928,0.35428598523139954,0.29751136898994446,60004000
2001-11-26,0.35607099533081055,0.38482099771499634,0.35499998927116394,0.3816069960594177,0.3204542100429535,460689600
2001-11-27,0.3785710036754608,0.38428598642349243,0.3660709857940674,0.375,0.31490597128868103,268553600
2001-11-28,0.3723210096359253,0.3787499964237213,0.36446401476860046,0.36660701036453247,0.3078579902648926,250611200
2001-11-29,0.3678570091724396,0.3696430027484894,0.36053600907325745,0.36464300751686096,0.3062085807323456,202764800
2001-11-30,0.36553600430488586,0.38285699486732483,0.36160698533058167,0.3803569972515106,0.3194044232368469,303912000
2001-12-03,0.3760710060596466,0.3799999952316284,0.3678570091724396,0.3758929967880249,0.3156558573246002,181165600
2001-12-04,0.3758929967880249,0.4028570055961609,0.3700000047683716,0.4000000059604645,0.3358997106552124,380419200
2001-12-05,0.3992860019207001,0.42910701036453247,0.39589300751686096,0.42428600788116455,0.35629382729530334,568579200
2001-12-06,0.41928601264953613,0.41964301466941833,0.39535701274871826,0.4067859947681427,0.3415982723236084,338934400
2001-12-07,0.4010710120201111,0.4055359959602356,0.39285698533058167,0.4025000035762787,0.3379989564418793,203515200
2001-12-10,0.39803600311279297,0.410535991191864,0.39696401357650757,0.4025000035762787,0.3379989564418793,170010400
2001-12-11,0.4048210084438324,0.4080359935760498,0.38660699129104614,0.38892900943756104,0.32660287618637085,205475200
2001-12-12,0.39053601026535034,0.39142900705337524,0.3794640004634857,0.38374999165534973,0.3222537636756897,192460800
2001-12-13,0.38374999165534973,0.38482099771499634,0.3660709857940674,0.375,0.31490597128868103,197842400
2001-12-14,0.3701789975166321,0.3719640076160431,0.35874998569488525,0.36410701274871826,0.30575862526893616,189884800
2001-12-17,0.36428600549697876,0.375,0.36053600907325745,0.3682140111923218,0.3092074394226074,173712000
2001-12-18,0.3730359971523285,0.3808929920196533,0.36107099056243896,0.3751789927482605,0.3150562345981598,235239200
2001-12-19,0.3675000071525574,0.38714298605918884,0.36553600430488586,0.38607099652290344,0.32420283555984497,289956800
2001-12-20,0.3821429908275604,0.38339298963546753,0.3682140111923218,0.3691070079803467,0.3099573254585266,220864000
2001-12-21,0.3751789927482605,0.38464298844337463,0.3714289963245392,0.375,0.31490597128868103,256334400
2001-12-24,0.3732140064239502,0.3830359876155853,0.3732140064239502,0.381428986787796,0.32030460238456726,50629600
2001-12-26,0.3812499940395355,0.3982140123844147,0.3774999976158142,0.38374999165534973,0.3222537636756897,146400800
2001-12-27,0.38535699248313904,0.3973209857940674,0.38535699248313904,0.39410701394081116,0.33095115423202515,191508800
2001-12-28,0.39232099056243896,0.4107140004634857,0.39214301109313965,0.4005360007286072,0.3363497853279114,299124000
2001-12-31,0.401964008808136,0.4046429991722107,0.38982099294662476,0.39107099175453186,0.32840150594711304,137782400
2002-01-02,0.39375001192092896,0.41607099771499634,0.39214301109313965,0.41607099771499634,0.3493953347206116,529496800
2002-01-03,0.4107140004634857,0.42410698533058167,0.4066070020198822,0.42107099294662476,0.3535941541194916,612007200
2002-01-04,0.41678598523139954,0.42767900228500366,0.410535991191864,0.42303600907325745,0.3552441895008087,409976000
2002-01-07,0.42357099056243896,0.4285709857940674,0.40625,0.4089289903640747,0.34339773654937744,444584000
2002-01-08,0.40625,0.4116069972515106,0.4010710120201111,0.4037500023841858,0.339048832654953,450038400
2002-01-09,0.4071429967880249,0.4094640016555786,0.3799999952316284,0.38660699129104614,0.32465291023254395,327835200
2002-01-10,0.3789289891719818,0.38321399688720703,0.36160698533058167,0.3791069984436035,0.3183547258377075,452737600
2002-01-11,0.3819639980792999,0.38999998569488525,0.3678570091724396,0.3758929967880249,0.3156558573246002,348801600
2002-01-14,0.3751789927482605,0.3821429908275604,0.3732140064239502,0.3776789903640747,0.3171556293964386,415996000
2002-01-15,0.3807139992713928,0.38857099413871765,0.3787499964237213,0.38749998807907104,0.3254028260707855,290320800
2002-01-16,0.38232100009918213,0.38232100009918213,0.3660709857940674,0.3710710108280182,0.3116065561771393,566893600
2002-01-17,0.39214301109313965,0.4060710072517395,0.39053601026535034,0.4014289975166321,0.3370996415615082,660576000
2002-01-18,0.39285698533058167,0.4035710096359253,0.39214301109313965,0.39589300751686096,0.33245089650154114,338811200
2002-01-22,0.39767900109291077,0.3994640111923218,0.38964301347732544,0.38964301347732544,0.32720237970352173,327314400
2002-01-23,0.38928601145744324,0.4114289879798889,0.38553598523139954,0.4110710024833679,0.34519651532173157,443279200
2002-01-24,0.4091069996356964,0.41982099413871765,0.4089289903640747,0.41446399688720703,0.34804585576057434,344002400
2002-01-25,0.4087499976158142,0.41821399331092834,0.4046429991722107,0.4151790142059326,0.34864625334739685,185914400
2002-01-28,0.41785699129104614,0.42053601145744324,0.4057140052318573,0.41553598642349243,0.34894609451293945,186446400
2002-01-29,0.41464298963546753,0.42035698890686035,0.4080359935760498,0.4119639992713928,0.34594640135765076,240324000
2002-01-30,0.4119639992713928,0.431071013212204,0.4096429944038391,0.43017899990081787,0.361242413520813,471576000
2002-01-31,0.431428998708725,0.4416069984436035,0.4305360019207001,0.4414289891719818,0.3706897497177124,468445600
2002-02-01,0.4346430003643036,0.44571399688720703,0.4346430003643036,0.4358929991722107,0.36604082584381104,398305600
2002-02-04,0.4342859983444214,0.45571398735046387,0.4321430027484894,0.45267900824546814,0.3801368176937103,522373600
2002-02-05,0.44803598523139954,0.4639289975166321,0.44785699248313904,0.45446398854255676,0.381635844707489,456887200
2002-02-06,0.45714300870895386,0.4639289975166321,0.4312500059604645,0.4405359923839569,0.3699396550655365,597576000
2002-02-07,0.4401789903640747,0.45160698890686035,0.4300000071525574,0.4339289963245392,0.364391565322876,347832800
2002-02-08,0.4357140064239502,0.4399999976158142,0.41732099652290344,0.42910701036453247,0.36034226417541504,355331200
2002-02-11,0.4273209869861603,0.4464290142059326,0.42392900586128235,0.44607099890708923,0.3745878040790558,398602400
2002-02-12,0.4403569996356964,0.44714298844337463,0.4366070032119751,0.4412499964237213,0.3705393075942993,224280000
2002-02-13,0.4416069984436035,0.45071399211883545,0.4401789903640747,0.44660699367523193,0.37503769993782043,312872000
2002-02-14,0.44732099771499634,0.45053601264953613,0.435357004404068,0.4392859935760498,0.3688901662826538,260170400
2002-02-15,0.4380359947681427,0.44607099890708923,0.42589300870895386,0.42678600549697876,0.3583931624889374,260187200
2002-02-19,0.42428600788116455,0.42625001072883606,0.4014289975166321,0.4039289951324463,0.3391990661621094,390258400
2002-02-20,0.4066070020198822,0.4142859876155853,0.3991070091724396,0.4130359888076782,0.34684672951698303,285443200
2002-02-21,0.4092859923839569,0.4107140004634857,0.3830359876155853,0.3839290142059326,0.322404146194458,446751200
2002-02-22,0.38678601384162903,0.4098210036754608,0.3839290142059326,0.4060710072517395,0.3409978747367859,406476000
2002-02-25,0.4080359935760498,0.4414289891719818,0.3992860019207001,0.42517900466918945,0.3570437431335449,426848800
2002-02-26,0.42696401476860046,0.4351789951324463,0.4151790142059326,0.42267900705337524,0.3549444079399109,260131200
2002-02-27,0.42750000953674316,0.4330359995365143,0.3739289939403534,0.39214301109313965,0.3293018341064453,1030159200
2002-02-28,0.39553600549697876,0.4033930003643036,0.3812499940395355,0.38749998807907104,0.3254028260707855,456937600
2002-03-01,0.39160698652267456,0.41964301466941833,0.38964301347732544,0.41874998807907104,0.35164493322372437,348992000
2002-03-04,0.41535699367523193,0.4389289915561676,0.4064289927482605,0.4337500035762787,0.36424124240875244,348258400
2002-03-05,0.4312500059604645,0.4362500011920929,0.41785699129104614,0.42017900943756104,0.35284504294395447,274702400
2002-03-06,0.41928601264953613,0.4346430003643036,0.4094640016555786,0.4298210144042969,0.36094188690185547,226206400
2002-03-07,0.42964300513267517,0.4380359947681427,0.42160698771476746,0.435357004404068,0.3655907213687897,258249600
2002-03-08,0.441785991191864,0.44803598523139954,0.4339289963245392,0.4403569996356964,0.3697895109653473,269774400
2002-03-11,0.4392859935760498,0.4489290118217468,0.4303570091724396,0.44749999046325684,0.37578773498535156,262785600
2002-03-12,0.4376789927482605,0.441785991191864,0.4303570091724396,0.4414289891719818,0.3706897497177124,254055200
2002-03-13,0.4351789951324463,0.4437499940395355,0.4312500059604645,0.4373210072517395,0.36723998188972473,200765600
2002-03-14,0.4339289963245392,0.4392859935760498,0.42625001072883606,0.4362500011920929,0.3663405179977417,217296800
2002-03-15,0.4367859959602356,0.44571399688720703,0.4330359995365143,0.4455359876155853,0.3741385042667389,240900800
2002-03-18,0.4455359876155853,0.44732099771499634,0.4342859983444214,0.441785991191864,0.3709893822669983,304556000
2002-03-19,0.4408929944038391,0.45178601145744324,0.4339289963245392,0.4437499940395355,0.37263867259025574,242345600
2002-03-20,0.4403569996356964,0.4489290118217468,0.4375,0.4449999928474426,0.3736884295940399,294319200
2002-03-21,0.4260709881782532,0.4339289963245392,0.41535699367523193,0.4333930015563965,0.36394134163856506,616352800
2002-03-22,0.4325000047683716,0.4385710060596466,0.42625001072883606,0.43017899990081787,0.361242413520813,202193600
2002-03-25,0.4298210144042969,0.43017899990081787,0.41499999165534973,0.41696399450302124,0.3501451909542084,262830400
2002-03-26,0.4142859876155853,0.42214301228523254,0.4107140004634857,0.41892901062965393,0.35179537534713745,257840800
2002-03-27,0.41696399450302124,0.42357099056243896,0.41535699367523193,0.41910699009895325,0.35194477438926697,127702400
2002-03-28,0.42321398854255676,0.42642900347709656,0.41892901062965393,0.42267900705337524,0.3549444079399109,108455200
2002-04-01,0.41749998927116394,0.4410710036754608,0.41571399569511414,0.4367859959602356,0.36679065227508545,199046400
2002-04-02,0.4285709857940674,0.4339289963245392,0.42625001072883606,0.4298210144042969,0.36094188690185547,203795200
2002-04-03,0.4294640123844147,0.4373210072517395,0.42142900824546814,0.42410698533058167,0.35614338517189026,214530400
2002-04-04,0.42267900705337524,0.44732099771499634,0.42267900705337524,0.4446429908275604,0.3733885586261749,338497600
2002-04-05,0.4455359876155853,0.44982099533081055,0.4303570091724396,0.441785991191864,0.3709893822669983,278348000
2002-04-08,0.431428998708725,0.4407140016555786,0.42464300990104675,0.4385710060596466,0.36828967928886414,261514400
2002-04-09,0.4391070008277893,0.4464290142059326,0.42875000834465027,0.4303570091724396,0.36139199137687683,191531200
2002-04-10,0.4323210120201111,0.4455359876155853,0.42875000834465027,0.4403569996356964,0.3697895109653473,224980000
2002-04-11,0.44696399569511414,0.44999998807907104,0.4419640004634857,0.443928986787796,0.3727889955043793,407254400
2002-04-12,0.44660699367523193,0.44946399331092834,0.4387499988079071,0.44749999046325684,0.37578773498535156,320241600
2002-04-15,0.44749999046325684,0.44910699129104614,0.4428569972515106,0.4464290142059326,0.3748883903026581,299370400
2002-04-16,0.44910699129104614,0.4641070067882538,0.44857099652290344,0.45964300632476807,0.3859848082065582,614577600
2002-04-17,0.4630360007286072,0.4673210084438324,0.45321398973464966,0.4662500023841858,0.3915330767631531,396250400
2002-04-18,0.45535698533058167,0.45571398735046387,0.4442859888076782,0.45375001430511475,0.3810361921787262,401710400
2002-04-19,0.45517900586128235,0.45517900586128235,0.4451789855957031,0.44607099890708923,0.3745878040790558,375407200
2002-04-22,0.443571001291275,0.4451789855957031,0.4326789975166321,0.4380359947681427,0.3678402900695801,269427200
2002-04-23,0.4382140040397644,0.4424999952316284,0.43017899990081787,0.4330359995365143,0.36364156007766724,233469600
2002-04-24,0.4339289963245392,0.4375,0.42285698652267456,0.42446398735046387,0.3564431965351105,140448000
2002-04-25,0.42071399092674255,0.4346430003643036,0.42053601145744324,0.4307140111923218,0.3616917133331299,194202400
2002-04-26,0.4335710108280182,0.4351789951324463,0.4107140004634857,0.4108929932117462,0.34504708647727966,304981600
2002-04-29,0.41357100009918213,0.42964300513267517,0.412321001291275,0.42785701155662537,0.35929256677627563,272288800
2002-04-30,0.42660701274871826,0.435357004404068,0.42410698533058167,0.4333930015563965,0.36394134163856506,280963200
2002-05-01,0.4337500035762787,0.4337500035762787,0.41714298725128174,0.42821401357650757,0.35959234833717346,214704000
2002-05-02,0.42517900466918945,0.4346430003643036,0.42142900824546814,0.42303600907325745,0.3552441895008087,239344000
2002-05-03,0.42089301347732544,0.42892900109291077,0.41839298605918884,0.41982099413871765,0.3525443971157074,230781600
2002-05-06,0.41696399450302124,0.41964301466941833,0.4010710120201111,0.4044640064239502,0.3396483361721039,249664800
2002-05-07,0.4096429944038391,0.4098210036754608,0.39535701274871826,0.4012500047683716,0.3369493782520294,242748800
2002-05-08,0.4142859876155853,0.4378570020198822,0.4114289879798889,0.4351789951324463,0.36544129252433777,436682400
2002-05-09,0.4330359995365143,0.4348210096359253,0.42500001192092896,0.4319640100002289,0.36274147033691406,224616000
2002-05-10,0.4337500035762787,0.4337500035762787,0.4103569984436035,0.4164290130138397,0.34969598054885864,235396000
2002-05-13,0.41999998688697815,0.43017899990081787,0.4096429944038391,0.42750000953674316,0.3589928150177002,265608000
2002-05-14,0.4366070032119751,0.4585709869861603,0.4325000047683716,0.4573209881782532,0.3840349316596985,526506400
2002-05-15,0.45303601026535034,0.4639289975166321,0.443571001291275,0.45142900943756104,0.3790872097015381,335826400
2002-05-16,0.44749999046325684,0.45446398854255676,0.4419640004634857,0.45017901062965393,0.3780375123023987,227052000
2002-05-17,0.45517900586128235,0.46035701036453247,0.4394640028476715,0.44660699367523193,0.37503769993782043,236493600
2002-05-20,0.4387499988079071,0.4451789855957031,0.4380359947681427,0.441785991191864,0.3709893822669983,269914400
2002-05-21,0.4433929920196533,0.4464290142059326,0.41785699129104614,0.41892901062965393,0.35179537534713745,280991200
2002-05-22,0.41732099652290344,0.4351789951324463,0.4164290130138397,0.4342859983444214,0.3646913170814514,290875200
2002-05-23,0.4366070032119751,0.45071399211883545,0.4298210144042969,0.44964298605918884,0.37758731842041016,369398400
2002-05-24,0.44624999165534973,0.44624999165534973,0.42785701155662537,0.4312500059604645,0.36214199662208557,166174400
2002-05-28,0.42303600907325745,0.4321430027484894,0.41839298605918884,0.42821401357650757,0.35959234833717346,149716000
2002-05-29,0.42714300751686096,0.4364289939403534,0.41874998807907104,0.42821401357650757,0.35959234833717346,221793600
2002-05-30,0.42446398735046387,0.435357004404068,0.41982099413871765,0.4321430027484894,0.36289164423942566,196375200
2002-05-31,0.43017899990081787,0.4330359995365143,0.41571399569511414,0.41607099771499634,0.3493953347206116,365495200
2002-06-03,0.4176790118217468,0.41874998807907104,0.4032140076160431,0.4091069996356964,0.3435472846031189,235110400
2002-06-04,0.4085710048675537,0.4114289879798889,0.3960709869861603,0.4067859947681427,0.3415982723236084,347821600
2002-06-05,0.4076789915561676,0.4076789915561676,0.3991070091724396,0.4057140052318573,0.3406980037689209,277082400
2002-06-06,0.4099999964237213,0.41482099890708923,0.39357098937034607,0.39571401476860046,0.33230060338974,259996800
2002-06-07,0.38857099413871765,0.39178600907325745,0.3737500011920929,0.3821429908275604,0.32090434432029724,612376800
2002-06-10,0.38357099890708923,0.38999998569488525,0.381071001291275,0.38357099890708923,0.3221033811569214,277575200
2002-06-11,0.3864290118217468,0.38749998807907104,0.36446401476860046,0.36535701155662537,0.306808203458786,349496000
2002-06-12,0.36446401476860046,0.3705359995365143,0.35607099533081055,0.35874998569488525,0.30125996470451355,528718400
2002-06-13,0.35749998688697815,0.35803601145744324,0.3460710048675537,0.3489289879798889,0.2930128574371338,352083200
2002-06-14,0.3435710072517395,0.3635709881782532,0.32339298725128174,0.35892900824546814,0.301410436630249,424900000
2002-06-17,0.36142900586128235,0.3683930039405823,0.35446399450302124,0.36678600311279297,0.3080083429813385,324609600
2002-06-18,0.36464300751686096,0.36767899990081787,0.35678601264953613,0.35982099175453186,0.3021593987941742,353360000
2002-06-19,0.3101789951324463,0.3142859935760498,0.30142900347709656,0.3057140111923218,0.2567231357097626,1709467200
2002-06-20,0.3066070079803467,0.3142859935760498,0.30089300870895386,0.3055360019207001,0.25657370686531067,396636800
2002-06-21,0.30303600430488586,0.3123210072517395,0.29982098937034607,0.30089300870895386,0.2526746988296509,445177600
2002-06-24,0.29946398735046387,0.3166069984436035,0.29821398854255676,0.3083930015563965,0.258972704410553,431933600
2002-06-25,0.3107140064239502,0.3157140016555786,0.3010709881782532,0.306071013212204,0.25702279806137085,301201600
2002-06-26,0.30000001192092896,0.3087500035762787,0.2853569984436035,0.29553601145744324,0.24817617237567902,558952800
2002-06-27,0.29982098937034607,0.3083930015563965,0.29321399331092834,0.30464300513267517,0.25582370162010193,251658400
2002-06-28,0.3053570091724396,0.3182139992713928,0.3035709857940674,0.3164289891719818,0.265720933675766,269858400
2002-07-01,0.3162499964237213,0.3192859888076782,0.3044640123844147,0.30464300513267517,0.25582370162010193,222689600
2002-07-02,0.30410701036453247,0.306428998708725,0.30053600668907166,0.30250000953674316,0.2540241479873657,305188800
2002-07-03,0.30017900466918945,0.3157140016555786,0.29910698533058167,0.3133929967880249,0.26317155361175537,199029600
2002-07-05,0.3162499964237213,0.3348209857940674,0.3162499964237213,0.33464300632476807,0.28101620078086853,161649600
2002-07-08,0.33071398735046387,0.3323209881782532,0.3157140016555786,0.32160699367523193,0.2700693607330322,211204000
2002-07-09,0.32303598523139954,0.32660698890686035,0.3117859959602356,0.3130359947681427,0.26287180185317993,226749600
2002-07-10,0.3162499964237213,0.32446399331092834,0.3080359995365143,0.3092859983444214,0.2597227692604065,206880800
2002-07-11,0.308214008808136,0.32767900824546814,0.30303600430488586,0.32678601145744324,0.2744184136390686,373676800
2002-07-12,0.33125001192092896,0.33553600311279297,0.308214008808136,0.3126789927482605,0.26257193088531494,443492000
2002-07-15,0.3112500011920929,0.33214300870895386,0.30017900466918945,0.32553601264953613,0.2733686864376068,295993600
2002-07-16,0.32410699129104614,0.33160701394081116,0.3144640028476715,0.318928986787796,0.2678202986717224,446768000
2002-07-17,0.2880359888076782,0.2892859876155853,0.27125000953674316,0.279107004404068,0.2343798726797104,1215485600
2002-07-18,0.2767859995365143,0.2778570055961609,0.26339301466941833,0.26767900586128235,0.22478318214416504,559462400
2002-07-19,0.26249998807907104,0.27089300751686096,0.25946399569511414,0.26714301109313965,0.22433315217494965,385207200
2002-07-22,0.26339301466941833,0.27125000953674316,0.26089298725128174,0.26642900705337524,0.2237335592508316,430897600
2002-07-23,0.26607099175453186,0.27017900347709656,0.25785699486732483,0.25839298963546753,0.21698538959026337,399890400
2002-07-24,0.2558929920196533,0.27178600430488586,0.2544640004634857,0.27142900228500366,0.22793224453926086,406593600
2002-07-25,0.26660698652267456,0.26696398854255676,0.2501789927482605,0.256428986787796,0.21533603966236115,479354400
2002-07-26,0.25821399688720703,0.25946399569511414,0.24642899632453918,0.256071001291275,0.21503543853759766,207704000
2002-07-29,0.25857099890708923,0.26964300870895386,0.2566069960594177,0.26821398735046387,0.22523248195648193,274960000
2002-07-30,0.26517900824546814,0.276964008808136,0.25999999046325684,0.2755360007286072,0.2313811182975769,354838400
2002-07-31,0.2750000059604645,0.2753570079803467,0.26607099175453186,0.27250000834465027,0.2288316786289215,310699200
2002-08-01,0.2698209881782532,0.2753570079803467,0.26303601264953613,0.26428601145744324,0.2219340056180954,228956000
2002-08-02,0.26321399211883545,0.26785698533058167,0.2544640004634857,0.2580359876155853,0.21668553352355957,179060000
2002-08-05,0.25910699367523193,0.26249998807907104,0.2494640052318573,0.2498210072517395,0.20978699624538422,204024800
2002-08-06,0.2537499964237213,0.27196401357650757,0.2514289915561676,0.26321399211883545,0.2210337519645691,272053600
2002-08-07,0.26946398615837097,0.2742860019207001,0.2562499940395355,0.26839300990104675,0.2253827303647995,333474400
2002-08-08,0.26374998688697815,0.2746430039405823,0.26374998688697815,0.2732140123844147,0.22943121194839478,227348800
2002-08-09,0.2723209857940674,0.2723209857940674,0.26339301466941833,0.26785698533058167,0.22493267059326172,205716000
2002-08-12,0.26607099175453186,0.26821398735046387,0.26232099533081055,0.26767900586128235,0.22478318214416504,179765600
2002-08-13,0.26607099175453186,0.27160701155662537,0.25982099771499634,0.26053598523139954,0.21878491342067719,269869600
2002-08-14,0.26196399331092834,0.2741070091724396,0.25964298844337463,0.27089300751686096,0.2274821698665619,399084000
2002-08-15,0.2723209857940674,0.28125,0.26803600788116455,0.2787500023841858,0.23408013582229614,322078400
2002-08-16,0.2758930027484894,0.2874999940395355,0.27285701036453247,0.2823210060596466,0.23707886040210724,245224000
2002-08-19,0.2817859947681427,0.2901790142059326,0.2807140052318573,0.2853569984436035,0.23962834477424622,216557600
2002-08-20,0.2851789891719818,0.287321001291275,0.2773210108280182,0.2841069996356964,0.23857873678207397,186625600
2002-08-21,0.2858929932117462,0.28999999165534973,0.2758930027484894,0.2878569960594177,0.24172769486904144,202428800
2002-08-22,0.2892859876155853,0.2901790142059326,0.2796429991722107,0.2851789891719818,0.23947887122631073,258311200
2002-08-23,0.2839289903640747,0.2844640016555786,0.2758930027484894,0.2808929979801178,0.23587961494922638,163245600
2002-08-26,0.2848210036754608,0.2848210036754608,0.27071401476860046,0.2773210108280182,0.232880100607872,189968800
2002-08-27,0.2805359959602356,0.2810710072517395,0.26267901062965393,0.26517900824546814,0.22268381714820862,262231200
2002-08-28,0.26428601145744324,0.27000001072883606,0.26160699129104614,0.26249998807907104,0.2204342484474182,247973600
2002-08-29,0.26160699129104614,0.26928600668907166,0.25910699367523193,0.26249998807907104,0.2204342484474182,164169600
2002-08-30,0.26303601264953613,0.27035701274871826,0.26035699248313904,0.26339301466941833,0.2211841195821762,193519200
2002-09-03,0.25874999165534973,0.25982099771499634,0.2508929967880249,0.2508929967880249,0.21068722009658813,276936800
2002-09-04,0.2535710036754608,0.26392900943756104,0.2530359923839569,0.25857099890708923,0.2171347588300705,420660800
2002-09-05,0.2539289891719818,0.256428986787796,0.2508929967880249,0.2532140016555786,0.21263623237609863,226178400
2002-09-06,0.25910699367523193,0.26160699129104614,0.2541069984436035,0.2567859888076782,0.21563582122325897,181591200
2002-09-09,0.2549999952316284,0.25946399569511414,0.2526789903640747,0.2566069960594177,0.21548549830913544,158244800
2002-09-10,0.25732100009918213,0.25874999165534973,0.252142995595932,0.2558929920196533,0.2148858904838562,249468800
2002-09-11,0.256071001291275,0.26071399450302124,0.2526789903640747,0.2551789879798889,0.21428632736206055,202412000
2002-09-12,0.2535710036754608,0.25910699367523193,0.252142995595932,0.2524999976158142,0.2120366394519806,269830400
2002-09-13,0.2523210048675537,0.256071001291275,0.2508929967880249,0.2530359923839569,0.21248677372932434,282951200
2002-09-16,0.2524999976158142,0.26089298725128174,0.252142995595932,0.2589290142059326,0.21743544936180115,286641600
2002-09-17,0.2601790130138397,0.26839300990104675,0.2601790130138397,0.26428601145744324,0.2219340056180954,427996800
2002-09-18,0.26232099533081055,0.26946398615837097,0.25928598642349243,0.26821398735046387,0.22523248195648193,328641600
2002-09-19,0.26339301466941833,0.26428601145744324,0.25857099890708923,0.26035699248313904,0.21863454580307007,205945600
2002-09-20,0.26107099652290344,0.26678600907325745,0.25928598642349243,0.26553601026535034,0.22298364341259003,352788800
2002-09-23,0.26357099413871765,0.26714301109313965,0.2580359876155853,0.26517900824546814,0.22268381714820862,263709600
2002-09-24,0.2571429908275604,0.26464301347732544,0.2571429908275604,0.2614290118217468,0.21953484416007996,250661600
2002-09-25,0.26232099533081055,0.27089300751686096,0.26160699129104614,0.26660698652267456,0.2238830327987671,254682400
2002-09-26,0.26964300870895386,0.27125000953674316,0.25982099771499634,0.26249998807907104,0.2204342484474182,208644800
2002-09-27,0.25874999165534973,0.26517900824546814,0.25857099890708923,0.26285699009895325,0.22073397040367126,206152800
2002-09-30,0.2571429908275604,0.2601790130138397,0.2524999976158142,0.2589290142059326,0.21743544936180115,237697600
2002-10-01,0.26053598523139954,0.26071399450302124,0.25,0.25910699367523193,0.21758487820625305,342423200
2002-10-02,0.2558929920196533,0.26124998927116394,0.2517859935760498,0.2530359923839569,0.21248677372932434,229348000
2002-10-03,0.2532140016555786,0.26071399450302124,0.2510710060596466,0.2553569972515106,0.2144358605146408,217896000
2002-10-04,0.256428986787796,0.2571429908275604,0.2498210072517395,0.2505359947681427,0.21038737893104553,190825600
2002-10-07,0.2494640052318573,0.2537499964237213,0.2457139939069748,0.24589300155639648,0.20648841559886932,244697600
2002-10-08,0.2482140064239502,0.2492859959602356,0.23857100307941437,0.24428600072860718,0.20513899624347687,453644800
2002-10-09,0.24178600311279297,0.2473209947347641,0.23946399986743927,0.24267899990081787,0.20378950238227844,356686400
2002-10-10,0.24339300394058228,0.2539289891719818,0.24250000715255737,0.2519640028476715,0.211586594581604,321574400
2002-10-11,0.2544640004634857,0.26392900943756104,0.2517859935760498,0.25910699367523193,0.21758487820625305,294677600
2002-10-14,0.25982099771499634,0.26750001311302185,0.25785699486732483,0.26374998688697815,0.22148378193378448,194404000
2002-10-15,0.27178600430488586,0.2723209857940674,0.26392900943756104,0.27071401476860046,0.22733192145824432,405518400
2002-10-16,0.26535698771476746,0.27017900347709656,0.2482140064239502,0.25999999046325684,0.21833473443984985,307624800
2002-10-17,0.2537499964237213,0.2567859888076782,0.2496429979801178,0.2519640028476715,0.211586594581604,469296800
2002-10-18,0.25,0.2562499940395355,0.2487500011920929,0.256071001291275,0.21503543853759766,288299200
2002-10-21,0.2546429932117462,0.26124998927116394,0.25,0.25999999046325684,0.21833473443984985,238520800
2002-10-22,0.25839298963546753,0.26571398973464966,0.2546429932117462,0.26249998807907104,0.2204342484474182,218148000
2002-10-23,0.26124998927116394,0.26750001311302185,0.2589290142059326,0.26571398973464966,0.2231331467628479,209036800
2002-10-24,0.26821398735046387,0.27160701155662537,0.25982099771499634,0.26232099533081055,0.2202838510274887,174748000
2002-10-25,0.26232099533081055,0.2758930027484894,0.26053598523139954,0.2753570079803467,0.23123082518577576,279070400
2002-10-28,0.2776789963245392,0.2848210036754608,0.2723209857940674,0.2787500023841858,0.23408013582229614,349300000
2002-10-29,0.2780359983444214,0.2835710048675537,0.26714301109313965,0.2757140100002289,0.23153050243854523,259179200
2002-10-30,0.2766070067882538,0.29232099652290344,0.2764289975166321,0.2853569984436035,0.23962834477424622,270676000
2002-10-31,0.285535991191864,0.29357099533081055,0.2842859923839569,0.2869639992713928,0.24097782373428345,295836800
2002-11-01,0.2846429944038391,0.29464301466941833,0.2837499976158142,0.29214298725128174,0.24532678723335266,189828800
2002-11-04,0.29464301466941833,0.310357004404068,0.29196399450302124,0.30160701274871826,0.25327423214912415,376818400
2002-11-05,0.29910698533058167,0.30285701155662537,0.29196399450302124,0.30178600549697876,0.25342461466789246,210694400
2002-11-06,0.3050000071525574,0.3092859983444214,0.29821398854255676,0.3075000047683716,0.25822287797927856,216389600
2002-11-07,0.30250000953674316,0.3053570091724396,0.2823210060596466,0.2857140004634857,0.23992809653282166,336179200
2002-11-08,0.2858929932117462,0.2892859876155853,0.2771430015563965,0.2828570008277893,0.23752902448177338,190064000
2002-11-11,0.2810710072517395,0.2837499976158142,0.27000001072883606,0.27071401476860046,0.22733192145824432,152975200
2002-11-12,0.2735710144042969,0.2864289879798889,0.27285701036453247,0.2792859971523285,0.2345302551984787,223792800
2002-11-13,0.2767859995365143,0.2869639992713928,0.27285701036453247,0.2783930003643036,0.23378030955791473,231739200
2002-11-14,0.2839289903640747,0.29303601384162903,0.2817859947681427,0.29107099771499634,0.24442660808563232,141713600
2002-11-15,0.28982099890708923,0.28999999165534973,0.2814289927482605,0.2848210036754608,0.23917824029922485,160994400
2002-11-18,0.28910699486732483,0.2892859876155853,0.2771430015563965,0.2794640064239502,0.2346796840429306,164578400
2002-11-19,0.2776789963245392,0.28125,0.26803600788116455,0.27267900109291077,0.22898198664188385,210952000
2002-11-20,0.2732140123844147,0.2803570032119751,0.2723209857940674,0.2773210108280182,0.232880100607872,208740000
2002-11-21,0.2839289903640747,0.29357099533081055,0.28125,0.29196399450302124,0.24517646431922913,418482400
2002-11-22,0.287321001291275,0.29107099771499634,0.2839289903640747,0.2858929932117462,0.24007846415042877,227858400
2002-11-25,0.2862499952316284,0.2882139980792999,0.2805359959602356,0.2851789891719818,0.23947887122631073,199427200
2002-11-26,0.2830359935760498,0.2839289903640747,0.27267900109291077,0.275178998708725,0.23108145594596863,240262400
2002-11-27,0.2785710096359253,0.2832140028476715,0.2758930027484894,0.2807140052318573,0.23572929203510284,286798400
2002-11-29,0.2819640040397644,0.2835710048675537,0.275178998708725,0.2767859995365143,0.23243078589439392,143432800
2002-12-02,0.2839289903640747,0.2874999940395355,0.26803600788116455,0.2710709869861603,0.22763165831565857,398742400
2002-12-03,0.27142900228500366,0.27392899990081787,0.26964300870895386,0.27071401476860046,0.22733192145824432,227869600
2002-12-04,0.2710709869861603,0.27125000953674316,0.2589290142059326,0.26732099056243896,0.22448256611824036,325757600
2002-12-05,0.26839300990104675,0.26928600668907166,0.25946399569511414,0.26124998927116394,0.21938444674015045,243398400
2002-12-06,0.26160699129104614,0.27125000953674316,0.25928598642349243,0.26696398854255676,0.22418272495269775,245358400
2002-12-09,0.26678600907325745,0.26696398854255676,0.26196399331092834,0.26339301466941833,0.2211841195821762,236084800
2002-12-10,0.26339301466941833,0.2758930027484894,0.26303601264953613,0.27285701036453247,0.22913144528865814,308610400
2002-12-11,0.2732140123844147,0.2766070067882538,0.26928600668907166,0.2766070067882538,0.23228061199188232,253500800
2002-12-12,0.276964008808136,0.2776789963245392,0.26803600788116455,0.27125000953674316,0.2277819663286209,149340800
2002-12-13,0.27035701274871826,0.27053600549697876,0.26160699129104614,0.26410698890686035,0.22178366780281067,164780000
2002-12-16,0.26446399092674255,0.26964300870895386,0.26089298725128174,0.26517900824546814,0.22268381714820862,251624800
2002-12-17,0.26517900824546814,0.27125000953674316,0.26178601384162903,0.26928600668907166,0.22613279521465302,222661600
2002-12-18,0.26428601145744324,0.26535698771476746,0.2589290142059326,0.2601790130138397,0.21848507225513458,150701600
2002-12-19,0.25946399569511414,0.26642900705337524,0.2517859935760498,0.2535710036754608,0.21293605864048004,347519200
2002-12-20,0.2551789879798889,0.25999999046325684,0.246070995926857,0.2524999976158142,0.2120366394519806,318096800
2002-12-23,0.2528569996356964,0.25982099771499634,0.252142995595932,0.25874999165534973,0.2172851264476776,125826400
2002-12-24,0.25785699486732483,0.25839298963546753,0.2553569972515106,0.256428986787796,0.21533603966236115,39340000
2002-12-26,0.2574999928474426,0.26446399092674255,0.2549999952316284,0.2571429908275604,0.21593567728996277,85422400
2002-12-27,0.2555359899997711,0.2567859888076782,0.2501789927482605,0.2510710060596466,0.21083667874336243,80035200
2002-12-30,0.2514289915561676,0.2526789903640747,0.2471430003643036,0.2512499988079071,0.21098700165748596,155041600
2002-12-31,0.25,0.256428986787796,0.2491070032119751,0.2558929920196533,0.2148858904838562,200726400
2003-01-02,0.256428986787796,0.26642900705337524,0.2562499940395355,0.26428601145744324,0.2219340056180954,181428800
2003-01-03,0.26428601145744324,0.26660698652267456,0.26053598523139954,0.26607099175453186,0.22343288362026215,147453600
2003-01-06,0.26839300990104675,0.2746430039405823,0.26571398973464966,0.26607099175453186,0.22343288362026215,390532800
2003-01-07,0.26410698890686035,0.26785698533058167,0.25839298963546753,0.26517900824546814,0.22268381714820862,342344800
2003-01-08,0.26035699248313904,0.26267901062965393,0.25785699486732483,0.25982099771499634,0.21818450093269348,229644800
2003-01-09,0.26107099652290344,0.26642900705337524,0.2589290142059326,0.26214298605918884,0.2201344072818756,215252800
2003-01-10,0.26035699248313904,0.26464301347732544,0.25874999165534973,0.26285699009895325,0.22073397040367126,175100800
2003-01-13,0.26607099175453186,0.26607099175453186,0.256428986787796,0.26124998927116394,0.21938444674015045,178942400
2003-01-14,0.26232099533081055,0.26464301347732544,0.25874999165534973,0.26089298725128174,0.219084694981575,186860800
2003-01-15,0.26053598523139954,0.26249998807907104,0.2546429932117462,0.2576789855957031,0.21638570725917816,371128800
2003-01-16,0.2537499964237213,0.26357099413871765,0.2537499964237213,0.26107099652290344,0.2192341685295105,559070400
2003-01-17,0.25999999046325684,0.25999999046325684,0.2514289915561676,0.2517859935760498,0.21143707633018494,266761600
2003-01-21,0.2537499964237213,0.25732100009918213,0.25,0.2503570020198822,0.21023708581924438,253456000
2003-01-22,0.2496429979801178,0.2526789903640747,0.24642899632453918,0.247857004404068,0.20813772082328796,215140800
2003-01-23,0.2508929967880249,0.256428986787796,0.2491070032119751,0.2530359923839569,0.21248677372932434,228256000
2003-01-24,0.254285991191864,0.254285991191864,0.24214300513267517,0.24642899632453918,0.20693853497505188,305468800
2003-01-27,0.24428600072860718,0.2589290142059326,0.24375000596046448,0.2523210048675537,0.21188639104366302,391406400
2003-01-28,0.254285991191864,0.26232099533081055,0.2528569996356964,0.26035699248313904,0.21863454580307007,286255200
2003-01-29,0.25982099771499634,0.26964300870895386,0.2553569972515106,0.26660698652267456,0.2238830327987671,373044000
2003-01-30,0.26750001311302185,0.26910701394081116,0.2551789879798889,0.2557139992713928,0.21473564207553864,407058400
2003-01-31,0.2533929944038391,0.25982099771499634,0.2508929967880249,0.256428986787796,0.21533603966236115,341224800
2003-02-03,0.25732100009918213,0.26625001430511475,0.2562499940395355,0.26178601384162903,0.2198346108198166,264784800
2003-02-04,0.2580359876155853,0.26160699129104614,0.2555359899997711,0.26071399450302124,0.21893443167209625,317413600
2003-02-05,0.26267901062965393,0.26660698652267456,0.25785699486732483,0.2580359876155853,0.21668553352355957,221614400
2003-02-06,0.256428986787796,0.26053598523139954,0.2539289891719818,0.2576789855957031,0.21638570725917816,179149600
2003-02-07,0.25982099771499634,0.26071399450302124,0.2512499988079071,0.2526789903640747,0.21218694746494293,269701600
2003-02-10,0.2546429932117462,0.2601790130138397,0.2510710060596466,0.2562499940395355,0.21518570184707642,167888000
2003-02-11,0.2589290142059326,0.26124998927116394,0.2535710036754608,0.2562499940395355,0.21518570184707642,164780000
2003-02-12,0.2548210024833679,0.26071399450302124,0.2548210024833679,0.2569639980792999,0.21578536927700043,228687200
2003-02-13,0.25732100009918213,0.2614290118217468,0.254285991191864,0.25964298844337463,0.218035027384758,208493600
2003-02-14,0.26089298725128174,0.26285699009895325,0.2562499940395355,0.26196399331092834,0.21998398005962372,243297600
2003-02-18,0.26339301466941833,0.2732140123844147,0.26285699009895325,0.27267900109291077,0.22898198664188385,290897600
2003-02-19,0.26910701394081116,0.27053600549697876,0.26214298605918884,0.26517900824546814,0.22268381714820862,240368800
2003-02-20,0.26517900824546814,0.26714301109313965,0.26267901062965393,0.26374998688697815,0.22148378193378448,224352800
2003-02-21,0.26464301347732544,0.26892900466918945,0.26160699129104614,0.26785698533058167,0.22493267059326172,157444000
2003-02-24,0.26535698771476746,0.26839300990104675,0.24642899632453918,0.26321399211883545,0.2210337519645691,180252800
2003-02-25,0.26214298605918884,0.26928600668907166,0.26035699248313904,0.26821398735046387,0.22523248195648193,188641600
2003-02-26,0.26767900586128235,0.26821398735046387,0.25857099890708923,0.2589290142059326,0.21743544936180115,217095200
2003-02-27,0.2601790130138397,0.26785698533058167,0.25910699367523193,0.26535698771476746,0.22283338010311127,154341600
2003-02-28,0.26535698771476746,0.26946398615837097,0.26374998688697815,0.26803600788116455,0.22508294880390167,195098400
2003-03-03,0.26803600788116455,0.27071401476860046,0.25982099771499634,0.26160699129104614,0.21968428790569305,203761600
2003-03-04,0.26321399211883545,0.26446399092674255,0.25785699486732483,0.25999999046325684,0.21833473443984985,126414400
2003-03-05,0.26089298725128174,0.26428601145744324,0.25928598642349243,0.26107099652290344,0.2192341685295105,126683200
2003-03-06,0.26035699248313904,0.26071399450302124,0.2571429908275604,0.25999999046325684,0.21833473443984985,99859200
2003-03-07,0.25839298963546753,0.26267901062965393,0.2555359899997711,0.25946399569511414,0.21788470447063446,200984000
2003-03-10,0.25910699367523193,0.26196399331092834,0.2553569972515106,0.2566069960594177,0.21548549830913544,134573600
2003-03-11,0.256428986787796,0.25874999165534973,0.252142995595932,0.2541069984436035,0.21338613331317902,161190400
2003-03-12,0.2530359923839569,0.2569639980792999,0.2510710060596466,0.2539289891719818,0.21323665976524353,222560800
2003-03-13,0.25839298963546753,0.26428601145744324,0.2530359923839569,0.26285699009895325,0.22073397040367126,335445600
2003-03-14,0.26214298605918884,0.26803600788116455,0.2614290118217468,0.26392900943756104,0.2216341644525528,153098400
2003-03-17,0.26589301228523254,0.26910701394081116,0.26267901062965393,0.26803600788116455,0.22508294880390167,399912800
2003-03-18,0.26785698533058167,0.26946398615837097,0.26464301347732544,0.26785698533058167,0.22493267059326172,229980800
2003-03-19,0.26910701394081116,0.27053600549697876,0.26410698890686035,0.26696398854255676,0.22418272495269775,141316000
2003-03-20,0.26660698652267456,0.26767900586128235,0.26071399450302124,0.26625001430511475,0.22358325123786926,163178400
2003-03-21,0.26946398615837097,0.27053600549697876,0.26464301347732544,0.26785698533058167,0.22493267059326172,297948000
2003-03-24,0.26196399331092834,0.26428601145744324,0.2562499940395355,0.2566069960594177,0.21548549830913544,161100800
2003-03-25,0.25732100009918213,0.26482099294662476,0.2566069960594177,0.25982099771499634,0.21818450093269348,167697600
2003-03-26,0.25982099771499634,0.25999999046325684,0.2553569972515106,0.25732100009918213,0.2160850465297699,178343200
2003-03-27,0.2557139992713928,0.26249998807907104,0.2557139992713928,0.25874999165534973,0.2172851264476776,122393600
2003-03-28,0.2571429908275604,0.26107099652290344,0.2566069960594177,0.2601790130138397,0.21848507225513458,145303200
2003-03-31,0.2558929920196533,0.25946399569511414,0.2507140040397644,0.2524999976158142,0.2120366394519806,256659200
2003-04-01,0.2535710036754608,0.2555359899997711,0.2512499988079071,0.2528569996356964,0.21233651041984558,154341600
2003-04-02,0.256428986787796,0.26232099533081055,0.2548210024833679,0.26071399450302124,0.21893443167209625,171371200
2003-04-03,0.25999999046325684,0.26249998807907104,0.2562499940395355,0.25821399688720703,0.21683505177497864,145712000
2003-04-04,0.25928598642349243,0.26196399331092834,0.2569639980792999,0.25732100009918213,0.2160850465297699,146020000
2003-04-07,0.26517900824546814,0.26696398854255676,0.25732100009918213,0.25874999165534973,0.2172851264476776,196862400
2003-04-08,0.25910699367523193,0.26160699129104614,0.256428986787796,0.2580359876155853,0.21668553352355957,128934400
2003-04-09,0.25928598642349243,0.26107099652290344,0.2524999976158142,0.2533929944038391,0.21278658509254456,146725600
2003-04-10,0.2535710036754608,0.2569639980792999,0.2535710036754608,0.2566069960594177,0.21548549830913544,107100000
2003-04-11,0.2508929967880249,0.25785699486732483,0.23089300096035004,0.23571400344371796,0.1979406476020813,1392708800
2003-04-14,0.2448209971189499,0.24553599953651428,0.24107100069522858,0.24250000715255737,0.20363914966583252,502958400
2003-04-15,0.24267899990081787,0.24285699427127838,0.23749999701976776,0.23910699784755707,0.2007898986339569,303968000
2003-04-16,0.23196400701999664,0.24410699307918549,0.23071399331092834,0.23642900586128235,0.1985410451889038,1016176000
2003-04-17,0.23571400344371796,0.23660700023174286,0.22714300453662872,0.23428599536418915,0.19674144685268402,616257600
2003-04-21,0.23446400463581085,0.23553599417209625,0.23178599774837494,0.23464299738407135,0.19704130291938782,152320000
2003-04-22,0.23535700142383575,0.24321399629116058,0.23375000059604645,0.24124999344348907,0.2025894820690155,300568800
2003-04-23,0.24160699546337128,0.24339300394058228,0.23857100307941437,0.24250000715255737,0.20363914966583252,209680800
2003-04-24,0.24142900109291077,0.24303600192070007,0.23214299976825714,0.23999999463558197,0.2015397846698761,325108000
2003-04-25,0.24035699665546417,0.24250000715255737,0.23624999821186066,0.23839299380779266,0.20019032061100006,205318400
2003-04-28,0.24071399867534637,0.2492859959602356,0.23982100188732147,0.2475000023841858,0.20783787965774536,636798400
2003-04-29,0.2496429979801178,0.2528569996356964,0.24250000715255737,0.2510710060596466,0.21083667874336243,458236800
2003-04-30,0.2487500011920929,0.2562499940395355,0.2473209947347641,0.2539289891719818,0.21323665976524353,458175200
2003-05-01,0.2544640004634857,0.2569639980792999,0.25,0.256428986787796,0.21533603966236115,342759200
2003-05-02,0.25821399688720703,0.26053598523139954,0.256071001291275,0.2580359876155853,0.21668553352355957,321182400
2003-05-05,0.26374998688697815,0.30142900347709656,0.26339301466941833,0.287321001291275,0.24127762019634247,1555708000
2003-05-06,0.2878569960594177,0.3196429908275604,0.2874999940395355,0.3125,0.2624216377735138,1514492000
2003-05-07,0.3094640076160431,0.32571399211883545,0.3055360019207001,0.3151789903640747,0.26467129588127136,1054379200
2003-05-08,0.3160710036754608,0.3226790130138397,0.3087500035762787,0.3214290142059326,0.2699197828769684,687736000
2003-05-09,0.32732099294662476,0.32857099175453186,0.3192859888076782,0.32678601145744324,0.2744184136390686,588386400
2003-05-12,0.32410699129104614,0.33464300632476807,0.32374998927116394,0.33142900466918945,0.2783171832561493,419372800
2003-05-13,0.32910698652267456,0.3387500047683716,0.3205359876155853,0.33339300751686096,0.27996644377708435,446796000
2003-05-14,0.3362500071525574,0.33642899990081787,0.32910698652267456,0.33125001192092896,0.27816691994667053,355488000
2003-05-15,0.33214300870895386,0.3366070091724396,0.32982099056243896,0.33446401357650757,0.28086596727371216,284995200
2003-05-16,0.33196398615837097,0.339464008808136,0.32642900943756104,0.3357140123844147,0.2819156348705292,341628000
2003-05-19,0.33089300990104675,0.33303600549697876,0.32249999046325684,0.32321399450302124,0.2714187502861023,445888800
2003-05-20,0.32321399450302124,0.32428601384162903,0.3142859935760498,0.3176789879798889,0.26677069067955017,416220000
2003-05-21,0.3176789879798889,0.32303598523139954,0.3155359923839569,0.3187499940395355,0.26767000555992126,305009600
2003-05-22,0.3194639980792999,0.32857099175453186,0.316785991191864,0.32571399211883545,0.2735181450843811,178460800
2003-05-23,0.32517901062965393,0.32964301109313965,0.32071399688720703,0.32714301347732544,0.2747180759906769,206718400
2003-05-27,0.32071399688720703,0.3375000059604645,0.31982100009918213,0.3371430039405823,0.2831156253814697,290130400
2003-05-28,0.33035698533058167,0.33321401476860046,0.32410699129104614,0.32642900943756104,0.27411842346191406,339679200
2003-05-29,0.32660698890686035,0.33035698533058167,0.3196429908275604,0.32321399450302124,0.2714187502861023,333765600
2003-05-30,0.32357099652290344,0.32464298605918884,0.3130359947681427,0.3205359876155853,0.26916977763175964,382748800
2003-06-02,0.32321399450302124,0.32660698890686035,0.3083930015563965,0.3116070032119751,0.2616717517375946,418588800
2003-06-03,0.3114289939403534,0.3155359923839569,0.30392900109291077,0.3091070055961609,0.2595723271369934,360858400
2003-06-04,0.3089289963245392,0.3176789879798889,0.306071013212204,0.3142859935760498,0.2639213800430298,271202400
2003-06-05,0.3116070032119751,0.316785991191864,0.3094640076160431,0.3149999976158142,0.2645209729671478,205497600
2003-06-06,0.316785991191864,0.32214298844337463,0.306071013212204,0.3062500059604645,0.2571732997894287,241388000
2003-06-09,0.30250000953674316,0.30428600311279297,0.29696398973464966,0.29982098937034607,0.251774400472641,259952000
2003-06-10,0.30160701274871826,0.3087500035762787,0.29910698533058167,0.3067860007286072,0.25762322545051575,176646400
2003-06-11,0.3062500059604645,0.3126789927482605,0.30017900466918945,0.3116070032119751,0.2616717517375946,225114400
2003-06-12,0.3133929967880249,0.3192859888076782,0.3116070032119751,0.3173210024833679,0.2664701044559479,252588000
2003-06-13,0.3169640004634857,0.3205359876155853,0.3058930039405823,0.3110710084438324,0.26122158765792847,191245600
2003-06-16,0.3142859935760498,0.32624998688697815,0.3116070032119751,0.32624998688697815,0.2739681601524353,238526400
2003-06-17,0.32875001430511475,0.33035698533058167,0.32124999165534973,0.32482099533081055,0.27276813983917236,177464000
2003-06-18,0.32946398854255676,0.3478569984436035,0.32696399092674255,0.3414289951324463,0.28671470284461975,454983200
2003-06-19,0.3457140028476715,0.350178986787796,0.33517900109291077,0.3417859971523285,0.28701457381248474,381528000
2003-06-20,0.3455359935760498,0.3496429920196533,0.3375000059604645,0.3428570032119751,0.28791385889053345,356546400
2003-06-23,0.3446429967880249,0.35160699486732483,0.3348209857940674,0.3403570055961609,0.2858145534992218,307361600
2003-06-24,0.3476789891719818,0.3512499928474426,0.33428600430488586,0.33535701036453247,0.281615674495697,514382400
2003-06-25,0.3367860019207001,0.3464289903640747,0.33410701155662537,0.3408930003643036,0.2862646281719208,329812000
2003-06-26,0.33392900228500366,0.3449999988079071,0.33392900228500366,0.3444640040397644,0.28926342725753784,161705600
2003-06-27,0.3446429967880249,0.3448210060596466,0.33000001311302185,0.33446401357650757,0.28086596727371216,365792000
2003-06-30,0.3335709869861603,0.3430359959602356,0.33196398615837097,0.3403570055961609,0.2858145534992218,222152000
2003-07-01,0.3369640111923218,0.3425000011920929,0.33053600788116455,0.3408930003643036,0.2862646281719208,180992000
2003-07-02,0.3398210108280182,0.3464289903640747,0.3396430015563965,0.3441070020198822,0.2889634668827057,325298400
2003-07-03,0.3392859995365143,0.3491069972515106,0.3389289975166321,0.341607004404068,0.28686416149139404,137771200
2003-07-07,0.3441070020198822,0.36035698652267456,0.341607004404068,0.35482099652290344,0.2979605793952942,286272000
2003-07-08,0.3485710024833679,0.3660709857940674,0.348035991191864,0.36428600549697876,0.3059088885784149,256737600
2003-07-09,0.36089301109313965,0.36517900228500366,0.3551790118217468,0.3551790118217468,0.29826122522354126,213645600
2003-07-10,0.35499998927116394,0.35607099533081055,0.345892995595932,0.3496429920196533,0.29361239075660706,170934400
2003-07-11,0.35107100009918213,0.35714301466941833,0.3487499952316284,0.35446399450302124,0.2976609170436859,136858400
2003-07-14,0.35732099413871765,0.36428600549697876,0.35482099652290344,0.35535699129104614,0.29841065406799316,188406400
2003-07-15,0.35749998688697815,0.36142900586128235,0.3469640016555786,0.350178986787796,0.29406243562698364,206645600
2003-07-16,0.35660699009895325,0.35714301466941833,0.3460710048675537,0.35482099652290344,0.2979605793952942,250930400
2003-07-17,0.36053600907325745,0.3741070032119751,0.35946398973464966,0.3732140064239502,0.31340619921684265,751212000
2003-07-18,0.3732140064239502,0.3782140016555786,0.36428600549697876,0.3725000023841858,0.31280654668807983,298838400
2003-07-21,0.3694640100002289,0.3714289963245392,0.36250001192092896,0.3680360019207001,0.30905792117118835,183808800
2003-07-22,0.3726789951324463,0.3742859959602356,0.3660709857940674,0.3714289963245392,0.31190717220306396,198424800
2003-07-23,0.3741070032119751,0.3742859959602356,0.36535701155662537,0.3712500035762787,0.31175696849823,143035200
2003-07-24,0.3757140040397644,0.3839290142059326,0.36392900347709656,0.36625000834465027,0.3075582981109619,229236000
2003-07-25,0.36446401476860046,0.3851790130138397,0.36428600549697876,0.38464298844337463,0.3230036497116089,216686400
2003-07-28,0.3839290142059326,0.3839290142059326,0.3725000023841858,0.3748210072517395,0.3147556781768799,170357600
2003-07-29,0.3748210072517395,0.3764289915561676,0.36642900109291077,0.3700000047683716,0.3107072412967682,197120000
2003-07-30,0.3708930015563965,0.3732140064239502,0.36017900705337524,0.36214300990104675,0.3041093647480011,173594400
2003-07-31,0.3703570067882538,0.3812499940395355,0.3673210144042969,0.3764289915561676,0.3161059021949768,301464800
2003-08-01,0.375,0.3798210024833679,0.368571013212204,0.3701789975166321,0.3108574450016022,149604000
2003-08-04,0.36660701036453247,0.3839290142059326,0.36214300990104675,0.3787499964237213,0.31805509328842163,230115200
2003-08-05,0.3812499940395355,0.3821429908275604,0.35892900824546814,0.36392900347709656,0.3056091070175171,249440800
2003-08-06,0.35821399092674255,0.36017900705337524,0.3482140004634857,0.3505359888076782,0.2943623661994934,245464800
2003-08-07,0.35232099890708923,0.35874998569488525,0.3467859923839569,0.35589298605918884,0.2988607585430145,174378400
2003-08-08,0.35910698771476746,0.35946398973464966,0.3499999940395355,0.3507139980792999,0.2945118248462677,137659200
2003-08-11,0.3539290130138397,0.35589298605918884,0.3483929932117462,0.35107100009918213,0.29481157660484314,137228000
2003-08-12,0.35285699367523193,0.35357099771499634,0.3474999964237213,0.3517859876155853,0.2954120635986328,164438400
2003-08-13,0.35464298725128174,0.36321398615837097,0.3496429920196533,0.36035698652267456,0.3026094138622284,284099200
2003-08-14,0.36089301109313965,0.36303600668907166,0.35607099533081055,0.35660699009895325,0.2994604706764221,192780000
2003-08-15,0.35749998688697815,0.35839301347732544,0.35107100009918213,0.35196399688720703,0.2955615520477295,125865600
2003-08-18,0.35464298725128174,0.36446401476860046,0.35214298963546753,0.36321398615837097,0.3050086200237274,192774400
2003-08-19,0.36375001072883606,0.36517900228500366,0.35714301466941833,0.36285701394081116,0.3047088086605072,133688800
2003-08-20,0.36035698652267456,0.3798210024833679,0.35964301228523254,0.3751789927482605,0.3150562345981598,273212800
2003-08-21,0.3755359947681427,0.38767901062965393,0.3741070032119751,0.38714298605918884,0.3251030743122101,255326400
2003-08-22,0.38946399092674255,0.39285698533058167,0.368571013212204,0.372857004404068,0.31310632824897766,250264000
2003-08-25,0.3710710108280182,0.3733929991722107,0.36589300632476807,0.3725000023841858,0.31280654668807983,137782400
2003-08-26,0.3705359995365143,0.3762499988079071,0.36339300870895386,0.3758929967880249,0.3156558573246002,164959200
2003-08-27,0.3733929991722107,0.38357099890708923,0.368928998708725,0.38357099890708923,0.3221033811569214,225702400
2003-08-28,0.3808929920196533,0.39678600430488586,0.3808929920196533,0.39625000953674316,0.33275073766708374,319625600
2003-08-29,0.39642900228500366,0.4080359935760498,0.39375001192092896,0.4037500023841858,0.339048832654953,263155200
2003-09-02,0.4046429991722107,0.4089289903640747,0.4000000059604645,0.4080359935760498,0.34264782071113586,242132800
2003-09-03,0.4071429967880249,0.4164290130138397,0.4064289927482605,0.4098210036754608,0.34414687752723694,268828000
2003-09-04,0.41357100009918213,0.4151790142059326,0.4066070020198822,0.4076789915561676,0.34234803915023804,199780000
2003-09-05,0.4058929979801178,0.4133929908275604,0.400178998708725,0.4017859995365143,0.3373993933200836,240133600
2003-09-08,0.4014289975166321,0.4069640040397644,0.4012500047683716,0.4060710072517395,0.3409978747367859,167244000
2003-09-09,0.4023210108280182,0.4048210084438324,0.39500001072883606,0.3994640111923218,0.3354496657848358,180370400
2003-09-10,0.3973209857940674,0.4037500023841858,0.3948209881782532,0.3960709869861603,0.3326002061367035,224890400
2003-09-11,0.3973209857940674,0.4069640040397644,0.39464300870895386,0.4028570055961609,0.33829888701438904,213684800
2003-09-12,0.401964008808136,0.4132139980792999,0.39839300513267517,0.4124999940395355,0.34639644622802734,179989600
2003-09-15,0.4073210060596466,0.4089289903640747,0.39500001072883606,0.39660701155662537,0.333050400018692,226844800
2003-09-16,0.39660701155662537,0.4051789939403534,0.39642900228500366,0.3992860019207001,0.3353000581264496,269007200
2003-09-17,0.3994640111923218,0.3996430039405823,0.39017900824546814,0.39500001072883606,0.3317009508609772,289396800
2003-09-18,0.39464300870895386,0.410535991191864,0.39196398854255676,0.4085710048675537,0.34309718012809753,252907200
2003-09-19,0.4085710048675537,0.4116069972515106,0.4005360007286072,0.4032140076160431,0.3385985493659973,205956800
2003-09-22,0.3960709869861603,0.4017859995365143,0.39142900705337524,0.39428600668907166,0.3311011493206024,179821600
2003-09-23,0.39321398735046387,0.4010710120201111,0.39071398973464966,0.4005360007286072,0.3363497853279114,132451200
2003-09-24,0.39660701155662537,0.39839300513267517,0.3764289915561676,0.3807139992713928,0.3197042942047119,301285600
2003-09-25,0.381071001291275,0.3816069960594177,0.36160698533058167,0.3648209869861603,0.3063582479953766,574380800
2003-09-26,0.36250001192092896,0.38749998807907104,0.35982099175453186,0.3694640100002289,0.3102571368217468,347250400
2003-09-29,0.38374999165534973,0.38696399331092834,0.3687500059604645,0.3803569972515106,0.3194044232368469,365702400
2003-09-30,0.3766070008277893,0.3789289891719818,0.36500000953674316,0.3700000047683716,0.3107072412967682,285426400
2003-10-01,0.3698210120201111,0.3767859935760498,0.36053600907325745,0.3712500035762787,0.31175696849823,236112800
2003-10-02,0.3714289963245392,0.3714289963245392,0.36214300990104675,0.3673210144042969,0.3084574341773987,204058400
2003-10-03,0.3748210072517395,0.39035698771476746,0.372857004404068,0.38732099533081055,0.3252525329589844,299600000
2003-10-06,0.38696399331092834,0.3987500071525574,0.38535699248313904,0.39803600311279297,0.33425047993659973,268329600
2003-10-07,0.39375001192092896,0.41803601384162903,0.39125001430511475,0.41464298963546753,0.3481961488723755,418174400
2003-10-08,0.4151790142059326,0.42035698890686035,0.4058929979801178,0.4117859899997711,0.34579694271087646,428668800
2003-10-09,0.41607099771499634,0.42267900705337524,0.4069640040397644,0.41874998807907104,0.35164493322372437,347748800
2003-10-10,0.41964301466941833,0.42517900466918945,0.41732099652290344,0.42285698652267456,0.3550938069820404,174837600
2003-10-13,0.42375001311302185,0.4358929991722107,0.42357099056243896,0.4348210096359253,0.36514055728912354,279865600
2003-10-14,0.4342859983444214,0.441785991191864,0.4319640100002289,0.4383929967880249,0.36814025044441223,275419200
2003-10-15,0.4437499940395355,0.44660699367523193,0.4389289915561676,0.4432139992713928,0.3721885681152344,610103200
2003-10-16,0.42500001192092896,0.42571398615837097,0.400178998708725,0.4151790142059326,0.34864625334739685,975682400
2003-10-17,0.41749998927116394,0.41946399211883545,0.4005360007286072,0.40625,0.34114816784858704,359811200
2003-10-20,0.4035710096359253,0.41678598523139954,0.3996430039405823,0.41464298963546753,0.3481961488723755,279132000
2003-10-21,0.41624999046325684,0.41785699129104614,0.40625,0.4139289855957031,0.34759655594825745,176461600
2003-10-22,0.4096429944038391,0.4142859876155853,0.4050000011920929,0.4064289927482605,0.3412984013557434,161599200
2003-10-23,0.4058929979801178,0.4133929908275604,0.4033930003643036,0.410535991191864,0.3447472155094147,165211200
2003-10-24,0.4028570055961609,0.4080359935760498,0.39696401357650757,0.4035710096359253,0.3388984799385071,219856000
2003-10-27,0.40625,0.4087499976158142,0.4016070067882538,0.4035710096359253,0.3388984799385071,162013600
2003-10-28,0.4028570055961609,0.42446398735046387,0.4000000059604645,0.42357099056243896,0.35569337010383606,251714400
2003-10-29,0.41982099413871765,0.42678600549697876,0.41678598523139954,0.42303600907325745,0.3552441895008087,267080800
2003-10-30,0.42839300632476807,0.4285709857940674,0.408392995595932,0.412321001291275,0.34624627232551575,260556800
2003-10-31,0.41607099771499634,0.41696399450302124,0.4067859947681427,0.4087499976158142,0.3432474136352539,218153600
2003-11-03,0.4076789915561676,0.41607099771499634,0.4067859947681427,0.4133929908275604,0.34714651107788086,302842400
2003-11-04,0.4119639992713928,0.4124999940395355,0.4033930003643036,0.4091069996356964,0.3435472846031189,249233600
2003-11-05,0.4074999988079071,0.4130359888076782,0.4012500047683716,0.4112499952316284,0.3453468382358551,322470400
2003-11-06,0.4091069996356964,0.4133929908275604,0.4044640064239502,0.4128569960594177,0.3466963768005371,397073600
2003-11-07,0.41410699486732483,0.41499999165534973,0.4008930027484894,0.4017859995365143,0.3373993933200836,210145600
2003-11-10,0.4008930027484894,0.4044640064239502,0.38999998569488525,0.39107099175453186,0.32840150594711304,234276000
2003-11-11,0.39107099175453186,0.39321398735046387,0.38357099890708923,0.38464298844337463,0.3230036497116089,215073600
2003-11-12,0.38357099890708923,0.4057140052318573,0.38357099890708923,0.3987500071525574,0.3348499536514282,300003200
2003-11-13,0.39410701394081116,0.4028570055961609,0.39142900705337524,0.4003570079803467,0.33619946241378784,212772000
2003-11-14,0.4014289975166321,0.4037500023841858,0.3799999952316284,0.38321399688720703,0.3218036890029907,237048000
2003-11-17,0.3812499940395355,0.3816069960594177,0.3741070032119751,0.3773210048675537,0.31685492396354675,228256000
2003-11-18,0.3787499964237213,0.381071001291275,0.36339300870895386,0.36446401476860046,0.3060583472251892,267192800
2003-11-19,0.36714300513267517,0.3687500059604645,0.36178600788116455,0.36464300751686096,0.3062085807323456,344584800
2003-11-20,0.35892900824546814,0.3764289915561676,0.35892900824546814,0.36392900347709656,0.3056091070175171,239590400
2003-11-21,0.36321398615837097,0.3675000071525574,0.35446399450302124,0.36214300990104675,0.3041093647480011,241836000
2003-11-24,0.3660709857940674,0.3798210024833679,0.36517900228500366,0.3776789903640747,0.3171556293964386,381824800
2003-11-25,0.3791069984436035,0.3794640004634857,0.3680360019207001,0.3692860007286072,0.31010767817497253,268654400
2003-11-26,0.3730359971523285,0.3776789903640747,0.36160698533058167,0.3700000047683716,0.3107072412967682,245128800
2003-11-28,0.3710710108280182,0.3762499988079071,0.36642900109291077,0.3733929991722107,0.3135564625263214,76098400
2003-12-01,0.3757140040397644,0.39017900824546814,0.375,0.38767901062965393,0.3255530893802643,361536000
2003-12-02,0.38571399450302124,0.39107099175453186,0.38232100009918213,0.38464298844337463,0.3230036497116089,205296000
2003-12-03,0.38464298844337463,0.38999998569488525,0.3742859959602356,0.3755359947681427,0.31535604596138,191296000
2003-12-04,0.3739289939403534,0.3780359923839569,0.3708930015563965,0.3776789903640747,0.3171556293964386,177940000
2003-12-05,0.3732140064239502,0.3776789903640747,0.3701789975166321,0.3723210096359253,0.31265631318092346,186177600
2003-12-08,0.3710710108280182,0.3764289915561676,0.36446401476860046,0.3758929967880249,0.3156558573246002,148237600
2003-12-09,0.3780359923839569,0.3794640004634857,0.36428600549697876,0.36517900228500366,0.30665871500968933,135144800
2003-12-10,0.36517900228500366,0.3680360019207001,0.35642901062965393,0.36392900347709656,0.3056091070175171,271336800
2003-12-11,0.36160698533058167,0.381071001291275,0.36089301109313965,0.3787499964237213,0.31805509328842163,183136800
2003-12-12,0.3807139992713928,0.3807139992713928,0.3696430027484894,0.3730359971523285,0.31325674057006836,192673600
2003-12-15,0.38374999165534973,0.38374999165534973,0.35839301347732544,0.36017900705337524,0.3024599552154541,388908800
2003-12-16,0.36053600907325745,0.36589300632476807,0.35732099413871765,0.35928601026535034,0.3017101585865021,373956800
2003-12-17,0.35857099294662476,0.35946398973464966,0.35339298844337463,0.35499998927116394,0.29811087250709534,274260000
2003-12-18,0.35535699129104614,0.36035698652267456,0.35535699129104614,0.35785698890686035,0.30051007866859436,330915200
2003-12-19,0.36053600907325745,0.36464300751686096,0.3503569960594177,0.3517859876155853,0.2954120635986328,453560800
2003-12-22,0.3508929908275604,0.3551790118217468,0.34375,0.35446399450302124,0.2976609170436859,377064800
2003-12-23,0.35571399331092834,0.35624998807907104,0.3499999940395355,0.35374999046325684,0.2970612645149231,308498400
2003-12-24,0.35214298963546753,0.36767899990081787,0.3508929908275604,0.36446401476860046,0.3060583472251892,177475200
2003-12-26,0.36339300870895386,0.3733929991722107,0.36321398615837097,0.3710710108280182,0.3116065561771393,103695200
2003-12-29,0.3733929991722107,0.3778569996356964,0.3725000023841858,0.3776789903640747,0.3171556293964386,233458400
2003-12-30,0.3782140016555786,0.3839290142059326,0.3776789903640747,0.3799999952316284,0.31910476088523865,204853600
2003-12-31,0.3812499940395355,0.38446399569511414,0.3782140016555786,0.3816069960594177,0.3204542100429535,174451200
2004-01-02,0.38482099771499634,0.38839301466941833,0.3782140016555786,0.3799999952316284,0.31910476088523865,144642400
2004-01-05,0.3824999928474426,0.399821013212204,0.3824999928474426,0.39589300751686096,0.33245089650154114,395018400
2004-01-06,0.3973209857940674,0.4003570079803467,0.38767901062965393,0.39446398615837097,0.3312508463859558,509348000
2004-01-07,0.39464300870895386,0.4076789915561676,0.39160698652267456,0.4033930003643036,0.3387489914894104,586874400
2004-01-08,0.4078570008277893,0.42375001311302185,0.4044640064239502,0.41714298725128174,0.3502955436706543,460303200
2004-01-09,0.41482099890708923,0.4308930039405823,0.4069640040397644,0.4107140004634857,0.34489673376083374,427459200
2004-01-12,0.4151790142059326,0.4285709857940674,0.4124999940395355,0.42375001311302185,0.355843722820282,487547200
2004-01-13,0.4410710036754608,0.443571001291275,0.4260709881782532,0.4307140111923218,0.3616917133331299,679016800
2004-01-14,0.4357140064239502,0.4382140040397644,0.42464300990104675,0.4321430027484894,0.36289164423942566,620043200
2004-01-15,0.4091069996356964,0.41785699129104614,0.4017859995365143,0.4080359935760498,0.34264782071113586,1018208800
2004-01-16,0.4087499976158142,0.4114289879798889,0.4037500023841858,0.4057140052318573,0.3406980037689209,372820000
2004-01-20,0.4048210084438324,0.4071429967880249,0.3973209857940674,0.4058929979801178,0.3408483862876892,315946400
2004-01-21,0.4053570032119751,0.4101789891719818,0.4005360007286072,0.4037500023841858,0.339048832654953,226660000
2004-01-22,0.4028570055961609,0.4076789915561676,0.3960709869861603,0.3960709869861603,0.3326002061367035,205004800
2004-01-23,0.4003570079803467,0.4060710072517395,0.3973209857940674,0.4028570055961609,0.33829888701438904,227169600
2004-01-26,0.4010710120201111,0.4117859899997711,0.4005360007286072,0.4108929932117462,0.34504708647727966,271269600
2004-01-27,0.4114289879798889,0.4151790142059326,0.4071429967880249,0.4119639992713928,0.34594640135765076,307070400
2004-01-28,0.4078570008277893,0.41749998927116394,0.400178998708725,0.4021430015563965,0.3376993238925934,275402400
2004-01-29,0.404107004404068,0.4071429967880249,0.39625000953674316,0.4050000011920929,0.34009841084480286,212699200
2004-01-30,0.4044640064239502,0.408392995595932,0.4003570079803467,0.4028570055961609,0.33829888701438904,185298400
2004-02-02,0.4010710120201111,0.4073210060596466,0.39428600668907166,0.3985710144042969,0.33469969034194946,287431200
2004-02-03,0.3982140123844147,0.4000000059604645,0.39285698533058167,0.39750000834465027,0.3338002860546112,180812800
2004-02-04,0.39285698533058167,0.39446398615837097,0.38749998807907104,0.38910698890686035,0.3267521560192108,305552800
2004-02-05,0.38964301347732544,0.4091069996356964,0.38946399092674255,0.4003570079803467,0.33619946241378784,352844800
2004-02-06,0.4008930027484894,0.4087499976158142,0.4000000059604645,0.4055359959602356,0.3405485153198242,193340000
2004-02-09,0.4039289951324463,0.4082140028476715,0.4017859995365143,0.4048210084438324,0.33994805812835693,188260800
2004-02-10,0.4039289951324463,0.4128569960594177,0.4007140100002289,0.4103569984436035,0.3445970118045807,255343200
2004-02-11,0.412321001291275,0.42625001072883606,0.4116069972515106,0.42500001192092896,0.3568934500217438,348544000
2004-02-12,0.42160698771476746,0.42839300632476807,0.42142900824546814,0.42375001311302185,0.355843722820282,183988000
2004-02-13,0.42589300870895386,0.4303570091724396,0.4076789915561676,0.4107140004634857,0.34489673376083374,315980000
2004-02-17,0.4124999940395355,0.41946399211883545,0.4124999940395355,0.41357100009918213,0.34729596972465515,170956800
2004-02-18,0.4139289855957031,0.41857099533081055,0.4116069972515106,0.41535699367523193,0.34879574179649353,141635200
2004-02-19,0.41660699248313904,0.42214301228523254,0.400178998708725,0.4012500047683716,0.3369493782520294,323080800
2004-02-20,0.4017859995365143,0.401964008808136,0.39660701155662537,0.4000000059604645,0.3358997106552124,277603200
2004-02-23,0.39892899990081787,0.4010710120201111,0.39089301228523254,0.39625000953674316,0.33275073766708374,194079200
2004-02-24,0.39535701274871826,0.4060710072517395,0.39285698533058167,0.3992860019207001,0.3353000581264496,259056000
2004-02-25,0.39785701036453247,0.4089289903640747,0.39660701155662537,0.4073210060596466,0.34204742312431335,276276000
2004-02-26,0.4085710048675537,0.4139289855957031,0.4071429967880249,0.4114289879798889,0.34549713134765625,198408000
2004-02-27,0.4099999964237213,0.42892900109291077,0.4098210036754608,0.42714300751686096,0.35869300365448,468837600
2004-03-01,0.4303570091724396,0.4339289963245392,0.42625001072883606,0.42892900109291077,0.36019280552864075,321680800
2004-03-02,0.4285709857940674,0.4303570091724396,0.42446398735046387,0.42517900466918945,0.3570437431335449,256687200
2004-03-03,0.42142900824546814,0.4319640100002289,0.42142900824546814,0.42714300751686096,0.35869300365448,225131200
2004-03-04,0.4273209869861603,0.45035699009895325,0.42696401476860046,0.44928601384162903,0.37728750705718994,660223200
2004-03-05,0.4455359876155853,0.49089300632476807,0.4446429908275604,0.47749999165534973,0.4009803533554077,1540599200
2004-03-08,0.4753569960594177,0.47839298844337463,0.4607140123844147,0.4642859995365143,0.38988378643989563,522872000
2004-03-09,0.4625000059604645,0.48625001311302185,0.4598209857940674,0.48392900824546814,0.40637898445129395,618363200
2004-03-10,0.48285698890686035,0.5024999976158142,0.48107099533081055,0.4942860007286072,0.41507628560066223,1006964000
2004-03-11,0.48696398735046387,0.5007140040397644,0.48374998569488525,0.48482099175453186,0.40712788701057434,595851200
2004-03-12,0.48785701394081116,0.4960710108280182,0.48517900705337524,0.49214300513267517,0.4132768213748932,329224000
2004-03-15,0.48267900943756104,0.48839300870895386,0.4689289927482605,0.4723210036754608,0.3966311514377594,481717600
2004-03-16,0.4741069972515106,0.475178986787796,0.45339301228523254,0.4610710144042969,0.3871839642524719,605432800
2004-03-17,0.4635710120201111,0.4710710048675537,0.46035701036453247,0.4676789939403534,0.392733097076416,411432000
2004-03-18,0.4632140100002289,0.4653570055961609,0.45696398615837097,0.45839300751686096,0.38493528962135315,321081600
2004-03-19,0.45642900466918945,0.48107099533081055,0.45607098937034607,0.4617860019207001,0.387784481048584,408576000
2004-03-22,0.45303601026535034,0.4673210084438324,0.45089301466941833,0.4617860019207001,0.387784481048584,419031200
2004-03-23,0.4621430039405823,0.4642859995365143,0.45035699009895325,0.45160698890686035,0.37923648953437805,385515200
2004-03-24,0.45124998688697815,0.4598209857940674,0.45124998688697815,0.45535698533058167,0.3823856711387634,428215200
2004-03-25,0.4667859971523285,0.48053601384162903,0.462321013212204,0.47982099652290344,0.40292924642562866,566445600
2004-03-26,0.48214301466941833,0.4885709881782532,0.48053601384162903,0.48285698890686035,0.40547874569892883,419893600
2004-03-29,0.48875001072883606,0.4998210072517395,0.48571398854255676,0.4983929991722107,0.4185250997543335,350728000
2004-03-30,0.4953570067882538,0.4991070032119751,0.48821398615837097,0.4985710084438324,0.4186745882034302,359676800
2004-03-31,0.4985710084438324,0.4996429979801178,0.48124998807907104,0.48285698890686035,0.40547874569892883,390773600
2004-04-01,0.4801790118217468,0.48696398735046387,0.4753569960594177,0.48410698771476746,0.406528502702713,318332000
2004-04-02,0.4955359995365143,0.4987500011920929,0.48625001311302185,0.4910709857940674,0.41237643361091614,274478400
2004-04-05,0.49071401357650757,0.5066069960594177,0.49000000953674316,0.5057139992713928,0.42467302083969116,385672000
2004-04-06,0.4948210120201111,0.5026789903640747,0.4898209869861603,0.4969640076160431,0.41732510924339294,257992000
2004-04-07,0.4930360019207001,0.4946430027484894,0.48071399331092834,0.48767900466918945,0.40952807664871216,255119200
2004-04-08,0.497857004404068,0.5,0.48571398854255676,0.49160701036453247,0.4128265678882599,240917600
2004-04-12,0.4910709857940674,0.5017859935760498,0.49089300632476807,0.5007140040397644,0.42047417163848877,230540800
2004-04-13,0.4996429979801178,0.5005360245704651,0.47928598523139954,0.48089298605918884,0.4038294553756714,436396800
2004-04-14,0.47749999165534973,0.48339301347732544,0.4698210060596466,0.4757139980792999,0.3994803726673126,639732800
2004-04-15,0.5146430134773254,0.5282139778137207,0.5028570294380188,0.5232139825820923,0.4393685758113861,1761446400
2004-04-16,0.5205360054969788,0.5233929753303528,0.5089290142059326,0.5210710167884827,0.43756893277168274,402931200
2004-04-19,0.5021430253982544,0.513392984867096,0.4969640076160431,0.5062500238418579,0.42512309551239014,712353600
2004-04-20,0.5037500262260437,0.5073210000991821,0.49214300513267517,0.4951789975166321,0.4158262014389038,354519200
2004-04-21,0.4928570091724396,0.5021430253982544,0.48875001072883606,0.4951789975166321,0.4158262014389038,325875200
2004-04-22,0.49214300513267517,0.5032140016555786,0.48410698771476746,0.4960710108280182,0.41657519340515137,344584800
2004-04-23,0.4946430027484894,0.5,0.48303601145744324,0.4946430027484894,0.4153760075569153,315828800
2004-04-26,0.4925000071525574,0.493571013212204,0.48214301466941833,0.48446398973464966,0.40682822465896606,231128800
2004-04-27,0.48642900586128235,0.49000000953674316,0.47660699486732483,0.48107099533081055,0.40397900342941284,283864000
2004-04-28,0.4789290130138397,0.48232099413871765,0.4703570008277893,0.4723210036754608,0.3966311514377594,231168000
2004-04-29,0.4723210036754608,0.48214301466941833,0.4639289975166321,0.47803598642349243,0.4014304280281067,460790400
2004-04-30,0.47696399688720703,0.48142901062965393,0.45517900586128235,0.46035701036453247,0.3865843713283539,466502400
2004-05-03,0.4642859995365143,0.4701789915561676,0.45964300632476807,0.4655359983444214,0.39093348383903503,297634400
2004-05-04,0.4637500047683716,0.4741069972515106,0.45535698533058167,0.4667859971523285,0.391983300447464,279983200
2004-05-05,0.4678570032119751,0.4776790142059326,0.4635710120201111,0.4758929908275604,0.3996308445930481,238106400
2004-05-06,0.4714289903640747,0.4776790142059326,0.4625000059604645,0.4746429920196533,0.39858105778694153,263558400
2004-05-07,0.4741069972515106,0.4923210144042969,0.4741069972515106,0.4762499928474426,0.39993053674697876,419036800
2004-05-10,0.4691070020198822,0.4749999940395355,0.4632140100002289,0.4692859947681427,0.39408260583877563,249978400
2004-05-11,0.4714289903640747,0.48553600907325745,0.4714289903640747,0.48464301228523254,0.40697863698005676,305172000
2004-05-12,0.47839298844337463,0.48821398615837097,0.4685710072517395,0.48750001192092896,0.4093778133392334,245420000
2004-05-13,0.48392900824546814,0.4950000047683716,0.48035699129104614,0.48553600907325745,0.4077284634113312,229852000
2004-05-14,0.48660698533058167,0.48785701394081116,0.4723210036754608,0.48321399092674255,0.4057784974575043,257801600
2004-05-17,0.4767859876155853,0.48321399092674255,0.4707140028476715,0.4757139980792999,0.3994803726673126,300445600
2004-05-18,0.48160699009895325,0.48732098937034607,0.47857099771499634,0.48321399092674255,0.4057784974575043,206063200
2004-05-19,0.48928600549697876,0.4910709857940674,0.4717859923839569,0.4726789891719818,0.39693182706832886,375592000
2004-05-20,0.4755359888076782,0.48214301466941833,0.4726789891719818,0.47696399688720703,0.4005301594734192,196296800
2004-05-21,0.48035699129104614,0.48571398854255676,0.47732099890708923,0.48410698771476746,0.406528502702713,179894400
2004-05-24,0.48732098937034607,0.4982140064239502,0.48410698771476746,0.48821398615837097,0.4099773168563843,235603200
2004-05-25,0.4910709857940674,0.5091069936752319,0.48732098937034607,0.5073210000991821,0.4260224997997284,319978400
2004-05-26,0.5058929920196533,0.513929009437561,0.5,0.5091069936752319,0.4275222718715668,322168000
2004-05-27,0.508213996887207,0.5107139945030212,0.4967859983444214,0.5030360221862793,0.4224240779876709,235972800
2004-05-28,0.50142902135849,0.5048210024833679,0.4964289963245392,0.5010709762573242,0.4207739531993866,145717600
2004-06-01,0.4962500035762787,0.5035709738731384,0.4930360019207001,0.5010709762573242,0.4207739531993866,182134400
2004-06-02,0.5005360245704651,0.5208929777145386,0.4964289963245392,0.5164290070533752,0.43367090821266174,318712800
2004-06-03,0.5128570199012756,0.51767897605896,0.5051789879798889,0.5071430206298828,0.42587289214134216,250930400
2004-06-04,0.5099999904632568,0.5223209857940674,0.5091069936752319,0.513929009437561,0.43157148361206055,399112000
2004-06-07,0.5185710191726685,0.5353569984436035,0.5144640207290649,0.5323209762573242,0.4470161497592926,295876000
2004-06-08,0.535535991191864,0.5435709953308105,0.53267902135849,0.5419639945030212,0.45511394739151,415620800
2004-06-09,0.5373209714889526,0.5483930110931396,0.5357139706611633,0.5392860174179077,0.45286497473716736,349204800
2004-06-10,0.5392860174179077,0.5530359745025635,0.5392860174179077,0.54892897605896,0.46096259355545044,257577600
2004-06-14,0.5473210215568542,0.5478569865226746,0.5267860293388367,0.5378569960594177,0.4516649544239044,243986400
2004-06-15,0.5453569889068604,0.5560709834098816,0.5403569936752319,0.5480359792709351,0.4602126479148865,444634400
2004-06-16,0.5475000143051147,0.5950000286102295,0.545179009437561,0.5846430063247681,0.49095338582992554,909641600
2004-06-17,0.5814290046691895,0.5916069746017456,0.5751789808273315,0.5858929753303528,0.49200311303138733,551320000
2004-06-18,0.5832139849662781,0.5966070294380188,0.5791069865226746,0.5876790285110474,0.4935029447078705,406252000
2004-06-21,0.5914289951324463,0.5982139706611633,0.5735710263252258,0.5773209929466248,0.4848048686981201,390213600
2004-06-22,0.5767859816551208,0.5908929705619812,0.5766069889068604,0.5892860293388367,0.49485233426094055,360511200
2004-06-23,0.5892860293388367,0.6041070222854614,0.5873209834098816,0.6017860174179077,0.5053493976593018,390868800
2004-06-24,0.5983930230140686,0.6017860174179077,0.5889289975166321,0.5924999713897705,0.49755123257637024,252515200
2004-06-25,0.5905359983444214,0.6017860174179077,0.5892860293388367,0.6017860174179077,0.5053493976593018,323428000
2004-06-28,0.6103569865226746,0.6105359792709351,0.5751789808273315,0.58017897605896,0.48720479011535645,521096800
2004-06-29,0.5726789832115173,0.5891069769859314,0.5608929991722107,0.580357015132904,0.4873543381690979,590553600
2004-06-30,0.5814290046691895,0.5887500047683716,0.5694640278816223,0.5810710191726685,0.4879540205001831,373044000
2004-07-01,0.5732139945030212,0.5799999833106995,0.5696430206298828,0.5767859816551208,0.48435544967651367,341941600
2004-07-02,0.5442860126495361,0.5567860007286072,0.5308930277824402,0.5550000071525574,0.46606090664863586,910683200
2004-07-06,0.5583930015563965,0.56107097864151,0.550000011920929,0.5526790022850037,0.4641115963459015,348980800
2004-07-07,0.5508930087089539,0.5600000023841858,0.5380359888076782,0.5426790118217468,0.45571428537368774,397992000
2004-07-08,0.5380359888076782,0.5478569865226746,0.5348209738731384,0.5382140278816223,0.451964795589447,233380000
2004-07-09,0.5405359864234924,0.544642984867096,0.5362499952316284,0.5362499952316284,0.45031553506851196,208863200
2004-07-12,0.5360710024833679,0.5364289879798889,0.5166069865226746,0.5203570127487183,0.4369693994522095,511621600
2004-07-13,0.5223209857940674,0.5285710096359253,0.5182139873504639,0.5217859745025635,0.43816938996315,316176000
2004-07-14,0.5153570175170898,0.5351790189743042,0.5132139921188354,0.5282139778137207,0.44356733560562134,835800000
2004-07-15,0.5832139849662781,0.6005359888076782,0.5733929872512817,0.5880360007286072,0.4938027858734131,1767724000
2004-07-16,0.5857139825820923,0.5878570079803467,0.5735710263252258,0.574999988079071,0.4828556776046753,488381600
2004-07-19,0.5716069936752319,0.5753570199012756,0.5653570294380188,0.5708929896354675,0.4794069230556488,533170400
2004-07-20,0.5705360174179077,0.574999988079071,0.5633929967880249,0.574999988079071,0.4828556776046753,323747200
2004-07-21,0.5789290070533752,0.584106981754303,0.5596429705619812,0.5646430253982544,0.47415849566459656,301257600
2004-07-22,0.5580360293388367,0.5666069984436035,0.5546429753303528,0.5657140016555786,0.47505804896354675,334118400
2004-07-23,0.5630360245704651,0.5669639706611633,0.5442860126495361,0.5482140183448792,0.4603624641895294,273571200
2004-07-26,0.5508930087089539,0.5616070032119751,0.5496429800987244,0.558214008808136,0.4687597453594208,393932000
2004-07-27,0.567857027053833,0.5848209857940674,0.5637500286102295,0.5791069865226746,0.4863046407699585,425006400
2004-07-28,0.5769640207290649,0.5787500143051147,0.5564290285110474,0.5762500166893005,0.4839056134223938,285051200
2004-07-29,0.579820990562439,0.5860710144042969,0.5737500190734863,0.5828570127487183,0.48945385217666626,222157600
2004-07-30,0.5830360054969788,0.5892860293388367,0.5714290142059326,0.5774999856948853,0.4849550724029541,243023200
2004-08-02,0.5567860007286072,0.574999988079071,0.5558930039405823,0.56392902135849,0.4735589325428009,365092000
2004-08-03,0.5616070032119751,0.5664290189743042,0.5562499761581421,0.5587499737739563,0.4692099392414093,211629600
2004-08-04,0.5569639801979065,0.5735710263252258,0.5566070079803467,0.5676789879798889,0.4767078757286072,276488800
2004-08-05,0.5680360198020935,0.5767859816551208,0.5580360293388367,0.5605360269546509,0.4707096219062805,244501600
2004-08-06,0.5517860054969788,0.5553569793701172,0.5303570032119751,0.5317860245704651,0.44656679034233093,492290400
2004-08-09,0.5330359935760498,0.543749988079071,0.5323209762573242,0.5410709977149963,0.45436397194862366,290847200
2004-08-10,0.5426790118217468,0.5632140040397644,0.5419639945030212,0.5628569722175598,0.47265857458114624,351036000
2004-08-11,0.5553569793701172,0.5558930039405823,0.5403569936752319,0.5537499785423279,0.4650110900402069,322392000
2004-08-12,0.543749988079071,0.5508930087089539,0.5407140254974365,0.5423210263252258,0.45541372895240784,226200800
2004-08-13,0.5464289784431458,0.5585709810256958,0.5428569912910461,0.5507140159606934,0.4624616503715515,328048000
2004-08-16,0.5535709857940674,0.5664290189743042,0.5471429824829102,0.5496429800987244,0.46156221628189087,435674400
2004-08-17,0.5460709929466248,0.5558930039405823,0.5419639945030212,0.5512499809265137,0.4629116654396057,323019200
2004-08-18,0.54482102394104,0.5687500238418579,0.5444639921188354,0.566785991191864,0.4759581685066223,364655200
2004-08-19,0.5626789927482605,0.5689290165901184,0.5421429872512817,0.5483930110931396,0.46051260828971863,388920000
2004-08-20,0.5483930110931396,0.5533930063247681,0.5444639921188354,0.550000011920929,0.4618619680404663,316780800
2004-08-23,0.5510709881782532,0.5583930015563965,0.5464289784431458,0.5550000071525574,0.46606090664863586,254660000
2004-08-24,0.558214008808136,0.5705360174179077,0.5569639801979065,0.5705360174179077,0.47910699248313904,374136000
2004-08-25,0.5691069960594177,0.5919640064239502,0.5666069984436035,0.5901790261268616,0.49560242891311646,505618400
2004-08-26,0.5899999737739563,0.6282140016555786,0.5846430063247681,0.6189290285110474,0.5197452306747437,955858400
2004-08-27,0.6192860007286072,0.620714008808136,0.607142984867096,0.6133930087089539,0.5150964260101318,388813600
2004-08-30,0.607142984867096,0.6200000047683716,0.6064289808273315,0.6092860102653503,0.5116474032402039,218142400
2004-08-31,0.6083930134773254,0.6241070032119751,0.607142984867096,0.6158930063247681,0.5171957015991211,376560800
2004-09-01,0.612500011920929,0.64267897605896,0.6105359792709351,0.6403570175170898,0.537739098072052,515726400
2004-09-02,0.6339290142059326,0.6394640207290649,0.6219639778137207,0.6367859840393066,0.5347405672073364,406324800
2004-09-03,0.6251789927482605,0.6414290070533752,0.6251789927482605,0.6291069984436035,0.5282921195030212,293468000
2004-09-07,0.6321430206298828,0.6462500095367432,0.6291069984436035,0.63857102394104,0.5362395644187927,301957600
2004-09-08,0.637499988079071,0.6530359983444214,0.6371430158615112,0.6491069793701172,0.5450870394706726,343526400
2004-09-09,0.6446430087089539,0.6482139825820923,0.6299999952316284,0.637499988079071,0.5353400111198425,461339200
2004-09-10,0.6367859840393066,0.6469640135765076,0.633213996887207,0.6405360102653503,0.5378895998001099,328014400
2004-09-13,0.6407139897346497,0.6441069841384888,0.6307139992713928,0.6355360150337219,0.5336909890174866,281976800
2004-09-14,0.629285991191864,0.6348209977149963,0.6210709810256958,0.6337500214576721,0.5321910381317139,254822400
2004-09-15,0.6314290165901184,0.6335710287094116,0.6214290261268616,0.6285709738731384,0.5278418064117432,232668800
2004-09-16,0.6285709738731384,0.6564289927482605,0.62642902135849,0.6491069793701172,0.5450870394706726,501916800
2004-09-17,0.6526790261268616,0.6675000190734863,0.6499999761581421,0.6632140278816223,0.5569334626197815,502308800
2004-09-20,0.6585710048675537,0.6782140135765076,0.6583930253982544,0.6733930110931396,0.5654810667037964,245000000
2004-09-21,0.674107015132904,0.6941069960594177,0.6689289808273315,0.6787499785423279,0.569979727268219,386652000
2004-09-22,0.6803569793701172,0.6810709834098816,0.6573209762573242,0.6592860221862793,0.5536349415779114,401688000
2004-09-23,0.6614289879798889,0.669642984867096,0.6594640016555786,0.6655359864234924,0.5588831305503845,397404000
2004-09-24,0.668749988079071,0.6785709857940674,0.6633930206298828,0.665893018245697,0.5591832399368286,369488000
2004-09-27,0.6598209738731384,0.6782140135765076,0.65767902135849,0.670179009437561,0.5627824664115906,397516000
2004-09-28,0.6689289808273315,0.6837499737739563,0.668749988079071,0.679286003112793,0.570429801940918,353186400
2004-09-29,0.6773210167884827,0.6939290165901184,0.6753569841384888,0.6907140016555786,0.5800266861915588,273509600
2004-09-30,0.6964290142059326,0.7012500166893005,0.6866070032119751,0.6919639706611633,0.5810761451721191,425012000
2004-10-01,0.6985710263252258,0.6998209953308105,0.68892902135849,0.6905360221862793,0.5798770189285278,465404800
2004-10-04,0.6996430158615112,0.6996430158615112,0.6919639706611633,0.6926789879798889,0.581676721572876,574084000
2004-10-05,0.6885709762573242,0.7083929777145386,0.6857140064239502,0.7030360102653503,0.5903739929199219,406162400
2004-10-06,0.705357015132904,0.7278569936752319,0.704820990562439,0.7257140278816223,0.6094176173210144,446303200
2004-10-07,0.7239289879798889,0.7308930158615112,0.7046430110931396,0.7074999809265137,0.5941225290298462,426148800
2004-10-08,0.7064290046691895,0.7101789712905884,0.6935709714889526,0.6974999904632568,0.5857251286506653,359228800
2004-10-11,0.692857027053833,0.6974999904632568,0.682142972946167,0.6891070008277893,0.578677237033844,323870400
2004-10-12,0.6875,0.68892902135849,0.6723210215568542,0.6837499737739563,0.5741782784461975,460191200
2004-10-13,0.6941069960594177,0.7099999785423279,0.691785991191864,0.7098209857940674,0.5960716605186462,1163008000
2004-10-14,0.7712500095367432,0.8169639706611633,0.7598209977149963,0.8032140135765076,0.6744983196258545,2768427200
2004-10-15,0.8014289736747742,0.8144639730453491,0.7891070246696472,0.8125,0.6822963356971741,1031128000
2004-10-18,0.7982140183448792,0.8526790142059326,0.7982140183448792,0.8526790142059326,0.7160365581512451,1200752000
2004-10-19,0.8589289784431458,0.8633930087089539,0.8448209762573242,0.8467860221862793,0.7110877633094788,801992800
2004-10-20,0.8424999713897705,0.8500000238418579,0.8330360054969788,0.8476790189743042,0.7118377685546875,605108000
2004-10-21,0.8478569984436035,0.8594639897346497,0.8457139730453491,0.8560709953308105,0.7188849449157715,724505600
2004-10-22,0.8489289879798889,0.8512499928474426,0.8396430015563965,0.8466070294380188,0.7109376788139343,483067200
2004-10-25,0.8428570032119751,0.8542860150337219,0.8405359983444214,0.849107027053833,0.7130370140075684,392644000
2004-10-26,0.8473209738731384,0.8580359816551208,0.8387500047683716,0.8566070199012756,0.7193349599838257,594361600
2004-10-27,0.8662499785423279,0.9039289951324463,0.8601790070533752,0.8982139825820923,0.7542745471000671,1193494400
2004-10-28,0.8924999833106995,0.9325000047683716,0.8839290142059326,0.9319639801979065,0.7826159596443176,864264800
2004-10-29,0.9257140159606934,0.949999988079071,0.925000011920929,0.9357140064239502,0.7857650518417358,810219200
2004-11-01,0.9375,0.95107102394104,0.929286003112793,0.9366070032119751,0.7865150570869446,602050400
2004-11-02,0.9357140064239502,0.9657139778137207,0.9357140064239502,0.955357015132904,0.8022603988647461,729988000
2004-11-03,0.9708930253982544,1.0019639730453491,0.9641069769859314,0.9876790046691895,0.8294028043746948,1204173600
2004-11-04,0.982679009437561,0.9919639825820923,0.9708930253982544,0.9723209738731384,0.8165058493614197,928625600
2004-11-05,0.9796429872512817,0.982142984867096,0.929286003112793,0.9771429896354675,0.8205551505088806,1205047200
2004-11-08,0.9691069722175598,0.9901790022850037,0.9617859721183777,0.9710710048675537,0.8154560327529907,526920800
2004-11-09,0.9683930277824402,0.974107027053833,0.9532139897346497,0.9651790261268616,0.8105080723762512,475764800
2004-11-10,0.963392972946167,0.9891070127487183,0.9626790285110474,0.9776790142059326,0.8210051655769348,508676000
2004-11-11,0.981249988079071,0.9898210167884827,0.9683930277824402,0.987500011920929,0.8292522430419922,407299200
2004-11-12,0.98232102394104,0.9944639801979065,0.9792860150337219,0.9910709857940674,0.8322508931159973,395701600
2004-11-15,0.9857140183448792,0.990356981754303,0.9703570008277893,0.98642897605896,0.8283528089523315,376045600
2004-11-16,0.9850000143051147,0.9857140183448792,0.9728569984436035,0.9810709953308105,0.8238535523414612,295103200
2004-11-17,0.9855359792709351,0.9901790022850037,0.9682139754295349,0.9803569912910461,0.8232541680335999,397751200
2004-11-18,0.9696429967880249,0.9901790022850037,0.9694640040397644,0.9891070127487183,0.8306018114089966,459149600
2004-11-19,0.9908930063247681,1.0162500143051147,0.9732139706611633,0.9851790070533752,0.8273032903671265,765279200
2004-11-22,1.1035710573196411,1.1428569555282593,1.0339289903640747,1.0955359935760498,0.9199759364128113,2568210400
2004-11-23,1.1124999523162842,1.1151789426803589,1.0901789665222168,1.0941070318222046,0.9187753796577454,911450400
2004-11-24,1.1016069650650024,1.1642860174179077,1.099107027053833,1.1437499523162842,0.9604635238647461,1390788000
2004-11-26,1.166964054107666,1.1742860078811646,1.1489289999008179,1.1526789665222168,0.967961311340332,550144000
2004-11-29,1.2312500476837158,1.2423210144042969,1.2037500143051147,1.2221430540084839,1.0262939929962158,1712916800
2004-11-30,1.2283929586410522,1.2283929586410522,1.1973210573196411,1.1973210573196411,1.0054497718811035,1028518400
2004-12-01,1.210536003112793,1.213392972946167,1.1833930015563965,1.210536003112793,1.0165469646453857,800553600
2004-12-02,1.1808929443359375,1.1946430206298828,1.1546430587768555,1.164463996887207,0.9778580069541931,987442400
2004-12-03,1.1523209810256958,1.160714030265808,1.1026790142059326,1.1192859411239624,0.9399195313453674,1238848800
2004-12-06,1.1473209857940674,1.1828570365905762,1.124107003211975,1.1746430397033691,0.9864056706428528,1247920800
2004-12-07,1.177320957183838,1.1916069984436035,1.1171430349349976,1.1230360269546509,0.9430690407752991,1056899200
2004-12-08,1.1264289617538452,1.1505359411239624,1.1080360412597656,1.1299999952316284,0.9489163160324097,691902400
2004-12-09,1.1216069459915161,1.149999976158142,1.1083929538726807,1.14267897605896,0.9595637321472168,741501600
2004-12-10,1.1612499952316284,1.1794639825820923,1.155357003211975,1.1633930206298828,0.9769582748413086,775773600
2004-12-13,1.1717859506607056,1.176785945892334,1.1535710096359253,1.159106969833374,0.9733591675758362,395040800
2004-12-14,1.167857050895691,1.176429033279419,1.1610709428787231,1.1658929586410522,0.9790576100349426,415721600
2004-12-15,1.1649999618530273,1.1689289808273315,1.1546430587768555,1.165356993675232,0.9786072969436646,398361600
2004-12-16,1.181249976158142,1.2053569555282593,1.1794639825820923,1.1892859935760498,0.9987016320228577,1126115200
2004-12-17,1.1935709714889526,1.1971429586410522,1.1589289903640747,1.1605360507965088,0.9745594263076782,783496000
2004-12-20,1.1691069602966309,1.1785709857940674,1.102856993675232,1.1200000047683716,0.9405189156532288,1168126400
2004-12-21,1.1349999904632568,1.1387499570846558,1.100000023841858,1.1373209953308105,0.9550645351409912,1064414400
2004-12-22,1.1367859840393066,1.1492860317230225,1.1321430206298828,1.1383930444717407,0.9559645652770996,565829600
2004-12-23,1.1383930444717407,1.1473209857940674,1.135714054107666,1.1430360078811646,0.9598637819290161,245929600
2004-12-27,1.157142996788025,1.1633930206298828,1.1228569746017456,1.127856969833374,0.9471170902252197,559490400
2004-12-28,1.130357027053833,1.1473209857940674,1.1080360412597656,1.146070957183838,0.9624119997024536,611755200
2004-12-29,1.139464020729065,1.1603569984436035,1.135179042816162,1.1507140398025513,0.966311514377594,449562400
2004-12-30,1.1573209762573242,1.1612499952316284,1.1467859745025635,1.157142996788025,0.9717100262641907,345340800
2004-12-31,1.158750057220459,1.160714030265808,1.1433930397033691,1.149999976158142,0.9657113552093506,278588800
2005-01-03,1.1567859649658203,1.1626789569854736,1.1178569793701172,1.1301790475845337,0.9490670561790466,691992000
2005-01-04,1.1391069889068604,1.1691069602966309,1.1244640350341797,1.141785979270935,0.9588138461112976,1096810400
2005-01-05,1.1510709524154663,1.1651790142059326,1.1437499523162842,1.151785969734192,0.9672112464904785,680433600
2005-01-06,1.1548210382461548,1.159106969833374,1.1308929920196533,1.1526789665222168,0.967961311340332,705555200
2005-01-07,1.160714030265808,1.2433929443359375,1.15625,1.2366069555282593,1.0384396314620972,2227450400
2005-01-10,1.2469639778137207,1.2625000476837158,1.2121429443359375,1.2314289808273315,1.0340912342071533,1725309600
2005-01-11,1.21875,1.2348209619522095,1.1453570127487183,1.1528569459915161,0.9681103229522705,2611627200
2005-01-12,1.1687500476837158,1.176785945892334,1.130357027053833,1.1689289808273315,0.9816077947616577,1919702400
2005-01-13,1.316249966621399,1.3289289474487305,1.2451790571212769,1.2464289665222168,1.0466877222061157,3164716800
2005-01-14,1.254464030265808,1.2807140350341797,1.235535979270935,1.2535710334777832,1.0526853799819946,1770742400
2005-01-18,1.2473210096359253,1.2625000476837158,1.2098209857940674,1.261607050895691,1.0594336986541748,1006460000
2005-01-19,1.2587499618530273,1.2760709524154663,1.245535969734192,1.2478569746017456,1.0478872060775757,751895200
2005-01-20,1.243749976158142,1.2726789712905884,1.2405359745025635,1.258213996887207,1.0565842390060425,914922400
2005-01-21,1.2733930349349976,1.2785710096359253,1.25,1.2587499618530273,1.0570342540740967,911332800
2005-01-24,1.2675000429153442,1.2817859649658203,1.2598210573196411,1.26357102394104,1.0610829591751099,841629600
2005-01-25,1.2744640111923218,1.3007140159606934,1.266785979270935,1.286607027053833,1.0804269313812256,969231200
2005-01-26,1.2975000143051147,1.2991069555282593,1.2717859745025635,1.2901790142059326,1.0834269523620605,739496800
2005-01-27,1.2885710000991821,1.3021429777145386,1.2776789665222168,1.2971429824829102,1.0892750024795532,496227200
2005-01-28,1.2967859506607056,1.3210710287094116,1.2935709953308105,1.3210710287094116,1.1093682050704956,801612000
2005-01-31,1.331786036491394,1.3908929824829102,1.3305360078811646,1.3732140064239502,1.1531552076339722,1681097600
2005-02-01,1.375892996788025,1.3887499570846558,1.3674999475479126,1.3844640254974365,1.162602424621582,678395200
2005-02-02,1.3919639587402344,1.4269640445709229,1.3873209953308105,1.4219640493392944,1.1940933465957642,1020062400
2005-02-03,1.412500023841858,1.4183930158615112,1.3808929920196533,1.389464020729065,1.1668009757995605,731651200
2005-02-04,1.3905359506607056,1.4094640016555786,1.3844640254974365,1.4078569412231445,1.1822470426559448,563556000
2005-02-07,1.4094640016555786,1.416964054107666,1.3839290142059326,1.4096430540084839,1.183746576309204,524456800
2005-02-08,1.4119640588760376,1.4532140493392944,1.4069639444351196,1.4446430206298828,1.2131378650665283,890019200
2005-02-09,1.4471429586410522,1.4641070365905762,1.394642949104309,1.4060709476470947,1.180747151374817,1191456000
2005-02-10,1.4057140350341797,1.4157140254974365,1.3689290285110474,1.3992860317230225,1.1750494241714478,1093019200
2005-02-11,1.426071047782898,1.4600000381469727,1.4096430540084839,1.4501789808273315,1.2177866697311401,1201054400
2005-02-14,1.4773210287094116,1.5141069889068604,1.4651789665222168,1.5112500190734863,1.2690708637237549,1271463200
2005-02-15,1.5475000143051147,1.5907139778137207,1.535714030265808,1.5787500143051147,1.3257542848587036,2312217600
2005-02-16,1.574107050895691,1.6107139587402344,1.5598210096359253,1.6094640493392944,1.351545810699463,1639243200
2005-02-17,1.618749976158142,1.6228569746017456,1.561607003211975,1.5680359601974487,1.3167568445205688,1518473600
2005-02-18,1.5667860507965088,1.5689289569854736,1.5401790142059326,1.5501790046691895,1.3017611503601074,1163254400
2005-02-22,1.5410710573196411,1.5767860412597656,1.523036003112793,1.523036003112793,1.2789682149887085,1219293600
2005-02-23,1.548570990562439,1.5794639587402344,1.5276789665222168,1.5755360126495361,1.3230552673339844,1345181600
2005-02-24,1.5800000429153442,1.5948209762573242,1.5666069984436035,1.5880359411239624,1.3335520029067993,1519028000
2005-02-25,1.6003570556640625,1.6055359840393066,1.5748209953308105,1.5891070365905762,1.3344513177871704,915510400
2005-02-28,1.5957139730453491,1.6121430397033691,1.5700000524520874,1.6021430492401123,1.345398187637329,651610400
2005-03-01,1.6067860126495361,1.611070990562439,1.5771429538726807,1.589285969734192,1.334601879119873,468188000
2005-03-02,1.5803569555282593,1.6032140254974365,1.5742859840393066,1.5757139921188354,1.3232049942016602,458161200
2005-03-03,1.584643006324768,1.5860710144042969,1.4721430540084839,1.4924999475479126,1.2533254623413086,1411653600
2005-03-04,1.5271430015563965,1.5360709428787231,1.494642972946167,1.5289289951324463,1.28391695022583,756618800
2005-03-07,1.5285710096359253,1.5446430444717407,1.5125000476837158,1.526785969734192,1.2821173667907715,450632000
2005-03-08,1.4964289665222168,1.5057140588760376,1.432142972946167,1.4474999904632568,1.2155369520187378,1021451200
2005-03-09,1.4157140254974365,1.4385709762573242,1.3867859840393066,1.405357003211975,1.1801472902297974,1322465200
2005-03-10,1.4117859601974487,1.4378570318222046,1.3964289426803589,1.4225000143051147,1.1945431232452393,777109200
2005-03-11,1.4360710382461548,1.4496430158615112,1.4214290380477905,1.4382139444351196,1.207738995552063,632830800
2005-03-14,1.4471429586410522,1.456786036491394,1.4114290475845337,1.440000057220459,1.2092387676239014,605385200
2005-03-15,1.451429009437561,1.4692859649658203,1.4375,1.4628570079803467,1.2284332513809204,508608800
2005-03-16,1.4717860221862793,1.511070966720581,1.4564290046691895,1.4707139730453491,1.2350307703018188,697813200
2005-03-17,1.483214020729065,1.5314290523529053,1.4757139682769775,1.5089290142059326,1.26712167263031,801920000
2005-03-18,1.5475000143051147,1.551429033279419,1.5178569555282593,1.5342860221862793,1.2884153127670288,940150400
2005-03-21,1.5460710525512695,1.5703569650650024,1.5307140350341797,1.5607140064239502,1.310608148574829,541128000
2005-03-22,1.5610710382461548,1.5700000524520874,1.5242860317230225,1.5296430587768555,1.2845169305801392,551415200
2005-03-23,1.5160709619522095,1.5499999523162842,1.5007139444351196,1.519642949104309,1.276118516921997,609823200
2005-03-24,1.5325000286102295,1.535714030265808,1.5178569555282593,1.5178569555282593,1.274619698524475,352704800
2005-03-28,1.526785969734192,1.5342860221862793,1.516785979270935,1.5189290046691895,1.2755194902420044,275410800
2005-03-29,1.5199999809265137,1.5296430587768555,1.4821430444717407,1.4910709857940674,1.2521255016326904,461356000
2005-03-30,1.502500057220459,1.5285710096359253,1.4935710430145264,1.5285710096359253,1.283616542816162,394959600
2005-03-31,1.5160709619522095,1.5185710191726685,1.4853570461273193,1.4882140159606934,1.249726414680481,636134800
2005-04-01,1.5032140016555786,1.5064289569854736,1.448928952217102,1.4603569507598877,1.2263333797454834,641284000
2005-04-04,1.4639290571212769,1.4753570556640625,1.4342859983444214,1.4674999713897705,1.2323318719863892,580014400
2005-04-05,1.4721430540084839,1.5085710287094116,1.4674999713897705,1.4960709810256958,1.2563246488571167,556239600
2005-04-06,1.5142860412597656,1.5289289951324463,1.505357027053833,1.5117859840393066,1.2695212364196777,414825600
2005-04-07,1.5117859840393066,1.5625,1.5089290142059326,1.5557140111923218,1.3064097166061401,506987600
2005-04-08,1.5607140064239502,1.587499976158142,1.5549999475479126,1.5621429681777954,1.3118079900741577,649950000
2005-04-11,1.5767860412597656,1.5803569555282593,1.4967859983444214,1.497143030166626,1.2572243213653564,821662800
2005-04-12,1.5175000429153442,1.5425000190734863,1.5003570318222046,1.5235710144042969,1.2794175148010254,981061200
2005-04-13,1.5339289903640747,1.5353569984436035,1.4424999952316284,1.4657139778137207,1.230831503868103,1371946800
2005-04-14,1.386070966720581,1.4128570556640625,1.3157140016555786,1.3307139873504639,1.1174660921096802,2753192400
2005-04-15,1.3078570365905762,1.3303569555282593,1.2599999904632568,1.2625000476837158,1.0601838827133179,1728087200
2005-04-18,1.25,1.2964290380477905,1.214285969734192,1.272143006324768,1.0682806968688965,1327177600
2005-04-19,1.307142972946167,1.3371429443359375,1.2810709476470947,1.3246430158615112,1.1123677492141724,1081642800
2005-04-20,1.3450000286102295,1.3478569984436035,1.2657140493392944,1.2682139873504639,1.0649819374084473,945131600
2005-04-21,1.2999999523162842,1.3289289474487305,1.282142996788025,1.3278570175170898,1.1150670051574707,759592400
2005-04-22,1.3157140016555786,1.3214290142059326,1.2464289665222168,1.2678569555282593,1.0646820068359375,839129200
2005-04-25,1.3032139539718628,1.3221429586410522,1.2896430492401123,1.320713996887207,1.1090677976608276,746460400
2005-04-26,1.3135709762573242,1.3396430015563965,1.2899999618530273,1.2925000190734863,1.085376262664795,810507600
2005-04-27,1.2817859649658203,1.298570990562439,1.2682139873504639,1.2839289903640747,1.0781784057617188,613888800
2005-04-28,1.2960710525512695,1.2978570461273193,1.2585710287094116,1.269286036491394,1.0658823251724243,575106000
2005-04-29,1.2910710573196411,1.2939289808273315,1.2578569650650024,1.2878570556640625,1.0814770460128784,671630400
2005-05-02,1.293213963508606,1.3089289665222168,1.2864290475845337,1.301071047782898,1.0925732851028442,465920000
2005-05-03,1.2999999523162842,1.3121429681777954,1.2867859601974487,1.293213963508606,1.0859755277633667,496739600
2005-05-04,1.2896430492401123,1.3285709619522095,1.2892860174179077,1.3267860412597656,1.1141674518585205,448176400
2005-05-05,1.3303569555282593,1.3310710191726685,1.3025000095367432,1.309999942779541,1.100071907043457,387366000
2005-05-06,1.3174999952316284,1.3332140445709229,1.3139289617538452,1.3300000429153442,1.1168664693832397,326247600
2005-05-09,1.3314290046691895,1.337499976158142,1.3125,1.3203569650650024,1.1087690591812134,355695200
2005-05-10,1.3125,1.3303569555282593,1.2975000143051147,1.3007140159606934,1.0922735929489136,440263600
2005-05-11,1.2571430206298828,1.2739289999008179,1.1825000047683716,1.2717859745025635,1.0679810047149658,2041981200
2005-05-12,1.2649999856948853,1.271070957183838,1.214285969734192,1.2189290523529053,1.0235944986343384,970242000
2005-05-13,1.2214289903640747,1.258213996887207,1.2167860269546509,1.241786003112793,1.0427883863449097,702713200
2005-05-16,1.2342859506607056,1.274999976158142,1.233214020729065,1.269642949104309,1.0661816596984863,474294800
2005-05-17,1.2549999952316284,1.2664289474487305,1.2335710525512695,1.2628569602966309,1.0604830980300903,588344400
2005-05-18,1.2660709619522095,1.3414289951324463,1.2496429681777954,1.2799999713897705,1.0748788118362427,636722800
2005-05-19,1.2778569459915161,1.3457139730453491,1.2778569459915161,1.3410710096359253,1.126163363456726,793161600
2005-05-20,1.3303569555282593,1.344642996788025,1.3282140493392944,1.3410710096359253,1.126163363456726,452650800
2005-05-23,1.3517860174179077,1.4249999523162842,1.3517860174179077,1.4199999570846558,1.1924434900283813,1042574400
2005-05-24,1.4089289903640747,1.4282139539718628,1.3939290046691895,1.417857050895691,1.1906445026397705,593460000
2005-05-25,1.410714030265808,1.426785945892334,1.4042860269546509,1.420714020729065,1.1930432319641113,396006800
2005-05-26,1.426429033279419,1.4621429443359375,1.426429033279419,1.4550000429153442,1.2218351364135742,525520800
2005-05-27,1.451429009437561,1.456786036491394,1.4289289712905884,1.448570966720581,1.216436505317688,316008000
2005-05-31,1.4521429538726807,1.4550000429153442,1.4135710000991821,1.4199999570846558,1.1924434900283813,404205200
2005-06-01,1.4246430397033691,1.4557139873504639,1.423570990562439,1.4392859935760498,1.20863938331604,453812800
2005-06-02,1.4303569793701172,1.440000057220459,1.4142860174179077,1.4299999475479126,1.2008415460586548,373973600
2005-06-03,1.3628569841384888,1.377856969833374,1.3489290475845337,1.3657139539718628,1.1468572616577148,956869200
2005-06-06,1.3689290285110474,1.3796429634094238,1.3414289951324463,1.3542859554290771,1.1372606754302979,811966400
2005-06-07,1.342857003211975,1.347499966621399,1.301785945892334,1.3049999475479126,1.0958726406097412,745264800
2005-06-08,1.3082139492034912,1.3303569555282593,1.3060710430145264,1.3185709714889526,1.1072689294815063,404006400
2005-06-09,1.3214290142059326,1.3550000190734863,1.315000057220459,1.344642996788025,1.1291627883911133,390255600
2005-06-10,1.3357139825820923,1.3357139825820923,1.2685710191726685,1.2789289951324463,1.073979377746582,678932800
2005-06-13,1.2817859649658203,1.3075000047683716,1.2792860269546509,1.282142996788025,1.0766782760620117,435772400
2005-06-14,1.2828569412231445,1.2910710573196411,1.276785969734192,1.285714030265808,1.0796773433685303,347846800
2005-06-15,1.3167860507965088,1.332142949104309,1.2964290380477905,1.32607102394104,1.1135674715042114,563343200
2005-06-16,1.3282140493392944,1.3600000143051147,1.315000057220459,1.3564289808273315,1.139060139656067,547674400
2005-06-17,1.3739290237426758,1.3764289617538452,1.3510710000991821,1.3682140111923218,1.148956537246704,596125600
2005-06-20,1.3517860174179077,1.3603570461273193,1.337499976158142,1.3432140350341797,1.1279629468917847,323716400
2005-06-21,1.3471430540084839,1.363929033279419,1.3350000381469727,1.3521430492401123,1.1354609727859497,370526800
2005-06-22,1.3664289712905884,1.3785710334777832,1.3621430397033691,1.3767859935760498,1.1561548709869385,424925200
2005-06-23,1.3867859840393066,1.420714020729065,1.380357027053833,1.388929009437561,1.1663516759872437,674254000
2005-06-24,1.396070957183838,1.397143006324768,1.3457139730453491,1.3485709428787231,1.1324615478515625,410709600
2005-06-27,1.3157140016555786,1.3607139587402344,1.309999942779541,1.3250000476837158,1.1126676797866821,600171600
2005-06-28,1.3389290571212769,1.3424999713897705,1.3274999856948853,1.3324999809265137,1.1189653873443604,350299600
2005-06-29,1.3296430110931396,1.331786036491394,1.2899999618530273,1.29892897605896,1.0907747745513916,448358400
2005-06-30,1.3075000047683716,1.3271429538726807,1.2967859506607056,1.3146430253982544,1.1039702892303467,418390000
2005-07-01,1.315356969833374,1.3203569650650024,1.2960710525512695,1.3035709857940674,1.094672679901123,250000800
2005-07-05,1.3053569793701172,1.3624999523162842,1.3035709857940674,1.3564289808273315,1.139060139656067,454269200
2005-07-06,1.3467860221862793,1.3628569841384888,1.3285709619522095,1.3353569507598877,1.1213648319244385,394626400
2005-07-07,1.3146430253982544,1.3485709428787231,1.3142859935760498,1.3439290523529053,1.128563642501831,383723200
2005-07-08,1.3524999618530273,1.3671430349349976,1.3382140398025513,1.3660709857940674,1.1471571922302246,290735200
2005-07-11,1.3703570365905762,1.380357027053833,1.3492859601974487,1.3607139587402344,1.1426581144332886,388788400
2005-07-12,1.3653570413589478,1.3714289665222168,1.353929042816162,1.3657139539718628,1.1468572616577148,387038400
2005-07-13,1.3674999475479126,1.375,1.3535710573196411,1.369642972946167,1.1501566171646118,684835200
2005-07-14,1.456786036491394,1.5003570318222046,1.4367860555648804,1.4553569555282593,1.2221347093582153,2096060400
2005-07-15,1.4632140398025513,1.4846429824829102,1.4450000524520874,1.4839290380477905,1.2461284399032593,687682800
2005-07-18,1.478929042816162,1.5035710334777832,1.4774999618530273,1.4817860126495361,1.2443287372589111,586297600
2005-07-19,1.4828569889068604,1.5439289808273315,1.4667860269546509,1.5425000190734863,1.2953134775161743,671062000
2005-07-20,1.5307140350341797,1.5642859935760498,1.5232139825820923,1.5582139492034912,1.3085085153579712,453395600
2005-07-21,1.5607140064239502,1.5728570222854614,1.532142996788025,1.5460710525512695,1.2983124256134033,404264000
2005-07-22,1.551429033279419,1.5714290142059326,1.5496430397033691,1.5714290142059326,1.319605827331543,301106400
2005-07-25,1.5710710287094116,1.5814290046691895,1.5617860555648804,1.5646430253982544,1.3139078617095947,294627200
2005-07-26,1.5717860460281372,1.5753569602966309,1.548570990562439,1.5582139492034912,1.3085085153579712,268592800
2005-07-27,1.565356969833374,1.573928952217102,1.5239289999008179,1.5710710287094116,1.3193058967590332,283749200
2005-07-28,1.5660710334777832,1.5714290142059326,1.5464290380477905,1.5642859935760498,1.3136078119277954,251311200
2005-07-29,1.5557140111923218,1.5850000381469727,1.5092860460281372,1.5232139825820923,1.279117465019226,562080400
2005-08-01,1.5203570127487183,1.5385710000991821,1.502856969833374,1.526785969734192,1.2821173667907715,314249600
2005-08-02,1.5317859649658203,1.5535709857940674,1.5217859745025635,1.5425000190734863,1.2953134775161743,296875600
2005-08-03,1.5425000190734863,1.5467859506607056,1.527500033378601,1.5435709953308105,1.2962126731872559,258322400
2005-08-04,1.5317859649658203,1.535714030265808,1.5103570222854614,1.5253570079803467,1.2809168100357056,269304000
2005-08-05,1.5175000429153442,1.548570990562439,1.5007139444351196,1.5353569984436035,1.2893143892288208,241931200
2005-08-08,1.535714030265808,1.5446430444717407,1.5217859745025635,1.5232139825820923,1.279117465019226,176383200
2005-08-09,1.5332139730453491,1.5674999952316284,1.5325000286102295,1.565000057220459,1.3142071962356567,380839200
2005-08-10,1.5714290142059326,1.5853569507598877,1.5467859506607056,1.5492860078811646,1.3010118007659912,360945200
2005-08-11,1.5496430397033691,1.5757139921188354,1.5446430444717407,1.5714290142059326,1.319605827331543,271983600
2005-08-12,1.5521429777145386,1.6507140398025513,1.548570990562439,1.6464289426803589,1.38258695602417,916036800
2005-08-15,1.659999966621399,1.7260710000991821,1.6589289903640747,1.7028570175170898,1.429972529411316,1086727600
2005-08-16,1.6924999952316284,1.6964290142059326,1.6503570079803467,1.651785969734192,1.387086272239685,537622400
2005-08-17,1.657142996788025,1.6942859888076782,1.6560709476470947,1.6839289665222168,1.4140777587890625,499724400
2005-08-18,1.6753569841384888,1.6785709857940674,1.6339290142059326,1.6535710096359253,1.3885854482650757,442559600
2005-08-19,1.6528569459915161,1.667857050895691,1.6346429586410522,1.6367859840393066,1.3744900226593018,376569200
2005-08-22,1.6482139825820923,1.6696430444717407,1.6164289712905884,1.6382139921188354,1.3756892681121826,387732800
2005-08-23,1.6375000476837158,1.6464289426803589,1.6185710430145264,1.6335710287094116,1.371789813041687,295604400
2005-08-24,1.6285710334777832,1.6828570365905762,1.6282140016555786,1.6346429586410522,1.372690200805664,572070800
2005-08-25,1.647143006324768,1.6603569984436035,1.636070966720581,1.6449999809265137,1.3813873529434204,276253600
2005-08-26,1.647143006324768,1.6549999713897705,1.6200000047683716,1.6335710287094116,1.371789813041687,261058000
2005-08-29,1.616786003112793,1.6439290046691895,1.6164289712905884,1.6371430158615112,1.3747897148132324,256295200
2005-08-30,1.6425000429153442,1.6710710525512695,1.6399999856948853,1.6632139682769775,1.3966827392578125,518761600
2005-08-31,1.673570990562439,1.6796430349349976,1.652500033378601,1.6746430397033691,1.406280279159546,402956400
2005-09-01,1.6785709857940674,1.684643030166626,1.646070957183838,1.6521430015563965,1.3873860836029053,356367200
2005-09-02,1.6535710096359253,1.6714290380477905,1.647143006324768,1.6507140398025513,1.3861860036849976,222378800
2005-09-06,1.667857050895691,1.7457139492034912,1.662500023841858,1.7428569793701172,1.4635627269744873,818619200
2005-09-07,1.7517859935760498,1.7642860412597656,1.7114289999008179,1.738571047782898,1.4599634408950806,963074000
2005-09-08,1.7625000476837158,1.7899999618530273,1.7549999952316284,1.7778569459915161,1.492954134941101,702640400
2005-09-09,1.7882139682769775,1.8339289426803589,1.7782139778137207,1.8324999809265137,1.5388402938842773,615641600
2005-09-12,1.8250000476837158,1.8439290523529053,1.8064290285110474,1.8357139825820923,1.5415390729904175,452796400
2005-09-13,1.8221429586410522,1.831786036491394,1.7971429824829102,1.815000057220459,1.5241447687149048,492884000
2005-09-14,1.823570966720581,1.8282140493392944,1.7664289474487305,1.7717859745025635,1.4878559112548828,474426400
2005-09-15,1.785714030265808,1.7921429872512817,1.7617859840393066,1.7810709476470947,1.4956525564193726,415156000
2005-09-16,1.7939289808273315,1.8289289474487305,1.7839289903640747,1.8289289474487305,1.5358415842056274,591004400
2005-09-19,1.823214054107666,1.888929009437561,1.823214054107666,1.8799999952316284,1.5787283182144165,783731200
2005-09-20,1.8925000429153442,1.9217859506607056,1.8899999856948853,1.8996429443359375,1.5952235460281372,819828800
2005-09-21,1.8914289474487305,1.894642949104309,1.8521430492401123,1.861070990562439,1.5628327131271362,434747600
2005-09-22,1.852856993675232,1.8739290237426758,1.8328570127487183,1.8535710573196411,1.556534767150879,463727600
2005-09-23,1.8607139587402344,1.910714030265808,1.8514289855957031,1.899999976158142,1.5955231189727783,558457200
2005-09-26,1.9296430349349976,1.948570966720581,1.9042860269546509,1.9228570461273193,1.6147170066833496,546562800
2005-09-27,1.9257140159606934,1.9371429681777954,1.9082139730453491,1.9085710048675537,1.602720856666565,341703600
2005-09-28,1.8953570127487183,1.8967859745025635,1.8067859411239624,1.8242859840393066,1.5319428443908691,1125544000
2005-09-29,1.8296430110931396,1.8782140016555786,1.8146430253982544,1.8692859411239624,1.5697314739227295,636846000
2005-09-30,1.8689290285110474,1.9160710573196411,1.852856993675232,1.9146430492401123,1.6078197956085205,531633200
2005-10-03,1.9342859983444214,1.9478570222854614,1.9171429872512817,1.9442859888076782,1.6327128410339355,507553200
2005-10-04,1.962499976158142,1.9767860174179077,1.9157140254974365,1.9196430444717407,1.6120185852050781,539459200
2005-10-05,1.940356969833374,1.9414290189743042,1.8839290142059326,1.8849999904632568,1.5829271078109741,610769600
2005-10-06,1.899999976158142,1.9103569984436035,1.8167860507965088,1.8464289903640747,1.5505372285842896,757537200
2005-10-07,1.8471430540084839,1.8546429872512817,1.8053569793701172,1.832142949104309,1.5385404825210571,677882800
2005-10-10,1.8485709428787231,1.853929042816162,1.795714020729065,1.79892897605896,1.51064932346344,507505600
2005-10-11,1.8296430110931396,1.8524999618530273,1.7999999523162842,1.8424999713897705,1.547237753868103,1225884800
2005-10-12,1.7374999523162842,1.7964290380477905,1.709643006324768,1.7589290142059326,1.477059006690979,2697486400
2005-10-13,1.7657140493392944,1.926785945892334,1.7596429586410522,1.9192860126495361,1.611718773841858,1865575600
2005-10-14,1.9296430349349976,1.9410710334777832,1.8853570222854614,1.9285709857940674,1.6195155382156372,1035552000
2005-10-17,1.9278570413589478,1.9367860555648804,1.8814289569854736,1.9085710048675537,1.602720856666565,616834400
2005-10-18,1.901785969734192,1.926785945892334,1.864285945892334,1.8646429777145386,1.5658327341079712,609588000
2005-10-19,1.8596429824829102,1.9628570079803467,1.8289289474487305,1.9621429443359375,1.6477080583572388,1008683200
2005-10-20,1.9453569650650024,2.017857074737549,1.9410710334777832,2.005000114440918,1.6836971044540405,1357762000
2005-10-21,2.0299999713897705,2.0350000858306885,1.9771430492401123,1.9878569841384888,1.6693013906478882,796726000
2005-10-24,1.973214030265808,2.0282139778137207,1.9674999713897705,2.0282139778137207,1.7031911611557007,609753200
2005-10-25,2.0142860412597656,2.0303568840026855,1.988929033279419,2.003571033477783,1.6824976205825806,465127600
2005-10-26,2.009999990463257,2.0557138919830322,1.997143030166626,2.0367860794067383,1.7103891372680664,631593200
2005-10-27,2.0353569984436035,2.0360710620880127,1.978929042816162,1.978929042816162,1.6618040800094604,411541200
2005-10-28,2.0014290809631348,2.01535701751709,1.934643030166626,1.9453569650650024,1.6336122751235962,769787200
2005-10-31,1.9714289903640747,2.070713996887207,1.9553569555282593,2.056786060333252,1.7271842956542969,940844800
2005-11-01,2.044286012649536,2.0764288902282715,2.0310709476470947,2.0535709857940674,1.7244844436645508,749686000
2005-11-02,2.061429023742676,2.142857074737549,2.057142972946167,2.141071081161499,1.7979635000228882,857060400
2005-11-03,2.1521430015563965,2.2257139682769775,2.1453568935394287,2.2089290618896484,1.854946494102478,884382800
2005-11-04,2.1553568840026855,2.187143087387085,2.129286050796509,2.183928966522217,1.8339524269104004,878035200
2005-11-07,2.1732139587402344,2.202500104904175,2.1478569507598877,2.151071071624756,1.8063604831695557,638831200
2005-11-08,2.141071081161499,2.1564290523529053,2.1107139587402344,2.1392860412597656,1.7964638471603394,473765600
2005-11-09,2.142857074737549,2.1860709190368652,2.142857074737549,2.1467859745025635,1.8027619123458862,552930000
2005-11-10,2.1657140254974365,2.18571400642395,2.1075000762939453,2.184999942779541,1.8348523378372192,665344400
2005-11-11,2.197856903076172,2.2182140350341797,2.190713882446289,2.197856903076172,1.8456485271453857,425448800
2005-11-14,2.197856903076172,2.213571071624756,2.1753571033477783,2.194643020629883,1.842949628829956,369933200
2005-11-15,2.200000047683716,2.252856969833374,2.194999933242798,2.2242860794067383,1.867842435836792,536841200
2005-11-16,2.255357027053833,2.323570966720581,2.253213882446289,2.319643020629883,1.9479190111160278,784515200
2005-11-17,2.3424999713897705,2.3528571128845215,2.294642925262451,2.304286003112793,1.935021996498108,676205600
2005-11-18,2.3324999809265137,2.3367860317230225,2.29892897605896,2.3057138919830322,1.936220645904541,524960800
2005-11-21,2.315000057220459,2.328213930130005,2.2757139205932617,2.319999933242798,1.9482189416885376,511711200
2005-11-22,2.315713882446289,2.3842859268188477,2.304286003112793,2.375714063644409,1.995004415512085,540282400
2005-11-23,2.38857102394104,2.427856922149658,2.3817861080169678,2.3967859745025635,2.0126991271972656,485853200
2005-11-25,2.416429042816162,2.4835710525512695,2.4107139110565186,2.476428985595703,2.0795791149139404,395012800
2005-11-28,2.5257139205932617,2.5382139682769775,2.4667859077453613,2.4878571033477783,2.0891759395599365,1018519600
2005-11-29,2.499643087387085,2.510714054107666,2.4053568840026855,2.432142972946167,2.0423898696899414,891433200
2005-11-30,2.4439289569854736,2.4589290618896484,2.411428928375244,2.42214298248291,2.0339925289154053,595674800
2005-12-01,2.4625000953674316,2.561785936355591,2.4574999809265137,2.557142972946167,2.1473588943481445,812893200
2005-12-02,2.581070899963379,2.5978569984436035,2.5250000953674316,2.5939290523529053,2.1782495975494385,895762000
2005-12-05,2.569643020629883,2.5903570652008057,2.5532140731811523,2.565000057220459,2.1539571285247803,583671200
2005-12-06,2.64035701751709,2.672499895095825,2.619642972946167,2.6446430683135986,2.220837116241455,857029600
2005-12-07,2.651071071624756,2.6592860221862793,2.61142897605896,2.641071081161499,2.2178380489349365,679464800
2005-12-08,2.614285945892334,2.6489291191101074,2.5928568840026855,2.645714044570923,2.221736431121826,790479200
2005-12-09,2.6503570079803467,2.663928985595703,2.619642972946167,2.6546430587768555,2.2292346954345703,555402400
2005-12-12,2.67392897605896,2.691071033477783,2.6628570556640625,2.6753571033477783,2.246629238128662,524994400
2005-12-13,2.6732139587402344,2.694999933242798,2.6503570079803467,2.677856922149658,2.2487289905548096,493816400
2005-12-14,2.5903570652008057,2.617856979370117,2.509643077850342,2.5717859268188477,2.1596555709838867,1450716400
2005-12-15,2.5957140922546387,2.6021430492401123,2.5482139587402344,2.57785701751709,2.1647539138793945,561162000
2005-12-16,2.5764288902282715,2.5821430683135986,2.5378570556640625,2.5396430492401123,2.132664203643799,671171200
2005-12-19,2.5396430492401123,2.5928568840026855,2.5371429920196533,2.549285888671875,2.140760660171509,529295200
2005-12-20,2.558213949203491,2.5850000381469727,2.5399999618530273,2.575356960296631,2.162653684616089,479108000
2005-12-21,2.5928568840026855,2.6289288997650146,2.5907139778137207,2.625,2.204341411590576,475736800
2005-12-22,2.6396429538726807,2.6603569984436035,2.628571033477783,2.643570899963379,2.2199368476867676,370610800
2005-12-23,2.6489291191101074,2.6521430015563965,2.617856979370117,2.619642972946167,2.199842929840088,229857600
2005-12-27,2.642857074737549,2.684999942779541,2.641071081161499,2.651071071624756,2.226234197616577,590590000
2005-12-28,2.6596429347991943,2.6700000762939453,2.6185710430145264,2.627500057220459,2.206441879272461,398115200
2005-12-29,2.634999990463257,2.6364290714263916,2.5507140159606934,2.551785945892334,2.142859935760498,490025200
2005-12-30,2.5325000286102295,2.5867860317230225,2.5121428966522217,2.567500114440918,2.1560561656951904,624262800
2006-01-03,2.5850000381469727,2.669642925262451,2.580357074737549,2.669642925262451,2.241830348968506,807234400
2006-01-04,2.683213949203491,2.713571071624756,2.6607139110565186,2.677500009536743,2.2484285831451416,619603600
2006-01-05,2.672499895095825,2.674999952316284,2.6339290142059326,2.6564290523529053,2.230733633041382,449422400
2006-01-06,2.6875,2.739285945892334,2.6624999046325684,2.7249999046325684,2.288316249847412,704457600
2006-01-09,2.740356922149658,2.757143020629883,2.7049999237060547,2.7160708904266357,2.280818462371826,675040800
2006-01-10,2.7232139110565186,2.924643039703369,2.708214044570923,2.887856960296631,2.4250760078430176,2279869200
2006-01-11,2.994286060333252,3.0285708904266357,2.9496428966522217,2.996428966522217,2.516249179840088,1493794400
2006-01-12,3.0346429347991943,3.085714101791382,2.98642897605896,3.010356903076172,2.527945041656494,1280809600
2006-01-13,3.0353569984436035,3.0717859268188477,3.0214290618896484,3.056786060333252,2.566934108734131,776305600
2006-01-17,3.06071400642395,3.0850000381469727,2.995357036590576,3.0253570079803467,2.540541410446167,835623600
2006-01-18,2.9671430587768555,3.00178599357605,2.9232139587402344,2.946070909500122,2.4739601612091064,1200637200
2006-01-19,2.9017860889434814,2.916429042816162,2.812143087387085,2.822856903076172,2.3704915046691895,1695848000
2006-01-20,2.8314290046691895,2.8585710525512695,2.708214044570923,2.7174999713897705,2.2820186614990234,1134758800
2006-01-23,2.7178568840026855,2.8414289951324463,2.7142860889434814,2.7739291191101074,2.329404592514038,1059730000
2006-01-24,2.812856912612915,2.8364291191101074,2.706070899963379,2.7157139778137207,2.2805182933807373,1142254400
2006-01-25,2.7639288902282715,2.767857074737549,2.6160709857940674,2.6500000953674316,2.2253353595733643,1275786400
2006-01-26,2.6617860794067383,2.6939289569854736,2.5689289569854736,2.583214044570923,2.1692514419555664,1181387200
2006-01-27,2.6053569316864014,2.628571033477783,2.539285898208618,2.572499990463257,2.1602554321289062,953864800
2006-01-30,2.541785955429077,2.7357139587402344,2.5310709476470947,2.6785709857940674,2.2493276596069336,1398401200
2006-01-31,2.6964290142059326,2.726428985595703,2.6339290142059326,2.6967859268188477,2.264624834060669,913542000
2006-02-01,2.676785945892334,2.7307140827178955,2.6657140254974365,2.693571090698242,2.261923313140869,521186400
2006-02-02,2.682142972946167,2.6914288997650146,2.573214054107666,2.575000047683716,2.162353515625,707322000
2006-02-03,2.5799999237060547,2.5996429920196533,2.5371429920196533,2.566071033477783,2.1548566818237305,692123600
2006-02-06,2.572143077850342,2.5896430015563965,2.383570909500122,2.4035708904266357,2.0183968544006348,1651767600
2006-02-07,2.438214063644409,2.481429100036621,2.3814289569854736,2.414285898208618,2.027395009994507,1388830800
2006-02-08,2.446070909500122,2.4671430587768555,2.357142925262451,2.4574999809265137,2.0636839866638184,953114400
2006-02-09,2.4678568840026855,2.4725000858306885,2.304642915725708,2.319643020629883,1.9479190111160278,1149764000
2006-02-10,2.32785701751709,2.416785955429077,2.246428966522217,2.4039289951324463,2.0186972618103027,1760477600
2006-02-13,2.379642963409424,2.3839290142059326,2.3085711002349854,2.3110709190368652,1.940720558166504,883498000
2006-02-14,2.325000047683716,2.432142972946167,2.3214290142059326,2.4157140254974365,2.0285940170288086,1160938800
2006-02-15,2.398571014404297,2.48642897605896,2.3839290142059326,2.4721429347991943,2.0759799480438232,1159771200
2006-02-16,2.496786117553711,2.5360710620880127,2.481429100036621,2.5203568935394287,2.116467237472534,948175200
2006-02-17,2.510714054107666,2.5317859649658203,2.4860711097717285,2.510356903076172,2.108069896697998,575999200
2006-02-21,2.521070957183838,2.5285708904266357,2.45285701751709,2.4671430587768555,2.0717806816101074,779606800
2006-02-22,2.4642860889434814,2.559643030166626,2.4285709857940674,2.54714298248291,2.1389613151550293,978238800
2006-02-23,2.5639290809631348,2.607142925262451,2.5510709285736084,2.5625,2.1518568992614746,856917600
2006-02-24,2.5764288902282715,2.6032140254974365,2.5428569316864014,2.552143096923828,2.143160343170166,534744000
2006-02-27,2.571070909500122,2.575714111328125,2.523214101791382,2.5353569984436035,2.1290640830993652,791240800
2006-02-28,2.556428909301758,2.585714101791382,2.432142972946167,2.446070909500122,2.054086685180664,1266980400
2006-03-01,2.458570957183838,2.481786012649536,2.429286003112793,2.4678568840026855,2.072380542755127,763817600
2006-03-02,2.4639289379119873,2.499643087387085,2.452500104904175,2.4860711097717285,2.0876760482788086,625273600
2006-03-03,2.4785709381103516,2.496786117553711,2.4117860794067383,2.4185709953308105,2.0309934616088867,737668400
2006-03-06,2.4175000190734863,2.4185709953308105,2.3192861080169678,2.338571071624756,1.9638127088546753,912665600
2006-03-07,2.3485710620880127,2.3892860412597656,2.3242859840393066,2.3682138919830322,1.988706111907959,872877600
2006-03-08,2.367500066757202,2.4000000953674316,2.3339290618896484,2.3450000286102295,1.969212293624878,653251200
2006-03-09,2.356429100036621,2.373929023742676,2.2789289951324463,2.2832140922546387,1.9173271656036377,799304800
2006-03-10,2.2874999046325684,2.3032140731811523,2.2303569316864014,2.2567861080169678,1.8951345682144165,1043142800
2006-03-13,2.323214054107666,2.367142915725708,2.3139290809631348,2.3457140922546387,1.9698114395141602,861187600
2006-03-14,2.348928928375244,2.4042859077453613,2.3392860889434814,2.4042859077453613,2.0189969539642334,642020400
2006-03-15,2.4182140827178955,2.430000066757202,2.3399999141693115,2.365356922149658,1.9863059520721436,891996000
2006-03-16,2.387500047683716,2.3892860412597656,2.296428918838501,2.296786069869995,1.9287241697311401,749638400
2006-03-17,2.3125,2.3407139778137207,2.2896430492401123,2.309286117553711,1.9392213821411133,812042000
2006-03-20,2.3292860984802246,2.3378570079803467,2.2810709476470947,2.2853569984436035,1.9191267490386963,605441200
2006-03-21,2.2074999809265137,2.2978570461273193,2.192500114440918,2.2074999809265137,1.8537465333938599,1345366400
2006-03-22,2.2200000286102295,2.2589290142059326,2.188214063644409,2.202500104904175,1.8495476245880127,1345895600
2006-03-23,2.2078568935394287,2.210714101791382,2.1289288997650146,2.148571014404297,1.8042606115341187,1427826400
2006-03-24,2.1517860889434814,2.176429033279419,2.1082139015197754,2.1414289474487305,1.7982629537582397,1071980000
2006-03-27,2.1553568840026855,2.192142963409424,2.121428966522217,2.125356912612915,1.7847670316696167,1108072000
2006-03-28,2.129642963409424,2.1478569507598877,2.080357074737549,2.0967860221862793,1.7607742547988892,1370322800
2006-03-29,2.111785888671875,2.2328569889068604,2.059643030166626,2.2260708808898926,1.8693416118621826,2346834000
2006-03-30,2.2435710430145264,2.260714054107666,2.197499990463257,2.2410709857940674,1.8819375038146973,1390650800
2006-03-31,2.2589290142059326,2.2717859745025635,2.2228569984436035,2.240000009536743,1.8810378313064575,815357200
2006-04-03,2.2739291191101074,2.2899999618530273,2.2360711097717285,2.237499952316284,1.8789383172988892,815791200
2006-04-04,2.2178568840026855,2.2221429347991943,2.180356979370117,2.184643030166626,1.8345530033111572,931924000
2006-04-05,2.3110709190368652,2.4003570079803467,2.2910709381103516,2.4003570079803467,2.0156986713409424,2233408800
2006-04-06,2.43928599357605,2.573214054107666,2.43571400642395,2.544286012649536,2.136561393737793,2663768800
2006-04-07,2.5332140922546387,2.5432140827178955,2.445357084274292,2.492500066757202,2.0930752754211426,1545238800
2006-04-10,2.510356903076172,2.5332140922546387,2.444643020629883,2.452500104904175,2.0594851970672607,903515200
2006-04-11,2.4639289379119873,2.4749999046325684,2.3953568935394287,2.4282140731811523,2.039090633392334,939316000
2006-04-12,2.428929090499878,2.434643030166626,2.367856979370117,2.382499933242798,2.0007026195526123,739894400
2006-04-13,2.369286060333252,2.4085710048675537,2.3503570556640625,2.373929023742676,1.9935046434402466,734678000
2006-04-17,2.375356912612915,2.3871428966522217,2.2982139587402344,2.314642906188965,1.9437193870544434,721938000
2006-04-18,2.322856903076172,2.373929023742676,2.3139290809631348,2.365000009536743,1.9860066175460815,794844400
2006-04-19,2.3864290714263916,2.392857074737549,2.3382139205932617,2.3446431159973145,1.9689123630523682,1086033200
2006-04-20,2.4825000762939453,2.5,2.364285945892334,2.4153571128845215,2.0282938480377197,1666982800
2006-04-21,2.435357093811035,2.4514288902282715,2.373929023742676,2.3942859172821045,2.0105998516082764,788986800
2006-04-24,2.387500047683716,2.390000104904175,2.3392860889434814,2.3482139110565186,1.971910834312439,707028000
2006-04-25,2.3557140827178955,2.378213882446289,2.3414289951324463,2.3632140159606934,1.9845072031021118,529062800
2006-04-26,2.380357027053833,2.438570976257324,2.371428966522217,2.433928966522217,2.0438897609710693,710886400
2006-04-27,2.418929100036621,2.494999885559082,2.4053568840026855,2.4771430492401123,2.08017897605896,845947200
2006-04-28,2.4778571128845215,2.546428918838501,2.4714291095733643,2.5139288902282715,2.1110692024230957,760037600
2006-05-01,2.5274999141693115,2.555000066757202,2.4700000286102295,2.4857139587402344,2.087376117706299,750380400
2006-05-02,2.505357027053833,2.570713996887207,2.5039288997650146,2.557857036590576,2.1479580402374268,771663200
2006-05-03,2.565356969833374,2.569643020629883,2.5064289569854736,2.5407140254974365,2.1335630416870117,686991200
2006-05-04,2.5435709953308105,2.6032140254974365,2.5164289474487305,2.5403571128845215,2.133262872695923,860420400
2006-05-05,2.5664288997650146,2.580357074737549,2.5410709381103516,2.567500114440918,2.1560561656951904,563911600
2006-05-08,2.606786012649536,2.635714054107666,2.561429023742676,2.567500114440918,2.1560561656951904,594851600
2006-05-09,2.565000057220459,2.5914289951324463,2.5221428871154785,2.5367860794067383,2.130263328552246,531666800
2006-05-10,2.5460710525512695,2.547499895095825,2.4860711097717285,2.5214290618896484,2.11736798286438,459888800
2006-05-11,2.5282139778137207,2.5299999713897705,2.4124999046325684,2.433928966522217,2.0438897609710693,812688800
2006-05-12,2.4232139587402344,2.453213930130005,2.387856960296631,2.4178569316864014,2.030393362045288,641774000
2006-05-15,2.4060709476470947,2.442142963409424,2.3971428871154785,2.4210710525512695,2.033092975616455,529177600
2006-05-16,2.432142972946167,2.4375,2.3125,2.320713996887207,1.9488177299499512,936740000
2006-05-17,2.3110709190368652,2.3464291095733643,2.2882139682769775,2.330713987350464,1.957214593887329,754194000
2006-05-18,2.3457140922546387,2.366429090499878,2.254286050796509,2.2564289569854736,1.8948346376419067,658442400
2006-05-19,2.2592859268188477,2.317142963409424,2.2435710430145264,2.303929090499878,1.9347223043441772,985866000
2006-05-22,2.2810709476470947,2.2853569984436035,2.241786003112793,2.26357102394104,1.900831699371338,718975600
2006-05-23,2.3164288997650146,2.328213930130005,2.25,2.255357027053833,1.8939341306686401,694414000
2006-05-24,2.249643087387085,2.273214101791382,2.198570966720581,2.2621428966522217,1.8996323347091675,916031200
2006-05-25,2.2950000762939453,2.301785945892334,2.260356903076172,2.297499895095825,1.9293239116668701,463372000
2006-05-26,2.296786069869995,2.3057138919830322,2.255000114440918,2.2696430683135986,1.9059308767318726,432950000
2006-05-30,2.260356903076172,2.260714054107666,2.186429023742676,2.186429023742676,1.8360519409179688,563402000
2006-05-31,2.205713987350464,2.2067859172821045,2.0960710048675537,2.134643077850342,1.7925645112991333,1280977600
2006-06-01,2.137500047683716,2.2242860794067383,2.125714063644409,2.2203569412231445,1.8645431995391846,942508000
2006-06-02,2.249643087387085,2.253571033477783,2.174285888671875,2.2021429538726807,1.849247694015503,685787200
2006-06-05,2.183928966522217,2.183928966522217,2.1417860984802246,2.142857074737549,1.7994624376296997,605785600
2006-06-06,2.1507139205932617,2.1653571128845215,2.103929042816162,2.132857084274292,1.7910653352737427,726037200
2006-06-07,2.1464290618896484,2.1571431159973145,2.0839290618896484,2.0914289951324463,1.7562763690948486,750506400
2006-06-08,2.0871429443359375,2.1760709285736084,2.0410709381103516,2.1700000762939453,1.8222557306289673,1397482800
2006-06-09,2.184999942779541,2.198570966720581,2.1107139587402344,2.1157140731811523,1.7766695022583008,775838000
2006-06-12,2.121428966522217,2.133213996887207,2.0342860221862793,2.0357139110565186,1.709489345550537,717785600
2006-06-13,2.057499885559082,2.1107139587402344,2.0485711097717285,2.083214044570923,1.7493772506713867,1080643200
2006-06-14,2.0814290046691895,2.0992860794067383,2.0246429443359375,2.057499885559082,1.727784514427185,878136000
2006-06-15,2.046428918838501,2.133570909500122,2.0267860889434814,2.120713949203491,1.780867576599121,1190383600
2006-06-16,2.1057140827178955,2.113929033279419,2.054286003112793,2.0557138919830322,1.726284146308899,838101600
2006-06-19,2.065356969833374,2.07785701751709,2.0357139110565186,2.0428569316864014,1.7154877185821533,704575200
2006-06-20,2.057499885559082,2.0839290618896484,2.0460710525512695,2.052500009536743,1.7235848903656006,672974400
2006-06-21,2.062143087387085,2.0967860221862793,2.046428918838501,2.0664288997650146,1.735282063484192,863296000
2006-06-22,2.078571081161499,2.1339290142059326,2.0739290714263916,2.127856969833374,1.786866307258606,965633200
2006-06-23,2.132857084274292,2.1489291191101074,2.0975000858306885,2.1010708808898926,1.7643729448318481,660203600
2006-06-26,2.1132140159606934,2.114285945892334,2.0846428871154785,2.106786012649536,1.769171953201294,466536000
2006-06-27,2.1103570461273193,2.115000009536743,2.049999952316284,2.0510709285736084,1.7223849296569824,550611600
2006-06-28,2.0460710525512695,2.046428918838501,1.978929042816162,2.000714063644409,1.6800976991653442,850704400
2006-06-29,2.0271430015563965,2.1103570461273193,2.0139288902282715,2.1060709953308105,1.7685719728469849,873398400
2006-06-30,2.056786060333252,2.0625,2.017857074737549,2.0453569889068604,1.7175867557525635,739695600
2006-07-03,2.054286003112793,2.07785701751709,2.0478570461273193,2.069643020629883,1.7379810810089111,194770800
2006-07-05,2.0410709381103516,2.057142972946167,2.0199999809265137,2.0357139110565186,1.709489345550537,518240800
2006-07-06,2.038928985595703,2.049999952316284,1.986070990562439,1.991786003112793,1.6726008653640747,633208800
2006-07-07,1.9814289808273315,2.0196430683135986,1.9524999856948853,1.9785710573196411,1.6615033149719238,799360800
2006-07-10,1.989285945892334,2.0174999237060547,1.9464290142059326,1.964285969734192,1.6495075225830078,529345600
2006-07-11,1.9682140350341797,1.9996429681777954,1.9474999904632568,1.9874999523162842,1.6690013408660889,825022800
2006-07-12,1.9703569412231445,1.9728569984436035,1.8899999856948853,1.8914289474487305,1.588326096534729,927329200
2006-07-13,1.858214020729065,1.9328570365905762,1.8360710144042969,1.8660709857940674,1.5670315027236938,1249906000
2006-07-14,1.875,1.888929009437561,1.791429042816162,1.809643030166626,1.5196462869644165,993036800
2006-07-17,1.847499966621399,1.8967859745025635,1.844642996788025,1.8703570365905762,1.5706309080123901,1024542400
2006-07-18,1.8985710144042969,1.9232139587402344,1.8517860174179077,1.8892860412597656,1.5865261554718018,1000448400
2006-07-19,1.8914289474487305,1.9671430587768555,1.8700000047683716,1.932142972946167,1.6225156784057617,1390743200
2006-07-20,2.177143096923828,2.1996428966522217,2.132857084274292,2.1607139110565186,1.8144577741622925,1972146400
2006-07-21,2.1364290714263916,2.183928966522217,2.130000114440918,2.1685709953308105,1.8210561275482178,891892400
2006-07-24,2.187856912612915,2.2178568840026855,2.1582140922546387,2.193571090698242,1.8420497179031372,722856400
2006-07-25,2.2064290046691895,2.2174999713897705,2.1707139015197754,2.2117860317230225,1.8573453426361084,589069600
2006-07-26,2.2142860889434814,2.3085711002349854,2.20285701751709,2.2810709476470947,1.9155280590057373,898427600
2006-07-27,2.3035709857940674,2.322143077850342,2.244999885559082,2.2642860412597656,1.9014326333999634,735044800
2006-07-28,2.2835710048675537,2.3457140922546387,2.267857074737549,2.3424999713897705,1.967112421989441,691507600
2006-07-31,2.3867859840393066,2.45107102394104,2.367142915725708,2.427143096923828,2.0381920337677,892841600
2006-08-01,2.4007139205932617,2.4260709285736084,2.3550000190734863,2.3992860317230225,2.0147993564605713,711765600
2006-08-02,2.4160709381103516,2.45285701751709,2.4110710620880127,2.434286117553711,2.0441906452178955,550768400
2006-08-03,2.4253571033477783,2.5,2.421786069869995,2.4853570461273193,2.087076187133789,841044400
2006-08-04,2.3946430683135986,2.450356960296631,2.319999933242798,2.43928599357605,2.048388957977295,1852866400
2006-08-07,2.4185709953308105,2.4857139587402344,2.3682138919830322,2.4003570079803467,2.0156986713409424,1245512800
2006-08-08,2.396070957183838,2.3967859745025635,2.303929090499878,2.313570976257324,1.9428188800811768,997864000
2006-08-09,2.3367860317230225,2.3428568840026855,2.2642860412597656,2.271070957183838,1.9071305990219116,955838800
2006-08-10,2.2589290142059326,2.314642906188965,2.239285945892334,2.2882139682769775,1.9215266704559326,697760000
2006-08-11,2.258213996887207,2.2903571128845215,2.234999895095825,2.273214101791382,1.9089300632476807,777529200
2006-08-14,2.2874999046325684,2.3292860984802246,2.2714290618896484,2.2835710048675537,1.9176267385482788,717620400
2006-08-15,2.333570957183838,2.375,2.31428599357605,2.37321400642395,1.9929040670394897,861352800
2006-08-16,2.3964290618896484,2.4310710430145264,2.368928909301758,2.427856922149658,2.038792133331299,781284000
2006-08-17,2.4285709857940674,2.4521429538726807,2.3992860317230225,2.413928985595703,2.027094841003418,581148400
2006-08-18,2.4182140827178955,2.442857027053833,2.4021430015563965,2.4253571033477783,2.036691427230835,536354000
2006-08-21,2.4035708904266357,2.4039289951324463,2.362499952316284,2.377142906188965,1.9962035417556763,526226400
2006-08-22,2.3814289569854736,2.440000057220459,2.375,2.4149999618530273,2.027994394302368,576968000
2006-08-23,2.4285709857940674,2.4517860412597656,2.390713930130005,2.4039289951324463,2.0186972618103027,536258800
2006-08-24,2.424643039703369,2.435357093811035,2.366786003112793,2.421786069869995,2.0336928367614746,655191600
2006-08-25,2.4049999713897705,2.4660708904266357,2.4039289951324463,2.455357074737549,2.0618844032287598,543958800
2006-08-28,2.4464290142059326,2.450356960296631,2.3814289569854736,2.3921430110931396,2.0088002681732178,738161200
2006-08-29,2.3924999237060547,2.4021430015563965,2.325714111328125,2.374285936355591,1.9938048124313354,947332400
2006-08-30,2.4049999713897705,2.42214298248291,2.3814289569854736,2.3914289474487305,2.00819993019104,680142400
2006-08-31,2.4028570652008057,2.43928599357605,2.380713939666748,2.4232139587402344,2.0348916053771973,574697200
2006-09-01,2.445713996887207,2.4517860412597656,2.42214298248291,2.442142963409424,2.0507876873016357,408494800
2006-09-05,2.4632139205932617,2.5535709857940674,2.448214054107666,2.552856922149658,2.1437604427337646,1012457600
2006-09-06,2.5385708808898926,2.560357093811035,2.489285945892334,2.501070976257324,2.1002728939056396,974103200
2006-09-07,2.5214290618896484,2.624285936355591,2.5089290142059326,2.5999999046325684,2.183347463607788,1267957600
2006-09-08,2.620357036590576,2.627500057220459,2.568213939666748,2.5899999141693115,2.174950361251831,895921600
2006-09-11,2.5867860317230225,2.633213996887207,2.5507140159606934,2.5892860889434814,2.174351453781128,949124400
2006-09-12,2.6003570556640625,2.62321400642395,2.551785945892334,2.5939290523529053,2.1782495975494385,1684687200
2006-09-13,2.601785898208618,2.6542859077453613,2.5821430683135986,2.6500000953674316,2.2253353595733643,1146138000
2006-09-14,2.632857084274292,2.666785955429077,2.6235709190368652,2.6489291191101074,2.2244365215301514,801729600
2006-09-15,2.664285898208618,2.677856922149658,2.617500066757202,2.6464290618896484,2.222337484359741,981853600
2006-09-18,2.635714054107666,2.6735711097717285,2.617856979370117,2.6389288902282715,2.216038227081299,705278000
2006-09-19,2.6464290618896484,2.6557140350341797,2.5999999046325684,2.634643077850342,2.2124390602111816,710049200
2006-09-20,2.6564290523529053,2.70285701751709,2.6507139205932617,2.687856912612915,2.2571260929107666,822791200
2006-09-21,2.6875,2.7164289951324463,2.643570899963379,2.6660709381103516,2.238830804824829,794124800
2006-09-22,2.6535708904266357,2.6549999713897705,2.5921430587768555,2.607142925262451,2.1893458366394043,665112000
2006-09-25,2.636070966720581,2.7092859745025635,2.632857084274292,2.705357074737549,2.2718217372894287,858992400
2006-09-26,2.7207140922546387,2.7778570652008057,2.7178568840026855,2.7717859745025635,2.3276052474975586,1102948000
2006-09-27,2.756071090698242,2.7667860984802246,2.7078568935394287,2.728929042816162,2.2916154861450195,810373200
2006-09-28,2.750714063644409,2.7671430110931396,2.7125000953674316,2.750356912612915,2.30961012840271,723609600
2006-09-29,2.7539288997650146,2.768570899963379,2.7385709285736084,2.749285936355591,2.3087103366851807,405812400
2006-10-02,2.682142972946167,2.7096428871154785,2.6535708904266357,2.6735711097717285,2.245129346847534,712639200
2006-10-03,2.6589291095733643,2.676785945892334,2.613929033279419,2.645714044570923,2.221736431121826,790708800
2006-10-04,2.6464290618896484,2.694999933242798,2.6128571033477783,2.692142963409424,2.260725736618042,829082800
2006-10-05,2.6617860794067383,2.7200000286102295,2.6475000381469727,2.672499895095825,2.244230031967163,683883200
2006-10-06,2.6578569412231445,2.680000066757202,2.636070966720581,2.6507139205932617,2.225935697555542,466958800
2006-10-09,2.635714054107666,2.681428909301758,2.626070976257324,2.6653571128845215,2.238231897354126,438222400
2006-10-10,2.6621429920196533,2.6635708808898926,2.609999895095825,2.636070966720581,2.213639497756958,531588400
2006-10-11,2.622143030166626,2.6421430110931396,2.5928568840026855,2.615356922149658,2.1962435245513916,571855200
2006-10-12,2.6289288997650146,2.692500114440918,2.628571033477783,2.687856912612915,2.2571260929107666,592855200
2006-10-13,2.70107102394104,2.745713949203491,2.669286012649536,2.679286003112793,2.2499279975891113,684196800
2006-10-16,2.685357093811035,2.7100000381469727,2.6710710525512695,2.692857027053833,2.261324405670166,508692800
2006-10-17,2.680000066757202,2.688214063644409,2.6442859172821045,2.6532139778137207,2.228034257888794,480925200
2006-10-18,2.669642925262451,2.691786050796509,2.6396429538726807,2.6617860794067383,2.235232353210449,1133907600
2006-10-19,2.830713987350464,2.8553569316864014,2.791429042816162,2.821070909500122,2.3689920902252197,1512977200
2006-10-20,2.820357084274292,2.856786012649536,2.809643030166626,2.8553569316864014,2.3977839946746826,639413600
2006-10-23,2.856786012649536,2.924999952316284,2.8482139110565186,2.9092860221862793,2.44307017326355,832507200
2006-10-24,2.9003570079803467,2.9171431064605713,2.864285945892334,2.8946430683135986,2.430774211883545,463212400
2006-10-25,2.9053568840026855,2.9285709857940674,2.893213987350464,2.9171431064605713,2.4496681690216064,485214800
2006-10-26,2.924999952316284,2.950000047683716,2.8975000381469727,2.935357093811035,2.464963436126709,432756800
2006-10-27,2.919642925262451,2.944643020629883,2.8575000762939453,2.871786117553711,2.4115803241729736,594966400
2006-10-30,2.856786012649536,2.8892860412597656,2.8392860889434814,2.872143030166626,2.4118802547454834,499917600
2006-10-31,2.9089291095733643,2.9171431064605713,2.865356922149658,2.895714044570923,2.431673765182495,501474400
2006-11-01,2.8964290618896484,2.9064290523529053,2.7985711097717285,2.8271429538726807,2.3740901947021484,611192400
2006-11-02,2.818571090698242,2.8328568935394287,2.8035709857940674,2.820713996887207,2.368692398071289,465483200
2006-11-03,2.8342859745025635,2.8403570652008057,2.7782139778137207,2.7960710525512695,2.34799861907959,431888800
2006-11-06,2.819643020629883,2.859286069869995,2.8010709285736084,2.8467860221862793,2.3905856609344482,434576800
2006-11-07,2.87321400642395,2.892857074737549,2.861785888671875,2.875356912612915,2.414578437805176,525932400
2006-11-08,2.8578569889068604,2.953213930130005,2.8532140254974365,2.944643020629883,2.472761631011963,690916800
2006-11-09,2.960714101791382,3.0246429443359375,2.932857036590576,2.976428985595703,2.49945330619812,923053600
2006-11-10,2.983928918838501,2.9857139587402344,2.9464290142059326,2.9685709476470947,2.4928548336029053,373864400
2006-11-13,2.9721429347991943,3.016071081161499,2.9514288902282715,3.012500047683716,2.5297446250915527,450674000
2006-11-14,3.0285708904266357,3.0357139110565186,2.996428966522217,3.0357139110565186,2.54923939704895,588954800
2006-11-15,3.0374999046325684,3.067857027053833,3.0,3.00178599357605,2.520746946334839,655323200
2006-11-16,3.0310709476470947,3.0821430683135986,3.0221428871154785,3.057499885559082,2.567533016204834,693940800
2006-11-17,3.0407140254974365,3.0692861080169678,3.0357139110565186,3.066071033477783,2.574730396270752,466424000
2006-11-20,3.049999952316284,3.107142925262451,3.0428569316864014,3.0882139205932617,2.5933258533477783,570794000
2006-11-21,3.122143030166626,3.164285898208618,3.1110711097717285,3.164285898208618,2.6572067737579346,622666800
2006-11-22,3.1782140731811523,3.2410709857940674,3.137500047683716,3.2253570556640625,2.708491086959839,671941200
2006-11-24,3.197499990463257,3.3242859840393066,3.1964290142059326,3.2725000381469727,2.748080015182495,518677600
2006-11-27,3.303929090499878,3.3271429538726807,3.1964290142059326,3.197856903076172,2.6853981018066406,1074836000
2006-11-28,3.2271430492401123,3.2846429347991943,3.211071014404297,3.2789289951324463,2.7534780502319336,1036173600
2006-11-29,3.3214290142059326,3.3267860412597656,3.2232139110565186,3.2785708904266357,2.7531778812408447,1157083200
2006-11-30,3.2932140827178955,3.309999942779541,3.252142906188965,3.273571014404297,2.748979330062866,870486400
2006-12-01,3.2785708904266357,3.297499895095825,3.2178568840026855,3.2614290714263916,2.7387821674346924,795079600
2006-12-04,3.2814290523529053,3.2874999046325684,3.232142925262451,3.254286050796509,2.7327842712402344,709536800
2006-12-05,3.273214101791382,3.297499895095825,3.245357036590576,3.259643077850342,2.7372829914093018,662838400
2006-12-06,3.237143039703369,3.2639288902282715,3.202500104904175,3.208214044570923,2.69409441947937,638184400
2006-12-07,3.2153570652008057,3.232142925262451,3.1035709381103516,3.1085710525512695,2.610419750213623,1004827600
2006-12-08,3.115356922149658,3.192500114440918,3.107142925262451,3.1521430015563965,2.6470093727111816,784277200
2006-12-11,3.174999952316284,3.18928599357605,3.1446430683135986,3.169642925262451,2.6617043018341064,499780400
2006-12-12,3.1646430492401123,3.1728570461273193,3.054642915725708,3.0764288902282715,2.5834286212921143,1026620000
2006-12-13,3.141071081161499,3.1810710430145264,3.112499952316284,3.180356979370117,2.670703172683716,857052000
2006-12-14,3.180356979370117,3.2142860889434814,3.1521430015563965,3.1624999046325684,2.6557068824768066,832330800
2006-12-15,3.179286003112793,3.186429023742676,3.118928909301758,3.132857084274292,2.6308138370513916,739939200
2006-12-18,3.129642963409424,3.142857074737549,3.021070957183838,3.052500009536743,2.5633351802825928,721576800
2006-12-19,3.026071071624756,3.0957140922546387,2.98642897605896,3.0824999809265137,2.588527202606201,911405600
2006-12-20,3.0882139205932617,3.0953569412231445,3.0264289379119873,3.0271430015563965,2.5420403480529785,567691600
2006-12-21,3.0250000953674316,3.052856922149658,2.93571400642395,2.960714101791382,2.486257553100586,903599200
2006-12-22,2.9807140827178955,3.0014290809631348,2.914285898208618,2.93571400642395,2.465263605117798,613303600
2006-12-26,2.933928966522217,2.9489290714263916,2.8889288902282715,2.9110710620880127,2.444570541381836,490688800
2006-12-27,2.7910709381103516,2.9285709857940674,2.741786003112793,2.911428928375244,2.4448699951171875,1935754800
2006-12-28,2.865000009536743,2.9017860889434814,2.8446431159973145,2.888214111328125,2.425375461578369,1119876800
2006-12-29,2.99821400642395,3.049999952316284,2.9771430492401123,3.0299999713897705,2.544440746307373,1076429200
2007-01-03,3.0817859172821045,3.0921430587768555,2.924999952316284,2.992856979370117,2.513249158859253,1238319600
2007-01-04,3.00178599357605,3.069643020629883,2.9935710430145264,3.059286117553711,2.5690338611602783,847260400
2007-01-05,3.063214063644409,3.078571081161499,3.0142860412597656,3.0374999046325684,2.5507380962371826,834741600
2007-01-08,3.069999933242798,3.0903570652008057,3.0457139015197754,3.052500009536743,2.5633351802825928,797106800
2007-01-09,3.0875000953674316,3.320713996887207,3.0410709381103516,3.3060710430145264,2.776270866394043,3349298400
2007-01-10,3.3839290142059326,3.492856979370117,3.3375000953674316,3.4642860889434814,2.909130811691284,2952880000
2007-01-11,3.426429033279419,3.4564290046691895,3.3964290618896484,3.421428918838501,2.8731415271759033,1440252800
2007-01-12,3.378213882446289,3.3949999809265137,3.3296430110931396,3.379286050796509,2.8377537727355957,1312690400
2007-01-16,3.4171431064605713,3.4732139110565186,3.4089291095733643,3.4678568840026855,2.91213059425354,1244076400
2007-01-17,3.484286069869995,3.4857139587402344,3.3864290714263916,3.391071081161499,2.847649574279785,1646260000
2007-01-18,3.289285898208618,3.2896430492401123,3.180356979370117,3.1810710430145264,2.6713006496429443,2364605600
2007-01-19,3.1653571128845215,3.2017860412597656,3.1471428871154785,3.1607139110565186,2.6542069911956787,1364473600
2007-01-22,3.1835711002349854,3.184286117553711,3.058928966522217,3.0996429920196533,2.6029229164123535,1454026000
2007-01-23,3.061785936355591,3.125356912612915,3.053929090499878,3.06071400642395,2.570232391357422,1207424400
2007-01-24,3.0957140922546387,3.112499952316284,3.0742859840393066,3.0964291095733643,2.6002237796783447,927813600
2007-01-25,3.1110711097717285,3.1607139110565186,3.072499990463257,3.080357074737549,2.5867276191711426,905973600
2007-01-26,3.1110711097717285,3.120357036590576,3.0353569984436035,3.049285888671875,2.5606350898742676,986874000
2007-01-29,3.0821430683135986,3.0946431159973145,3.054642915725708,3.0692861080169678,2.5774307250976562,901664400
2007-01-30,3.0867860317230225,3.0889289379119873,3.044642925262451,3.055356979370117,2.5657341480255127,577970400
2007-01-31,3.0307140350341797,3.0714290142059326,3.012500047683716,3.061785936355591,2.571132183074951,856069200
2007-02-01,3.0796430110931396,3.081070899963379,3.0264289379119873,3.0264289379119873,2.5414416790008545,664342000
2007-02-02,3.004286050796509,3.044642925262451,2.989285945892334,3.0267860889434814,2.541741132736206,621530000
2007-02-05,3.010714054107666,3.043929100036621,2.997857093811035,2.997857093811035,2.5174479484558105,578852400
2007-02-06,3.016071081161499,3.0167860984802246,2.9592859745025635,3.005357027053833,2.5237462520599365,864393600
2007-02-07,3.0171430110931396,3.0850000381469727,2.983928918838501,3.0767860412597656,2.583728790283203,1066825200
2007-02-08,3.0510709285736084,3.0896430015563965,3.0503571033477783,3.07785701751709,2.5846283435821533,679030800
2007-02-09,3.067142963409424,3.078571081161499,2.9717860221862793,2.973928928375244,2.4973552227020264,860540800
2007-02-12,3.01535701751709,3.0421431064605713,2.986785888671875,3.0314290523529053,2.5456409454345703,724071600
2007-02-13,3.041429042816162,3.0460710525512695,3.010714054107666,3.0250000953674316,2.540241003036499,580986000
2007-02-14,3.0225000381469727,3.0585711002349854,3.0203568935394287,3.046428918838501,2.5582358837127686,507981600
2007-02-15,3.051429033279419,3.057857036590576,3.0278570652008057,3.0432140827178955,2.5555362701416016,363661200
2007-02-16,3.044642925262451,3.0503571033477783,3.023571014404297,3.0296430587768555,2.544140338897705,399868000
2007-02-20,3.023214101791382,3.0771429538726807,3.005713939666748,3.067857027053833,2.57623028755188,617702400
2007-02-21,3.070713996887207,3.196070909500122,3.069999933242798,3.18571400642395,2.675201416015625,1155313600
2007-02-22,3.242856979370117,3.2432138919830322,3.1617860794067383,3.1967859268188477,2.684497833251953,838224800
2007-02-23,3.184286117553711,3.226428985595703,3.1732139587402344,3.1810710430145264,2.6713006496429443,517893600
2007-02-26,3.208570957183838,3.2142860889434814,3.1289288997650146,3.1610710620880127,2.654505729675293,615848800
2007-02-27,3.0821430683135986,3.109999895095825,2.978929042816162,2.997499942779541,2.51714825630188,1145813200
2007-02-28,2.9642860889434814,3.057142972946167,2.9642860889434814,3.0217859745025635,2.5375423431396484,919475200
2007-03-01,3.001070976257324,3.1539289951324463,2.9910709857940674,3.109286069869995,2.611020088195801,1415528800
2007-03-02,3.098928928375244,3.1264290809631348,3.0432140827178955,3.0503571033477783,2.561535358428955,860000400
2007-03-05,3.067500114440918,3.1660709381103516,3.062856912612915,3.0828568935394287,2.5888266563415527,838899600
2007-03-06,3.135714054107666,3.1539289951324463,3.121428966522217,3.1496429443359375,2.6449098587036133,723186800
2007-03-07,3.1446430683135986,3.177500009536743,3.12321400642395,3.132857084274292,2.6308138370513916,626284400
2007-03-08,3.163928985595703,3.1685709953308105,3.1235709190368652,3.142857074737549,2.6392111778259277,511011200
2007-03-09,3.171428918838501,3.1732139587402344,3.121428966522217,3.1417860984802246,2.6383118629455566,451836000
2007-03-12,3.1453568935394287,3.2139289379119873,3.1424999237060547,3.2096428871154785,2.695295810699463,729408400
2007-03-13,3.193213939666748,3.2357139587402344,3.1571431159973145,3.1571431159973145,2.6512081623077393,867890800
2007-03-14,3.164285898208618,3.2142860889434814,3.140000104904175,3.2142860889434814,2.699193239212036,796586000
2007-03-15,3.2128570079803467,3.2271430492401123,3.189642906188965,3.1989290714263916,2.68629789352417,559498800
2007-03-16,3.197856903076172,3.2139289379119873,3.190000057220459,3.1996428966522217,2.6868982315063477,571704000
2007-03-19,3.2228569984436035,3.2696430683135986,3.1996428966522217,3.254642963409424,2.733083486557007,712961200
2007-03-20,3.262500047683716,3.2799999713897705,3.252142906188965,3.2671430110931396,2.7435805797576904,488916400
2007-03-21,3.2853569984436035,3.357142925262451,3.273214101791382,3.3524999618530273,2.815258502960205,686896000
2007-03-22,3.3475000858306885,3.369999885559082,3.3214290142059326,3.3557140827178955,2.8179585933685303,561492400
2007-03-23,3.3339290618896484,3.35964298248291,3.3321430683135986,3.3399999141693115,2.8047618865966797,450884000
2007-03-26,3.356786012649536,3.424999952316284,3.3321430683135986,3.4232139587402344,2.8746418952941895,864987200
2007-03-27,3.4182140827178955,3.458214044570923,3.392857074737549,3.4092860221862793,2.862945079803467,932052800
2007-03-28,3.38857102394104,3.4071431159973145,3.3267860412597656,3.3299999237060547,2.7963645458221436,942337200
2007-03-29,3.363929033279419,3.363929033279419,3.293929100036621,3.3482139110565186,2.8116607666015625,725723600
2007-03-30,3.367142915725708,3.3814289569854736,3.3125,3.318213939666748,2.7864668369293213,600558000
2007-04-02,3.362143039703369,3.3660709857940674,3.322143077850342,3.3446431159973145,2.808661699295044,501992400
2007-04-03,3.362143039703369,3.401071071624756,3.3485710620880127,3.375,2.834153652191162,583934400
2007-04-04,3.390713930130005,3.3978569507598877,3.361785888671875,3.366786003112793,2.827255964279175,476784000
2007-04-05,3.36142897605896,3.3814289569854736,3.3399999141693115,3.3814289569854736,2.839552402496338,355516000
2007-04-09,3.4003570079803467,3.4035708904266357,3.322856903076172,3.3446431159973145,2.808661699295044,413341600
2007-04-10,3.3453569412231445,3.366429090499878,3.336071014404297,3.3660709857940674,2.826655149459839,352466800
2007-04-11,3.3535709381103516,3.3553569316864014,3.297499895095825,3.306786060333252,2.7768714427948,549018400
2007-04-12,3.2871429920196533,3.296786069869995,3.240000009536743,3.2925000190734863,2.76487398147583,656675600
2007-04-13,3.246428966522217,3.2642860412597656,3.2164289951324463,3.2228569984436035,2.7063918113708496,719941600
2007-04-16,3.23464298248291,3.267857074737549,3.2232139110565186,3.26535701751709,2.7420811653137207,609033600
2007-04-17,3.2857139110565186,3.296428918838501,3.203571081161499,3.226785898208618,2.7096915245056152,751920400
2007-04-18,3.2200000286102295,3.244642972946167,3.200000047683716,3.2285709381103516,2.7111895084381104,464044000
2007-04-19,3.2210710048675537,3.2589290142059326,3.208214044570923,3.223928928375244,2.7072925567626953,425913600
2007-04-20,3.2460711002349854,3.2564289569854736,3.233928918838501,3.248929023742676,2.728285551071167,522779600
2007-04-23,3.271070957183838,3.3499999046325684,3.265000104904175,3.3396430015563965,2.8044631481170654,780290000
2007-04-24,3.3557140827178955,3.442500114440918,3.260714054107666,3.3299999237060547,2.7963645458221436,1055252800
2007-04-25,3.365356922149658,3.4071431159973145,3.3499999046325684,3.4053568840026855,2.8596456050872803,1187144000
2007-04-26,3.627856969833374,3.6607139110565186,3.510714054107666,3.5299999713897705,2.9643144607543945,1737778000
2007-04-27,3.5064289569854736,3.569643020629883,3.488929033279419,3.568571090698242,2.9967048168182373,699403600
2007-04-30,3.5746428966522217,3.607142925262451,3.559643030166626,3.56428599357605,2.9931063652038574,616509600
2007-05-01,3.556786060333252,3.5839290618896484,3.5196430683135986,3.552500009536743,2.983208656311035,532523600
2007-05-02,3.558928966522217,3.5907139778137207,3.552500009536743,3.5853569507598877,3.0108015537261963,505145200
2007-05-03,3.5975000858306885,3.62321400642395,3.5717859268188477,3.585714101791382,3.011099338531494,576077600
2007-05-04,3.5999999046325684,3.628571033477783,3.5892860889434814,3.6003570556640625,3.0233967304229736,381987200
2007-05-07,3.609999895095825,3.726785898208618,3.6075000762939453,3.7114291191101074,3.1166696548461914,861557200
2007-05-08,3.695357084274292,3.755357027053833,3.693571090698242,3.752142906188965,3.1508595943450928,783997200
2007-05-09,3.746786117553711,3.819999933242798,3.7460711002349854,3.817142963409424,3.205442190170288,717757600
2007-05-10,3.808213949203491,3.8871428966522217,3.7828569412231445,3.833570957183838,3.219237804412842,1197257600
2007-05-11,3.8478569984436035,3.8975000381469727,3.813570976257324,3.883570909500122,3.261225938796997,653696400
2007-05-14,3.9149999618530273,3.9285709857940674,3.8660709857940674,3.9057140350341797,3.279820680618286,651946400
2007-05-15,3.9132139682769775,3.93571400642395,3.802856922149658,3.8399999141693115,3.2246365547180176,954514400
2007-05-16,3.876070976257324,3.8867859840393066,3.693571090698242,3.833570957183838,3.219237804412842,1126767600
2007-05-17,3.8267860412597656,3.92392897605896,3.8267860412597656,3.9085710048675537,3.282219886779785,735291200
2007-05-18,3.936785936355591,3.9514288902282715,3.9203569889068604,3.929286003112793,3.299614906311035,621345200
2007-05-21,3.939642906188965,4.01607084274292,3.930356979370117,3.999285936355591,3.3583977222442627,639892400
2007-05-22,4.017499923706055,4.0625,4.000357151031494,4.054999828338623,3.4051835536956787,572409600
2007-05-23,4.072143077850342,4.107142925262451,4.021070957183838,4.03178596496582,3.3856892585754395,911374800
2007-05-24,4.028929233551025,4.087856769561768,3.941786050796509,3.953213930130005,3.3197081089019775,887362000
2007-05-25,4.0,4.063570976257324,3.982142925262451,4.057857036590576,3.4075825214385986,632959600
2007-05-29,4.087500095367432,4.102142810821533,4.0246429443359375,4.083929061889648,3.4294769763946533,645694000
2007-05-30,4.0821428298950195,4.24571418762207,4.054643154144287,4.241786003112793,3.5620357990264893,1478444800
2007-05-31,4.288214206695557,4.363214015960693,4.269286155700684,4.328214168548584,3.634613513946533,1297066400
2007-06-01,4.324999809265137,4.328214168548584,4.224643230438232,4.228570938110352,3.550938844680786,885262000
2007-06-04,4.236785888671875,4.347499847412109,4.210713863372803,4.333213806152344,3.6388132572174072,886673200
2007-06-05,4.336071014404297,4.381785869598389,4.3035712242126465,4.381071090698242,3.6790010929107666,920785600
2007-06-06,4.367856979370117,4.430356979370117,4.3553571701049805,4.415713787078857,3.708092451095581,1112241200
2007-06-07,4.463929176330566,4.557499885559082,4.3996429443359375,4.431070804595947,3.720987319946289,1915079600
2007-06-08,4.493570804595947,4.493928909301758,4.367499828338623,4.446071147918701,3.7335846424102783,1241682400
2007-06-11,4.5,4.505356788635254,4.269286155700684,4.292500019073486,3.6046245098114014,1874258400
2007-06-12,4.262499809265137,4.346786022186279,4.2253570556640625,4.299285888671875,3.6103227138519287,1426566400
2007-06-13,4.326786041259766,4.328214168548584,4.121428966522217,4.1964287757873535,3.5239484310150146,1721353200
2007-06-14,4.185713768005371,4.26607084274292,4.1578569412231445,4.2410712242126465,3.561436891555786,973266000
2007-06-15,4.307857036590576,4.309642791748047,4.28071403503418,4.3035712242126465,3.6139211654663086,811218800
2007-06-18,4.402856826782227,4.470714092254639,4.376429080963135,4.46750020980835,3.7515790462493896,910604800
2007-06-19,4.453214168548584,4.4646430015563965,4.38964319229126,4.416429042816162,3.708693504333496,943026000
2007-06-20,4.423929214477539,4.45214319229126,4.339285850524902,4.341071128845215,3.645409345626831,897512000
2007-06-21,4.346428871154785,4.438929080963135,4.311429023742676,4.425000190734863,3.7158896923065186,867045200
2007-06-22,4.423213958740234,4.444643020629883,4.37071418762207,4.392857074737549,3.688898801803589,631876000
2007-06-25,4.435357093811035,4.46750020980835,4.32357120513916,4.369286060333252,3.6691060066223145,965403600
2007-06-26,4.427856922149658,4.4285712242126465,4.239999771118164,4.273213863372803,3.5884268283843994,1345005200
2007-06-27,4.307499885559082,4.3585710525512695,4.259285926818848,4.353213787078857,3.655607223510742,974696800
2007-06-28,4.369999885559082,4.374642848968506,4.285714149475098,4.305714130401611,3.6157195568084717,838143600
2007-06-29,4.3560709953308105,4.4285712242126465,4.324643135070801,4.3585710525512695,3.660107135772705,1137841600
2007-07-02,4.323214054107666,4.36035680770874,4.260714054107666,4.330714225769043,3.636714458465576,994862400
2007-07-03,4.357142925262451,4.550000190734863,4.339285850524902,4.541786193847656,3.813960313796997,1162481600
2007-07-05,4.599999904632568,4.748929023742676,4.596070766448975,4.7410712242126465,3.9813127517700195,1453051600
2007-07-06,4.754642963409424,4.762143135070801,4.6571431159973145,4.724999904632568,3.967816114425659,874694800
2007-07-09,4.7278571128845215,4.746428966522217,4.6135711669921875,4.6546430587768555,3.908734083175659,995820000
2007-07-10,4.6028571128845215,4.8035712242126465,4.6003570556640625,4.726786136627197,3.9693140983581543,1255007600
2007-07-11,4.716785907745361,4.775000095367432,4.689642906188965,4.728213787078857,3.970515251159668,821772000
2007-07-12,4.7803568840026855,4.794285774230957,4.728213787078857,4.788214206695557,4.02089786529541,704608800
2007-07-13,4.822500228881836,4.923213958740234,4.804286003112793,4.918929100036621,4.1306657791137695,907606000
2007-07-16,4.942500114440918,4.99928617477417,4.910714149475098,4.932143211364746,4.141764163970947,936112800
2007-07-17,4.939286231994629,4.985713958740234,4.910714149475098,4.961071014404297,4.166055202484131,709959600
2007-07-18,4.935357093811035,4.944285869598389,4.8585710525512695,4.932857036590576,4.14236307144165,756856800
2007-07-19,5.010714054107666,5.028929233551025,4.987500190734863,5.0,4.198746204376221,732891600
2007-07-20,5.058928966522217,5.149285793304443,5.0,5.1339287757873535,4.311211585998535,1167773600
2007-07-23,5.118214130401611,5.186429023742676,5.033214092254639,5.132143020629883,4.309714317321777,1036490000
2007-07-24,4.960000038146973,5.035714149475098,4.791070938110352,4.817500114440918,4.045492172241211,1795292800
2007-07-25,4.9053568840026855,4.941429138183594,4.8214287757873535,4.9021430015563965,4.116570949554443,1496182800
2007-07-26,5.211071014404297,5.3035712242126465,4.8914289474487305,5.214285850524902,4.378691673278809,2186629200
2007-07-27,5.221070766448975,5.318571090698242,5.135000228881836,5.137499809265137,4.314210891723633,1161098400
2007-07-30,5.1546430587768555,5.194643020629883,4.98464298248291,5.0510711669921875,4.241633892059326,1106988400
2007-07-31,5.1060709953308105,5.12428617477417,4.697143077850342,4.705714225769043,3.9516184329986572,1762392800
2007-08-01,4.772857189178467,4.835000038146973,4.56321382522583,4.8214287757873535,4.048790454864502,1750156800
2007-08-02,4.880356788635254,4.8914289474487305,4.791070938110352,4.874642848968506,4.09347677230835,852644800
2007-08-03,4.830714225769043,4.8553571701049805,4.6964287757873535,4.708929061889648,3.9543185234069824,679187600
2007-08-06,4.746428966522217,4.831070899963379,4.5821428298950195,4.830357074737549,4.0562896728515625,925170400
2007-08-07,4.819285869598389,4.901429176330566,4.736785888671875,4.822500228881836,4.049692153930664,949936400
2007-08-08,4.884285926818848,4.887856960296631,4.714285850524902,4.786070823669434,4.019099235534668,808096800
2007-08-09,4.682499885559082,4.75,4.46750020980835,4.5139288902282715,3.7905678749084473,1125395600
2007-08-10,4.3971428871154785,4.5625,4.29642915725708,4.464285850524902,3.748880386352539,1410749200
2007-08-13,4.582857131958008,4.619643211364746,4.517857074737549,4.563929080963135,3.8325560092926025,752911600
2007-08-14,4.581786155700684,4.5821428298950195,4.418213844299316,4.429643154144287,3.719789743423462,739006800
2007-08-15,4.383571147918701,4.459286212921143,4.273213863372803,4.2821431159973145,3.5959277153015137,992852000
2007-08-16,4.178928852081299,4.232142925262451,3.98642897605896,4.180356979370117,3.510451555252075,1866690000
2007-08-17,4.357500076293945,4.410714149475098,4.279285907745361,4.359285831451416,3.660707712173462,1195062400
2007-08-20,4.427143096923828,4.4464287757873535,4.3035712242126465,4.364999771118164,3.6655049324035645,803317200
2007-08-21,4.364643096923828,4.605713844299316,4.3214287757873535,4.556070804595947,3.8259572982788086,1303047200
2007-08-22,4.686429023742676,4.7410712242126465,4.6546430587768555,4.732500076293945,3.9741127490997314,1061765600
2007-08-23,4.753213882446289,4.762143135070801,4.634285926818848,4.681070804595947,3.9309258460998535,866838000
2007-08-24,4.661786079406738,4.8346428871154785,4.63607120513916,4.8321428298950195,4.0577874183654785,911834000
2007-08-27,4.7639288902282715,4.809286117553711,4.7178568840026855,4.723214149475098,3.966315507888794,707439600
2007-08-28,4.678214073181152,4.728929042816162,4.522500038146973,4.529285907745361,3.8034634590148926,1179365600
2007-08-29,4.638570785522461,4.792142868041992,4.626429080963135,4.788570880889893,4.021198749542236,1166860800
2007-08-30,4.738214015960693,4.9375,4.724999904632568,4.8660712242126465,4.086279392242432,1435582400
2007-08-31,4.981785774230957,4.987500190734863,4.90749979019165,4.945713996887207,4.153158664703369,876887200
2007-09-04,4.997857093811035,5.2046427726745605,4.994286060333252,5.148571014404297,4.3235087394714355,1316842800
2007-09-05,5.177499771118164,5.208570957183838,4.860713958740234,4.884285926818848,4.1015753746032715,2328222400
2007-09-06,4.841429233551025,4.913214206695557,4.739643096923828,4.821785926818848,4.049091815948486,1901261600
2007-09-07,4.7146430015563965,4.724999904632568,4.642857074737549,4.706070899963379,3.951918601989746,1430576000
2007-09-10,4.892499923706055,4.929999828338623,4.783928871154785,4.882500171661377,4.100075721740723,1487838800
2007-09-11,4.925000190734863,4.939286231994629,4.776785850524902,4.838929176330566,4.063485622406006,971885600
2007-09-12,4.856785774230957,4.978570938110352,4.848214149475098,4.887499809265137,4.104274272918701,1022770000
2007-09-13,4.958213806152344,4.964285850524902,4.880356788635254,4.900000095367432,4.114772796630859,656163200
2007-09-14,4.877500057220459,4.963571071624756,4.864285945892334,4.957499980926514,4.163055896759033,607320000
2007-09-17,4.963929176330566,5.021070957183838,4.914286136627197,4.943213939666748,4.15106201171875,793371600
2007-09-18,4.966429233551025,5.101786136627197,4.922500133514404,5.0328569412231445,4.226337909698486,1064089600
2007-09-19,5.1078572273254395,5.112856864929199,4.978570938110352,5.027500152587891,4.221837043762207,1026880400
2007-09-20,5.005356788635254,5.063929080963135,4.975714206695557,5.01107120513916,4.208042621612549,691840800
2007-09-21,5.040713787078857,5.166070938110352,5.01107120513916,5.148213863372803,4.323208808898926,1138880400
2007-09-24,5.240356922149658,5.351786136627197,5.237500190734863,5.295713901519775,4.447073459625244,1052161600
2007-09-25,5.244286060333252,5.472143173217773,5.243570804595947,5.470714092254639,4.594027996063232,1192550800
2007-09-26,5.516786098480225,5.535714149475098,5.401785850524902,5.456070899963379,4.581730842590332,975268000
2007-09-27,5.491786003112793,5.518570899963379,5.440000057220459,5.517857074737549,4.633615970611572,658198800
2007-09-28,5.480000019073486,5.521429061889648,5.455357074737549,5.4810709953308105,4.602724552154541,615101200
2007-10-01,5.522500038146973,5.621786117553711,5.461785793304443,5.583570957183838,4.688799858093262,837068400
2007-10-02,5.591071128845215,5.663928985595703,5.567500114440918,5.658928871154785,4.752080917358398,792069600
2007-10-03,5.635000228881836,5.684999942779541,5.607500076293945,5.639999866485596,4.736185550689697,692518400
2007-10-04,5.642857074737549,5.645713806152344,5.482142925262451,5.579999923706055,4.685801029205322,656958400
2007-10-05,5.656071186065674,5.770713806152344,5.632143020629883,5.76607084274292,4.8420538902282715,943471200
2007-10-08,5.838929176330566,5.996786117553711,5.820356845855713,5.996786117553711,5.035794734954834,835928800
2007-10-09,6.07857084274292,6.1110711097717285,5.95285701751709,5.994999885559082,5.03429651260376,1104286400
2007-10-10,5.98392915725708,5.99571418762207,5.914286136627197,5.956786155700684,5.002206802368164,667590000
2007-10-11,6.053214073181152,6.138570785522461,5.471786022186279,5.793929100036621,4.8654465675354,1643992000
2007-10-12,5.821785926818848,5.974286079406738,5.778571128845215,5.973214149475098,5.016000270843506,988176000
2007-10-15,5.99928617477417,6.056070804595947,5.839285850524902,5.963571071624756,5.00790548324585,1077930000
2007-10-16,5.912143230438232,6.07785701751709,5.898213863372803,6.056428909301758,5.085880756378174,1067830400
2007-10-17,6.167500019073486,6.179999828338623,6.042142868041992,6.169642925262451,5.180952548980713,1127613200
2007-10-18,6.125,6.221070766448975,6.10892915725708,6.1964287757873535,5.2034454345703125,823676000
2007-10-19,6.2228569984436035,6.236785888671875,6.0714287757873535,6.086429119110107,5.1110734939575195,1291780000
2007-10-22,6.083929061889648,6.246428966522217,6.070000171661377,6.227142810821533,5.229238033294678,1649499600
2007-10-23,6.734285831451416,6.735713958740234,6.5271430015563965,6.648571014404297,5.583132743835449,1795164000
2007-10-24,6.63607120513916,6.686070919036865,6.401429176330566,6.64035701751709,5.576233386993408,1288481600
2007-10-25,6.602499961853027,6.639286041259766,6.487856864929199,6.527856826782227,5.481762886047363,973602000
2007-10-26,6.617499828338623,6.620357036590576,6.531428813934326,6.596428871154785,5.539344787597656,706876800
2007-10-29,6.623213768005371,6.663928985595703,6.596428871154785,6.61035680770874,5.55104398727417,540554000
2007-10-30,6.649285793304443,6.763214111328125,6.597499847412109,6.6785712242126465,5.608325004577637,939414000
2007-10-31,6.701070785522461,6.789999961853027,6.6053571701049805,6.783928871154785,5.6967997550964355,833310800
2007-11-01,6.735713958740234,6.789286136627197,6.4285712242126465,6.694285869598389,5.621520042419434,805036400
2007-11-02,6.757500171661377,6.765714168548584,6.553214073181152,6.7096428871154785,5.6344170570373535,1002114400
2007-11-05,6.617499828338623,6.748570919036865,6.579999923706055,6.649285793304443,5.583733081817627,804176800
2007-11-06,6.680356979370117,6.857142925262451,6.616786003112793,6.849643230438232,5.751983165740967,954727200
2007-11-07,6.807499885559082,6.881429195404053,6.647500038146973,6.653571128845215,5.5873308181762695,994327600
2007-11-08,6.666786193847656,6.675000190734863,5.991786003112793,6.266786098480225,5.262528419494629,1890378000
2007-11-09,6.112500190734863,6.25428581237793,5.900356769561768,5.906071186065674,4.959619522094727,1526380800
2007-11-12,5.902856826782227,5.989285945892334,5.379642963409424,5.491428852081299,4.611425399780273,1769065200
2007-11-13,5.744643211364746,6.106429100036621,5.491428852081299,6.070000171661377,5.097277641296387,1739446800
2007-11-14,6.32714319229126,6.341785907745361,5.8478569984436035,5.932499885559082,4.981814384460449,1449168000
2007-11-15,5.942500114440918,6.056786060333252,5.724999904632568,5.867856979370117,4.927529811859131,1487410400
2007-11-16,5.903571128845215,5.965000152587891,5.690357208251953,5.942500114440918,4.99021053314209,1383494000
2007-11-19,5.932143211364746,6.007143020629883,5.789286136627197,5.8553571701049805,4.917032241821289,1154428800
2007-11-20,5.916786193847656,6.135356903076172,5.840356826782227,6.0303568840026855,5.063985824584961,1543642800
2007-11-21,5.92285680770874,6.1553568840026855,5.881071090698242,6.0164289474487305,5.052290916442871,1217809600
2007-11-23,6.142857074737549,6.1446428298950195,6.0625,6.126429080963135,5.144662857055664,465757600
2007-11-26,6.199643135070801,6.331070899963379,6.1553568840026855,6.162143230438232,5.174655914306641,1305754800
2007-11-27,6.257856845855713,6.278213977813721,6.071785926818848,6.243214130401611,5.242733955383301,1317030400
2007-11-28,6.315000057220459,6.449999809265137,6.262499809265137,6.436429023742676,5.404986381530762,1150912000
2007-11-29,6.408214092254639,6.613214015960693,6.398213863372803,6.581786155700684,5.527049541473389,1050926800
2007-11-30,6.690713882446289,6.70357084274292,6.4178571701049805,6.507856845855713,5.464967727661133,1187802000
2007-12-03,6.494999885559082,6.5764288902282715,6.346428871154785,6.387856960296631,5.364198207855225,961469600
2007-12-04,6.326786041259766,6.460713863372803,6.321071147918701,6.421785831451416,5.392690181732178,773799600
2007-12-05,6.53178596496582,6.642857074737549,6.51464319229126,6.625,5.563337802886963,892402000
2007-12-06,6.6496429443359375,6.789286136627197,6.6471428871154785,6.783928871154785,5.6967997550964355,899810800
2007-12-07,6.804999828338623,6.963929176330566,6.715713977813721,6.939286231994629,5.827260971069336,1066066400
2007-12-10,6.913928985595703,6.987856864929199,6.881785869598389,6.936070919036865,5.824560642242432,722377600
2007-12-11,6.955357074737549,7.0296430587768555,6.692500114440918,6.7335710525512695,5.654510974884033,1110925200
2007-12-12,6.908570766448975,6.945713996887207,6.634285926818848,6.816429138183594,5.724090576171875,1225660800
2007-12-13,6.792500019073486,6.861429214477539,6.707857131958008,6.851070880889893,5.753182411193848,864617600
2007-12-14,6.798929214477539,6.900000095367432,6.769286155700684,6.799643039703369,5.709993839263916,674312800
2007-12-17,6.811429023742676,6.880356788635254,6.534999847412109,6.585713863372803,5.530346393585205,1024693600
2007-12-18,6.661428928375244,6.690357208251953,6.378571033477783,6.534999847412109,5.487760543823242,1222603200
2007-12-19,6.534999847412109,6.59428596496582,6.460713863372803,6.539999961853027,5.4919586181640625,827478400
2007-12-20,6.622499942779541,6.708213806152344,6.547500133514404,6.686070919036865,5.614622116088867,774057200
2007-12-21,6.789999961853027,6.925356864929199,6.78178596496582,6.925356864929199,5.815563678741455,993960800
2007-12-24,6.965356826782227,7.118928909301758,6.956786155700684,7.099999904632568,5.962218761444092,480202800
2007-12-26,7.107500076293945,7.177143096923828,7.029285907745361,7.1053571701049805,5.96671724319458,703732400
2007-12-27,7.1053571701049805,7.248570919036865,7.064286231994629,7.091785907745361,5.955321788787842,795527600
2007-12-28,7.163928985595703,7.19857120513916,7.031428813934326,7.136785984039307,5.993110179901123,699647200
2007-12-31,7.125,7.160714149475098,7.0625,7.074285984039307,5.94062614440918,539333200
2008-01-02,7.116786003112793,7.1521430015563965,6.876786231994629,6.958570957183838,5.843453884124756,1079178800
2008-01-03,6.978929042816162,7.049643039703369,6.881785869598389,6.961785793304443,5.846153736114502,842066400
2008-01-04,6.837500095367432,6.892857074737549,6.3889288902282715,6.430356979370117,5.399886131286621,1455832000
2008-01-07,6.473214149475098,6.557143211364746,6.0796427726745605,6.34428596496582,5.327608585357666,2072193200
2008-01-08,6.433570861816406,6.5164289474487305,6.099999904632568,6.1160712242126465,5.135965824127197,1523816000
2008-01-09,6.117856979370117,6.410714149475098,6.010714054107666,6.4071431159973145,5.38039493560791,1813882000
2008-01-10,6.3421430587768555,6.464285850524902,6.26464319229126,6.3578572273254395,5.339005470275879,1482975200
2008-01-11,6.285714149475098,6.351786136627197,6.0714287757873535,6.167500019073486,5.179153919219971,1232285600
2008-01-14,6.340000152587891,6.4078569412231445,6.256071090698242,6.385000228881836,5.361799240112305,1100450400
2008-01-15,6.347143173217773,6.400713920593262,5.880713939666748,6.037143230438232,5.069684028625488,2343278000
2008-01-16,5.901071071624756,6.036070823669434,5.596428871154785,5.7014288902282715,4.787771701812744,2213845200
2008-01-17,5.768214225769043,5.90571403503418,5.6578569412231445,5.746070861816406,4.825258255004883,1757859600
2008-01-18,5.775356769561768,5.919642925262451,5.700356960296631,5.762856960296631,4.839354038238525,1724343600
2008-01-22,5.2878570556640625,5.713571071624756,5.214285850524902,5.558570861816406,4.6678056716918945,2434754000
2008-01-23,4.86392879486084,5.0,4.505000114440918,4.966785907745361,4.1708550453186035,3372969600
2008-01-24,4.999642848968506,5.025000095367432,4.7146430015563965,4.8428568840026855,4.06678581237793,2005866800
2008-01-25,4.963929176330566,4.96750020980835,4.628929138183594,4.643214225769043,3.8991358280181885,1554739200
2008-01-28,4.57714319229126,4.757143020629883,4.51607084274292,4.643214225769043,3.8991358280181885,1474844000
2008-01-29,4.683928966522217,4.742499828338623,4.60892915725708,4.697856903076172,3.945020914077759,1099982800
2008-01-30,4.69178581237793,4.837500095367432,4.642857074737549,4.720714092254639,3.964214563369751,1243051600
2008-01-31,4.623213768005371,4.880356788635254,4.621428966522217,4.834286212921143,4.059589385986328,1345674400
2008-02-01,4.865714073181152,4.878213882446289,4.720714092254639,4.776785850524902,4.011301517486572,1010744000
2008-02-04,4.793213844299316,4.853570938110352,4.693571090698242,4.701786041259766,3.948322057723999,899234000
2008-02-05,4.658214092254639,4.785714149475098,4.603570938110352,4.619999885559082,3.879640579223633,1141042000
2008-02-06,4.672500133514404,4.711429119110107,4.348928928375244,4.357142925262451,3.658907413482666,1573272400
2008-02-07,4.284643173217773,4.4564290046691895,4.18821382522583,4.329999923706055,3.6361145973205566,2083331600
2008-02-08,4.360000133514404,4.489285945892334,4.3428568840026855,4.481429100036621,3.7632763385772705,1355972800
2008-02-11,4.571785926818848,4.6421427726745605,4.5428571701049805,4.623213768005371,3.8823397159576416,1201432400
2008-02-12,4.6678571701049805,4.6785712242126465,4.414999961853027,4.459286212921143,3.7446823120117188,1225980000
2008-02-13,4.524285793304443,4.635000228881836,4.486785888671875,4.621428966522217,3.8808414936065674,968534000
2008-02-14,4.621428966522217,4.67142915725708,4.536070823669434,4.552143096923828,3.8226583003997803,954097200
2008-02-15,4.509643077850342,4.538570880889893,4.430714130401611,4.451070785522461,3.737783908843994,901300400
2008-02-19,4.499642848968506,4.526785850524902,4.3371429443359375,4.3635711669921875,3.66430401802063,1005046000
2008-02-20,4.364285945892334,4.449999809265137,4.345714092254639,4.42214298248291,3.713491201400757,967439200
2008-02-21,4.501786231994629,4.516786098480225,4.316429138183594,4.340713977813721,3.6451122760772705,938114800
2008-02-22,4.37428617477417,4.375357151031494,4.138214111328125,4.2664289474487305,3.5827300548553467,1529878000
2008-02-25,4.23535680770874,4.291786193847656,4.166429042816162,4.276429176330566,3.5911293029785156,1256774400
2008-02-26,4.2014288902282715,4.324643135070801,4.122857093811035,4.255356788635254,3.5734333992004395,1504888000
2008-02-27,4.222499847412109,4.3946428298950195,4.21750020980835,4.3914289474487305,3.68769907951355,1475138000
2008-02-28,4.5428571701049805,4.721428871154785,4.491786003112793,4.63964319229126,3.8961384296417236,1618254400
2008-02-29,4.617499828338623,4.650356769561768,4.4571428298950195,4.465000152587891,3.7494797706604004,1255480800
2008-03-03,4.444285869598389,4.49928617477417,4.214285850524902,4.347499847412109,3.650808572769165,1593043200
2008-03-04,4.356785774230957,4.460000038146973,4.300000190734863,4.450714111328125,3.7374846935272217,1785383600
2008-03-05,4.413570880889893,4.46928596496582,4.3660712242126465,4.446071147918701,3.7335846424102783,1221836000
2008-03-06,4.450356960296631,4.5535712242126465,4.314642906188965,4.318929195404053,3.6268179416656494,1473698800
2008-03-07,4.300356864929199,4.3921427726745605,4.251786231994629,4.3660712242126465,3.6664047241210938,1230462800
2008-03-10,4.356429100036621,4.409286022186279,4.263214111328125,4.2746429443359375,3.5896267890930176,999588800
2008-03-11,4.432143211364746,4.552856922149658,4.357142925262451,4.548213958740234,3.8193585872650146,1163943200
2008-03-12,4.537143230438232,4.595714092254639,4.4703569412231445,4.501070976257324,3.779770612716675,1059629200
2008-03-13,4.432143211364746,4.625,4.392857074737549,4.569285869598389,3.837053060531616,1262102800
2008-03-14,4.638570785522461,4.653571128845215,4.435713768005371,4.521786212921143,3.7971673011779785,1156640800
2008-03-17,4.376786231994629,4.59250020980835,4.376786231994629,4.526071071624756,3.8007638454437256,1072598800
2008-03-18,4.6135711669921875,4.75,4.5953569412231445,4.743570804595947,3.983410120010376,1205120000
2008-03-19,4.75428581237793,4.7960710525512695,4.631071090698242,4.631071090698242,3.8889386653900146,1010536800
2008-03-20,4.682857036590576,4.760356903076172,4.6135711669921875,4.759643077850342,3.9969048500061035,908787600
2008-03-24,4.786070823669434,5.0303568840026855,4.772857189178467,4.983213901519775,4.184650897979736,1066920400
2008-03-25,4.998570919036865,5.110713958740234,4.9046430587768555,5.034999847412109,4.228137016296387,1052391200
2008-03-26,5.031071186065674,5.204999923706055,5.022857189178467,5.180714130401611,4.350500106811523,1182084400
2008-03-27,5.176785945892334,5.189642906188965,4.999642848968506,5.0089287757873535,4.206244468688965,999829600
2008-03-28,5.064286231994629,5.166070938110352,5.057143211364746,5.107500076293945,4.2890191078186035,714610400
2008-03-31,5.116786003112793,5.2039289474487305,5.090000152587891,5.125,4.303713798522949,768065200
2008-04-01,5.224999904632568,5.34499979019165,5.128929138183594,5.340356826782227,4.484560966491699,1032567200
2008-04-02,5.313570976257324,5.400000095367432,5.208929061889648,5.267499923706055,4.423378944396973,1044968400
2008-04-03,5.252142906188965,5.486785888671875,5.25,5.414642810821533,4.546943187713623,1051568000
2008-04-04,5.435357093811035,5.525356769561768,5.3839287757873535,5.4671430587768555,4.591027736663818,854417200
2008-04-07,5.576070785522461,5.703214168548584,5.539642810821533,5.567500114440918,4.675304412841797,1158326400
2008-04-08,5.48392915725708,5.587500095367432,5.440000057220459,5.458570957183838,4.5838303565979,1014294400
2008-04-09,5.4753570556640625,5.496070861816406,5.373570919036865,5.408570766448975,4.541843414306641,873398400
2008-04-10,5.397500038146973,5.550714015960693,5.378571033477783,5.5196428298950195,4.6351165771484375,955763200
2008-04-11,5.454286098480225,5.474999904632568,5.228570938110352,5.255000114440918,4.412883758544922,1210076000
2008-04-14,5.241786003112793,5.330357074737549,5.162143230438232,5.277856826782227,4.432075500488281,845087600
2008-04-15,5.335713863372803,5.347143173217773,5.204286098480225,5.299285888671875,4.450071334838867,698037200
2008-04-16,5.4185709953308105,5.503571033477783,5.37928581237793,5.489285945892334,4.609623908996582,795774000
2008-04-17,5.506071090698242,5.5714287757873535,5.476786136627197,5.517499923706055,4.633315086364746,704267200
2008-04-18,5.682857036590576,5.795000076293945,5.656428813934326,5.751429080963135,4.8297576904296875,1026765600
2008-04-21,5.793213844299316,6.017857074737549,5.7771430015563965,6.005713939666748,5.043292999267578,1039152800
2008-04-22,5.978570938110352,6.0,5.646070957183838,5.721428871154785,4.804564952850342,1439572400
2008-04-23,5.85892915725708,5.887143135070801,5.752857208251953,5.817500114440918,4.88524055480957,1504190800
2008-04-24,5.90500020980835,6.070713996887207,5.685357093811035,6.033570766448975,5.066687107086182,1696066400
2008-04-25,6.096428871154785,6.110713958740234,5.943571090698242,6.06178617477417,5.090379238128662,992474000
2008-04-28,6.0625,6.205357074737549,6.0403571128845215,6.151429176330566,5.165658950805664,787214400
2008-04-29,6.1110711097717285,6.273571014404297,6.080357074737549,6.251786231994629,5.249934196472168,923476400
2008-04-30,6.292500019073486,6.4285712242126465,6.175714015960693,6.212500095367432,5.216942310333252,1139524400
2008-05-01,6.248570919036865,6.4285712242126465,6.244999885559082,6.4285712242126465,5.398386001586914,903576800
2008-05-02,6.435357093811035,6.497142791748047,6.376786231994629,6.4621429443359375,5.426580905914307,1006082000
2008-05-05,6.497142791748047,6.618214130401611,6.466071128845215,6.597499847412109,5.540245532989502,854557200
2008-05-06,6.59499979019165,6.682857036590576,6.506429195404053,6.666429042816162,5.5981292724609375,918870400
2008-05-07,6.6446428298950195,6.721428871154785,6.447856903076172,6.521070957183838,5.476065158843994,1157133600
2008-05-08,6.56321382522583,6.660714149475098,6.538214206695557,6.609285831451416,5.550142288208008,899085600
2008-05-09,6.541429042816162,6.580357074737549,6.477499961853027,6.551785945892334,5.501856803894043,673072400
2008-05-12,6.614643096923828,6.745357036590576,6.5303568840026855,6.71999979019165,5.64311408996582,818563200
2008-05-13,6.7360711097717285,6.837500095367432,6.709286212921143,6.784286022186279,5.697098255157471,823236400
2008-05-14,6.8296427726745605,6.865714073181152,6.627500057220459,6.6521430015563965,5.586131572723389,916823600
2008-05-15,6.671785831451416,6.7821431159973145,6.57857084274292,6.776071071624756,5.690197944641113,873208000
2008-05-16,6.789642810821533,6.79642915725708,6.6785712242126465,6.700714111328125,5.626919269561768,765769200
2008-05-19,6.709286212921143,6.73892879486084,6.474999904632568,6.557143211364746,5.506356239318848,945820400
2008-05-20,6.493570804595947,6.648571014404297,6.432857036590576,6.639286041259766,5.5753350257873535,969850000
2008-05-21,6.631071090698242,6.712500095367432,6.294642925262451,6.36392879486084,5.344104290008545,1157657200
2008-05-22,6.4021430015563965,6.476070880889893,6.142857074737549,6.323214054107666,5.309913635253906,1206735600
2008-05-23,6.456070899963379,6.499642848968506,6.349999904632568,6.4703569412231445,5.433476448059082,906917200
2008-05-27,6.526785850524902,6.658214092254639,6.494286060333252,6.658214092254639,5.591230869293213,789905200
2008-05-28,6.693213939666748,6.712500095367432,6.561429023742676,6.678928852081299,5.608625888824463,743979600
2008-05-29,6.670000076293945,6.721428871154785,6.625,6.667500019073486,5.599029064178467,647186400
2008-05-30,6.694643020629883,6.769286155700684,6.692142963409424,6.7410712242126465,5.660809516906738,610184400
2008-06-02,6.735713958740234,6.773213863372803,6.590356826782227,6.646429061889648,5.581335067749023,679840000
2008-06-03,6.6735711097717285,6.721428871154785,6.512143135070801,6.620357036590576,5.559439659118652,750520400
2008-06-04,6.572143077850342,6.681786060333252,6.543929100036621,6.61392879486084,5.554042816162109,726983600
2008-06-05,6.65500020980835,6.78000020980835,6.632143020629883,6.76535701751709,5.681203842163086,755445600
2008-06-06,6.714285850524902,6.783928871154785,6.626786231994629,6.630000114440918,5.567537307739258,966422800
2008-06-09,6.599643230438232,6.605000019073486,6.276785850524902,6.4860711097717285,5.4466729164123535,1888392800
2008-06-10,6.446785926818848,6.670713901519775,6.393570899963379,6.630000114440918,5.567537307739258,1140941200
2008-06-11,6.583570957183838,6.642857074737549,6.413928985595703,6.457499980926514,5.4226813316345215,961550800
2008-06-12,6.481785774230957,6.521429061889648,6.114285945892334,6.187857151031494,5.19624662399292,1308333600
2008-06-13,6.130000114440918,6.21999979019165,5.903929233551025,6.156071186065674,5.169556617736816,1345957200
2008-06-16,6.117856979370117,6.353570938110352,6.038214206695557,6.315713882446289,5.303614616394043,1051730400
2008-06-17,6.360713958740234,6.499642848968506,6.336071014404297,6.479642868041992,5.441275596618652,899656800
2008-06-18,6.468571186065674,6.507143020629883,6.333929061889648,6.3839287757873535,5.360898494720459,811468000
2008-06-19,6.376786231994629,6.512143135070801,6.314286231994629,6.460713863372803,5.425380706787109,791949200
2008-06-20,6.4053568840026855,6.464285850524902,6.25,6.259643077850342,5.25653076171875,888367200
2008-06-23,6.240714073181152,6.281428813934326,6.127142906188965,6.184286117553711,5.193251132965088,645780800
2008-06-24,6.156071186065674,6.277856826782227,6.129642963409424,6.1875,5.195948123931885,621947200
2008-06-25,6.2360711097717285,6.386785984039307,6.210000038146973,6.335357189178467,5.32011079788208,644450800
2008-06-26,6.216785907745361,6.244286060333252,6.000357151031494,6.009285926818848,5.046294212341309,869610000
2008-06-27,5.946785926818848,6.091785907745361,5.862500190734863,6.074643135070801,5.101177215576172,1042249600
2008-06-30,6.078214168548584,6.142857074737549,5.950714111328125,5.980000019073486,5.021701335906982,684196800
2008-07-01,5.865356922149658,6.239999771118164,5.857142925262451,6.2385711669921875,5.238834857940674,1111280800
2008-07-02,6.257143020629883,6.337500095367432,6.006429195404053,6.006429195404053,5.043895721435547,837519200
2008-07-03,6.056786060333252,6.148929119110107,5.919642925262451,6.075714111328125,5.102076530456543,523362000
2008-07-07,6.184286117553711,6.326070785522461,6.139286041259766,6.255713939666748,5.253231525421143,820391600
2008-07-08,6.264286041259766,6.4178571701049805,6.169285774230957,6.412499904632568,5.384891510009766,888350400
2008-07-09,6.435713768005371,6.461071014404297,6.21928596496582,6.223214149475098,5.22593879699707,895776000
2008-07-10,6.247142791748047,6.333570957183838,6.120357036590576,6.30821418762207,5.297318935394287,840688800
2008-07-11,6.266786098480225,6.325356960296631,6.107142925262451,6.163570880889893,5.175854206085205,930011600
2008-07-14,6.401429176330566,6.403571128845215,6.181428909301758,6.210000038146973,5.214843273162842,886054400
2008-07-15,6.159999847412109,6.204999923706055,5.942500114440918,6.058570861816406,5.087679862976074,1040043200
2008-07-16,6.07857084274292,6.1760711669921875,6.021429061889648,6.171785831451416,5.182753086090088,747790400
2008-07-17,6.2178568840026855,6.24928617477417,6.121070861816406,6.13607120513916,5.152762413024902,757526000
2008-07-18,6.018570899963379,6.058928966522217,5.892857074737549,5.898213863372803,4.9530205726623535,868414400
2008-07-21,5.960713863372803,5.982142925262451,5.75428581237793,5.938929080963135,4.987211227416992,1360469600
2008-07-22,5.3214287757873535,5.812857151031494,5.233213901519775,5.786428928375244,4.859148025512695,1879592400
2008-07-23,5.892499923706055,6.013214111328125,5.769999980926514,5.937857151031494,4.986310958862305,1061768400
2008-07-24,5.868570804595947,5.9021430015563965,5.658928871154785,5.679643154144287,4.769474506378174,839619200
2008-07-25,5.728570938110352,5.8214287757873535,5.666070938110352,5.789999961853027,4.862147808074951,633637200
2008-07-28,5.79785680770874,5.802499771118164,5.50071382522583,5.514286041259766,4.630616664886475,780712800
2008-07-29,5.550356864929199,5.694643020629883,5.487500190734863,5.610000133514404,4.710992813110352,684070800
2008-07-30,5.635000228881836,5.731785774230957,5.574285984039307,5.710000038146973,4.794968128204346,725183200
2008-07-31,5.626429080963135,5.7928571701049805,5.606429100036621,5.676785945892334,4.767076015472412,637498400
2008-08-01,5.710713863372803,5.713929176330566,5.5625,5.59499979019165,4.698396682739258,544639200
2008-08-04,5.5928568840026855,5.639286041259766,5.461071014404297,5.472499847412109,4.595527172088623,592527600
2008-08-05,5.550714015960693,5.742856979370117,5.529285907745361,5.737143039703369,4.8177618980407715,688371600
2008-08-06,5.713213920593262,5.978570938110352,5.642857074737549,5.86392879486084,4.924229621887207,791408800
2008-08-07,5.811070919036865,5.933928966522217,5.767857074737549,5.841785907745361,4.905635356903076,672372400
2008-08-08,5.852142810821533,6.058928966522217,5.848214149475098,6.055356979370117,5.084980010986328,713997200
2008-08-11,6.0739288330078125,6.3035712242126465,6.059642791748047,6.19857120513916,5.205245018005371,891304400
2008-08-12,6.197143077850342,6.403213977813721,6.196785926818848,6.31178617477417,5.300319194793701,836278800
2008-08-13,6.356429100036621,6.4285712242126465,6.2821431159973145,6.403571128845215,5.377392292022705,842346400
2008-08-14,6.368928909301758,6.444643020629883,6.351428985595703,6.404285907745361,5.377994060516357,711300800
2008-08-15,6.394286155700684,6.419642925262451,6.251786231994629,6.276429176330566,5.270626068115234,708251600
2008-08-18,6.270357131958008,6.3503570556640625,6.207857131958008,6.2639288902282715,5.260128021240234,552014400
2008-08-19,6.2335710525512695,6.3239288330078125,6.13607120513916,6.197500228881836,5.204344272613525,616204400
2008-08-20,6.241786003112793,6.319285869598389,6.200356960296631,6.28000020980835,5.273625373840332,506951200
2008-08-21,6.2310709953308105,6.26607084274292,6.1389288902282715,6.224643230438232,5.227140426635742,539744800
2008-08-22,6.279285907745361,6.339285850524902,6.270357131958008,6.313929080963135,5.302117824554443,439611200
2008-08-25,6.291070938110352,6.293929100036621,6.130713939666748,6.162499904632568,5.174954414367676,484425200
2008-08-26,6.170000076293945,6.24571418762207,6.164642810821533,6.2014288902282715,5.207645893096924,445550000
2008-08-27,6.189642906188965,6.2771430015563965,6.1496429443359375,6.238214015960693,5.238536834716797,477780800
2008-08-28,6.260000228881836,6.294642925262451,6.169642925262451,6.204999923706055,5.210642337799072,431384800
2008-08-29,6.177143096923828,6.1964287757873535,6.037143230438232,6.054643154144287,5.084381580352783,599289600
2008-09-02,6.1571431159973145,6.1964287757873535,5.892857074737549,5.935357093811035,4.9842119216918945,780763200
2008-09-03,5.958570957183838,6.024285793304443,5.857142925262451,5.962856769561768,5.0073041915893555,734834800
2008-09-04,5.9235711097717285,5.996786117553711,5.743214130401611,5.757856845855713,4.835155963897705,743386000
2008-09-05,5.663928985595703,5.800000190734863,5.630356788635254,5.720714092254639,4.803964614868164,786884000
2008-09-08,5.877500057220459,5.8889288902282715,5.409286022186279,5.639999866485596,4.736185550689697,1045979200
2008-09-09,5.602142810821533,5.712856769561768,5.349643230438232,5.417142868041992,4.549041748046875,1245025600
2008-09-10,5.440000057220459,5.5353569984436035,5.314286231994629,5.414642810821533,4.546943187713623,973142800
2008-09-11,5.292142868041992,5.463929176330566,5.214285850524902,5.451786041259766,4.5781331062316895,971135200
2008-09-12,5.38964319229126,5.38964319229126,5.232142925262451,5.319285869598389,4.466866493225098,793027200
2008-09-15,5.072500228881836,5.2746429443359375,5.012856960296631,5.012856960296631,4.209542751312256,920634400
2008-09-16,4.78071403503418,5.089285850524902,4.7196431159973145,4.99571418762207,4.195146560668945,1199836400
2008-09-17,4.946071147918701,4.946785926818848,4.565357208251953,4.565357208251953,3.833754777908325,1200455200
2008-09-18,4.663214206695557,4.836785793304443,4.309999942779541,4.788928985595703,4.0214996337890625,1676253600
2008-09-19,5.0928568840026855,5.150000095367432,4.868214130401611,5.03249979019165,4.226037979125977,1430875600
2008-09-22,4.997857093811035,5.0089287757873535,4.666429042816162,4.680356979370117,3.930325746536255,856713200
2008-09-23,4.708929061889648,4.849999904632568,4.523571014404297,4.53000020980835,3.8040642738342285,1280364400
2008-09-24,4.5453572273254395,4.676785945892334,4.4696431159973145,4.596786022186279,3.860147476196289,1047015200
2008-09-25,4.635714054107666,4.813929080963135,4.590000152587891,4.711785793304443,3.9567182064056396,1006045600
2008-09-26,4.461071014404297,4.635714054107666,4.392857074737549,4.579999923706055,3.846052885055542,1126451200
2008-09-29,4.2721428871154785,4.274285793304443,3.5924999713897705,3.7592859268188477,3.156857490539551,2622057200
2008-09-30,3.8660709857940674,4.107142925262451,3.796428918838501,4.059286117553711,3.4087820053100586,1626682400
2008-10-01,3.997143030166626,4.012856960296631,3.8353569507598877,3.8971428871154785,3.2726223468780518,1296484000
2008-10-02,3.8575000762939453,3.885356903076172,3.5714290142059326,3.575000047683716,3.0021042823791504,1609364400
2008-10-03,3.7142860889434814,3.8035709857940674,3.380357027053833,3.4667859077453613,2.911231279373169,2294398400
2008-10-06,3.2842860221862793,3.5278570652008057,3.1264290809631348,3.505000114440918,2.9433209896087646,2107417200
2008-10-07,3.588571071624756,3.625,3.176785945892334,3.184286117553711,2.674002170562744,1878772000
2008-10-08,3.068213939666748,3.440356969833374,3.059999942779541,3.2067859172821045,2.6928956508636475,2207741200
2008-10-09,3.3339290618896484,3.421428918838501,3.0928568840026855,3.169286012649536,2.661404848098755,1617383600
2008-10-10,3.06071400642395,3.5714290142059326,3.0357139110565186,3.4571430683135986,2.903132438659668,2219299600
2008-10-13,3.733928918838501,3.947499990463257,3.6078569889068604,3.937856912612915,3.306811809539795,1539076000
2008-10-14,4.1521430015563965,4.1571431159973145,3.6835711002349854,3.7171430587768555,3.1214683055877686,1980994400
2008-10-15,3.708570957183838,3.8214290142059326,3.4960711002349854,3.49821400642395,2.937622547149658,1584175600
2008-10-16,3.563214063644409,3.6939289569854736,3.2764289379119873,3.6389288902282715,3.0557873249053955,1980521200
2008-10-17,3.557142972946167,3.6442859172821045,3.067500114440918,3.4785709381103516,2.9211270809173584,1762227600
2008-10-20,3.563570976257324,3.572499990463257,3.3442859649658203,3.515713930130005,2.952317953109741,1549170000
2008-10-21,3.4625000953674316,3.496428966522217,3.255713939666748,3.2674999237060547,2.743880271911621,2193660000
2008-10-22,3.4774999618530273,3.6160709857940674,3.3189289569854736,3.4596428871154785,2.9052324295043945,2248808800
2008-10-23,3.4467859268188477,3.544642925262451,3.2821431159973145,3.508213996887207,2.9460201263427734,1675430400
2008-10-24,3.2260708808898926,3.496428966522217,3.2182140350341797,3.442142963409424,2.890536308288574,1590058400
2008-10-27,3.3953568935394287,3.486785888671875,3.2807140350341797,3.288928985595703,2.7618765830993652,1208771200
2008-10-28,3.4082140922546387,3.5892860889434814,3.29892897605896,3.568213939666748,2.9964048862457275,1634133200
2008-10-29,3.6021430492401123,3.9121429920196533,3.5692861080169678,3.733928918838501,3.135563850402832,1950978400
2008-10-30,3.865356922149658,4.006785869598389,3.8432140350341797,3.9657139778137207,3.330204963684082,1638089600
2008-10-31,3.835714101791382,3.9564290046691895,3.755000114440918,3.8424999713897705,3.226736307144165,1659756000
2008-11-03,3.7832140922546387,3.8964290618896484,3.744999885559082,3.819999933242798,3.2078428268432617,1057938000
2008-11-04,3.9282140731811523,3.992500066757202,3.809643030166626,3.9639289379119873,3.3287065029144287,1398681200
2008-11-05,3.8896429538726807,3.9185709953308105,3.6782140731811523,3.68928599357605,3.098074436187744,1256455200
2008-11-06,3.608928918838501,3.6707139015197754,3.5,3.539285898208618,2.9721128940582275,1319074400
2008-11-07,3.544286012649536,3.566071033477783,3.4185709953308105,3.508570909500122,2.946319580078125,1095253600
2008-11-10,3.577500104904175,3.585714101791382,3.375,3.424285888671875,2.8755414485931396,1123822000
2008-11-11,3.386070966720581,3.4703569412231445,3.2950000762939453,3.384643077850342,2.8422513008117676,1224538000
2008-11-12,3.3010709285736084,3.3299999237060547,3.2146430015563965,3.2185709476470947,2.7027926445007324,1178976400
2008-11-13,3.2096428871154785,3.4442861080169678,3.072143077850342,3.4442861080169678,2.89233660697937,1854087200
2008-11-14,3.3485710620880127,3.356786012649536,3.2142860889434814,3.2228569984436035,2.7063918113708496,1405266800
2008-11-17,3.1600000858306885,3.233928918838501,3.116429090499878,3.1478569507598877,2.6434109210968018,1162526400
2008-11-18,3.2014288902282715,3.249643087387085,3.1021430492401123,3.211071014404297,2.6964945793151855,1209695200
2008-11-19,3.1942861080169678,3.270714044570923,3.0789289474487305,3.0817859172821045,2.5879275798797607,1171900800
2008-11-20,3.044286012649536,3.0875000953674316,2.857142925262451,2.874643087387085,2.413980007171631,1716814400
2008-11-21,2.9260709285736084,3.004286050796509,2.8264288902282715,2.9492859840393066,2.4766602516174316,1569271200
2008-11-24,3.0432140827178955,3.385356903076172,3.0299999713897705,3.319643020629883,2.7876675128936768,1442257600
2008-11-25,3.379642963409424,3.382499933242798,3.148571014404297,3.242856979370117,2.72318696975708,1235292800
2008-11-26,3.2114291191101074,3.4017860889434814,3.2089290618896484,3.392857074737549,2.8491482734680176,899836000
2008-11-28,3.382143020629883,3.3842859268188477,3.2807140350341797,3.309643030166626,2.779268980026245,297774400
2008-12-01,3.260714054107666,3.2953569889068604,3.1757140159606934,3.1760709285736084,2.6671032905578613,923767600
2008-12-02,3.2153570652008057,3.308928966522217,3.0892860889434814,3.302500009536743,2.7732720375061035,1148722400
2008-12-03,3.192857027053833,3.436785936355591,3.171428918838501,3.424999952316284,2.8761415481567383,1338680000
2008-12-04,3.372499942779541,3.4003570079803467,3.1807138919830322,3.2646429538726807,2.7414801120758057,1091370000
2008-12-05,3.226785898208618,3.374643087387085,3.1735711097717285,3.357142925262451,2.8191585540771484,1043795200
2008-12-08,3.4742860794067383,3.5999999046325684,3.421428918838501,3.561429023742676,2.9907071590423584,1185142000
2008-12-09,3.5014290809631348,3.700000047683716,3.4717860221862793,3.573570966720581,3.0009031295776367,1203496000
2008-12-10,3.495357036590576,3.5532140731811523,3.4464290142059326,3.507499933242798,2.945420265197754,938047600
2008-12-11,3.476785898208618,3.6157140731811523,3.3867859840393066,3.392857074737549,2.8491482734680176,1040617200
2008-12-12,3.31428599357605,3.5357139110565186,3.304642915725708,3.509643077850342,2.947219133377075,1041174400
2008-12-15,3.4282140731811523,3.4360709190368652,3.3214290142059326,3.3839290142059326,2.84165096282959,891758000
2008-12-16,3.356429100036621,3.445713996887207,3.3125,3.4082140922546387,2.8620450496673584,1093506400
2008-12-17,3.251070976257324,3.253571033477783,3.143570899963379,3.184286117553711,2.674002170562744,1293860400
2008-12-18,3.189642906188965,3.243928909301758,3.1585710048675537,3.1939289569854736,2.6820995807647705,857416000
2008-12-19,3.2121429443359375,3.247857093811035,3.171428918838501,3.2142860889434814,2.699193239212036,801920000
2008-12-22,3.2149999141693115,3.2153570652008057,3.0246429443359375,3.062143087387085,2.5714316368103027,844740400
2008-12-23,3.1024999618530273,3.138214111328125,3.067857027053833,3.0850000381469727,2.5906269550323486,635031600
2008-12-24,3.0764288902282715,3.080357074737549,3.0196430683135986,3.0371429920196533,2.550438642501831,271334000
2008-12-26,3.0942859649658203,3.122143030166626,3.044286012649536,3.064642906188965,2.573531150817871,308324800
2008-12-29,3.0899999141693115,3.129286050796509,3.0382139682769775,3.0932140350341797,2.5975241661071777,686000000
2008-12-30,3.122143030166626,3.1446430683135986,3.0257139205932617,3.0817859172821045,2.5879275798797607,967601600
2008-12-31,3.070357084274292,3.133570909500122,3.0478570461273193,3.0482139587402344,2.5597352981567383,607541200
2009-01-02,3.067142963409424,3.2514290809631348,3.041429042816162,3.2410709857940674,2.7216861248016357,746015200
2009-01-05,3.327500104904175,3.434999942779541,3.3110709190368652,3.377856969833374,2.836552381515503,1181608400
2009-01-06,3.426785945892334,3.4703569412231445,3.299643039703369,3.322143077850342,2.789766788482666,1289310400
2009-01-07,3.2789289951324463,3.3035709857940674,3.2235710620880127,3.250356912612915,2.729485273361206,753048800
2009-01-08,3.2296431064605713,3.3267860412597656,3.2157139778137207,3.31071400642395,2.7801692485809326,673500800
2009-01-09,3.3289289474487305,3.3350000381469727,3.2192859649658203,3.234999895095825,2.7165887355804443,546845600
2009-01-12,3.2307140827178955,3.249643087387085,3.12678599357605,3.166429042816162,2.659005880355835,617716400
2009-01-13,3.1514289379119873,3.2049999237060547,3.0839290618896484,3.132499933242798,2.630514144897461,798397600
2009-01-14,3.0799999237060547,3.1160709857940674,3.0257139205932617,3.047499895095825,2.559136152267456,1021664000
2009-01-15,2.877500057220459,3.004286050796509,2.858928918838501,2.9778571128845215,2.5006537437438965,1831634000
2009-01-16,3.010714054107666,3.01357102394104,2.871428966522217,2.940356969833374,2.4691622257232666,1047625600
2009-01-20,2.9260709285736084,2.9285709857940674,2.7928569316864014,2.7928569316864014,2.3452985286712646,919914800
2009-01-21,2.8353569507598877,2.9600000381469727,2.8324999809265137,2.958214044570923,2.4841575622558594,1089270000
2009-01-22,3.1442859172821045,3.2142860889434814,3.065000057220459,3.1557140350341797,2.6500086784362793,1409528400
2009-01-23,3.1007139682769775,3.2096428871154785,3.0892860889434814,3.1557140350341797,2.6500086784362793,763770000
2009-01-26,3.1735711097717285,3.248929023742676,3.1535708904266357,3.2014288902282715,2.688398838043213,692238400
2009-01-27,3.2210710048675537,3.2696430683135986,3.2049999237060547,3.240356922149658,2.7210874557495117,618038400
2009-01-28,3.2899999618530273,3.392857074737549,3.267857074737549,3.364285945892334,2.8251559734344482,861406000
2009-01-29,3.3246428966522217,3.369286060333252,3.307142972946167,3.3214290142059326,2.7891674041748047,592729200
2009-01-30,3.307142972946167,3.3435709476470947,3.2146430015563965,3.2189290523529053,2.703092336654663,651478800
2009-02-02,3.182142972946167,3.2857139110565186,3.174999952316284,3.268213987350464,2.7444796562194824,558247200
2009-02-03,3.2828569412231445,3.3350000381469727,3.2242860794067383,3.320713996887207,2.7885665893554688,599309200
2009-02-04,3.3292860984802246,3.4375,3.325000047683716,3.3410708904266357,2.8056623935699463,808421600
2009-02-05,3.313214063644409,3.4732139110565186,3.307857036590576,3.444999933242798,2.8929367065429688,749246400
2009-02-06,3.4649999141693115,3.5714290142059326,3.4642860889434814,3.561429023742676,2.9907071590423584,687209600
2009-02-09,3.5714290142059326,3.6785709857940674,3.5535709857940674,3.6610710620880127,3.0743823051452637,715010800
2009-02-10,3.618928909301758,3.6610710620880127,3.4664289951324463,3.493928909301758,2.934023380279541,849060800
2009-02-11,3.441786050796509,3.511070966720581,3.4203569889068604,3.4578568935394287,2.9037325382232666,674973600
2009-02-12,3.422499895095825,3.5625,3.422499895095825,3.5453569889068604,2.977210760116577,817188400
2009-02-13,3.5353569984436035,3.5692861080169678,3.504286050796509,3.541429042816162,2.973912000656128,608977600
2009-02-17,3.4596428871154785,3.4657139778137207,3.367142915725708,3.376070976257324,2.8350534439086914,678238400
2009-02-18,3.3946430683135986,3.4232139587402344,3.311429023742676,3.370357036590576,2.830254554748535,684779200
2009-02-19,3.3346428871154785,3.3660709857940674,3.2182140350341797,3.237143039703369,2.718388080596924,922804400
2009-02-20,3.192857027053833,3.299999952316284,3.1785709857940674,3.257143020629883,2.735182762145996,750316000
2009-02-23,3.273214101791382,3.2857139110565186,3.0896430015563965,3.1053569316864014,2.6077208518981934,786982000
2009-02-24,3.12321400642395,3.2460711002349854,3.107142925262451,3.2232139110565186,2.7066924571990967,807105600
2009-02-25,3.2092859745025635,3.318571090698242,3.1875,3.255713939666748,2.7339837551116943,833053200
2009-02-26,3.2857139110565186,3.318571090698242,3.177143096923828,3.185357093811035,2.674901247024536,629868400
2009-02-27,3.14035701751709,3.260714054107666,3.131071090698242,3.189642906188965,2.6785004138946533,706658400
2009-03-02,3.1471428871154785,3.257143020629883,3.131071090698242,3.140713930130005,2.637411117553711,770929600
2009-03-03,3.1760709285736084,3.2407140731811523,3.13857102394104,3.1560709476470947,2.65030837059021,724340400
2009-03-04,3.2207140922546387,3.313214063644409,3.194643020629883,3.256071090698242,2.734283447265625,741403600
2009-03-05,3.2307140827178955,3.2810709476470947,3.1589291095733643,3.1728570461273193,2.6644041538238525,706899200
2009-03-06,3.1549999713897705,3.1571431159973145,2.940356969833374,3.046428918838501,2.5582358837127686,1011147200
2009-03-09,3.0064289569854736,3.128571033477783,2.9489290714263916,2.9682140350341797,2.4925549030303955,698297600
2009-03-10,3.0310709476470947,3.184643030166626,3.012856960296631,3.1653571128845215,2.6581063270568848,844258800
2009-03-11,3.2074999809265137,3.35964298248291,3.1992859840393066,3.309999942779541,2.779569149017334,846372800
2009-03-12,3.317857027053833,3.4492859840393066,3.2857139110565186,3.441071033477783,2.889636754989624,768457200
2009-03-13,3.43928599357605,3.4714291095733643,3.393213987350464,3.4260709285736084,2.877040147781372,601168400
2009-03-16,3.447499990463257,3.4782140254974365,3.3635709285736084,3.4078569412231445,2.861745595932007,797244000
2009-03-17,3.4014289379119873,3.560357093811035,3.3953568935394287,3.559286117553711,2.988908052444458,786646000
2009-03-18,3.568213939666748,3.695713996887207,3.561429023742676,3.625714063644409,3.044689416885376,796037200
2009-03-19,3.637500047683716,3.68571400642395,3.580357074737549,3.629286050796509,3.047689914703369,500180800
2009-03-20,3.646070957183838,3.682499885559082,3.5917859077453613,3.628213882446289,3.046790838241577,695587200
2009-03-23,3.6682140827178955,3.8628571033477783,3.6339290142059326,3.8450000286102295,3.2288362979888916,666397200
2009-03-24,3.7985711097717285,3.9085710048675537,3.7639288902282715,3.8035709857940674,3.1940455436706543,640612000
2009-03-25,3.8421430587768555,3.869999885559082,3.7092859745025635,3.8032140731811523,3.1937460899353027,646618000
2009-03-26,3.8510708808898926,3.927856922149658,3.8421430587768555,3.92392897605896,3.295116424560547,616252000
2009-03-27,3.865356922149658,3.876070976257324,3.799999952316284,3.816071033477783,3.204543113708496,492872800
2009-03-30,3.7325000762939453,3.750356912612915,3.6646430492401123,3.731786012649536,3.1337637901306152,502796000
2009-03-31,3.766071081161499,3.8375000953674316,3.75,3.754286050796509,3.1526591777801514,570080000
2009-04-01,3.7174999713897705,3.892857074737549,3.7103569507598877,3.8817861080169678,3.2597267627716064,589372000
2009-04-02,3.9335711002349854,4.098214149475098,3.9207139015197754,4.025356769561768,3.3802895545959473,812366800
2009-04-03,4.078214168548584,4.147500038146973,4.054286003112793,4.142499923706055,3.478660821914673,636241200
2009-04-06,4.105000019073486,4.2410712242126465,4.045713901519775,4.2303571701049805,3.5524396896362305,658064400
2009-04-07,4.161786079406738,4.166786193847656,4.078214168548584,4.107142925262451,3.448969841003418,536580800
2009-04-08,4.122499942779541,4.1710710525512695,4.0921430587768555,4.154285907745361,3.488558530807495,455630000
2009-04-09,4.229286193847656,4.285714149475098,4.212856769561768,4.270357131958008,3.586029291152954,530756800
2009-04-13,4.286070823669434,4.320713996887207,4.25,4.2935709953308105,3.605523109436035,389236400
2009-04-14,4.270357131958008,4.291786193847656,4.1875,4.2253570556640625,3.548240900039673,454622000
2009-04-15,4.185713768005371,4.223214149475098,4.134285926818848,4.2014288902282715,3.5281474590301514,412882400
2009-04-16,4.256785869598389,4.398213863372803,4.242499828338623,4.337500095367432,3.6424121856689453,593446000
2009-04-17,4.32785701751709,4.4375,4.294642925262451,4.4078569412231445,3.7014946937561035,497495600
2009-04-20,4.347499847412109,4.392499923706055,4.255713939666748,4.3035712242126465,3.6139211654663086,466466000
2009-04-21,4.246070861816406,4.362143039703369,4.235713958740234,4.348570823669434,3.6517088413238525,470685600
2009-04-22,4.379642963409424,4.476786136627197,4.32857084274292,4.3396430015563965,3.644212007522583,938767200
2009-04-23,4.5221428871154785,4.5428571701049805,4.411070823669434,4.478570938110352,3.760875940322876,945156800
2009-04-24,4.4514288902282715,4.46928596496582,4.391786098480225,4.425000190734863,3.7158896923065186,540764000
2009-04-27,4.389286041259766,4.464285850524902,4.380713939666748,4.4546427726745605,3.740783214569092,480690000
2009-04-28,4.4053568840026855,4.507500171661377,4.4021430015563965,4.425000190734863,3.7158896923065186,455856800
2009-04-29,4.458929061889648,4.5303568840026855,4.422500133514404,4.46928596496582,3.7530791759490967,458110800
2009-04-30,4.507856845855713,4.535714149475098,4.461429119110107,4.493928909301758,3.7737724781036377,498489600
2009-05-01,4.492856979370117,4.569643020629883,4.492856979370117,4.544285774230957,3.81606125831604,397516000
2009-05-04,4.579999923706055,4.723214149475098,4.559999942779541,4.716785907745361,3.9609179496765137,609358400
2009-05-05,4.705357074737549,4.744999885559082,4.682857036590576,4.739643096923828,3.980111837387085,398255200
2009-05-06,4.761785984039307,4.767857074737549,4.650713920593262,4.732142925262451,3.973811149597168,473538800
2009-05-07,4.726070880889893,4.728213787078857,4.567856788635254,4.609285831451416,3.8706462383270264,531776000
2009-05-08,4.6085710525512695,4.68678617477417,4.509285926818848,4.61392879486084,3.874541759490967,467964000
2009-05-11,4.548929214477539,4.677143096923828,4.539999961853027,4.627500057220459,3.8859381675720215,404658800
2009-05-12,4.627142906188965,4.632500171661377,4.401785850524902,4.443571090698242,3.7314846515655518,609481600
2009-05-13,4.400356769561768,4.429286003112793,4.263570785522461,4.267499923706055,3.5836293697357178,595971600
2009-05-14,4.277856826782227,4.411786079406738,4.275000095367432,4.39107084274292,3.6873981952667236,447826400
2009-05-15,4.368570804595947,4.450714111328125,4.34321403503418,4.372142791748047,3.671504020690918,367567200
2009-05-18,4.418929100036621,4.525000095367432,4.341785907745361,4.523213863372803,3.7983648777008057,458841600
2009-05-19,4.529285907745361,4.618214130401611,4.490714073181152,4.551785945892334,3.8223578929901123,372422400
2009-05-20,4.55821418762207,4.614643096923828,4.474999904632568,4.495357036590576,3.7749722003936768,388584000
2009-05-21,4.4696431159973145,4.527856826782227,4.3889288902282715,4.434999942779541,3.7242870330810547,407946000
2009-05-22,4.430356979370117,4.434999942779541,4.348214149475098,4.375,3.673902988433838,297998400
2009-05-26,4.455714225769043,4.672500133514404,4.448214054107666,4.670713901519775,3.9222283363342285,636927200
2009-05-27,4.7064290046691895,4.820713996887207,4.675356864929199,4.751786231994629,3.9903082847595215,646422000
2009-05-28,4.76607084274292,4.835357189178467,4.715356826782227,4.8239288330078125,4.050890922546387,487552800
2009-05-29,4.835357189178467,4.853570938110352,4.7803568840026855,4.8503570556640625,4.073083877563477,456534400
2009-06-01,4.873929023742676,4.999642848968506,4.857142925262451,4.976786136627197,4.179251670837402,452499600
2009-06-02,4.963929176330566,5.04785680770874,4.941071033477783,4.981785774230957,4.183448791503906,456223600
2009-06-03,5.0,5.039642810821533,4.966785907745361,5.033928871154785,4.227236747741699,565199600
2009-06-04,5.004642963409424,5.149285793304443,5.001429080963135,5.133571147918701,4.310912609100342,550634000
2009-06-05,5.189642906188965,5.228570938110352,5.114643096923828,5.166786193847656,4.338802814483643,632716000
2009-06-08,5.1364288330078125,5.151071071624756,4.979642868041992,5.137499809265137,4.314210891723633,931652400
2009-06-09,5.13607120513916,5.1628570556640625,5.0196428298950195,5.097143173217773,4.280322074890137,676964400
2009-06-10,5.0814290046691895,5.083929061889648,4.939286231994629,5.0089287757873535,4.206244468688965,688623600
2009-06-11,4.98392915725708,5.055714130401611,4.948214054107666,4.998213768005371,4.19724702835083,524823600
2009-06-12,4.957499980926514,4.9678568840026855,4.8585710525512695,4.891786098480225,4.107874870300293,563085600
2009-06-15,4.857500076293945,4.89035701751709,4.817500114440918,4.86035680770874,4.081480026245117,539750400
2009-06-16,4.880713939666748,4.945356845855713,4.860713958740234,4.869643211364746,4.089278697967529,514805200
2009-06-17,4.881071090698242,4.908928871154785,4.804643154144287,4.8421430587768555,4.066186904907227,571412800
2009-06-18,4.8610711097717285,4.9285712242126465,4.84250020980835,4.8528571128845215,4.075182914733887,427680400
2009-06-19,4.931070804595947,4.982142925262451,4.889286041259766,4.981429100036621,4.183152198791504,721856800
2009-06-22,5.023929119110107,5.055714130401611,4.868928909301758,4.906071186065674,4.119870662689209,634914000
2009-06-23,4.871428966522217,4.89107084274292,4.74571418762207,4.786070823669434,4.019099235534668,706532400
2009-06-24,4.836429119110107,4.910714149475098,4.816429138183594,4.864999771118164,4.085379600524902,485525600
2009-06-25,4.848214149475098,5.007143020629883,4.8289289474487305,4.994999885559082,4.1945481300354,589447600
2009-06-26,4.992499828338623,5.127142906188965,4.990714073181152,5.0871429443359375,4.271923065185547,439384400
2009-06-29,5.123570919036865,5.14107084274292,5.054999828338623,5.070356845855713,4.2578277587890625,567616000
2009-06-30,5.0921430587768555,5.135714054107666,5.064286231994629,5.086785793304443,4.271623134613037,434224000
2009-07-01,5.125,5.166429042816162,5.090000152587891,5.101070880889893,4.2836198806762695,414178800
2009-07-02,5.044642925262451,5.101070880889893,4.992499828338623,5.00071382522583,4.199347972869873,370479200
2009-07-06,4.95357084274292,4.963929176330566,4.8660712242126465,4.950356960296631,4.157059669494629,498688400
2009-07-07,4.945713996887207,4.9885711669921875,4.82785701751709,4.835713863372803,4.060786724090576,461596800
2009-07-08,4.854286193847656,4.929999828338623,4.800714015960693,4.900713920593262,4.1153693199157715,575929200
2009-07-09,4.920000076293945,4.928214073181152,4.854642868041992,4.869999885559082,4.089578628540039,343025200
2009-07-10,4.869286060333252,4.963213920593262,4.868570804595947,4.947143077850342,4.154360294342041,445275600
2009-07-13,4.9835710525512695,5.083570957183838,4.911786079406738,5.083570957183838,4.268924236297607,483501200
2009-07-14,5.072500228881836,5.1135711669921875,5.041429042816162,5.081070899963379,4.266824722290039,347247600
2009-07-15,5.179999828338623,5.25,5.154285907745361,5.24571418762207,4.405085563659668,485587200
2009-07-16,5.205714225769043,5.286428928375244,5.1989288330078125,5.268570899963379,4.424278736114502,393570800
2009-07-17,5.324285984039307,5.429286003112793,5.30821418762207,5.419642925262451,4.551140308380127,602154000
2009-07-20,5.473928928375244,5.537143230438232,5.3889288902282715,5.461071014404297,4.585930347442627,735526400
2009-07-21,5.474643230438232,5.479642868041992,5.348214149475098,5.411070823669434,4.543942451477051,874781600
2009-07-22,5.635356903076172,5.668929100036621,5.575356960296631,5.5978569984436035,4.700795650482178,874104000
2009-07-23,5.593928813934326,5.658570766448975,5.555714130401611,5.6364288330078125,4.733187675476074,526962800
2009-07-24,5.6053571701049805,5.714285850524902,5.589285850524902,5.713929176330566,4.798266410827637,438362400
2009-07-27,5.7203569412231445,5.74571418762207,5.616428852081299,5.7178568840026855,4.801565647125244,433311200
2009-07-28,5.674285888671875,5.7178568840026855,5.628571033477783,5.714285850524902,4.798568248748779,363554800
2009-07-29,5.675000190734863,5.7303571701049805,5.651785850524902,5.715356826782227,4.799467086791992,382158000
2009-07-30,5.775000095367432,5.882856845855713,5.767857074737549,5.813929080963135,4.882241725921631,469604800
2009-07-31,5.821071147918701,5.892857074737549,5.818213939666748,5.835357189178467,4.900236129760742,422536800
2009-08-03,5.900356769561768,5.9514288902282715,5.888214111328125,5.943929195404053,4.991410255432129,394240000
2009-08-04,5.89035701751709,5.913214206695557,5.864643096923828,5.912499904632568,4.965017318725586,395810800
2009-08-05,5.919642925262451,5.978213787078857,5.864643096923828,5.896786212921143,4.951821804046631,423183600
2009-08-06,5.913570880889893,5.946785926818848,5.824643135070801,5.853929042816162,4.91583251953125,341616800
2009-08-07,5.9103569984436035,5.949999809265137,5.885714054107666,5.911070823669434,4.963814735412598,387354800
2009-08-10,5.916429042816162,5.949999809265137,5.84499979019165,5.882856845855713,4.940124034881592,300294400
2009-08-11,5.846070766448975,5.87071418762207,5.781428813934326,5.815357208251953,4.88344144821167,355342400
2009-08-12,5.805356979370117,5.9539289474487305,5.802143096923828,5.903929233551025,4.957820415496826,445071200
2009-08-13,5.951786041259766,6.023929119110107,5.9464287757873535,6.014999866485596,5.051090717315674,439980800
2009-08-14,5.997857093811035,6.008213996887207,5.911786079406738,5.9564290046691895,5.001906871795654,305816000
2009-08-17,5.841071128845215,5.84250020980835,5.693571090698242,5.699643135070801,4.786270618438721,524381200
2009-08-18,5.772500038146973,5.865714073181152,5.76464319229126,5.857142925262451,4.918530464172363,431152400
2009-08-19,5.8125,5.903571128845215,5.801785945892334,5.878571033477783,4.936524391174316,413271600
2009-08-20,5.8921427726745605,5.954286098480225,5.878929138183594,5.940357208251953,4.9884114265441895,342031200
2009-08-21,5.987500190734863,6.048929214477539,5.9571428298950195,6.0435709953308105,5.0750837326049805,416074400
2009-08-24,6.075714111328125,6.096786022186279,6.009643077850342,6.0378570556640625,5.070285320281982,406929600
2009-08-25,6.052143096923828,6.105000019073486,6.0403571128845215,6.050000190734863,5.080482006072998,324354800
2009-08-26,6.0328569412231445,6.055356979370117,5.955714225769043,5.978929042816162,5.020801067352295,303998800
2009-08-27,6.026785850524902,6.056070804595947,5.886785984039307,6.051785945892334,5.081982612609863,449181600
2009-08-28,6.152500152587891,6.1603569984436035,6.0189290046691895,6.073214054107666,5.099977493286133,453700800
2009-08-31,6.005713939666748,6.0303568840026855,5.9464287757873535,6.007500171661377,5.044793605804443,311337600
2009-09-01,5.999642848968506,6.0714287757873535,5.890714168548584,5.903571128845215,4.95751953125,469028000
2009-09-02,5.87928581237793,5.9860711097717285,5.8610711097717285,5.899285793304443,4.953919887542725,364249200
2009-09-03,5.944285869598389,5.9678568840026855,5.892857074737549,5.948214054107666,4.995008945465088,293955200
2009-09-04,5.974286079406738,6.096428871154785,5.96750020980835,6.082499980926514,5.107775688171387,374628800
2009-09-08,6.177856922149658,6.183570861816406,6.142857074737549,6.1760711669921875,5.186352252960205,315047600
2009-09-09,6.170713901519775,6.2310709953308105,6.060713768005371,6.112143039703369,5.132665634155273,811087200
2009-09-10,6.144999980926514,6.1875,6.1003570556640625,6.1628570556640625,5.175253391265869,491134000
2009-09-11,6.175356864929199,6.184999942779541,6.102499961853027,6.148571014404297,5.163257122039795,348961200
2009-09-14,6.101070880889893,6.210713863372803,6.080357074737549,6.204286098480225,5.210045337677002,322011200
2009-09-15,6.215713977813721,6.273213863372803,6.199643135070801,6.255713939666748,5.253231525421143,426470800
2009-09-16,6.356785774230957,6.526785850524902,6.3528571128845215,6.495357036590576,5.45447301864624,754023200
2009-09-17,6.49928617477417,6.6710710525512695,6.498929023742676,6.591071128845215,5.534848213195801,810572000
2009-09-18,6.636785984039307,6.662499904632568,6.598570823669434,6.6078572273254395,5.548941612243652,601582800
2009-09-21,6.581786155700684,6.612856864929199,6.486429214477539,6.572143077850342,5.518951892852783,437715600
2009-09-22,6.61392879486084,6.62071418762207,6.5303568840026855,6.588571071624756,5.5327467918396,356753600
2009-09-23,6.621428966522217,6.746428966522217,6.608213901519775,6.625,5.563337802886963,593563600
2009-09-24,6.685713768005371,6.70357084274292,6.527500152587891,6.565000057220459,5.5129547119140625,550880400
2009-09-25,6.500357151031494,6.625,6.480000019073486,6.513214111328125,5.469466209411621,445239200
2009-09-28,6.56678581237793,6.667142868041992,6.547500133514404,6.648213863372803,5.582833290100098,337444800
2009-09-29,6.668929100036621,6.692856788635254,6.582499980926514,6.62071418762207,5.559739589691162,345385600
2009-09-30,6.647500038146973,6.658928871154785,6.521786212921143,6.619643211364746,5.558839321136475,539585200
2009-10-01,6.619643211364746,6.650713920593262,6.45357084274292,6.459286212921143,5.424179553985596,524711600
2009-10-02,6.478929042816162,6.640714168548584,6.476786136627197,6.603570938110352,5.54534387588501,553308000
2009-10-05,6.650000095367432,6.6735711097717285,6.581070899963379,6.643570899963379,5.578932762145996,423133200
2009-10-06,6.704999923706055,6.786070823669434,6.689286231994629,6.786070823669434,5.698597431182861,605085600
2009-10-07,6.7771430015563965,6.805356979370117,6.751070976257324,6.794642925262451,5.705796718597412,465668000
2009-10-08,6.809286117553711,6.837500095367432,6.746070861816406,6.759643077850342,5.676403999328613,438211200
2009-10-09,6.748929023742676,6.810713768005371,6.736429214477539,6.802499771118164,5.7123942375183105,293272000
2009-10-12,6.822143077850342,6.8396430015563965,6.772857189178467,6.814642906188965,5.722591400146484,288024800
2009-10-13,6.80821418762207,6.827499866485596,6.775000095367432,6.786428928375244,5.698897838592529,348020400
2009-10-14,6.8660712242126465,6.868570804595947,6.793929100036621,6.831786155700684,5.7369866371154785,375510800
2009-10-15,6.772500038146973,6.818571090698242,6.7689290046691895,6.805714130401611,5.71509313583374,373556400
2009-10-16,6.762499809265137,6.7985711097717285,6.708570957183838,6.716071128845215,5.6398162841796875,431426800
2009-10-19,6.708929061889648,6.785714149475098,6.626786231994629,6.78071403503418,5.694098949432373,942230800
2009-10-20,7.164286136627197,7.205357074737549,7.066071033477783,7.098570823669434,5.961020469665527,1141039200
2009-10-21,7.12571382522583,7.4539289474487305,7.115356922149658,7.318571090698242,6.145763397216797,1193726800
2009-10-22,7.310713768005371,7.423213958740234,7.232500076293945,7.32857084274292,6.154160976409912,791392000
2009-10-23,7.346428871154785,7.349999904632568,7.258213996887207,7.283570766448975,6.116373538970947,420786800
2009-10-26,7.273929119110107,7.3839287757873535,7.146429061889648,7.231429100036621,6.072587490081787,484338400
2009-10-27,7.20214319229126,7.243214130401611,7.01607084274292,7.048929214477539,5.919332027435303,756551600
2009-10-28,7.061070919036865,7.072143077850342,6.824999809265137,6.871428966522217,5.770277500152588,818386800
2009-10-29,6.964285850524902,7.028929233551025,6.862143039703369,7.012499809265137,5.888739109039307,570270400
2009-10-30,7.002142906188965,7.028571128845215,6.7203569412231445,6.732142925262451,5.653311252593994,717525200
2009-11-02,6.778571128845215,6.888570785522461,6.627500057220459,6.76107120513916,5.677604675292969,678983200
2009-11-03,6.708929061889648,6.768570899963379,6.639999866485596,6.7410712242126465,5.660809516906738,522541600
2009-11-04,6.81178617477417,6.923213958740234,6.793929100036621,6.814642906188965,5.722591400146484,487530400
2009-11-05,6.871428966522217,6.964285850524902,6.850714206695557,6.929643154144287,5.819161891937256,384801200
2009-11-06,6.875357151031494,6.971070766448975,6.871428966522217,6.940713882446289,5.828458309173584,295097600
2009-11-09,7.033570766448975,7.210713863372803,7.009285926818848,7.195000171661377,6.041994094848633,528855600
2009-11-10,7.179286003112793,7.320713996887207,7.178928852081299,7.24928617477417,6.087582111358643,401195200
2009-11-11,7.305714130401611,7.3214287757873535,7.208213806152344,7.2589287757873535,6.095678329467773,443870000
2009-11-12,7.255000114440918,7.31678581237793,7.193929195404053,7.213929176330566,6.057889938354492,363731200
2009-11-13,7.245357036590576,7.315357208251953,7.216785907745361,7.301785945892334,6.131669044494629,343240800
2009-11-16,7.338571071624756,7.4285712242126465,7.321785926818848,7.379642963409424,6.197049617767334,485206400
2009-11-17,7.360000133514404,7.408570766448975,7.3214287757873535,7.392857074737549,6.208146572113037,396513600
2009-11-18,7.376429080963135,7.392857074737549,7.285714149475098,7.355713844299316,6.1769561767578125,374320800
2009-11-19,7.307499885559082,7.307499885559082,7.135714054107666,7.161070823669434,6.013503551483154,542326400
2009-11-20,7.112500190734863,7.15678596496582,7.062857151031494,7.139999866485596,5.995809078216553,406666400
2009-11-23,7.25,7.357142925262451,7.248213768005371,7.3528571128845215,6.174555778503418,474896800
2009-11-24,7.333213806152344,7.3528571128845215,7.246428966522217,7.30142879486084,6.131369590759277,318438400
2009-11-25,7.335713863372803,7.3446431159973145,7.2771430015563965,7.292500019073486,6.1238694190979,286454000
2009-11-27,7.114999771118164,7.248570919036865,7.0846428871154785,7.163928985595703,6.015903949737549,295257200
2009-11-30,7.182499885559082,7.20285701751709,7.098928928375244,7.13964319229126,5.995507717132568,424858000
2009-12-01,7.2228569984436035,7.241786003112793,7.0296430587768555,7.034643173217773,5.90733528137207,465763200
2009-12-02,7.105713844299316,7.193571090698242,6.9910712242126465,7.008213996887207,5.8851423263549805,715260000
2009-12-03,7.050714015960693,7.106429100036621,7.009643077850342,7.0171427726745605,5.892640113830566,448719600
2009-12-04,7.132143020629883,7.138570785522461,6.795713901519775,6.904285907745361,5.797869682312012,826884800
2009-12-07,6.904285907745361,6.9203572273254395,6.7385711669921875,6.748213768005371,5.666806697845459,714758800
2009-12-08,6.762856960296631,6.869643211364746,6.739285945892334,6.781071186065674,5.694399833679199,690398800
2009-12-09,6.8314290046691895,7.07714319229126,6.796785831451416,7.064286231994629,5.932227611541748,684782000
2009-12-10,7.125,7.132143020629883,7.00428581237793,7.01535701751709,5.891141414642334,489669600
2009-12-11,7.063570976257324,7.0714287757873535,6.908214092254639,6.952499866485596,5.838356018066406,429774800
2009-12-14,6.977499961853027,7.0510711669921875,6.877142906188965,7.034999847412109,5.907634258270264,495790400
2009-12-15,6.993928909301758,7.053928852081299,6.902500152587891,6.934642791748047,5.823359966278076,419459600
2009-12-16,6.9678568840026855,7.017857074737549,6.948214054107666,6.965356826782227,5.849155902862549,352984800
2009-12-17,6.937857151031494,6.964285850524902,6.8214287757873535,6.852142810821533,5.754080772399902,388838800
2009-12-18,6.898929119110107,6.982142925262451,6.878571033477783,6.979642868041992,5.861149311065674,608770400
2009-12-21,7.001786231994629,7.1339287757873535,6.988214015960693,7.0796427726745605,5.945123672485352,611906400
2009-12-22,7.122857093811035,7.173213958740234,7.09499979019165,7.15571403503418,6.00900411605835,349515600
2009-12-23,7.185713768005371,7.2278571128845215,7.171785831451416,7.2178568840026855,6.0611891746521,345525600
2009-12-24,7.2696428298950195,7.476786136627197,7.262499809265137,7.465713977813721,6.269327163696289,500889200
2009-12-28,7.561429023742676,7.64107084274292,7.4860711097717285,7.557499885559082,6.346405029296875,644565600
2009-12-29,7.593928813934326,7.597143173217773,7.4546427726745605,7.4678568840026855,6.271127223968506,445205600
2009-12-30,7.458213806152344,7.5714287757873535,7.439642906188965,7.558570861816406,6.347303867340088,412084400
2009-12-31,7.611785888671875,7.619643211364746,7.519999980926514,7.526071071624756,6.32001256942749,352410800
2010-01-04,7.622499942779541,7.660714149475098,7.585000038146973,7.643214225769043,6.41838264465332,493729600
2010-01-05,7.664286136627197,7.699643135070801,7.6160712242126465,7.656428813934326,6.429481029510498,601904800
2010-01-06,7.656428813934326,7.68678617477417,7.526785850524902,7.534643173217773,6.32720947265625,552160000
2010-01-07,7.5625,7.5714287757873535,7.466071128845215,7.520713806152344,6.3155131340026855,477131200
2010-01-08,7.510714054107666,7.5714287757873535,7.466429233551025,7.570713996887207,6.357501029968262,447610800
2010-01-11,7.599999904632568,7.607142925262451,7.444643020629883,7.503929138183594,6.301420211791992,462229600
2010-01-12,7.471070766448975,7.491786003112793,7.372142791748047,7.4185709953308105,6.229738712310791,594459600
2010-01-13,7.423929214477539,7.533214092254639,7.289286136627197,7.523213863372803,6.31761360168457,605892000
2010-01-14,7.503929138183594,7.5164289474487305,7.465000152587891,7.479642868041992,6.2810235023498535,432894000
2010-01-15,7.533214092254639,7.557143211364746,7.352499961853027,7.354642868041992,6.176055431365967,594067600
2010-01-19,7.440357208251953,7.685357093811035,7.401429176330566,7.679999828338623,6.449273109436035,730007600
2010-01-20,7.675356864929199,7.698214054107666,7.482142925262451,7.56178617477417,6.350003719329834,612152800
2010-01-21,7.574285984039307,7.618214130401611,7.400356769561768,7.431070804595947,6.240235328674316,608154400
2010-01-22,7.385000228881836,7.410714149475098,7.041429042816162,7.0625,5.930729389190674,881767600
2010-01-25,7.232500076293945,7.310713768005371,7.1496429443359375,7.252500057220459,6.090280532836914,1065699600
2010-01-26,7.3553571701049805,7.632500171661377,7.235000133514404,7.355000019073486,6.176356792449951,1867110000
2010-01-27,7.387499809265137,7.520713806152344,7.126070976257324,7.424285888671875,6.234537124633789,1722568400
2010-01-28,7.318929195404053,7.339285850524902,7.096428871154785,7.117499828338623,5.976914405822754,1173502400
2010-01-29,7.181428909301758,7.221428871154785,6.794642925262451,6.859285831451416,5.760079383850098,1245952400
2010-02-01,6.870357036590576,7.0,6.8321428298950195,6.9546427726745605,5.840156078338623,749876400
2010-02-02,6.996786117553711,7.0114288330078125,6.906428813934326,6.994999885559082,5.874046325683594,698342400
2010-02-03,6.9703569412231445,7.150000095367432,6.943571090698242,7.115356922149658,5.975114345550537,615328000
2010-02-04,7.026071071624756,7.0846428871154785,6.841785907745361,6.85892915725708,5.759781360626221,757652000
2010-02-05,6.879642963409424,7.0,6.816071033477783,6.980713844299316,5.862049579620361,850306800
2010-02-08,6.98892879486084,7.067142963409424,6.9285712242126465,6.932857036590576,5.821859359741211,478270800
2010-02-09,7.014999866485596,7.0535712242126465,6.955357074737549,7.006785869598389,5.8839430809021,632886800
2010-02-10,6.996070861816406,7.021429061889648,6.937857151031494,6.968571186065674,5.851850986480713,370361600
2010-02-11,6.960000038146973,7.1339287757873535,6.930714130401611,7.0953569412231445,5.958319187164307,550345600
2010-02-12,7.075356960296631,7.2014288902282715,6.982142925262451,7.156428813934326,6.009606838226318,655468800
2010-02-16,7.2121429443359375,7.2746429443359375,7.197143077850342,7.264286041259766,6.100179195404053,543737600
2010-02-17,7.292500019073486,7.296785831451416,7.1735711097717285,7.23392915725708,6.0746870040893555,436396800
2010-02-18,7.201070785522461,7.28178596496582,7.175714015960693,7.247499942779541,6.086082458496094,422825200
2010-02-19,7.209286212921143,7.257143020629883,7.182499885559082,7.202499866485596,6.048292636871338,415469600
2010-02-22,7.226428985595703,7.232142925262451,7.11392879486084,7.1578569412231445,6.010805606842041,390563600
2010-02-23,7.142857074737549,7.190357208251953,6.989643096923828,7.0378570556640625,5.910034656524658,575094800
2010-02-24,7.0796427726745605,7.194285869598389,7.065713882446289,7.166429042816162,6.018003940582275,460566400
2010-02-25,7.049285888671875,7.244999885559082,7.03178596496582,7.214285850524902,6.058189868927002,665126000
2010-02-26,7.2278571128845215,7.327499866485596,7.214285850524902,7.307857036590576,6.13676643371582,507460800
2010-03-01,7.348214149475098,7.482142925262451,7.337500095367432,7.463929176330566,6.267829418182373,550093600
2010-03-02,7.497499942779541,7.5296430587768555,7.419285774230957,7.458929061889648,6.263628959655762,566546400
2010-03-03,7.4621429443359375,7.495357036590576,7.42642879486084,7.476070880889893,6.278023719787598,372052800
2010-03-04,7.474286079406738,7.5328569412231445,7.451070785522461,7.525356769561768,6.319413661956787,366041200
2010-03-05,7.67642879486084,7.846428871154785,7.6653571128845215,7.819643020629883,6.566540718078613,899620400
2010-03-08,7.857500076293945,7.86035680770874,7.794642925262451,7.824285984039307,6.570438861846924,429889600
2010-03-09,7.796785831451416,8.035714149475098,7.78178596496582,7.965000152587891,6.688603401184082,920259200
2010-03-10,7.993928909301758,8.052857398986816,7.971428871154785,8.029999732971191,6.743185520172119,596218000
2010-03-11,7.996786117553711,8.053570747375488,7.975714206695557,8.053570747375488,6.762979507446289,405700400
2010-03-12,8.120356559753418,8.133213996887207,8.0625,8.092857360839844,6.7959699630737305,416323600
2010-03-15,8.049285888671875,8.053570747375488,7.8660712242126465,7.994286060333252,6.713196277618408,493502800
2010-03-16,8.006428718566895,8.03499984741211,7.946785926818848,8.016071319580078,6.7314910888671875,446908000
2010-03-17,8.032142639160156,8.087499618530273,7.973928928375244,8.00428581237793,6.721592903137207,450956800
2010-03-18,8.003570556640625,8.035714149475098,7.950356960296631,8.023214340209961,6.737488269805908,342109600
2010-03-19,8.028214454650879,8.044285774230957,7.901071071624756,7.9375,6.665510177612305,559445600
2010-03-22,7.873929023742676,8.071429252624512,7.862500190734863,8.026785850524902,6.740485668182373,456419600
2010-03-23,8.058570861816406,8.170714378356934,8.003570556640625,8.15571403503418,6.8487548828125,602431200
2010-03-24,8.130000114440918,8.221428871154785,8.125356674194336,8.19178581237793,6.879044532775879,597780400
2010-03-25,8.247142791748047,8.248929023742676,8.08035659790039,8.094642639160156,6.797468662261963,542284400
2010-03-26,8.176786422729492,8.283928871154785,8.162500381469727,8.246429443359375,6.924931526184082,640875200
2010-03-29,8.321429252624512,8.352499961853027,8.272143363952637,8.299642562866211,6.969618320465088,540744400
2010-03-30,8.449999809265137,8.481429100036621,8.366070747375488,8.423213958740234,7.0733842849731445,527310000
2010-03-31,8.410357475280762,8.450357437133789,8.373571395874023,8.39285659790039,7.047895908355713,430659600
2010-04-01,8.478928565979004,8.526070594787598,8.3125,8.427499771118164,7.076985836029053,603145200
2010-04-05,8.392143249511719,8.518214225769043,8.384642601013184,8.517499923706055,7.152562618255615,684507600
2010-04-06,8.507143020629883,8.579999923706055,8.464285850524902,8.555000305175781,7.184055805206299,447017200
2010-04-07,8.555356979370117,8.640000343322754,8.523571014404297,8.592857360839844,7.215844631195068,628502000
2010-04-08,8.587142944335938,8.626428604125977,8.501428604125977,8.569643020629883,7.196352958679199,572989200
2010-04-09,8.6225004196167,8.63892936706543,8.587857246398926,8.635356903076172,7.251532554626465,334182800
2010-04-12,8.649999618530273,8.681071281433105,8.63607120513916,8.653214454650879,7.26652717590332,333026400
2010-04-13,8.637857437133789,8.671428680419922,8.61107063293457,8.65821361541748,7.2707319259643555,306210800
2010-04-14,8.760000228881836,8.778928756713867,8.71678638458252,8.774642944335938,7.368500232696533,404076400
2010-04-15,8.777856826782227,8.893928527832031,8.768214225769043,8.890000343322754,7.465372085571289,376784800
2010-04-16,8.8774995803833,8.96928596496582,8.733928680419922,8.835714340209961,7.419785022735596,750545600
2010-04-19,8.822500228881836,8.853214263916016,8.634642601013184,8.823928833007812,7.409886837005615,566924400
2010-04-20,8.876428604125977,8.901785850524902,8.677143096923828,8.735357284545898,7.335508346557617,738326400
2010-04-21,9.242856979370117,9.29464340209961,9.133213996887207,9.257857322692871,7.774280548095703,982391200
2010-04-22,9.222857475280762,9.526785850524902,9.149999618530273,9.516785621643066,7.9917120933532715,793424800
2010-04-23,9.571070671081543,9.72071361541748,9.535714149475098,9.672499656677246,8.12247371673584,796955600
2010-04-26,9.710000038146973,9.730713844299316,9.578213691711426,9.625,8.082586288452148,479068800
2010-04-27,9.545356750488281,9.565713882446289,9.304286003112793,9.35857105255127,7.858852863311768,709343600
2010-04-28,9.401785850524902,9.428570747375488,9.157500267028809,9.342857360839844,7.845654487609863,758402400
2010-04-29,9.393570899963379,9.64285659790039,9.357500076293945,9.59428596496582,8.056795120239258,558840800
2010-04-30,9.618213653564453,9.663213729858398,9.321429252624512,9.3246431350708,7.830361843109131,542463600
2010-05-03,9.422857284545898,9.567143440246582,9.388570785522461,9.512499809265137,7.988112926483154,454342000
2010-05-04,9.38892936706543,9.403214454650879,9.16964340209961,9.238571166992188,7.758083343505859,723819600
2010-05-05,9.036786079406738,9.21928596496582,8.883213996887207,9.142499923706055,7.677405834197998,883103200
2010-05-06,9.065357208251953,9.223214149475098,7.1160712242126465,8.79464340209961,7.3852972984313965,1285860800
2010-05-07,8.70392894744873,8.806071281433105,8.043213844299316,8.42357063293457,7.073686122894287,1676018400
2010-05-10,8.9375,9.094642639160156,8.876070976257324,9.071070671081543,7.617425918579102,984306400
2010-05-11,8.994285583496094,9.28178596496582,8.946429252624512,9.161429405212402,7.693302154541016,848906800
2010-05-12,9.258570671081543,9.397500038146973,9.239286422729492,9.360357284545898,7.8603515625,654379600
2010-05-13,9.400713920593262,9.464285850524902,9.157142639160156,9.227143287658691,7.748482704162598,599712400
2010-05-14,9.1128568649292,9.15999984741211,8.910714149475098,9.0649995803833,7.612326622009277,759362800
2010-05-17,9.096428871154785,9.149286270141602,8.846785545349121,9.079285621643066,7.624321460723877,762834800
2010-05-18,9.177857398986816,9.233928680419922,8.937856674194336,9.012857437133789,7.568539619445801,782678400
2010-05-19,8.910714149475098,9.032856941223145,8.744643211364746,8.869285583496094,7.447972774505615,1025726800
2010-05-20,8.638570785522461,8.708929061889648,8.436071395874023,8.491429328918457,7.130673408508301,1282915200
2010-05-21,8.3149995803833,8.73214340209961,8.262499809265137,8.65428638458252,7.267429828643799,1223891200
2010-05-24,8.831428527832031,8.960714340209961,8.795000076293945,8.812856674194336,7.4005913734436035,754238800
2010-05-25,8.548213958740234,8.812856674194336,8.470000267028809,8.757857322692871,7.354403972625732,1048006400
2010-05-26,8.931428909301758,9.004643440246582,8.70535659790039,8.71821403503418,7.321113109588623,850654000
2010-05-27,8.949999809265137,9.067500114440918,8.896785736083984,9.048213958740234,7.598230838775635,666282400
2010-05-28,9.26392936706543,9.264286041259766,9.048213958740234,9.174285888671875,7.704096794128418,815614800
2010-06-01,9.274642944335938,9.497857093811035,9.248571395874023,9.315357208251953,7.822564125061035,876472800
2010-06-02,9.447856903076172,9.45714282989502,9.297499656677246,9.426786422729492,7.916135311126709,688548000
2010-06-03,9.47071361541748,9.483928680419922,9.3003568649292,9.397143363952637,7.891244411468506,650106800
2010-06-04,9.221785545349121,9.353570938110352,9.093929290771484,9.14142894744873,7.676507949829102,758304400
2010-06-07,9.224642753601074,9.255356788635254,8.948213577270508,8.962142944335938,7.525951862335205,886942000
2010-06-08,9.044285774230957,9.064286231994629,8.773214340209961,8.904643058776855,7.477668762207031,1000770400
2010-06-09,8.981071472167969,8.996429443359375,8.660357475280762,8.685713768005371,7.293820858001709,854630000
2010-06-10,8.744285583496094,8.963570594787598,8.649999618530273,8.946785926818848,7.513055801391602,776356000
2010-06-11,8.865357398986816,9.066429138183594,8.834643363952637,9.053929328918457,7.603030681610107,545759200
2010-06-14,9.14142894744873,9.255356788635254,9.071785926818848,9.081428527832031,7.626119136810303,602960400
2010-06-15,9.130000114440918,9.280357360839844,9.125,9.274642944335938,7.788374900817871,585074000
2010-06-16,9.324999809265137,9.5625,9.30821418762207,9.54464340209961,8.015106201171875,783678000
2010-06-17,9.664285659790039,9.746429443359375,9.625,9.709643363952637,8.153663635253906,872855200
2010-06-18,9.723214149475098,9.821429252624512,9.693571090698242,9.788213729858398,8.219642639160156,784621600
2010-06-21,9.917499542236328,9.964642524719238,9.59749984741211,9.64892864227295,8.102681159973145,776490400
2010-06-22,9.720000267028809,9.856071472167969,9.696429252624512,9.780357360839844,8.213047981262207,717262000
2010-06-23,9.806428909301758,9.809286117553711,9.567856788635254,9.677499771118164,8.126672744750977,768457200
2010-06-24,9.678570747375488,9.757143020629883,9.574999809265137,9.60714340209961,8.067586898803711,714277200
2010-06-25,9.645000457763672,9.65250015258789,9.493213653564453,9.524999618530273,7.9986138343811035,549942400
2010-06-28,9.53321361541748,9.633929252624512,9.447142601013184,9.58214282989502,8.046599388122559,584948000
2010-06-29,9.432856559753418,9.442500114440918,9.08214282989502,9.14892864227295,7.682806491851807,1133344800
2010-06-30,9.168213844299316,9.213213920593262,8.928929328918457,8.983214378356934,7.5436482429504395,739452000
2010-07-01,9.08214282989502,9.100000381469727,8.686429023742676,8.874285697937012,7.452173709869385,1022896000
2010-07-02,8.946070671081543,8.961786270141602,8.685713768005371,8.819286346435547,7.4059882164001465,693842800
2010-07-06,8.964285850524902,9.028571128845215,8.791428565979004,8.879643440246582,7.456670761108398,615235600
2010-07-07,8.946070671081543,9.241786003112793,8.91964340209961,9.238213539123535,7.757784366607666,654556000
2010-07-08,9.374285697937012,9.389286041259766,9.103214263916016,9.217499732971191,7.7403883934021,738144400
2010-07-09,9.174642562866211,9.282142639160156,9.1128568649292,9.272143363952637,7.7862725257873535,433322400
2010-07-12,9.233214378356934,9.351785659790039,9.102143287658691,9.188928604125977,7.71639347076416,562878400
2010-07-13,9.15428638458252,9.157142639160156,8.801071166992188,8.992856979370117,7.551743984222412,1190924000
2010-07-14,8.906429290771484,9.135713577270508,8.89285659790039,9.026070594787598,7.579637050628662,812047600
2010-07-15,8.865357398986816,9.177499771118164,8.83214282989502,8.98035717010498,7.541249752044678,824866000
2010-07-16,9.042142868041992,9.106071472167969,8.871786117553711,8.925000190734863,7.494760036468506,1039858400
2010-07-19,8.924285888671875,8.924285888671875,8.557143211364746,8.770713806152344,7.365199565887451,1024478000
2010-07-20,8.675000190734863,9.032142639160156,8.571785926818848,8.996070861816406,7.554444313049316,1074950800
2010-07-21,9.467499732971191,9.469642639160156,9.071429252624512,9.079999923706055,7.624922275543213,1185671200
2010-07-22,9.20285701751709,9.285714149475098,9.118213653564453,9.250714302062988,7.768280029296875,645318800
2010-07-23,9.181785583496094,9.299285888671875,9.152856826782227,9.283571243286133,7.795872688293457,533388800
2010-07-26,9.285714149475098,9.289285659790039,9.20392894744873,9.260000228881836,7.77607536315918,420551600
2010-07-27,9.31678581237793,9.45714282989502,9.296428680419922,9.431428909301758,7.9200358390808105,584771600
2010-07-28,9.416786193847656,9.499643325805664,9.29464340209961,9.319999694824219,7.826460361480713,519985200
2010-07-29,9.311071395874023,9.380356788635254,9.146429061889648,9.21821403503418,7.740985870361328,643806800
2010-07-30,9.13892936706543,9.274999618530273,9.103570938110352,9.1875,7.715196132659912,448210000
2010-08-02,9.30142879486084,9.378213882446289,9.272143363952637,9.351785659790039,7.853155136108398,428055600
2010-08-03,9.321785926818848,9.402142524719238,9.265000343322754,9.354642868041992,7.855551719665527,417653600
2010-08-04,9.3871431350708,9.438570976257324,9.296786308288574,9.392143249511719,7.887045860290527,420375200
2010-08-05,9.34749984741211,9.399286270141602,9.305356979370117,9.346428871154785,7.848658561706543,289097200
2010-08-06,9.277856826782227,9.338929176330566,9.201070785522461,9.288928985595703,7.800370216369629,444897600
2010-08-09,9.338570594787598,9.362500190734863,9.270357131958008,9.348214149475098,7.850156307220459,303128000
2010-08-10,9.280357360839844,9.301786422729492,9.198213577270508,9.264642715454102,7.779977798461914,451920000
2010-08-11,9.121429443359375,9.131786346435547,8.921786308288574,8.935357093811035,7.50346040725708,620054400
2010-08-12,8.810357093811035,9.039285659790039,8.789999961853027,8.992500305175781,7.551446437835693,534920400
2010-08-13,8.987500190734863,8.99571418762207,8.896071434020996,8.896429061889648,7.470767021179199,354869200
2010-08-16,8.842143058776855,8.928929328918457,8.807856559753418,8.84428596496582,7.426982402801514,318430000
2010-08-17,8.931428909301758,9.093929290771484,8.899999618530273,8.998929023742676,7.556843280792236,422640400
2010-08-18,9.012857437133789,9.095356941223145,8.984999656677246,9.038213729858398,7.589832782745361,339696000
2010-08-19,9.029999732971191,9.052857398986816,8.881428718566895,8.924285888671875,7.4941630363464355,426706000
2010-08-20,8.90678596496582,9.068571090698242,8.89285659790039,8.915714263916016,7.486963748931885,384230000
2010-08-23,8.992500305175781,9.0,8.758929252624512,8.778571128845215,7.371797561645508,414041600
2010-08-24,8.666786193847656,8.678570747375488,8.523214340209961,8.568928718566895,7.1957502365112305,602565600
2010-08-25,8.501428604125977,8.713929176330566,8.471428871154785,8.674642562866211,7.284524440765381,596867600
2010-08-26,8.766071319580078,8.776785850524902,8.581428527832031,8.581428527832031,7.206249713897705,466505200
2010-08-27,8.633929252624512,8.664643287658691,8.412857055664062,8.62928581237793,7.24643611907959,548391200
2010-08-30,8.598570823669434,8.776785850524902,8.59571361541748,8.660714149475098,7.272827625274658,383289200
2010-08-31,8.637499809265137,8.734286308288574,8.583929061889648,8.682143211364746,7.2908196449279785,420786800
2010-09-01,8.838213920593262,8.980713844299316,8.795714378356934,8.940357208251953,7.507657527923584,697037600
2010-09-02,8.973570823669434,9.006071090698242,8.8774995803833,9.006071090698242,7.562841892242432,415427600
2010-09-03,9.110357284545898,9.242142677307129,9.089285850524902,9.241786003112793,7.7607855796813965,520788800
2010-09-07,9.165714263916016,9.268928527832031,9.151785850524902,9.207500457763672,7.731992721557617,342557600
2010-09-08,9.277856826782227,9.442500114440918,9.253570556640625,9.390000343322754,7.885247230529785,526551200
2010-09-09,9.465714454650879,9.518570899963379,9.390000343322754,9.395357131958008,7.889744758605957,438575200
2010-09-10,9.399642944335938,9.446429252624512,9.335714340209961,9.407500267028809,7.899940013885498,387542400
2010-09-13,9.493571281433105,9.581428527832031,9.491429328918457,9.537142753601074,8.008808135986328,388780000
2010-09-14,9.507499694824219,9.613213539123535,9.482856750488281,9.57357120513916,8.039400100708008,408150400
2010-09-15,9.577500343322754,9.656429290771484,9.565713882446289,9.650713920593262,8.104178428649902,429368800
2010-09-16,9.651429176330566,9.881071090698242,9.625,9.8774995803833,8.294622421264648,652103200
2010-09-17,9.917499542236328,9.927143096923828,9.774286270141602,9.834643363952637,8.258633613586426,634477200
2010-09-20,9.859999656677246,10.135000228881836,9.851785659790039,10.115357398986816,8.494364738464355,658677600
2010-09-21,10.137857437133789,10.262499809265137,10.099642753601074,10.134642601013184,8.510560035705566,668074400
2010-09-22,10.096785545349121,10.28499984741211,10.086071014404297,10.276785850524902,8.629922866821289,585289600
2010-09-23,10.22607135772705,10.455714225769043,10.214285850524902,10.318571090698242,8.665010452270508,786116800
2010-09-24,10.432143211364746,10.483214378356934,10.376786231994629,10.4399995803833,8.76698112487793,649488000
2010-09-27,10.499285697937012,10.526070594787598,10.393214225769043,10.398571014404297,8.73219108581543,482834800
2010-09-28,10.420356750488281,10.420356750488281,9.821429252624512,10.244999885559082,8.603231430053711,1035042400
2010-09-29,10.258213996887207,10.350357055664062,10.214285850524902,10.263214111328125,8.618528366088867,469644000
2010-09-30,10.321429252624512,10.35714340209961,10.04464340209961,10.133929252624512,8.509960174560547,673391600
2010-10-01,10.219642639160156,10.234999656677246,10.048213958740234,10.09000015258789,8.473069190979004,448142800
2010-10-04,10.057143211364746,10.103570938110352,9.920356750488281,9.95142936706543,8.356704711914062,435302000
2010-10-05,10.071429252624512,10.337499618530273,10.0649995803833,10.319286346435547,8.665611267089844,501967200
2010-10-06,10.342499732971191,10.428214073181152,10.187856674194336,10.328213691711426,8.67310619354248,670868800
2010-10-07,10.369285583496094,10.374285697937012,10.246786117553711,10.329285621643066,8.6740083694458,408399600
2010-10-08,10.418213844299316,10.51785659790039,10.35714340209961,10.5024995803833,8.819462776184082,658403200
2010-10-11,10.526429176330566,10.615714073181152,10.521429061889648,10.54857063293457,8.858153343200684,427753200
2010-10-12,10.5503568649292,10.696429252624512,10.446070671081543,10.662142753601074,8.953527450561523,558544000
2010-10-13,10.721428871154785,10.784285545349121,10.70714282989502,10.71928596496582,9.001514434814453,630092400
2010-10-14,10.774642944335938,10.802499771118164,10.728570938110352,10.796786308288574,9.066588401794434,435296400
2010-10-15,10.979999542236328,11.25,10.889642715454102,11.240714073181152,9.43938159942627,922194000
2010-10-18,11.373929023742676,11.39285659790039,11.224642753601074,11.35714340209961,9.537154197692871,1093010800
2010-10-19,10.835714340209961,11.206070899963379,10.71500015258789,11.053214073181152,9.281928062438965,1232784000
2010-10-20,11.035714149475098,11.223214149475098,10.959643363952637,11.090356826782227,9.313116073608398,721624400
2010-10-21,11.15571403503418,11.240714073181152,10.95714282989502,11.054286003112793,9.282829284667969,551460000
2010-10-22,11.038213729858398,11.072856903076172,10.939286231994629,10.981071472167969,9.22134780883789,372778000
2010-10-25,11.038928985595703,11.128570556640625,11.015713691711426,11.029999732971191,9.262434005737305,392462000
2010-10-26,10.959643363952637,11.062143325805664,10.916070938110352,11.001786231994629,9.238741874694824,392929600
2010-10-27,10.987500190734863,11.067856788635254,10.914285659790039,10.993928909301758,9.232142448425293,399002800
2010-10-28,10.998213768005371,11.0,10.746429443359375,10.901429176330566,9.154463768005371,551051200
2010-10-29,10.865357398986816,10.924285888671875,10.745356559753418,10.749285697937012,9.026703834533691,430511200
2010-11-01,10.793571472167969,10.914285659790039,10.79285717010498,10.863571166992188,9.122673988342285,423889200
2010-11-02,10.964285850524902,11.078213691711426,10.964285850524902,11.04857063293457,9.278029441833496,433930000
2010-11-03,11.120356559753418,11.174285888671875,11.018928527832031,11.171428680419922,9.381195068359375,508348400
2010-11-04,11.266071319580078,11.4350004196167,11.251070976257324,11.366786003112793,9.545249938964844,642488000
2010-11-05,11.356785774230957,11.413213729858398,11.3125,11.326070785522461,9.511058807373047,361253200
2010-11-08,11.328571319580078,11.420356750488281,11.312856674194336,11.37928581237793,9.55574893951416,281758400
2010-11-09,11.466071128845215,11.475000381469727,11.23214340209961,11.28857135772705,9.479572296142578,383544000
2010-11-10,11.308570861816406,11.384642601013184,11.198213577270508,11.358214378356934,9.53805160522461,384227200
2010-11-11,11.25,11.371429443359375,11.223214149475098,11.308929443359375,9.496664047241211,361284000
2010-11-12,11.285714149475098,11.303570747375488,10.843929290771484,11.001070976257324,9.238138198852539,795846800
2010-11-15,11.01642894744873,11.090714454650879,10.938214302062988,10.965714454650879,9.208447456359863,403606000
2010-11-16,10.918571472167969,10.985713958740234,10.6899995803833,10.771071434020996,9.044994354248047,657650000
2010-11-17,10.757143020629883,10.856785774230957,10.634285926818848,10.73214340209961,9.012306213378906,479449600
2010-11-18,10.899999618530273,11.059642791748047,10.881786346435547,11.01535701751709,9.250137329101562,494491200
2010-11-19,10.998929023742676,11.014286041259766,10.901429176330566,10.954643249511719,9.199151992797852,384843200
2010-11-22,10.95285701751709,11.191429138183594,10.923929214477539,11.191429138183594,9.397993087768555,393075200
2010-11-23,11.087499618530273,11.133929252624512,10.94857120513916,11.026070594787598,9.259134292602539,519447600
2010-11-24,11.14285659790039,11.264286041259766,11.133929252624512,11.242856979370117,9.441179275512695,413725200
2010-11-26,11.204999923706055,11.346428871154785,11.17642879486084,11.25,9.44718074798584,237585600
2010-11-29,11.26785659790039,11.338570594787598,11.12071418762207,11.31678581237793,9.50326156616211,445785200
2010-11-30,11.197856903076172,11.227143287658691,11.102499961853027,11.112500190734863,9.331711769104004,501858000
2010-12-01,11.259642601013184,11.348214149475098,11.25,11.300000190734863,9.489165306091309,461750800
2010-12-02,11.340356826782227,11.39285659790039,11.246070861816406,11.362500190734863,9.541650772094727,462837200
2010-12-03,11.321785926818848,11.380356788635254,11.297857284545898,11.337142944335938,9.520356178283691,342092800
2010-12-06,11.380000114440918,11.511786460876465,11.372142791748047,11.433929443359375,9.601631164550781,448481600
2010-12-07,11.564286231994629,11.571070671081543,11.361429214477539,11.364643096923828,9.543449401855469,391454000
2010-12-08,11.415356636047363,11.46500015258789,11.325357437133789,11.464642524719238,9.627425193786621,321935600
2010-12-09,11.504643440246582,11.51785659790039,11.393570899963379,11.420000076293945,9.589936256408691,294151200
2010-12-10,11.416070938110352,11.466071128845215,11.378570556640625,11.44857120513916,9.613929748535156,262511200
2010-12-13,11.584643363952637,11.609286308288574,11.464285850524902,11.488213539123535,9.64721965789795,439815600
2010-12-14,11.490357398986816,11.519286155700684,11.39285659790039,11.438928604125977,9.605834007263184,351008000
2010-12-15,11.428570747375488,11.535714149475098,11.399642944335938,11.441429138183594,9.607930183410645,417312000
2010-12-16,11.467499732971191,11.521785736083984,11.432143211364746,11.473214149475098,9.634621620178223,322030800
2010-12-17,11.486785888671875,11.492500305175781,11.436785697937012,11.450357437133789,9.615428924560547,386929200
2010-12-20,11.485713958740234,11.54464340209961,11.365357398986816,11.507499694824219,9.663416862487793,385610400
2010-12-21,11.535714149475098,11.585356712341309,11.501786231994629,11.578571319580078,9.723095893859863,256354000
2010-12-22,11.584285736083984,11.632857322692871,11.555356979370117,11.6128568649292,9.7518892288208,265921600
2010-12-23,11.60714340209961,11.612500190734863,11.541786193847656,11.557143211364746,9.70510196685791,223157200
2010-12-27,11.530357360839844,11.622857093811035,11.482856750488281,11.59571361541748,9.737489700317383,249816000
2010-12-28,11.639642715454102,11.666428565979004,11.609286308288574,11.623929023742676,9.761185646057129,175924000
2010-12-29,11.650713920593262,11.658928871154785,11.610713958740234,11.617500305175781,9.755783081054688,163139200
2010-12-30,11.624285697937012,11.625356674194336,11.537500381469727,11.559286117553711,9.706903457641602,157494400
2010-12-31,11.533928871154785,11.552857398986816,11.475357055664062,11.520000457763672,9.673910140991211,193508000
2011-01-03,11.630000114440918,11.795000076293945,11.601428985595703,11.770357131958008,9.884145736694336,445138400
2011-01-04,11.872857093811035,11.875,11.719642639160156,11.831786155700684,9.93572998046875,309080800
2011-01-05,11.76964282989502,11.940713882446289,11.76785659790039,11.928570747375488,10.017006874084473,255519600
2011-01-06,11.954285621643066,11.973214149475098,11.889286041259766,11.918929100036621,10.008910179138184,300428800
2011-01-07,11.928214073181152,12.012499809265137,11.853570938110352,12.00428581237793,10.080588340759277,311931200
2011-01-10,12.10107135772705,12.258213996887207,12.041786193847656,12.23035717010498,10.270429611206055,448560000
2011-01-11,12.317143440246582,12.319999694824219,12.123929023742676,12.20142936706543,10.246142387390137,444108000
2011-01-12,12.258929252624512,12.301071166992188,12.214285850524902,12.300713539123535,10.329512596130371,302590400
2011-01-13,12.327142715454102,12.380000114440918,12.280357360839844,12.34571361541748,10.367301940917969,296780400
2011-01-14,12.353214263916016,12.445713996887207,12.30142879486084,12.445713996887207,10.451279640197754,308840000
2011-01-18,11.768570899963379,12.312856674194336,11.64285659790039,12.166070938110352,10.216451644897461,1880998000
2011-01-19,12.441070556640625,12.449999809265137,12.031429290771484,12.101428985595703,10.162166595458984,1135612800
2011-01-20,12.01535701751709,12.08214282989502,11.789999961853027,11.881428718566895,9.977421760559082,764789200
2011-01-21,11.920356750488281,11.960000038146973,11.665356636047363,11.668571472167969,9.79867172241211,754401200
2011-01-24,11.673929214477539,12.051786422729492,11.668571472167969,12.051786422729492,10.120478630065918,574683200
2011-01-25,12.011786460876465,12.194286346435547,11.948928833007812,12.192856788635254,10.23894214630127,546868000
2011-01-26,12.248571395874023,12.342857360839844,12.196429252624512,12.280357360839844,10.312420845031738,506875600
2011-01-27,12.277856826782227,12.310357093811035,12.243928909301758,12.257499694824219,10.293224334716797,285026000
2011-01-28,12.291786193847656,12.300000190734863,11.911786079406738,12.003570556640625,10.07999038696289,592057200
2011-01-31,11.992856979370117,12.144286155700684,11.939286231994629,12.118571281433105,10.176560401916504,377246800
2011-02-01,12.189286231994629,12.344642639160156,12.177857398986816,12.322500228881836,10.347809791564941,426633200
2011-02-02,12.301786422729492,12.33035659790039,12.26964282989502,12.29714298248291,10.326515197753906,258955200
2011-02-03,12.278571128845215,12.294285774230957,12.091071128845215,12.265713691711426,10.30012321472168,393797600
2011-02-04,12.272856712341309,12.382143020629883,12.268214225769043,12.375,10.39189624786377,321840400
2011-02-07,12.424642562866211,12.616070747375488,12.415714263916016,12.567143440246582,10.55324649810791,485021600
2011-02-08,12.631428718566895,12.697142601013184,12.576786041259766,12.685713768005371,10.65281867980957,381040800
2011-02-09,12.685357093811035,12.821429252624512,12.673929214477539,12.791428565979004,10.741593360900879,482745200
2011-02-10,12.76392936706543,12.85714340209961,12.428570747375488,12.662142753601074,10.633024215698242,928550000
2011-02-11,12.66964340209961,12.778571128845215,12.626428604125977,12.744643211364746,10.702305793762207,367572800
2011-02-14,12.742500305175781,12.838570594787598,12.739643096923828,12.82785701751709,10.772185325622559,310416400
2011-02-15,12.828213691711426,12.856071472167969,12.76964282989502,12.853570938110352,10.793776512145996,284174800
2011-02-16,12.885713577270508,13.032142639160156,12.875,12.968929290771484,10.89064884185791,481157600
2011-02-17,12.758929252624512,12.866786003112793,12.732856750488281,12.796428680419922,10.745796203613281,530583200
2011-02-18,12.811071395874023,12.839285850524902,12.482856750488281,12.520000457763672,10.513657569885254,816057200
2011-02-22,12.219642639160156,12.335714340209961,12.061429023742676,12.09321403503418,10.155267715454102,872555600
2011-02-23,12.098929405212402,12.308570861816406,12.09321403503418,12.236429214477539,10.275532722473145,671854400
2011-02-24,12.286429405212402,12.326786041259766,12.084643363952637,12.24571418762207,10.283330917358398,499900800
2011-02-25,12.330714225769043,12.443928718566895,12.314286231994629,12.434286117553711,10.441679954528809,380018800
2011-02-28,12.544285774230957,12.680356979370117,12.539999961853027,12.614643096923828,10.59313678741455,403074000
2011-03-01,12.695357322692871,12.704285621643066,12.417142868041992,12.475357055664062,10.476168632507324,456136800
2011-03-02,12.498571395874023,12.655357360839844,12.442856788635254,12.575714111328125,10.560447692871094,602590800
2011-03-03,12.756786346435547,12.849642753601074,12.71142864227295,12.841428756713867,10.78357982635498,500788400
2011-03-04,12.85964298248291,12.867500305175781,12.776785850524902,12.85714340209961,10.796772956848145,453266800
2011-03-07,12.907142639160156,12.916786193847656,12.546786308288574,12.691429138183594,10.657617568969727,546123200
2011-03-08,12.6753568649292,12.764286041259766,12.58035659790039,12.705714225769043,10.669611930847168,356316800
2011-03-09,12.667499542236328,12.670000076293945,12.521429061889648,12.588213920593262,10.570944786071777,453306000
2011-03-10,12.468570709228516,12.491786003112793,12.317856788635254,12.381071090698242,10.39699649810791,507539200
2011-03-11,12.333213806152344,12.582857131958008,12.321429252624512,12.571070671081543,10.55654525756836,471080400
2011-03-14,12.613571166992188,12.731429100036621,12.546786308288574,12.627142906188965,10.603632926940918,435957200
2011-03-15,12.217857360839844,12.422857284545898,12.146429061889648,12.336786270141602,10.359807014465332,721081200
2011-03-16,12.214285850524902,12.25,11.652142524719238,11.786070823669434,9.897342681884766,1162011200
2011-03-17,12.029643058776855,12.128929138183594,11.809286117553711,11.95142936706543,10.036199569702148,659422400
2011-03-18,12.040356636047363,12.078571319580078,11.785714149475098,11.809642791748047,9.917134284973145,753214000
2011-03-21,11.999643325805664,12.133570671081543,11.973570823669434,12.117856979370117,10.175958633422852,409402000
2011-03-22,12.234286308288574,12.236429214477539,12.112142562866211,12.185713768005371,10.232941627502441,325922800
2011-03-23,12.117142677307129,12.150713920593262,11.998213768005371,12.11392879486084,10.172659873962402,372996400
2011-03-24,12.208929061889648,12.35714340209961,12.102143287658691,12.320357322692871,10.34600830078125,404712000
2011-03-25,12.431071281433105,12.57357120513916,12.393570899963379,12.555000305175781,10.543049812316895,448910000
2011-03-28,12.612500190734863,12.65428638458252,12.515713691711426,12.515713691711426,10.510062217712402,309355200
2011-03-29,12.416428565979004,12.534285545349121,12.359286308288574,12.534285545349121,10.525657653808594,352900800
2011-03-30,12.522856712341309,12.531429290771484,12.408571243286133,12.451070785522461,10.455779075622559,329406000
2011-03-31,12.369999885559082,12.492856979370117,12.359286308288574,12.446785926818848,10.452178955078125,274019200
2011-04-01,12.539643287658691,12.556785583496094,12.260713577270508,12.305713653564453,10.333712577819824,418661600
2011-04-04,12.296786308288574,12.307143211364746,12.085714340209961,12.185357093811035,10.23264217376709,460084800
2011-04-05,12.035357475280762,12.223214149475098,12.0,12.103214263916016,10.16366195678711,482731200
2011-04-06,12.186429023742676,12.282142639160156,12.040714263916016,12.072856903076172,10.138169288635254,402539200
2011-04-07,12.074999809265137,12.15821361541748,12.001070976257324,12.074286460876465,10.139368057250977,373447200
2011-04-08,12.140000343322754,12.148214340209961,11.926786422729492,11.966428756713867,10.048798561096191,377535200
2011-04-11,11.930713653564453,11.988213539123535,11.786429405212402,11.814286231994629,9.921037673950195,398946800
2011-04-12,11.803214073181152,11.918929100036621,11.79285717010498,11.871429443359375,9.969025611877441,425639200
2011-04-13,11.96500015258789,12.005000114440918,11.875714302062988,12.004643440246582,10.080888748168945,346220000
2011-04-14,11.95714282989502,12.0,11.859286308288574,11.872142791748047,9.969626426696777,301800800
2011-04-15,11.903571128845215,11.915714263916016,11.671428680419922,11.694999694824219,9.820868492126465,453605600
2011-04-18,11.646429061889648,11.865357398986816,11.434286117553711,11.851785659790039,9.952530860900879,609898800
2011-04-19,11.896429061889648,12.070713996887207,11.846785545349121,12.066429138183594,10.132777214050293,419378400
2011-04-20,12.268214225769043,12.348214149475098,12.196429252624512,12.228928565979004,10.269230842590332,700666400
2011-04-21,12.678570747375488,12.68321418762207,12.447142601013184,12.524999618530273,10.517860412597656,753810400
2011-04-25,12.5121431350708,12.633929252624512,12.510713577270508,12.607500076293945,10.587139129638672,266546000
2011-04-26,12.62928581237793,12.678214073181152,12.476785659790039,12.515000343322754,10.509462356567383,338800000
2011-04-27,12.579999923706055,12.583929061889648,12.396429061889648,12.505356788635254,10.501363754272461,356213200
2011-04-28,12.36392879486084,12.491070747375488,12.34000015258789,12.383929252624512,10.399394989013672,360959200
2011-04-29,12.385000228881836,12.641071319580078,12.381071090698242,12.504643440246582,10.500765800476074,1006345200
2011-05-02,12.490714073181152,12.516785621643066,12.339285850524902,12.367142677307129,10.385299682617188,442713600
2011-05-03,12.428214073181152,12.496070861816406,12.343570709228516,12.435713768005371,10.442880630493164,313348000
2011-05-04,12.437856674194336,12.565357208251953,12.388570785522461,12.48464298248291,10.483972549438477,389250400
2011-05-05,12.442856788635254,12.533928871154785,12.358928680419922,12.383929252624512,10.399394989013672,335969200
2011-05-06,12.48892879486084,12.5,12.364643096923828,12.380714416503906,10.396692276000977,280134400
2011-05-09,12.42357063293457,12.471428871154785,12.376070976257324,12.414285659790039,10.424890518188477,204747200
2011-05-10,12.460356712341309,12.48892879486084,12.380714416503906,12.48035717010498,10.480371475219727,282091600
2011-05-11,12.46500015258789,12.5,12.329999923706055,12.401070594787598,10.413792610168457,336000000
2011-05-12,12.361429214477539,12.397143363952637,12.223929405212402,12.3774995803833,10.393997192382812,322000000
2011-05-13,12.345000267028809,12.366070747375488,12.155357360839844,12.160714149475098,10.21194839477539,326116000
2011-05-16,12.114286422729492,12.186429023742676,11.878570556640625,11.903571128845215,9.996012687683105,449775200
2011-05-17,11.85714340209961,12.005000114440918,11.811785697937012,12.005000114440918,10.081192016601562,452334400
2011-05-18,12.016785621643066,12.180356979370117,12.0,12.138214111328125,10.193058967590332,334776400
2011-05-19,12.217143058776855,12.228928565979004,12.095356941223145,12.161786079406738,10.212850570678711,261170000
2011-05-20,12.127142906188965,12.176786422729492,11.96500015258789,11.972143173217773,10.05359935760498,337968400
2011-05-23,11.784643173217773,11.999285697937012,11.765000343322754,11.942856788635254,10.02900505065918,383600000
2011-05-24,11.98214340209961,11.996429443359375,11.833571434020996,11.86392879486084,9.962722778320312,321927200
2011-05-25,11.90821361541748,12.091428756713867,11.887499809265137,12.027856826782227,10.100382804870605,294224000
2011-05-26,11.998929023742676,12.03178596496582,11.943928718566895,11.964285850524902,10.046998023986816,222560800
2011-05-27,11.95714282989502,12.05821418762207,11.939642906188965,12.0503568649292,10.11927604675293,203599200
2011-05-31,12.182143211364746,12.422499656677246,12.178570747375488,12.422499656677246,10.431779861450195,417754400
2011-06-01,12.459643363952637,12.576070785522461,12.308929443359375,12.339642524719238,10.362204551696777,554682800
2011-06-02,12.375,12.427857398986816,12.296428680419922,12.360713958740234,10.379899024963379,338783200
2011-06-03,12.256428718566895,12.333213806152344,12.214642524719238,12.265713691711426,10.30012321472168,313250000
2011-06-06,12.346428871154785,12.39464282989502,12.064642906188965,12.072856903076172,10.138169288635254,461941200
2011-06-07,12.077500343322754,12.079285621643066,11.853570938110352,11.85857105255127,9.958226203918457,529785200
2011-06-08,11.849286079406738,11.95714282989502,11.808929443359375,11.865714073181152,9.96422290802002,333723600
2011-06-09,11.901785850524902,11.916786193847656,11.8125,11.838929176330566,9.941734313964844,275088800
2011-06-10,11.805356979370117,11.845000267028809,11.625356674194336,11.639286041259766,9.774084091186523,433955200
2011-06-13,11.685713768005371,11.725357055664062,11.60964298248291,11.664285659790039,9.795075416564941,329473200
2011-06-14,11.785714149475098,11.901785850524902,11.76107120513916,11.872857093811035,9.970220565795898,334569200
2011-06-15,11.776785850524902,11.796428680419922,11.602856636047363,11.66964340209961,9.799572944641113,399196000
2011-06-16,11.675000190734863,11.738571166992188,11.368928909301758,11.6128568649292,9.7518892288208,510591200
2011-06-17,11.749643325805664,11.758929252624512,11.40571403503418,11.437856674194336,9.604930877685547,615020000
2011-06-20,11.334285736083984,11.346428871154785,11.089285850524902,11.261428833007812,9.456778526306152,640645600
2011-06-21,11.3100004196167,11.635713577270508,11.257143020629883,11.617856979370117,9.756086349487305,493382400
2011-06-22,11.6128568649292,11.746429443359375,11.513570785522461,11.521785736083984,9.675409317016602,390583200
2011-06-23,11.390713691711426,11.846071243286133,11.361429214477539,11.829643249511719,9.933931350708008,559759200
2011-06-24,11.834643363952637,11.898214340209961,11.610357284545898,11.655357360839844,9.787574768066406,439807200
2011-06-27,11.6996431350708,11.925000190734863,11.6875,11.85857105255127,9.958226203918457,339813600
2011-06-28,11.916070938110352,12.024999618530273,11.908571243286133,11.973570823669434,10.054795265197754,294299600
2011-06-29,12.001428604125977,12.013214111328125,11.852856636047363,11.930000305175781,10.018208503723145,352545200
2011-06-30,11.953571319580078,12.004643440246582,11.8871431350708,11.988213539123535,10.067091941833496,322954800
2011-07-01,11.998213768005371,12.26785659790039,11.935713768005371,12.259285926818848,10.29472541809082,435313200
2011-07-05,12.25,12.493928909301758,12.23214340209961,12.479642868041992,10.479769706726074,355054000
2011-07-06,12.462499618530273,12.646429061889648,12.382499694824219,12.562856674194336,10.549644470214844,444626000
2011-07-07,12.666786193847656,12.785714149475098,12.64285659790039,12.757143020629883,10.712796211242676,399663600
2011-07-08,12.619285583496094,12.85714340209961,12.578571319580078,12.846785545349121,10.788077354431152,489633200
2011-07-11,12.726428985595703,12.848929405212402,12.600713729858398,12.64285659790039,10.616828918457031,442674400
2011-07-12,12.626070976257324,12.774286270141602,12.450714111328125,12.633929252624512,10.609333992004395,451609200
2011-07-13,12.797499656677246,12.85714340209961,12.727856636047363,12.786429405212402,10.737391471862793,391638800
2011-07-14,12.893214225769043,12.914643287658691,12.726428985595703,12.77750015258789,10.72989273071289,430533600
2011-07-15,12.89892864227295,13.035714149475098,12.827500343322754,13.032856941223145,10.944330215454102,484467200
2011-07-18,13.051071166992188,13.380356788635254,13.045714378356934,13.350000381469727,11.210652351379395,572653200
2011-07-19,13.5,13.523214340209961,13.332857131958008,13.458929061889648,11.302125930786133,819145600
2011-07-20,14.147143363952637,14.15250015258789,13.785714149475098,13.817856788635254,11.603530883789062,941340400
2011-07-21,13.819643020629883,13.930713653564453,13.710714340209961,13.831786155700684,11.615230560302734,526534400
2011-07-22,13.868571281433105,14.108928680419922,13.848214149475098,14.046428680419922,11.795475006103516,516728800
2011-07-25,13.941070556640625,14.285714149475098,13.914999961853027,14.23214340209961,11.951434135437012,589806000
2011-07-26,14.285714149475098,14.446429252624512,14.274286270141602,14.407500267028809,12.098685264587402,476582400
2011-07-27,14.306785583496094,14.380000114440918,14.005356788635254,14.021071434020996,11.774185180664062,659324400
2011-07-28,13.986429214477539,14.178214073181152,13.861785888671875,13.993571281433105,11.751089096069336,594034000
2011-07-29,13.84428596496582,14.112500190734863,13.714285850524902,13.945713996887207,11.71090030670166,632584400
2011-08-01,14.206428527832031,14.26785659790039,14.013214111328125,14.16964340209961,11.898946762084961,612836000
2011-08-02,14.201786041259766,14.210714340209961,13.869643211364746,13.889642715454102,11.66381549835205,639539600
2011-08-03,13.963570594787598,14.055356979370117,13.651429176330566,14.020357131958008,11.773584365844727,732508000
2011-08-04,13.907500267028809,13.975713729858398,13.476785659790039,13.477499961853027,11.317719459533691,871407600
2011-08-05,13.587142944335938,13.696429252624512,12.948928833007812,13.343570709228516,11.205255508422852,1204590800
2011-08-08,12.917499542236328,13.134642601013184,12.607856750488281,12.614643096923828,10.59313678741455,1143833600
2011-08-09,12.903571128845215,13.378929138183594,12.678570747375488,13.357500076293945,11.216949462890625,1082583600
2011-08-10,13.255356788635254,13.380356788635254,12.946429252624512,12.98892879486084,10.907441139221191,878656800
2011-08-11,13.232856750488281,13.408928871154785,13.025713920593262,13.346428871154785,11.207653045654297,741969200
2011-08-12,13.5024995803833,13.558570861816406,13.365357398986816,13.463929176330566,11.306325912475586,528976000
2011-08-15,13.55821418762207,13.748929023742676,13.503213882446289,13.693214416503906,11.49886417388916,460544000
2011-08-16,13.625714302062988,13.69178581237793,13.430713653564453,13.588570594787598,11.410991668701172,498750000
2011-08-17,13.653928756713867,13.732856750488281,13.5,13.587142944335938,11.409794807434082,442061200
2011-08-18,13.244285583496094,13.308929443359375,12.906070709228516,13.073213577270508,10.97822380065918,851435200
2011-08-19,12.934642791748047,13.10714340209961,12.714285850524902,12.715356826782227,10.677712440490723,775888400
2011-08-22,13.018214225769043,13.031429290771484,12.681785583496094,12.729999542236328,10.690007209777832,535315200
2011-08-23,12.867856979370117,13.34428596496582,12.75,13.342857360839844,11.204652786254883,656835200
2011-08-24,13.338213920593262,13.534285545349121,13.235713958740234,13.4350004196167,11.282031059265137,626267600
2011-08-25,13.03857135772705,13.408928871154785,13.035714149475098,13.347143173217773,11.208252906799316,871346000
2011-08-26,13.256071090698242,13.70714282989502,13.242856979370117,13.699286460876465,11.503966331481934,641477200
2011-08-29,13.863571166992188,13.98214340209961,13.85714340209961,13.927499771118164,11.695610046386719,405269200
2011-08-30,13.866070747375488,13.994285583496094,13.793213844299316,13.928214073181152,11.696206092834473,417922400
2011-08-31,13.948928833007812,14.002857208251953,13.637857437133789,13.743928909301758,11.541454315185547,522586400
2011-09-01,13.77928638458252,13.833571434020996,13.597143173217773,13.608214378356934,11.427489280700684,343725200
2011-09-02,13.383570671081543,13.5,13.279643058776855,13.358928680419922,11.218152046203613,438939200
2011-09-06,13.120356559753418,13.583213806152344,13.088570594787598,13.562143325805664,11.388800621032715,509698000
2011-09-07,13.770000457763672,13.771429061889648,13.64285659790039,13.711786270141602,11.5144624710083,350576800
2011-09-08,13.657142639160156,13.878929138183594,13.653928756713867,13.71928596496582,11.520756721496582,416158400
2011-09-09,13.711786270141602,13.785714149475098,13.393570899963379,13.481429100036621,11.321019172668457,564813200
2011-09-12,13.321429252624512,13.602856636047363,13.282142639160156,13.569286346435547,11.394793510437012,467832400
2011-09-13,13.647856712341309,13.793213844299316,13.58035659790039,13.736429214477539,11.535157203674316,440560400
2011-09-14,13.822142601013184,14.007499694824219,13.777142524719238,13.903571128845215,11.675515174865723,534724400
2011-09-15,13.979642868041992,14.059286117553711,13.925000190734863,14.034285545349121,11.785280227661133,417818800
2011-09-16,14.126428604125977,14.303570747375488,14.108214378356934,14.303570747375488,12.011414527893066,698513200
2011-09-19,14.178570747375488,14.758213996887207,14.114286422729492,14.701070785522461,12.34521198272705,823860800
2011-09-20,14.83035659790039,15.102143287658691,14.685357093811035,14.766071319580078,12.399800300598145,775754000
2011-09-21,14.987142562866211,15.056785583496094,14.714285850524902,14.71928596496582,12.360506057739258,605976000
2011-09-22,14.322500228881836,14.636428833007812,14.16785717010498,14.350713729858398,12.051002502441406,968480800
2011-09-23,14.295714378356934,14.526429176330566,14.280357360839844,14.439286231994629,12.12537956237793,546277200
2011-09-26,14.28071403503418,14.427857398986816,13.975000381469727,14.39892864227295,12.091490745544434,812876400
2011-09-27,14.59749984741211,14.616070747375488,14.216428756713867,14.259285926818848,11.974223136901855,632497600
2011-09-28,14.292499542236328,14.419285774230957,14.161070823669434,14.178929328918457,11.906744003295898,429637600
2011-09-29,14.354286193847656,14.364643096923828,13.793213844299316,13.948928833007812,11.713600158691406,651086800
2011-09-30,13.825714111328125,13.88892936706543,13.613571166992188,13.618571281433105,11.43618106842041,547640800
2011-10-03,13.584643363952637,13.665714263916016,13.327500343322754,13.378570556640625,11.234644889831543,669099200
2011-10-04,13.3774995803833,13.635713577270508,12.651429176330566,13.303570747375488,11.17166519165039,1233677200
2011-10-05,13.137857437133789,13.5649995803833,12.867856979370117,13.508929252624512,11.344111442565918,786469600
2011-10-06,13.333213806152344,13.742142677307129,13.278571128845215,13.477499961853027,11.317719459533691,812582400
2011-10-07,13.420714378356934,13.490714073181152,13.160357475280762,13.20714282989502,11.090688705444336,535458000
2011-10-10,13.538928985595703,13.88607120513916,13.507499694824219,13.88607120513916,11.660820007324219,442514800
2011-10-11,14.020357131958008,14.399286270141602,13.98214340209961,14.29607105255127,12.005114555358887,605687600
2011-10-12,14.547857284545898,14.616070747375488,14.290714263916016,14.36392879486084,12.062098503112793,622286000
2011-10-13,14.463570594787598,14.586786270141602,14.387499809265137,14.586786270141602,12.24924087524414,426185200
2011-10-14,14.886786460876465,15.071429252624512,14.831070899963379,15.071429252624512,12.656218528747559,573367200
2011-10-17,15.062143325805664,15.239286422729492,14.854999542236328,14.999643325805664,12.595940589904785,686044800
2011-10-18,15.062856674194336,15.171786308288574,14.856785774230957,15.079999923706055,12.663416862487793,881602400
2011-10-19,14.333929061889648,14.58642864227295,14.20714282989502,14.236429214477539,11.955034255981445,1104059600
2011-10-20,14.285714149475098,14.298213958740234,14.07892894744873,14.118213653564453,11.855759620666504,549270400
2011-10-21,14.217857360839844,14.255000114440918,13.95535659790039,14.031070709228516,11.782578468322754,621244400
2011-10-24,14.149286270141602,14.51785659790039,14.121429443359375,14.491786003112793,12.169466018676758,502138000
2011-10-25,14.465356826782227,14.51964282989502,14.192143440246582,14.206070899963379,11.929534912109375,430427200
2011-10-26,14.348570823669434,14.376786231994629,14.041070938110352,14.307143211364746,12.014411926269531,456304800
2011-10-27,14.555713653564453,14.60714340209961,14.353214263916016,14.453213691711426,12.137077331542969,494664800
2011-10-28,14.39285659790039,14.512499809265137,14.375356674194336,14.462499618530273,12.144869804382324,322842800
2011-10-31,14.372142791748047,14.618928909301758,14.323213577270508,14.456428527832031,12.139775276184082,385501200
2011-11-01,14.193214416503906,14.26785659790039,14.043571472167969,14.161070823669434,11.891748428344727,531790000
2011-11-02,14.288928985595703,14.30142879486084,14.11107063293457,14.193214416503906,11.918742179870605,327350800
2011-11-03,14.2524995803833,14.407142639160156,14.119999885559082,14.395357131958008,12.08849048614502,441386400
2011-11-04,14.358214378356934,14.408571243286133,14.255714416503906,14.294285774230957,12.00361442565918,302229200
2011-11-07,14.282500267028809,14.285714149475098,14.147500038146973,14.276070594787598,11.988316535949707,270275600
2011-11-08,14.364643096923828,14.571429252624512,14.341428756713867,14.508213996887207,12.183259010314941,400442000
2011-11-09,14.177499771118164,14.317500114440918,14.079643249511719,14.117142677307129,11.85486125946045,558684000
2011-11-10,14.179642677307129,14.186071395874023,13.648214340209961,13.757857322692871,11.553149223327637,744752400
2011-11-11,13.807499885559082,13.882143020629883,13.580714225769043,13.736429214477539,11.535157203674316,653786000
2011-11-14,13.697142601013184,13.758929252624512,13.507143020629883,13.545000076293945,11.374401092529297,432905200
2011-11-15,13.600000381469727,13.910714149475098,13.551786422729492,13.886786460876465,11.661418914794922,430810800
2011-11-16,13.901785850524902,13.96928596496582,13.725713729858398,13.741786003112793,11.539654731750488,349210400
2011-11-17,13.713570594787598,13.734999656677246,13.410714149475098,13.478928565979004,11.31892204284668,479900400
2011-11-18,13.532856941223145,13.571070671081543,13.388570785522461,13.390713691711426,11.244840621948242,371938000
2011-11-21,13.228570938110352,13.274286270141602,13.068214416503906,13.178929328918457,11.066994667053223,447980400
2011-11-22,13.250714302062988,13.4975004196167,13.247857093811035,13.446785926818848,11.291924476623535,409021200
2011-11-23,13.375356674194336,13.422857284545898,13.102856636047363,13.106785774230957,11.006412506103516,428271200
2011-11-25,13.157856941223145,13.255356788635254,12.975713729858398,12.98464298248291,10.903844833374023,254760800
2011-11-28,13.298213958740234,13.454285621643066,13.22607135772705,13.432856559753418,11.280231475830078,346413200
2011-11-29,13.422857284545898,13.529643058776855,13.221428871154785,13.328571319580078,11.192657470703125,375855200
2011-11-30,13.617500305175781,13.652856826782227,13.510713577270508,13.649999618530273,11.462574005126953,405938400
2011-12-01,13.662142753601074,13.89285659790039,13.598214149475098,13.854642868041992,11.63442611694336,387181200
2011-12-02,13.922499656677246,14.05821418762207,13.877857208251953,13.91785717010498,11.687511444091797,379055600
2011-12-05,14.053214073181152,14.157500267028809,13.942500114440918,14.036070823669434,11.78677749633789,357210000
2011-12-06,14.018214225769043,14.093929290771484,13.906429290771484,13.962499618530273,11.72499942779541,283598000
2011-12-07,13.926071166992188,13.962142944335938,13.812856674194336,13.896071434020996,11.669214248657227,304746400
2011-12-08,13.98035717010498,14.125,13.936785697937012,13.952142715454102,11.71629810333252,376356400
2011-12-09,14.030357360839844,14.072856903076172,13.965356826782227,14.057856559753418,11.805071830749512,296993200
2011-12-12,13.988571166992188,14.067856788635254,13.908928871154785,13.994285583496094,11.751688957214355,301067200
2011-12-13,14.035714149475098,14.121429443359375,13.824999809265137,13.88607120513916,11.660820007324219,338928800
2011-12-14,13.810713768005371,13.835000038146973,13.488571166992188,13.578213691711426,11.402295112609863,406887600
2011-12-15,13.690357208251953,13.704999923706055,13.51107120513916,13.533571243286133,11.3648042678833,256200000
2011-12-16,13.584285736083984,13.719642639160156,13.556071281433105,13.607856750488281,11.427189826965332,421478400
2011-12-19,13.659643173217773,13.744643211364746,13.588570594787598,13.650357246398926,11.46287727355957,235530400
2011-12-20,13.848570823669434,14.146429061889648,13.830714225769043,14.141071319580078,11.874955177307129,337215200
2011-12-21,14.167499542236328,14.189286231994629,14.000356674194336,14.158928871154785,11.889949798583984,262948000
2011-12-22,14.178570747375488,14.254643440246582,14.146429061889648,14.233928680419922,11.952933311462402,202358800
2011-12-23,14.274642944335938,14.413928985595703,14.267499923706055,14.404643058776855,12.096288681030273,269399200
2011-12-27,14.396429061889648,14.610357284545898,14.393570899963379,14.518928527832031,12.192258834838867,265076000
2011-12-28,14.53178596496582,14.58035659790039,14.333571434020996,14.380000114440918,12.07559585571289,228662000
2011-12-29,14.407142639160156,14.487500190734863,14.303929328918457,14.468570709228516,12.149971961975098,215978000
2011-12-30,14.411070823669434,14.510000228881836,14.410357475280762,14.464285850524902,12.14637279510498,179662000
2012-01-03,14.621429443359375,14.73214340209961,14.60714340209961,14.686785697937012,12.333216667175293,302220800
2012-01-04,14.64285659790039,14.8100004196167,14.617142677307129,14.765713691711426,12.399497032165527,260022000
2012-01-05,14.819643020629883,14.948213577270508,14.738213539123535,14.929642677307129,12.53715705871582,271269600
2012-01-06,14.991786003112793,15.098214149475098,14.972143173217773,15.085714340209961,12.668217658996582,318292800
2012-01-09,15.196429252624512,15.276785850524902,15.048213958740234,15.061785697937012,12.648120880126953,394024400
2012-01-10,15.211071014404297,15.214285850524902,15.053570747375488,15.115714073181152,12.693408966064453,258196400
2012-01-11,15.09571361541748,15.101785659790039,14.975357055664062,15.091071128845215,12.67271614074707,215084800
2012-01-12,15.081428527832031,15.103570938110352,14.95535659790039,15.049642562866211,12.637927055358887,212587200
2012-01-13,14.989286422729492,15.016071319580078,14.952142715454102,14.993213653564453,12.590539932250977,226021600
2012-01-17,15.149999618530273,15.213929176330566,15.105713844299316,15.16785717010498,12.737194061279297,242897200
2012-01-18,15.248571395874023,15.338213920593262,15.225000381469727,15.325357437133789,12.869455337524414,276791200
2012-01-19,15.362500190734863,15.406070709228516,15.232500076293945,15.276785850524902,12.828667640686035,261738400
2012-01-20,15.267499923706055,15.26785659790039,14.991070747375488,15.010713577270508,12.60523509979248,413974400
2012-01-23,15.095356941223145,15.301786422729492,15.08214282989502,15.264642715454102,12.818473815917969,306062400
2012-01-24,15.182143211364746,15.182143211364746,14.983928680419922,15.014642715454102,12.608535766601562,547638000
2012-01-25,16.229999542236328,16.230356216430664,15.84749984741211,15.952142715454102,13.395800590515137,958314000
2012-01-26,16.01285743713379,16.028213500976562,15.82642936706543,15.879643440246582,13.334918022155762,323985200
2012-01-27,15.869285583496094,16.01714324951172,15.848929405212402,15.974286079406738,13.41439437866211,299709200
2012-01-30,15.918213844299316,16.21071434020996,15.90678596496582,16.17892837524414,13.586240768432617,379341200
2012-01-31,16.27107048034668,16.365713119506836,16.18107032775879,16.3028564453125,13.690313339233398,391683600
2012-02-01,16.37178611755371,16.392499923706055,16.269643783569336,16.292499542236328,13.681611061096191,270046000
2012-02-02,16.282142639160156,16.327499389648438,16.213571548461914,16.25428581237793,13.649523735046387,186796400
2012-02-03,16.332143783569336,16.428571701049805,16.270000457763672,16.417142868041992,13.786280632019043,286599600
2012-02-06,16.37071418762207,16.606428146362305,16.364286422729492,16.570356369018555,13.914941787719727,249412800
2012-02-07,16.616071701049805,16.77678680419922,16.59214210510254,16.743928909301758,14.06070327758789,316223600
2012-02-08,16.803571701049805,17.028213500976562,16.774999618530273,17.0242862701416,14.296133995056152,407890000
2012-02-09,17.170000076293945,17.741071701049805,17.162857055664062,17.61321449279785,14.790685653686523,884214800
2012-02-10,17.534286499023438,17.77214241027832,17.448213577270508,17.622142791748047,14.798178672790527,631302000
2012-02-13,17.840356826782227,17.993928909301758,17.75321388244629,17.950000762939453,15.073502540588379,517216000
2012-02-14,18.023571014404297,18.198570251464844,17.928571701049805,18.19499969482422,15.279234886169434,460398400
2012-02-15,18.36642837524414,18.796070098876953,17.746070861816406,17.773929595947266,14.925642013549805,1506120000
2012-02-16,17.553571701049805,18.03178596496582,17.379642486572266,17.936071395874023,15.06180191040039,944552000
2012-02-17,17.96821403503418,18.1346435546875,17.867856979370117,17.932857513427734,15.059096336364746,535805200
2012-02-21,18.10285758972168,18.387500762939453,18.00428581237793,18.387500762939453,15.440887451171875,605595200
2012-02-22,18.32428550720215,18.410356521606445,18.18107032775879,18.322856903076172,15.386602401733398,483302400
2012-02-23,18.395713806152344,18.493928909301758,18.196428298950195,18.4424991607666,15.487076759338379,568027600
2012-02-24,18.559642791748047,18.674999237060547,18.522857666015625,18.657499313354492,15.667620658874512,415072000
2012-02-27,18.618213653564453,18.875,18.43857192993164,18.777143478393555,15.768087387084961,547582000
2012-02-28,18.855714797973633,19.12178611755371,18.780357360839844,19.12178611755371,16.05750274658203,600387200
2012-02-29,19.341428756713867,19.5575008392334,19.132143020629883,19.37285614013672,16.268335342407227,952011200
2012-03-01,19.577499389648438,19.578929901123047,19.241785049438477,19.445356369018555,16.329221725463867,683270000
2012-03-02,19.437143325805664,19.5285701751709,19.375713348388672,19.470714569091797,16.35051727294922,431712400
2012-03-05,19.479286193847656,19.5528564453125,18.78571319580078,19.04142951965332,15.990025520324707,809124400
2012-03-06,18.7021427154541,19.06035614013672,18.43642807006836,18.937856674194336,15.90305233001709,810238800
2012-03-07,19.171428680419922,19.20642852783203,18.689285278320312,18.953214645385742,15.915947914123535,798520800
2012-03-08,19.096071243286133,19.392499923706055,19.00428581237793,19.356786727905273,16.254850387573242,516457200
2012-03-09,19.436071395874023,19.562143325805664,19.396785736083984,19.47035789489746,16.350221633911133,418919200
2012-03-12,19.606428146362305,19.71428680419922,19.53571319580078,19.71428680419922,16.555057525634766,407282400
2012-03-13,19.91214370727539,20.292142868041992,19.84821319580078,20.28928565979004,17.03790855407715,690855200
2012-03-14,20.644643783569336,21.239999771118164,20.549999237060547,21.056428909301758,17.682117462158203,1418844000
2012-03-15,21.414642333984375,21.42892837524414,20.662500381469727,20.912857055664062,17.561559677124023,1159718000
2012-03-16,20.882856369018555,21.042856216430664,20.64285659790039,20.9132137298584,17.561853408813477,825487600
2012-03-19,21.370357513427734,21.491785049438477,21.037500381469727,21.467857360839844,18.02761459350586,901236000
2012-03-20,21.41107177734375,21.674999237060547,21.124286651611328,21.641429901123047,18.17337417602539,816662000
2012-03-21,21.52642822265625,21.77321434020996,21.47892951965332,21.51785659790039,18.069604873657227,644042000
2012-03-22,21.349285125732422,21.58928680419922,21.26892852783203,21.405000686645508,17.974834442138672,623870800
2012-03-23,21.44607162475586,21.492856979370117,21.22857093811035,21.287500381469727,17.87616539001465,430488800
2012-03-26,21.421070098876953,21.683929443359375,21.259286880493164,21.6778564453125,18.203962326049805,595742000
2012-03-27,21.6492862701416,22.010000228881836,21.645000457763672,21.945714950561523,18.428890228271484,607129600
2012-03-28,22.084999084472656,22.194643020629883,21.796785354614258,22.057857513427734,18.5230712890625,655460400
2012-03-29,21.885000228881836,22.020000457763672,21.686786651611328,21.78071403503418,18.290332794189453,608238400
2012-03-30,21.741785049438477,21.805713653564453,21.354999542236328,21.412500381469727,17.98113441467285,731038000
2012-04-02,21.493928909301758,22.098928451538086,21.442142486572266,22.093929290771484,18.553361892700195,598351600
2012-04-03,22.4035701751709,22.578929901123047,22.232500076293945,22.4757137298584,18.873960494995117,834559600
2012-04-04,22.298213958740234,22.352142333984375,22.03571319580078,22.296785354614258,18.723712921142578,572980800
2012-04-05,22.39214324951172,22.66642951965332,22.264286041259766,22.63142967224121,19.004724502563477,641298000
2012-04-09,22.361785888671875,22.851428985595703,22.332143783569336,22.72249984741211,19.08120346069336,597536800
2012-04-10,22.854642868041992,23.0,22.35714340209961,22.444286346435547,18.847566604614258,889725200
2012-04-11,22.7214298248291,22.745357513427734,22.262142181396484,22.364286422729492,18.7803897857666,696614800
2012-04-12,22.321428298950195,22.547500610351562,22.16071319580078,22.241785049438477,18.677528381347656,614336800
2012-04-13,22.289642333984375,22.310714721679688,21.55392837524414,21.6153564453125,18.151477813720703,859644800
2012-04-16,21.787857055664062,21.795713424682617,20.65178680419922,20.718929290771484,17.398706436157227,1050786800
2012-04-17,20.676429748535156,21.78571319580078,20.425357818603516,21.774999618530273,18.285539627075195,1025528000
2012-04-18,21.91857147216797,22.15178680419922,21.52535629272461,21.726428985595703,18.244747161865234,954531200
2012-04-19,21.43642807006836,21.59749984741211,20.875713348388672,20.979999542236328,17.617937088012695,834719200
2012-04-20,21.12071418762207,21.23642921447754,20.372142791748047,20.463571548461914,17.18427276611328,1030985200
2012-04-23,20.378929138183594,20.59535789489746,19.87928581237793,20.417856216430664,17.1458740234375,966529200
2012-04-24,20.09321403503418,20.274642944335938,19.821428298950195,20.010000228881836,16.803380966186523,1076149200
2012-04-25,21.98714256286621,22.071428298950195,21.64285659790039,21.78571319580078,18.294530868530273,905777600
2012-04-26,21.938213348388672,21.953214645385742,21.504642486572266,21.703571319580078,18.22555160522461,536068400
2012-04-27,21.609643936157227,21.6492862701416,21.446428298950195,21.53571319580078,18.084596633911133,406722400
2012-04-30,21.350000381469727,21.371429443359375,20.821428298950195,20.856428146362305,17.514175415039062,506144800
2012-05-01,20.889286041259766,21.312856674194336,20.758214950561523,20.79035758972168,17.45869255065918,610999200
2012-05-02,20.722856521606445,20.97857093811035,20.67357063293457,20.9278564453125,17.574159622192383,427389200
2012-05-03,21.08928680419922,21.121429443359375,20.725000381469727,20.779285430908203,17.449386596679688,390549600
2012-05-04,20.610000610351562,20.65571403503418,20.184642791748047,20.1875,16.95244026184082,529992400
2012-05-07,20.053571701049805,20.456071853637695,20.043928146362305,20.338571548461914,17.079296112060547,460118400
2012-05-08,20.34214210510254,20.41071319580078,19.95464324951172,20.292142868041992,17.040313720703125,497252000
2012-05-09,20.132143020629883,20.499286651611328,20.030357360839844,20.327856063842773,17.070301055908203,480704000
2012-05-10,20.520713806152344,20.567142486572266,20.301429748535156,20.375713348388672,17.110492706298828,333200000
2012-05-11,20.178571701049805,20.516786575317383,20.155357360839844,20.239643096923828,16.996219635009766,399546000
2012-05-14,20.091785430908203,20.268213272094727,19.91428565979004,19.93642807006836,16.741605758666992,352626400
2012-05-15,20.051786422729492,20.114999771118164,19.70535659790039,19.756071090698242,16.59014129638672,476336000
2012-05-16,19.787500381469727,19.88892936706543,19.322856903076172,19.502857208251953,16.37750816345215,560896000
2012-05-17,19.475357055664062,19.553571701049805,18.932857513427734,18.932857513427734,15.898853302001953,717220000
2012-05-18,19.06999969482422,19.407499313354492,18.6492862701416,18.942142486572266,15.90665340423584,732292400
2012-05-21,19.08928680419922,20.05500030517578,19.073213577270508,20.045713424682617,16.833370208740234,631106000
2012-05-22,20.3410701751709,20.49571418762207,19.735000610351562,19.891786575317383,16.704113006591797,694870400
2012-05-23,19.91071319580078,20.457143783569336,19.758214950561523,20.37714385986328,17.111690521240234,584897600
2012-05-24,20.56678581237793,20.58928680419922,20.043928146362305,20.190000534057617,16.95453643798828,496230000
2012-05-25,20.163928985595703,20.20892906188965,19.945356369018555,20.081785202026367,16.863670349121094,328507200
2012-05-29,20.389286041259766,20.5,20.18964385986328,20.438213348388672,17.162982940673828,380508800
2012-05-30,20.328571319580078,20.71392822265625,20.234285354614258,20.684642791748047,17.369918823242188,529429600
2012-05-31,20.740713119506836,20.76785659790039,20.409286499023438,20.633214950561523,17.32672691345215,491674400
2012-06-01,20.3271427154541,20.451786041259766,20.018571853637695,20.035356521606445,16.82467269897461,520987600
2012-06-04,20.053571701049805,20.26785659790039,19.58928680419922,20.153213500976562,16.923643112182617,556995600
2012-06-05,20.04535675048828,20.23107147216797,19.940357208251953,20.101070404052734,16.879863739013672,388214400
2012-06-06,20.27750015258789,20.49464225769043,20.196428298950195,20.409286499023438,17.13867950439453,401455600
2012-06-07,20.61750030517578,20.61857032775879,20.375,20.41857147216797,17.146484375,379766800
2012-06-08,20.41428565979004,20.735000610351562,20.321428298950195,20.7257137298584,17.40439796447754,347516400
2012-06-11,20.989999771118164,21.01785659790039,20.379642486572266,20.398929595947266,17.129989624023438,591264800
2012-06-12,20.516429901123047,20.593570709228516,20.239286422729492,20.5771427154541,17.279638290405273,435380400
2012-06-13,20.518571853637695,20.65999984741211,20.37071418762207,20.43428611755371,17.159679412841797,293580000
2012-06-14,20.40142822265625,20.48214340209961,20.259286880493164,20.411785125732422,17.14078140258789,345573200
2012-06-15,20.39285659790039,20.52214241027832,20.3410701751709,20.504642486572266,17.218753814697266,335255200
2012-06-18,20.391429901123047,20.996070861816406,20.370357513427734,20.920713424682617,17.56814956665039,440412000
2012-06-19,20.83571434020996,21.071428298950195,20.825000762939453,20.97892951965332,17.617040634155273,361404400
2012-06-20,21.00749969482422,21.04464340209961,20.742856979370117,20.919286727905273,17.56695556640625,358943200
2012-06-21,20.908571243286133,21.007856369018555,20.62285614013672,20.631071090698242,17.32492446899414,326351200
2012-06-22,20.68000030517578,20.792499542236328,20.55071449279785,20.78928565979004,17.457780838012695,284471600
2012-06-25,20.617856979370117,20.707143783569336,20.370357513427734,20.3846435546875,17.11798095703125,304382400
2012-06-26,20.40464210510254,20.517499923706055,20.26178550720215,20.429643630981445,17.15577507019043,276536400
2012-06-27,20.53571319580078,20.597856521606445,20.42571449279785,20.51785659790039,17.229856491088867,202997200
2012-06-28,20.416786193847656,20.5,20.20035743713379,20.323213577270508,17.066402435302734,282836400
2012-06-29,20.64285659790039,20.85714340209961,20.508928298950195,20.85714340209961,17.514766693115234,421500800
2012-07-02,20.883214950561523,21.195356369018555,20.842857360839844,21.161428451538086,17.770292282104492,400092000
2012-07-03,21.24571418762207,21.428571701049805,21.21428680419922,21.407499313354492,17.976930618286133,241712800
2012-07-05,21.448570251464844,21.94071388244629,21.41607093811035,21.783571243286133,18.292736053466797,484383200
2012-07-06,21.681785583496094,21.729999542236328,21.485000610351562,21.63857078552246,18.170974731445312,418930400
2012-07-09,21.617856979370117,21.924999237060547,21.57535743713379,21.92464256286621,18.41119956970215,379405600
2012-07-10,22.070356369018555,22.138214111328125,21.618213653564453,21.721786499023438,18.240854263305664,511957600
2012-07-11,21.64714241027832,21.7021427154541,21.329286575317383,21.5867862701416,18.127485275268555,469322000
2012-07-12,21.437143325805664,21.552499771118164,21.167142868041992,21.389286041259766,17.961631774902344,428041600
2012-07-13,21.5339298248291,21.68535614013672,21.428571701049805,21.60607147216797,18.143686294555664,311427200
2012-07-16,21.61142921447754,21.843570709228516,21.60785675048828,21.675357818603516,18.201862335205078,301260400
2012-07-17,21.813928604125977,21.83928680419922,21.54107093811035,21.676429748535156,18.20277214050293,293624800
2012-07-18,21.663928985595703,21.726428985595703,21.555713653564453,21.652143478393555,18.1823673248291,252700000
2012-07-19,21.83142852783203,21.97678565979004,21.64285659790039,21.940000534057617,18.42409324645996,436861600
2012-07-20,21.89392852783203,21.944286346435547,21.560714721679688,21.582143783569336,18.12358856201172,397471200
2012-07-23,21.22857093811035,21.639286041259766,20.989643096923828,21.565357208251953,18.1094913482666,487975600
2012-07-24,21.692142486572266,21.7742862701416,21.375356674194336,21.461429595947266,18.0222110748291,565132400
2012-07-25,20.516429901123047,20.742856979370117,20.35714340209961,20.534643173217773,17.24395179748535,877312800
2012-07-26,20.705713272094727,20.72857093811035,20.3700008392334,20.531429290771484,17.241243362426758,406632800
2012-07-27,20.53607177734375,20.922500610351562,20.413928985595703,20.898571014404297,17.549560546875,403936400
2012-07-30,21.104286193847656,21.408571243286133,20.99357032775879,21.25107192993164,17.845569610595703,379142400
2012-07-31,21.543928146362305,21.8464298248291,21.525714874267578,21.812856674194336,18.317338943481445,462327600
2012-08-01,21.99678611755371,22.014286041259766,21.53571319580078,21.671785354614258,18.198863983154297,384501600
2012-08-02,21.530000686645508,21.81035614013672,21.4375,21.706785202026367,18.228260040283203,332158400
2012-08-03,21.91535758972168,22.070714950561523,21.841428756713867,21.989286422729492,18.465486526489258,344920800
2012-08-06,22.046070098876953,22.31678581237793,21.97357177734375,22.233928680419922,18.670923233032227,302103200
2012-08-07,22.241785049438477,22.321428298950195,22.072856903076172,22.175357818603516,18.621740341186523,290446800
2012-08-08,22.121070861816406,22.281429290771484,22.03928565979004,22.13785743713379,18.59025001525879,244706000
2012-08-09,22.066070556640625,22.20464324951172,22.064285278320312,22.168928146362305,18.696266174316406,221642400
2012-08-10,22.096786499023438,22.205713272094727,22.0964298248291,22.203571319580078,18.725482940673828,194938800
2012-08-13,22.26392936706543,22.5,22.258928298950195,22.5,18.97548484802246,278832400
2012-08-14,22.56678581237793,22.8075008392334,22.50749969482422,22.56035614013672,19.026378631591797,340169200
2012-08-15,22.546428680419922,22.64285659790039,22.41964340209961,22.52964210510254,19.0004825592041,257342400
2012-08-16,22.543214797973633,22.74142837524414,22.51785659790039,22.726428985595703,19.16643714904785,254534000
2012-08-17,22.85714340209961,23.149642944335938,22.81464385986328,23.146785736083984,19.52094841003418,442761200
2012-08-20,23.214643478393555,23.75535774230957,23.21071434020996,23.75535774230957,20.034191131591797,613384800
2012-08-21,23.957857131958008,24.10285758972168,23.226070404052734,23.430713653564453,19.76040267944336,812719600
2012-08-22,23.372142791748047,23.89285659790039,23.146785736083984,23.888214111328125,20.14623260498047,565322800
2012-08-23,23.789642333984375,23.924999237060547,23.612499237060547,23.66535758972168,19.958290100097656,420128800
2012-08-24,23.55392837524414,23.90999984741211,23.412500381469727,23.68642807006836,19.976062774658203,437340400
2012-08-27,24.285356521606445,24.31678581237793,24.05500030517578,24.13142967224121,20.351350784301758,427008400
2012-08-28,24.106428146362305,24.14642906188965,23.952499389648438,24.100000381469727,20.324848175048828,267416800
2012-08-29,24.116071701049805,24.202499389648438,24.02142906188965,24.052499771118164,20.2847843170166,202806800
2012-08-30,23.95142936706543,23.983928680419922,23.673213958740234,23.70964241027832,19.995635986328125,302699600
2012-08-31,23.83035659790039,23.878570556640625,23.47321319580078,23.75857162475586,20.036911010742188,338321200
2012-09-04,23.777143478393555,24.11214256286621,23.73214340209961,24.10607147216797,20.329973220825195,367892000
2012-09-05,24.127500534057617,24.155357360839844,23.91428565979004,23.936786651611328,20.187196731567383,336375200
2012-09-06,24.041786193847656,24.22464370727539,23.957143783569336,24.15250015258789,20.369125366210938,391196400
2012-09-07,24.2160701751709,24.374286651611328,24.1346435546875,24.301429748535156,20.49472427368164,329666400
2012-09-10,24.301786422729492,24.403213500976562,23.64642906188965,23.669286727905273,19.96160316467285,487998000
2012-09-11,23.753929138183594,23.93214225769043,23.446428298950195,23.592500686645508,19.89684295654297,503983200
2012-09-12,23.816070556640625,23.924999237060547,23.428571701049805,23.921070098876953,20.173948287963867,712233200
2012-09-13,24.19178581237793,24.48214340209961,24.098928451538086,24.39214324951172,20.571224212646484,598360000
2012-09-14,24.641429901123047,24.89214324951172,24.5674991607666,24.68857192993164,20.82122802734375,600474000
2012-09-17,24.97678565979004,24.992856979370117,24.8075008392334,24.992143630981445,21.077241897583008,398031200
2012-09-18,24.99571418762207,25.083213806152344,24.872142791748047,25.068214416503906,21.141389846801758,373503200
2012-09-19,25.009286880493164,25.142499923706055,24.984643936157227,25.075000762939453,21.14712142944336,326874800
2012-09-20,24.969999313354492,25.00214385986328,24.77214241027832,24.953571319580078,21.044713973999023,336568400
2012-09-21,25.086071014404297,25.18107032775879,24.977142333984375,25.00321388244629,21.086580276489258,571589200
2012-09-24,24.53071403503418,24.825714111328125,24.39285659790039,24.671070098876953,20.806461334228516,639766400
2012-09-25,24.580713272094727,24.742143630981445,24.03571319580078,24.05500030517578,20.286903381347656,518789600
2012-09-26,23.88357162475586,24.024642944335938,23.614286422729492,23.75642967224121,20.035099029541016,576503200
2012-09-27,23.72464370727539,24.36321449279785,23.58392906188965,24.332857131958008,20.52122688293457,594090000
2012-09-28,24.241071701049805,24.32535743713379,23.8125,23.825000762939453,20.09292221069336,535110800
2012-10-01,23.969999313354492,24.16964340209961,23.446428298950195,23.54964256286621,19.860700607299805,543594800
2012-10-02,23.636070251464844,23.798213958740234,23.237499237060547,23.618213653564453,19.918535232543945,627992400
2012-10-03,23.7450008392334,23.9950008392334,23.66535758972168,23.980356216430664,20.22395133972168,424281200
2012-10-04,23.97321319580078,24.08035659790039,23.769643783569336,23.814285278320312,20.083894729614258,370725600
2012-10-05,23.757143020629883,23.78571319580078,23.260000228881836,23.306785583496094,19.6558837890625,594006000
2012-10-08,23.10285758972168,23.12714385986328,22.71821403503418,22.791786193847656,19.221559524536133,637994000
2012-10-09,22.808929443359375,22.874643325805664,22.269643783569336,22.70892906188965,19.151676177978516,838597200
2012-10-10,22.847856521606445,23.03499984741211,22.75,22.8896427154541,19.304088592529297,510356000
2012-10-11,23.08928680419922,23.114286422729492,22.43214225769043,22.43214225769043,18.91825294494629,546081200
2012-10-12,22.484285354614258,22.692142486572266,22.332143783569336,22.489643096923828,18.966754913330078,460014800
2012-10-15,22.58392906188965,22.68321418762207,22.280357360839844,22.670000076293945,19.118850708007812,432502000
2012-10-16,22.69178581237793,23.225000381469727,22.53571319580078,23.206785202026367,19.571550369262695,549771600
2012-10-17,23.17392921447754,23.313928604125977,23.0,23.021785736083984,19.415525436401367,389037600
2012-10-18,22.842500686645508,22.930713653564453,22.5,22.59428596496582,19.055004119873047,476624400
2012-10-19,22.537500381469727,22.563213348388672,21.77214241027832,21.780000686645508,18.368261337280273,744086000
2012-10-22,21.872142791748047,22.692142486572266,21.812856674194336,22.64392852783203,19.096860885620117,546730800
2012-10-23,22.53571319580078,22.639286041259766,21.8464298248291,21.90571403503418,18.47429084777832,707145600
2012-10-24,22.194286346435547,22.376785278320312,21.808570861816406,22.02964210510254,18.57880401611328,558527200
2012-10-25,22.14285659790039,22.21428680419922,21.626785278320312,21.769285202026367,18.359230041503906,656325600
2012-10-26,21.765356063842773,21.928571701049805,21.10714340209961,21.571428298950195,18.192365646362305,1018432800
2012-10-31,21.24571418762207,21.498571395874023,20.989286422729492,21.261428833007812,17.93092918395996,510003200
2012-11-01,21.364999771118164,21.53571319580078,21.22035789489746,21.30500030517578,17.967670440673828,361298000
2012-11-02,21.28178596496582,21.319643020629883,20.52678680419922,20.600000381469727,17.37310218811035,599373600
2012-11-05,20.84000015258789,20.991785049438477,20.628570556640625,20.87928581237793,17.608644485473633,529135600
2012-11-06,21.07964324951172,21.097856521606445,20.717500686645508,20.816070556640625,17.555334091186523,374917200
2012-11-07,20.494285583496094,20.519285202026367,19.84821319580078,19.928571701049805,16.883617401123047,793648800
2012-11-08,20.022499084472656,20.07964324951172,19.11750030517578,19.20535659790039,16.270904541015625,1056146000
2012-11-09,19.30071449279785,19.817142486572266,19.06142807006836,19.537857055664062,16.552602767944336,929913600
2012-11-12,19.79107093811035,19.803571701049805,19.237499237060547,19.38678550720215,16.42461395263672,515802000
2012-11-13,19.24678611755371,19.65999984741211,19.15571403503418,19.389286041259766,16.426733016967773,532949200
2012-11-14,19.48214340209961,19.551786422729492,19.1492862701416,19.174285888671875,16.24458122253418,477170400
2012-11-15,19.197500228881836,19.26785659790039,18.665000915527344,18.77214241027832,15.903879165649414,789910800
2012-11-16,18.757143020629883,18.928571701049805,18.0625,18.845714569091797,15.966214179992676,1266893600
2012-11-19,19.311071395874023,20.26785659790039,19.281429290771484,20.20464324951172,17.117504119873047,823317600
2012-11-20,20.425357818603516,20.426786422729492,19.806428909301758,20.032499313354492,16.971668243408203,642754000
2012-11-21,20.15178680419922,20.263214111328125,19.878570556640625,20.060714721679688,16.995569229125977,373002000
2012-11-23,20.256071090698242,20.428571701049805,20.092857360839844,20.41071319580078,17.292091369628906,272826400
2012-11-26,20.56785774230957,21.071428298950195,20.489643096923828,21.054643630981445,17.8376407623291,630579600
2012-11-27,21.055356979370117,21.086429595947266,20.717857360839844,20.885000228881836,17.693904876708984,533330000
2012-11-28,20.616785049438477,20.921428680419922,20.437856674194336,20.819286346435547,17.638246536254883,520864400
2012-11-29,21.079286575317383,21.22321319580078,20.90178680419922,21.04857063293457,17.832489013671875,514698800
2012-11-30,20.956785202026367,21.014286041259766,20.809999465942383,20.902856826782227,17.709033966064453,391319600
2012-12-03,21.201786041259766,21.2353572845459,20.91071319580078,20.93535614013672,17.736570358276367,364280000
2012-12-04,20.7785701751709,20.7785701751709,20.43321418762207,20.566070556640625,17.423707962036133,557068400
2012-12-05,20.318214416503906,20.33035659790039,19.241785049438477,19.24250030517578,16.302377700805664,1044638000
2012-12-06,18.890714645385742,19.761070251464844,18.522499084472656,19.544286727905273,16.55805015563965,1177212400
2012-12-07,19.764286041259766,19.828571319580078,18.928571701049805,19.04464340209961,16.134750366210938,787040800
2012-12-10,18.75,19.232500076293945,18.627857208251953,18.922143936157227,16.03097152709961,630484400
2012-12-11,19.27750015258789,19.62714385986328,19.19178581237793,19.335357666015625,16.381044387817383,592345600
2012-12-12,19.563213348388672,19.571428298950195,19.15250015258789,19.25,16.308727264404297,487144000
2012-12-13,18.969642639160156,19.20142936706543,18.7785701751709,18.917499542236328,16.027029037475586,625259600
2012-12-14,18.383928298950195,18.504642486572266,18.056428909301758,18.206785202026367,15.424908638000488,1009579200
2012-12-17,18.176071166992188,18.571428298950195,17.901071548461914,18.52964210510254,15.698431968688965,757607200
2012-12-18,18.75,19.10357093811035,18.58035659790039,19.06785774230957,16.154417037963867,625685200
2012-12-19,18.98107147216797,19.060714721679688,18.76785659790039,18.796785354614258,15.924763679504395,449369200
2012-12-20,18.928571701049805,18.935714721679688,18.531429290771484,18.633214950561523,15.786184310913086,481689600
2012-12-21,18.302499771118164,18.559642791748047,18.222856521606445,18.547500610351562,15.713566780090332,596268400
2012-12-24,18.58392906188965,18.72321319580078,18.52535629272461,18.577499389648438,15.738974571228027,175753200
2012-12-26,18.53571319580078,18.552143096923828,18.25428581237793,18.321428298950195,15.52203369140625,302436400
2012-12-27,18.340713500976562,18.4375,18.023571014404297,18.395000457763672,15.584365844726562,455120400
2012-12-28,18.22464370727539,18.374286651611328,18.14714241027832,18.199642181396484,15.418862342834473,354278400
2012-12-31,18.233213424682617,19.121429443359375,18.178571701049805,19.006071090698242,16.102069854736328,659492400
2013-01-02,19.779285430908203,19.821428298950195,19.343929290771484,19.608213424682617,16.612211227416992,560518000
2013-01-03,19.567142486572266,19.631071090698242,19.321428298950195,19.360713958740234,16.402524948120117,352965200
2013-01-04,19.177499771118164,19.236785888671875,18.77964210510254,18.821428298950195,15.945634841918945,594333600
2013-01-07,18.64285659790039,18.9035701751709,18.399999618530273,18.71071434020996,15.851839065551758,484156400
2013-01-08,18.90035629272461,18.996070861816406,18.616071701049805,18.761070251464844,15.894505500793457,458707200
2013-01-09,18.66071319580078,18.750356674194336,18.428213119506836,18.467857360839844,15.646092414855957,407604400
2013-01-10,18.876785278320312,18.882856369018555,18.411428451538086,18.696786880493164,15.84004020690918,601146000
2013-01-11,18.60714340209961,18.761428833007812,18.536428451538086,18.582143783569336,15.742918968200684,350506800
2013-01-14,17.952856063842773,18.125,17.80392837524414,17.91964340209961,15.181638717651367,734207600
2013-01-15,17.796428680419922,17.82107162475586,17.26357078552246,17.354286193847656,14.702668190002441,876772400
2013-01-16,17.665714263916016,18.194286346435547,17.58928680419922,18.074642181396484,15.312960624694824,690804800
2013-01-17,18.225357055664062,18.241071701049805,17.929643630981445,17.952856063842773,15.209786415100098,453678400
2013-01-18,17.804285049438477,17.93642807006836,17.72857093811035,17.85714340209961,15.128686904907227,472922800
2013-01-22,18.020000457763672,18.13857078552246,17.736785888671875,18.02750015258789,15.273016929626465,461546400
2013-01-23,18.171785354614258,18.392499923706055,18.02750015258789,18.357500076293945,15.552595138549805,861509600
2013-01-24,16.428571701049805,16.633214950561523,16.08035659790039,16.08928680419922,13.630949020385742,1460852400
2013-01-25,16.131786346435547,16.293928146362305,15.535714149475098,15.710000038146973,13.30961799621582,1208026400
2013-01-28,15.636786460876465,16.186071395874023,15.566429138183594,16.065357208251953,13.610679626464844,785517600
2013-01-29,16.375,16.435714721679688,16.14714241027832,16.366785049438477,13.866048812866211,571158000
2013-01-30,16.321428298950195,16.52142906188965,16.23214340209961,16.315357208251953,13.822479248046875,417155200
2013-01-31,16.320714950561523,16.402856826782227,16.249286651611328,16.267499923706055,13.781933784484863,319334400
2013-02-01,16.396785736083984,16.40999984741211,16.012500762939453,16.200714111328125,13.725353240966797,539484400
2013-02-04,16.211071014404297,16.283571243286133,15.785714149475098,15.79714298248291,13.383444786071777,477117200
2013-02-05,15.858928680419922,16.419286727905273,15.793571472167969,16.351428985595703,13.853036880493164,573347600
2013-02-06,16.302499771118164,16.66071319580078,16.163570404052734,16.33392906188965,13.838213920593262,593706400
2013-02-07,16.54464340209961,16.78571319580078,16.218570709228516,16.722143173217773,14.249678611755371,704580800
2013-02-08,16.928571701049805,17.100357055664062,16.72321319580078,16.963571548461914,14.455408096313477,633158400
2013-02-11,17.01785659790039,17.319286346435547,16.90178680419922,17.140356063842773,14.606057167053223,517490400
2013-02-12,17.125356674194336,17.22785758972168,16.704999923706055,16.71071434020996,14.239938735961914,609053200
2013-02-13,16.686071395874023,16.915714263916016,16.54357147216797,16.67892837524414,14.212852478027344,475207600
2013-02-14,16.59000015258789,16.84428596496582,16.5721435546875,16.663928985595703,14.20007038116455,355275200
2013-02-15,16.74464225769043,16.79142951965332,16.42571449279785,16.43428611755371,14.004380226135254,391745200
2013-02-19,16.467857360839844,16.526071548461914,16.20892906188965,16.428213119506836,13.9992094039917,435783600
2013-02-20,16.346071243286133,16.346071243286133,16.0285701751709,16.030357360839844,13.660176277160645,476302400
2013-02-21,15.928570747375488,16.041786193847656,15.8149995803833,15.930713653564453,13.575264930725098,447182400
2013-02-22,16.04464340209961,16.128570556640625,15.949999809265137,16.100357055664062,13.719822883605957,330654800
2013-02-25,16.20892906188965,16.25428581237793,15.806071281433105,15.814286231994629,13.476049423217773,372579200
2013-02-26,15.850713729858398,16.126428604125977,15.630714416503906,16.034643173217773,13.663825988769531,501499600
2013-02-27,16.015356063842773,16.158571243286133,15.737500190734863,15.8774995803833,13.529921531677246,587350400
2013-02-28,15.858928680419922,15.995356559753418,15.764286041259766,15.764286041259766,13.433443069458008,322515200
2013-03-01,15.64285659790039,15.649286270141602,15.356429100036621,15.373929023742676,13.100805282592773,552448400
2013-03-04,15.278571128845215,15.29285717010498,14.964285850524902,15.001786231994629,12.783684730529785,582755600
2013-03-05,15.052857398986816,15.542499542236328,15.026785850524902,15.397856712341309,13.121194839477539,638433600
2013-03-06,15.518214225769043,15.54464340209961,15.15821361541748,15.202142715454102,12.954414367675781,460250000
2013-03-07,15.160714149475098,15.428929328918457,15.037857055664062,15.377857208251953,13.104153633117676,468473600
2013-03-08,15.350000381469727,15.551071166992188,15.307499885559082,15.418571472167969,13.138845443725586,391482000
2013-03-11,15.348214149475098,15.678929328918457,15.183570861816406,15.638214111328125,13.326011657714844,474236000
2013-03-12,15.557143211364746,15.674285888671875,15.270357131958008,15.301071166992188,13.038718223571777,465911600
2013-03-13,15.301786422729492,15.51785659790039,15.191429138183594,15.298213958740234,13.03628158569336,405549200
2013-03-14,15.458213806152344,15.522856712341309,15.373213768005371,15.446429252624512,13.162583351135254,303875600
2013-03-15,15.64035701751709,15.865357398986816,15.616070747375488,15.845000267028809,13.502223014831543,643960800
2013-03-18,15.766071319580078,16.33785629272461,15.757143020629883,16.275714874267578,13.869256973266602,606197200
2013-03-19,16.41071319580078,16.463214874267578,16.01785659790039,16.231786727905273,13.83182144165039,526775200
2013-03-20,16.336429595947266,16.343929290771484,16.056785583496094,16.145713806152344,13.758478164672852,308660800
2013-03-21,16.079286575317383,16.356428146362305,16.075000762939453,16.168928146362305,13.778258323669434,383255600
2013-03-22,16.235000610351562,16.503570556640625,16.1825008392334,16.49678611755371,14.057641983032227,395105200
2013-03-25,16.596071243286133,16.7839298248291,16.492143630981445,16.556428909301758,14.108464241027832,501135600
2013-03-26,16.62285614013672,16.637142181396484,16.447500228881836,16.46928596496582,14.034207344055176,294294000
2013-03-27,16.302143096923828,16.314285278320312,16.09749984741211,16.145713806152344,13.758478164672852,331237200
2013-03-28,16.065000534057617,16.136428833007812,15.772143363952637,15.809286117553711,13.471792221069336,442839600
2013-04-01,15.782142639160156,15.846428871154785,15.276429176330566,15.318214416503906,13.053324699401855,389732000
2013-04-02,15.271429061889648,15.647856712341309,15.228570938110352,15.349642753601074,13.080106735229492,529519200
2013-04-03,15.406070709228516,15.617142677307129,15.368213653564453,15.428214073181152,13.147066116333008,363216000
2013-04-04,15.491429328918457,15.535714149475098,15.1875,15.275713920593262,13.017112731933594,358447600
2013-04-05,15.160714149475098,15.176786422729492,14.988571166992188,15.114286422729492,12.879549026489258,383695200
2013-04-08,15.173213958740234,15.26785659790039,15.088929176330566,15.221785545349121,12.97115421295166,300829200
2013-04-09,15.227143287658691,15.303570747375488,15.098214149475098,15.249285697937012,12.994587898254395,306614000
2013-04-10,15.289285659790039,15.609286308288574,15.214642524719238,15.560357093811035,13.259669303894043,375928000
2013-04-11,15.489999771118164,15.642499923706055,15.399999618530273,15.511786460876465,13.218278884887695,328364400
2013-04-12,15.505356788635254,15.505356788635254,15.3246431350708,15.350000381469727,13.080410957336426,238613200
2013-04-15,15.25,15.28178596496582,14.983928680419922,14.994643211364746,12.777594566345215,317520000
2013-04-16,15.056071281433105,15.23607063293457,15.020357131958008,15.222857475280762,12.972067832946777,305771200
2013-04-17,15.009642601013184,15.021429061889648,14.21821403503418,14.385713577270508,12.258699417114258,945056000
2013-04-18,14.463929176330566,14.492500305175781,13.919285774230957,14.001786231994629,11.931538581848145,666299200
2013-04-19,13.856071472167969,14.271429061889648,13.753570556640625,13.947500228881836,11.885281562805176,609274400
2013-04-22,14.022856712341309,14.364286422729492,13.973929405212402,14.238213539123535,12.133007049560547,429920400
2013-04-23,14.428214073181152,14.585000038146973,14.243213653564453,14.504643440246582,12.360051155090332,664238400
2013-04-24,14.055000305175781,14.83035659790039,14.01785659790039,14.480713844299316,12.339655876159668,969651200
2013-04-25,14.686785697937012,14.783571243286133,14.535714149475098,14.585000038146973,12.428525924682617,384837600
2013-04-26,14.63607120513916,14.956070899963379,14.58035659790039,14.899999618530273,12.696949005126953,764097600
2013-04-29,15.016071319580078,15.486429214477539,15.0,15.361429214477539,13.090155601501465,640326400
2013-04-30,15.539285659790039,15.901785850524902,15.431071281433105,15.813570976257324,13.475441932678223,691538400
2013-05-01,15.873571395874023,15.89035701751709,15.51392936706543,15.688928604125977,13.36922836303711,506909200
2013-05-02,15.777856826782227,16.02107048034668,15.736785888671875,15.911429405212402,13.558832168579102,421828400
2013-05-03,16.118213653564453,16.186786651611328,16.04107093811035,16.070714950561523,13.694563865661621,361300800
2013-05-06,16.27535629272461,16.507143020629883,16.225357055664062,16.453929901123047,14.02112102508545,496641600
2013-05-07,16.60607147216797,16.633928298950195,16.203571319580078,16.380714416503906,13.95872974395752,483753200
2013-05-08,16.394285202026367,16.620357513427734,16.278928756713867,16.56571388244629,14.116377830505371,472598000
2013-05-09,16.421785354614258,16.53571319580078,16.270713806152344,16.313213348388672,13.993224143981934,398487600
2013-05-10,16.35607147216797,16.418214797973633,16.088571548461914,16.177499771118164,13.876810073852539,334852000
2013-05-13,16.125356674194336,16.35357093811035,16.125,16.240713119506836,13.931035041809082,316948800
2013-05-14,16.20892906188965,16.257143020629883,15.791070938110352,15.852143287658691,13.597722053527832,447118000
2013-05-15,15.684286117553711,15.75,15.084285736083984,15.316070556640625,13.137889862060547,741613600
2013-05-16,15.115714073181152,15.637499809265137,14.960714340209961,15.520713806152344,13.313429832458496,603204000
2013-05-17,15.680356979370117,15.717499732971191,15.393214225769043,15.473570823669434,13.272990226745605,427904400
2013-05-20,15.4253568649292,15.921428680419922,15.360713958740234,15.818928718566895,13.569231033325195,451578400
2013-05-21,15.648214340209961,15.90999984741211,15.507143020629883,15.702142715454102,13.469056129455566,456022000
2013-05-22,15.858928680419922,16.012500762939453,15.650713920593262,15.762499809265137,13.520827293395996,443038400
2013-05-23,15.569643020629883,15.934286117553711,15.563928604125977,15.790714263916016,13.545028686523438,353021200
2013-05-24,15.744643211364746,15.916428565979004,15.727143287658691,15.898214340209961,13.637245178222656,276166800
2013-05-28,16.06785774230957,16.11107063293457,15.744643211364746,15.765713691711426,13.523588180541992,386145200
2013-05-29,15.714285850524902,15.98214340209961,15.692856788635254,15.891071319580078,13.631115913391113,330576400
2013-05-30,15.916070938110352,16.23214340209961,15.875356674194336,16.127857208251953,13.834230422973633,353519600
2013-05-31,16.16071319580078,16.325000762939453,16.053571701049805,16.061786651611328,13.77755355834961,384302800
2013-06-03,16.09749984741211,16.15571403503418,15.802857398986816,16.097143173217773,13.807884216308594,372352400
2013-06-04,16.18642807006836,16.229642868041992,15.978214263916016,16.046785354614258,13.76468563079834,292728800
2013-06-05,15.916070938110352,16.097143173217773,15.846785545349121,15.896785736083984,13.636018753051758,290589600
2013-06-06,15.909643173217773,15.964285850524902,15.501786231994629,15.659285545349121,13.432295799255371,416934000
2013-06-07,15.589285850524902,15.829999923706055,15.456070899963379,15.778928756713867,13.53492259979248,404535600
2013-06-10,15.883213996887207,16.038570404052734,15.600000381469727,15.674642562866211,13.445466995239258,450153200
2013-06-11,15.562143325805664,15.812856674194336,15.475713729858398,15.628570556640625,13.4059476852417,286112400
2013-06-12,15.696429252624512,15.758929252624512,15.410714149475098,15.435357093811035,13.240214347839355,265227200
2013-06-13,15.446429252624512,15.612142562866211,15.3125,15.569999694824219,13.355705261230469,285832400
2013-06-14,15.550000190734863,15.581786155700684,15.303570747375488,15.358928680419922,13.174654960632324,271866000
2013-06-17,15.408571243286133,15.560713768005371,15.369999885559082,15.428570747375488,13.234390258789062,259414400
2013-06-18,15.412857055664062,15.532142639160156,15.364643096923828,15.420356750488281,13.22734260559082,195025600
2013-06-19,15.407142639160156,15.416428565979004,15.10714340209961,15.10714340209961,12.958673477172852,310940000
2013-06-20,14.975000381469727,15.213570594787598,14.827500343322754,14.8871431350708,12.769962310791016,357310800
2013-06-21,14.946070671081543,15.0,14.574999809265137,14.76785659790039,12.667641639709473,481118400
2013-06-24,14.550000190734863,14.595000267028809,14.216071128845215,14.376428604125977,12.331877708435059,480746000
2013-06-25,14.489286422729492,14.563928604125977,14.243928909301758,14.379643440246582,12.334637641906738,314162800
2013-06-26,14.425000190734863,14.456786155700684,14.130714416503906,14.21678638458252,12.194942474365234,367724000
2013-06-27,14.258929252624512,14.335356712341309,14.055000305175781,14.063570976257324,12.06351375579834,337246000
2013-06-28,13.977143287658691,14.295356750488281,13.888214111328125,14.161786079406738,12.147760391235352,578516400
2013-07-01,14.381786346435547,14.723929405212402,14.329285621643066,14.614999771118164,12.536521911621094,391053600
2013-07-02,14.64142894744873,15.05821418762207,14.623929023742676,14.946070671081543,12.82050895690918,469865200
2013-07-03,15.03071403503418,15.106429100036621,14.908928871154785,15.028571128845215,12.891279220581055,240928800
2013-07-05,15.01392936706543,15.117500305175781,14.833929061889648,14.907856941223145,12.787731170654297,274024800
2013-07-08,15.003929138183594,15.035714149475098,14.666070938110352,14.823213577270508,12.71512508392334,298138400
2013-07-09,14.771429061889648,15.125,14.656429290771484,15.083929061889648,12.938762664794922,352584400
2013-07-10,14.985713958740234,15.171428680419922,14.9375,15.026070594787598,12.88913345336914,281405600
2013-07-11,15.10535717010498,15.29464340209961,15.041786193847656,15.260356903076172,13.090097427368164,326292400
2013-07-12,15.273214340209961,15.349642753601074,15.121786117553711,15.232500076293945,13.066204071044922,279563200
2013-07-15,15.178929328918457,15.409285545349121,15.171428680419922,15.265713691711426,13.094694137573242,241917200
2013-07-16,15.232856750488281,15.382499694824219,15.14892864227295,15.364286422729492,13.17924690246582,216538000
2013-07-17,15.346428871154785,15.436429023742676,15.293571472167969,15.368213653564453,13.182618141174316,198990400
2013-07-18,15.477856636047363,15.531070709228516,15.378929138183594,15.420000076293945,13.227038383483887,218878800
2013-07-19,15.467857360839844,15.499285697937012,15.155357360839844,15.176786422729492,13.018413543701172,268721600
2013-07-22,15.337857246398926,15.348214149475098,15.195357322692871,15.225357055664062,13.060078620910645,207796400
2013-07-23,15.214285850524902,15.248571395874023,14.95392894744873,14.963929176330566,12.835829734802246,369395600
2013-07-24,15.676071166992188,15.878213882446289,15.545000076293945,15.732500076293945,13.495098114013672,591936800
2013-07-25,15.739286422729492,15.764286041259766,15.564642906188965,15.660714149475098,13.43351936340332,229493600
2013-07-26,15.546428680419922,15.751428604125977,15.5121431350708,15.749643325805664,13.50980281829834,200152400
2013-07-29,15.742856979370117,16.07107162475586,15.721428871154785,15.992500305175781,13.718121528625488,248057600
2013-07-30,16.06999969482422,16.326786041259766,16.043928146362305,16.190000534057617,13.887532234191895,309422400
2013-07-31,16.249643325805664,16.33357048034668,16.051071166992188,16.161785125732422,13.863326072692871,322957600
2013-08-01,16.27678680419922,16.314285278320312,16.187856674194336,16.309999465942383,13.990467071533203,206250800
2013-08-02,16.357500076293945,16.530357360839844,16.30928611755371,16.519285202026367,14.169988632202148,274783600
2013-08-05,16.596071243286133,16.809642791748047,16.50535774230957,16.766071319580078,14.381673812866211,318855600
2013-08-06,16.71500015258789,16.853214263916016,16.506071090698242,16.616071701049805,14.253013610839844,334857600
2013-08-07,16.564285278320312,16.678571701049805,16.491785049438477,16.606428146362305,14.244738578796387,298858000
2013-08-08,16.566429138183594,16.575000762939453,16.355356216430664,16.464643478393555,14.2163667678833,255777200
2013-08-09,16.3799991607666,16.44499969482422,16.201786041259766,16.230356216430664,14.014074325561523,266865200
2013-08-12,16.316429138183594,16.737499237060547,16.30821418762207,16.691429138183594,14.412188529968262,364434000
2013-08-13,16.819286346435547,17.66642951965332,16.7160701751709,17.484643936157227,15.097084045410156,881941200
2013-08-14,17.781429290771484,18.008928298950195,17.621429443359375,17.803571701049805,15.372465133666992,756372400
2013-08-15,17.729286193847656,17.94285774230957,17.46714210510254,17.782499313354492,15.354264259338379,490294000
2013-08-16,17.862499237060547,17.962142944335938,17.816429138183594,17.940357208251953,15.490567207336426,362306000
2013-08-19,18.012142181396484,18.347856521606445,18.0,18.13357162475586,15.657397270202637,510518400
2013-08-20,18.203929901123047,18.234643936157227,17.886428833007812,17.895357131958008,15.451717376708984,358688400
2013-08-21,17.9853572845459,18.112499237060547,17.899999618530273,17.941429138183594,15.491498947143555,335879600
2013-08-22,18.03499984741211,18.056785583496094,17.792856216430664,17.96285629272461,15.50999641418457,244207600
2013-08-23,17.973928451538086,17.97678565979004,17.83392906188965,17.893571853637695,15.450178146362305,222731600
2013-08-26,17.883928298950195,18.2214298248291,17.875,17.963214874267578,15.510310173034668,330965600
2013-08-27,17.78571319580078,17.946786880493164,17.367856979370117,17.449642181396484,15.066865921020508,424188800
2013-08-28,17.35714340209961,17.707143783569336,17.35714340209961,17.532142639160156,15.138097763061523,307608000
2013-08-29,17.558929443359375,17.73214340209961,17.54035758972168,17.560714721679688,15.162771224975586,239657600
2013-08-30,17.571428298950195,17.605356216430664,17.375,17.400714874267578,15.024617195129395,272297200
2013-09-03,17.610713958740234,17.878570556640625,17.405357360839844,17.44928550720215,15.066553115844727,331928800
2013-09-04,17.841428756713867,17.937143325805664,17.724285125732422,17.81035614013672,15.378325462341309,345032800
2013-09-05,17.866071701049805,17.88142967224121,17.6299991607666,17.688213348388672,15.27286148071289,236367600
2013-09-06,17.801429748535156,17.834999084472656,17.498214721679688,17.79357147216797,15.3638277053833,359525600
2013-09-09,18.03571319580078,18.139999389648438,17.981428146362305,18.077499389648438,15.608985900878906,340687200
2013-09-10,18.078571319580078,18.123214721679688,17.48214340209961,17.665714263916016,15.25342845916748,743195600
2013-09-11,16.67892837524414,16.917499542236328,16.600357055664062,16.703929901123047,14.422975540161133,898696400
2013-09-12,16.73214340209961,16.97857093811035,16.643213272094727,16.881786346435547,14.576550483703613,404051200
2013-09-13,16.762142181396484,16.851070404052734,16.5964298248291,16.60357093811035,14.336326599121094,298835600
2013-09-16,16.46428680419922,16.48607063293457,15.972143173217773,16.075714111328125,13.880549430847168,543706800
2013-09-17,15.998571395874023,16.418214797973633,15.98214340209961,16.261428833007812,14.040901184082031,399380800
2013-09-18,16.542142868041992,16.655357360839844,16.4521427154541,16.595714569091797,14.32954216003418,456862000
2013-09-19,16.810714721679688,16.993928909301758,16.758928298950195,16.867856979370117,14.564523696899414,404541200
2013-09-20,17.071428298950195,17.0910701751709,16.64285659790039,16.693214416503906,14.413727760314941,699302800
2013-09-23,17.717857360839844,17.74678611755371,17.235713958740234,17.522857666015625,15.130084037780762,762106800
2013-09-24,17.674285888671875,17.695356369018555,17.422143936157227,17.467857360839844,15.082590103149414,364344400
2013-09-25,17.4714298248291,17.48714256286621,17.19392967224121,17.197500228881836,14.849154472351074,316957200
2013-09-26,17.35714340209961,17.448570251464844,17.282142639160156,17.364999771118164,14.993782997131348,237221600
2013-09-27,17.277856826782227,17.309642791748047,17.16857147216797,17.241071701049805,14.886771202087402,228040400
2013-09-30,17.04464340209961,17.2021427154541,16.943214416503906,17.02678680419922,14.70174789428711,260156400
2013-10-01,17.087499618530273,17.46928596496582,17.084999084472656,17.427143096923828,15.04743766784668,353883600
2013-10-02,17.343929290771484,17.564285278320312,17.27678680419922,17.484285354614258,15.096778869628906,289184000
2013-10-03,17.518213272094727,17.58392906188965,17.169286727905273,17.2646427154541,14.907127380371094,322753200
2013-10-04,17.28071403503418,17.30714225769043,17.092857360839844,17.25107192993164,14.895408630371094,258868400
2013-10-07,17.37714385986328,17.594642639160156,17.33392906188965,17.41964340209961,15.040960311889648,312292400
2013-10-08,17.49785614013672,17.522857666015625,17.16214370727539,17.176429748535156,14.830957412719727,290917200
2013-10-09,17.308570861816406,17.421070098876953,17.08142852783203,17.37821388244629,15.005188941955566,301725200
2013-10-10,17.547143936157227,17.584999084472656,17.394285202026367,17.48714256286621,15.099241256713867,278602800
2013-10-11,17.392499923706055,17.637142181396484,17.3271427154541,17.600357055664062,15.197001457214355,267738800
2013-10-14,17.493928909301758,17.770713806152344,17.47678565979004,17.715713500976562,15.296603202819824,261898000
2013-10-15,17.768213272094727,17.928571701049805,17.6971435546875,17.809999465942383,15.378015518188477,320073600
2013-10-16,17.885356903076172,17.947500228881836,17.82964324951172,17.896785736083984,15.452951431274414,251101200
2013-10-17,17.856428146362305,18.027856826782227,17.845714569091797,18.01785659790039,15.557488441467285,253593200
2013-10-18,18.07107162475586,18.187856674194336,18.061071395874023,18.17464256286621,15.692867279052734,290542000
2013-10-21,18.27750015258789,18.725000381469727,18.268571853637695,18.6200008392334,16.077411651611328,398106800
2013-10-22,18.800357818603516,18.873214721679688,18.14392852783203,18.56678581237793,16.031461715698242,534063600
2013-10-23,18.53571319580078,18.773929595947266,18.53571319580078,18.748571395874023,16.18842315673828,313723200
2013-10-24,18.75,19.016786575317383,18.6589298248291,18.99678611755371,16.40274429321289,384764800
2013-10-25,18.9757137298584,19.043928146362305,18.753929138183594,18.784286499023438,16.219261169433594,337792000
2013-10-28,18.894285202026367,18.96428680419922,18.686071395874023,18.924285888671875,16.34014129638672,550440800
2013-10-29,19.15250015258789,19.258928298950195,18.376428604125977,18.452856063842773,15.933086395263672,635807200
2013-10-30,18.5575008392334,18.84000015258789,18.46500015258789,18.746429443359375,16.186580657958984,354163600
2013-10-31,18.75,18.83892822265625,18.616785049438477,18.667856216430664,16.118724822998047,275696400
2013-11-01,18.71500015258789,18.742856979370117,18.4228572845459,18.572500228881836,16.03639030456543,274890000
2013-11-04,18.610713958740234,18.815000534057617,18.528928756713867,18.8125,16.243621826171875,244627600
2013-11-05,18.735000610351562,18.88892936706543,18.678571701049805,18.766071319580078,16.20352554321289,265213200
2013-11-06,18.719642639160156,18.7450008392334,18.507143020629883,18.604286193847656,16.157623291015625,223375600
2013-11-07,18.556428909301758,18.68535614013672,18.299285888671875,18.303213119506836,15.896150588989258,262620400
2013-11-08,18.377857208251953,18.611785888671875,18.306785583496094,18.591428756713867,16.146465301513672,279316800
2013-11-11,18.57107162475586,18.631071090698242,18.37178611755371,18.537500381469727,16.099626541137695,227452400
2013-11-12,18.48821449279785,18.711429595947266,18.46428680419922,18.571786880493164,16.129398345947266,204276800
2013-11-13,18.5,18.65178680419922,18.46285629272461,18.593929290771484,16.148635864257812,197220800
2013-11-14,18.671785354614258,18.902856826782227,18.638214111328125,18.862857818603516,16.382192611694336,282419200
2013-11-15,18.806428909301758,18.89607048034668,18.731786727905273,18.749643325805664,16.28387451171875,317920400
2013-11-18,18.749643325805664,18.828214645385742,18.507143020629883,18.522499084472656,16.08660125732422,244944000
2013-11-19,18.536785125732422,18.692142486572266,18.49892807006836,18.555356979370117,16.11513900756836,208938800
2013-11-20,18.543928146362305,18.586429595947266,18.368928909301758,18.39285659790039,15.974007606506348,193916800
2013-11-21,18.485713958740234,18.614643096923828,18.34535789489746,18.61214256286621,16.164451599121094,262026800
2013-11-22,18.554285049438477,18.648571014404297,18.51892852783203,18.564285278320312,16.122888565063477,223725600
2013-11-25,18.60785675048828,18.781070709228516,18.60714340209961,18.704999923706055,16.24509620666504,229311600
2013-11-26,18.718570709228516,19.147857666015625,18.71428680419922,19.049999237060547,16.54473114013672,401382800
2013-11-27,19.153928756713867,19.5,19.049999237060547,19.498571395874023,16.934309005737305,363448400
2013-11-29,19.624286651611328,19.940357208251953,19.56464385986328,19.859643936157227,17.24789810180664,318127600
2013-12-02,19.928571701049805,20.15464210510254,19.672143936157227,19.686786651611328,17.09777069091797,472544800
2013-12-03,19.939285278320312,20.22785758972168,19.917142868041992,20.2257137298584,17.56581687927246,450968000
2013-12-04,20.196428298950195,20.328214645385742,20.029285430908203,20.178571701049805,17.524883270263672,377809600
2013-12-05,20.451786041259766,20.540714263916016,20.22892951965332,20.282142639160156,17.614826202392578,447580000
2013-12-06,20.206785202026367,20.241071701049805,19.984643936157227,20.000713348388672,17.370410919189453,344352400
2013-12-09,20.032142639160156,20.34214210510254,20.032142639160156,20.229642868041992,17.569231033325195,320493600
2013-12-10,20.127857208251953,20.281429290771484,20.042856216430664,20.198213577270508,17.54193115234375,278269600
2013-12-11,20.25,20.391786575317383,19.988929748535156,20.04857063293457,17.41197395324707,359718800
2013-12-12,20.07642936706543,20.19071388244629,20.00107192993164,20.019285202026367,17.38654136657715,262290000
2013-12-13,20.10178565979004,20.10285758972168,19.773929595947266,19.801071166992188,17.197021484375,332822000
2013-12-16,19.8221435546875,20.09428596496582,19.821786880493164,19.91071319580078,17.2922420501709,282592800
2013-12-17,19.850357055664062,19.979999542236328,19.76357078552246,19.82107162475586,17.214391708374023,229902400
2013-12-18,19.632143020629883,19.694643020629883,19.242856979370117,19.67035675048828,17.083494186401367,565863200
2013-12-19,19.625,19.64285659790039,19.418928146362305,19.44499969482422,16.887779235839844,320308800
2013-12-20,19.479642868041992,19.70035743713379,19.457857131958008,19.60785675048828,17.029220581054688,436413600
2013-12-23,20.28571319580078,20.382856369018555,20.09857177734375,20.3603572845459,17.682764053344727,501306400
2013-12-24,20.353214263916016,20.424285888671875,20.215356826782227,20.273929595947266,17.607694625854492,167554800
2013-12-26,20.28928565979004,20.33928680419922,20.12071418762207,20.139286041259766,17.490760803222656,204008000
2013-12-27,20.136428833007812,20.157499313354492,19.98214340209961,20.00321388244629,17.37258529663086,225884400
2013-12-30,19.909286499023438,20.00321388244629,19.7257137298584,19.804285049438477,17.199811935424805,253629600
2013-12-31,19.791786193847656,20.045713424682617,19.78571319580078,20.036428451538086,17.40142822265625,223084400
2014-01-02,19.845714569091797,19.89392852783203,19.71500015258789,19.754642486572266,17.15669822692871,234684800
2014-01-03,19.7450008392334,19.774999618530273,19.301071166992188,19.320714950561523,16.77983856201172,392467600
2014-01-06,19.194643020629883,19.5285701751709,19.05714225769043,19.426071166992188,16.871339797973633,412610800
2014-01-07,19.440000534057617,19.498571395874023,19.211429595947266,19.28714370727539,16.75067710876465,317209200
2014-01-08,19.243213653564453,19.484285354614258,19.238929748535156,19.409286499023438,16.85676383972168,258529600
2014-01-09,19.5285701751709,19.53071403503418,19.11964225769043,19.161428451538086,16.64150619506836,279148800
2014-01-10,19.27964210510254,19.314285278320312,18.96821403503418,19.033571243286133,16.53045654296875,304976000
2014-01-13,18.925357818603516,19.375,18.924285888671875,19.133214950561523,16.617000579833984,378492800
2014-01-14,19.222143173217773,19.526071548461914,19.2021427154541,19.51392936706543,16.947643280029297,332561600
2014-01-15,19.768571853637695,20.007143020629883,19.7021427154541,19.90571403503418,17.28790283203125,391638800
2014-01-16,19.81785774230957,19.887500762939453,19.702856063842773,19.79464340209961,17.191442489624023,229278000
2014-01-17,19.695714950561523,19.716785430908203,19.282142639160156,19.309642791748047,16.770227432250977,426739600
2014-01-21,19.32107162475586,19.645357131958008,19.30071449279785,19.609643936157227,17.030773162841797,328526800
2014-01-22,19.675357818603516,19.903213500976562,19.56464385986328,19.696786880493164,17.10645866394043,379985200
2014-01-23,19.640714645385742,19.875,19.457500457763672,19.863571166992188,17.251306533813477,403239200
2014-01-24,19.78571319580078,19.843570709228516,19.45535659790039,19.502500534057617,16.937719345092773,429354800
2014-01-27,19.645357131958008,19.814285278320312,19.491071701049805,19.66071319580078,17.075119018554688,554878800
2014-01-28,18.170000076293945,18.39285659790039,17.93107032775879,18.08928680419922,15.710356712341309,1065523200
2014-01-29,17.998214721679688,18.120357513427734,17.807857513427734,17.883928298950195,15.532007217407227,502810000
2014-01-30,17.947856903076172,18.08928680419922,17.739286422729492,17.849285125732422,15.501907348632812,678501600
2014-01-31,17.684999465942383,17.911785125732422,17.626785278320312,17.878570556640625,15.527345657348633,464797200
2014-02-03,17.95035743713379,18.133214950561523,17.832143783569336,17.911785125732422,15.556200981140137,401464000
2014-02-04,18.066070556640625,18.19499969482422,17.955713272094727,18.171070098876953,15.781384468078613,376681200
2014-02-05,18.091428756713867,18.402856826782227,18.08035659790039,18.306785583496094,15.899251937866211,328344800
2014-02-06,18.216428756713867,18.33928680419922,18.136070251464844,18.30392837524414,15.991924285888672,257765200
2014-02-07,18.62071418762207,18.676071166992188,18.47785758972168,18.559999465942383,16.215654373168945,370280400
2014-02-10,18.523571014404297,18.999643325805664,18.5,18.892499923706055,16.50615692138672,345559200
2014-02-11,18.95035743713379,19.20535659790039,18.91071319580078,19.141429901123047,16.723642349243164,282256800
2014-02-12,19.176786422729492,19.270000457763672,19.044286727905273,19.139999389648438,16.72238540649414,308100800
2014-02-13,19.094999313354492,19.45892906188965,19.078571319580078,19.44392967224121,16.987934112548828,307398000
2014-02-14,19.37392807006836,19.499286651611328,19.328929901123047,19.428213119506836,16.974199295043945,272924400
2014-02-18,19.5,19.68535614013672,19.48607063293457,19.499643325805664,17.03660774230957,260251600
2014-02-19,19.45535659790039,19.53178596496582,19.08392906188965,19.19178581237793,16.76763916015625,313768000
2014-02-20,19.035356521606445,19.178571701049805,18.89285659790039,18.969642639160156,16.57355499267578,305858000
2014-02-21,19.028213500976562,19.091785430908203,18.735713958740234,18.758928298950195,16.389453887939453,278784800
2014-02-24,18.683929443359375,18.92571449279785,18.65785789489746,18.8410701751709,16.461225509643555,288909600
2014-02-25,18.906429290771484,18.9132137298584,18.60714340209961,18.645000457763672,16.2899169921875,231952000
2014-02-26,18.70035743713379,18.75,18.41428565979004,18.47678565979004,16.1429443359375,276217200
2014-02-27,18.46928596496582,18.885000228881836,18.430356979370117,18.84535789489746,16.464963912963867,301882000
2014-02-28,18.895713806152344,19.02678680419922,18.64714241027832,18.794286727905273,16.420351028442383,371968800
2014-03-03,18.693571090698242,18.951786041259766,18.671785354614258,18.84857177734375,16.46778106689453,238781200
2014-03-04,18.96428680419922,19.022857666015625,18.848928451538086,18.972856521606445,16.57636260986328,259140000
2014-03-05,18.961429595947266,19.09821319580078,18.897499084472656,19.01285743713379,16.611316680908203,200062800
2014-03-06,19.028213500976562,19.087142944335938,18.860713958740234,18.95535659790039,16.561071395874023,185488800
2014-03-07,18.967500686645508,18.999286651611328,18.787500381469727,18.944286346435547,16.55139923095703,220729600
2014-03-10,18.8700008392334,19.047500610351562,18.869285583496094,18.961429595947266,16.566373825073242,178584000
2014-03-11,19.123214721679688,19.240713119506836,19.02107048034668,19.14607048034668,16.727693557739258,279224400
2014-03-12,19.089643478393555,19.191070556640625,19.0,19.164642333984375,16.743919372558594,199326400
2014-03-13,19.194286346435547,19.273571014404297,18.898571014404297,18.951786041259766,16.55794906616211,257742800
2014-03-14,18.885356903076172,18.960357666015625,18.678571701049805,18.738929748535156,16.37198257446289,237199200
2014-03-17,18.8464298248291,18.927499771118164,18.780357360839844,18.812143325805664,16.435956954956055,199544800
2014-03-18,18.782142639160156,18.99892807006836,18.757143020629883,18.97857093811035,16.58135223388672,209647200
2014-03-19,19.009286880493164,19.15142822265625,18.89285659790039,18.97357177734375,16.576988220214844,224756000
2014-03-20,18.92464256286621,19.023929595947266,18.83392906188965,18.882143020629883,16.497102737426758,208398400
2014-03-21,18.997499465942383,19.0625,18.797500610351562,19.031070709228516,16.627220153808594,374046400
2014-03-24,19.229286193847656,19.303571701049805,19.109285354614258,19.256786346435547,16.824426651000977,355700800
2014-03-25,19.33928680419922,19.491071701049805,19.27107048034668,19.46392822265625,17.005413055419922,282293200
2014-03-26,19.518571853637695,19.60714340209961,19.2450008392334,19.277856826782227,16.842830657958984,299768000
2014-03-27,19.286428451538086,19.33928680419922,19.11142921447754,19.19499969482422,16.77044677734375,222031600
2014-03-28,19.2257137298584,19.24785614013672,19.08035659790039,19.17357063293457,16.75172233581543,200564000
2014-03-31,19.258214950561523,19.31464385986328,19.140356063842773,19.169286727905273,16.747974395751953,168669200
2014-04-01,19.205713272094727,19.352500915527344,19.17035675048828,19.344642639160156,16.90119171142578,200760000
2014-04-02,19.37071418762207,19.40999984741211,19.295000076293945,19.376785278320312,16.929271697998047,180420800
2014-04-03,19.335357666015625,19.375,19.20142936706543,19.24250030517578,16.81195640563965,162344000
2014-04-04,19.278928756713867,19.28571319580078,18.94928550720215,18.99357032775879,16.594457626342773,275251200
2014-04-07,18.85785675048828,18.96071434020996,18.63892936706543,18.695356369018555,16.333908081054688,289850400
2014-04-08,18.756786346435547,18.790000915527344,18.524999618530273,18.694286346435547,16.332971572875977,243888400
2014-04-09,18.665714263916016,18.94607162475586,18.643571853637695,18.940000534057617,16.547653198242188,206169600
2014-04-10,18.952856063842773,19.00857162475586,18.684642791748047,18.695714950561523,16.334224700927734,239652000
2014-04-11,18.53571319580078,18.672500610351562,18.46928596496582,18.5575008392334,16.213464736938477,271717600
2014-04-14,18.639286041259766,18.648571014404297,18.471786499023438,18.63142967224121,16.278059005737305,205674000
2014-04-15,18.581071853637695,18.6299991607666,18.26178550720215,18.498571395874023,16.161977767944336,266490000
2014-04-16,18.501785278320312,18.6103572845459,18.36214256286621,18.53607177734375,16.194744110107422,214765600
2014-04-17,18.571428298950195,18.84857177734375,18.542856216430664,18.74785614013672,16.37977409362793,284334400
2014-04-21,18.762142181396484,19.0049991607666,18.71285629272461,18.97035789489746,16.574182510375977,182548800
2014-04-22,18.868213653564453,18.993928909301758,18.803571701049805,18.989286422729492,16.590715408325195,202563200
2014-04-23,18.895000457763672,18.968929290771484,18.730356216430664,18.741071701049805,16.37385368347168,394940000
2014-04-24,20.293214797973633,20.35714340209961,20.026071548461914,20.27750015258789,17.71621322631836,759911600
2014-04-25,20.161785125732422,20.428213119506836,20.141429901123047,20.426429748535156,17.846328735351562,390275200
2014-04-28,20.457143783569336,21.27678680419922,20.448213577270508,21.217500686645508,18.537485122680664,669485600
2014-04-29,21.204999923706055,21.28499984741211,21.05392837524414,21.15464210510254,18.48256492614746,337377600
2014-04-30,21.165714263916016,21.408214569091797,21.064285278320312,21.074642181396484,18.412668228149414,456640800
2014-05-01,21.14285659790039,21.242856979370117,20.941429138183594,21.124286651611328,18.456035614013672,244048000
2014-05-02,21.155000686645508,21.2214298248291,21.061071395874023,21.163570404052734,18.49036407470703,191514400
2014-05-05,21.07642936706543,21.46428680419922,21.071428298950195,21.46285629272461,18.751846313476562,287067200
2014-05-06,21.492856979370117,21.586071014404297,21.22892951965332,21.22892951965332,18.547462463378906,374564400
2014-05-07,21.258928298950195,21.331785202026367,20.9903564453125,21.15464210510254,18.48256492614746,282864400
2014-05-08,21.008928298950195,21.22892951965332,20.94285774230957,20.999643325805664,18.449613571166992,230297200
2014-05-09,20.876428604125977,20.9375,20.726070404052734,20.91214370727539,18.372739791870117,291597600
2014-05-12,20.981786727905273,21.2021427154541,20.97857093811035,21.172500610351562,18.601482391357422,213208800
2014-05-13,21.14285659790039,21.233570098876953,21.0964298248291,21.205713272094727,18.63066291809082,159737200
2014-05-14,21.158214569091797,21.33571434020996,21.13357162475586,21.20964241027832,18.63411521911621,166404000
2014-05-15,21.239286422729492,21.30714225769043,21.001428604125977,21.029285430908203,18.47565460205078,230846000
2014-05-16,21.022499084472656,21.340356826782227,20.907142639160156,21.339643478393555,18.748327255249023,276256400
2014-05-19,21.35178565979004,21.690357208251953,21.333213806152344,21.592500686645508,18.970476150512695,317755200
2014-05-20,21.589643478393555,21.657142639160156,21.45464324951172,21.596786499023438,18.9742431640625,234836000
2014-05-21,21.565357208251953,21.667856216430664,21.50214385986328,21.653928756713867,19.024450302124023,196859600
2014-05-22,21.66428565979004,21.780357360839844,21.575000762939453,21.688213348388672,19.05457305908203,200760000
2014-05-23,21.6875,21.95464324951172,21.659643173217773,21.93321418762207,19.26982307434082,232209600
2014-05-27,21.99571418762207,22.352142333984375,21.986785888671875,22.343929290771484,19.630661010742188,348866000
2014-05-28,22.35785675048828,22.493928909301758,22.277856826782227,22.28607177734375,19.579832077026367,315481600
2014-05-29,22.423213958740234,22.745357513427734,22.42035675048828,22.692142486572266,19.93659210205078,376474000
2014-05-30,22.78499984741211,23.006071090698242,22.46071434020996,22.60714340209961,19.861915588378906,564020800
2014-06-02,22.641429901123047,22.672500610351562,22.23214340209961,22.451786041259766,19.725418090820312,369350800
2014-06-03,22.44499969482422,22.812143325805664,22.4375,22.769285202026367,20.004369735717773,292709200
2014-06-04,22.765714645385742,23.13892936706543,22.71821403503418,23.029285430908203,20.2327880859375,335482000
2014-06-05,23.078571319580078,23.19178581237793,22.95035743713379,23.11964225769043,20.31218147277832,303805600
2014-06-06,23.21071434020996,23.259286880493164,23.016786575317383,23.05607032775879,20.256328582763672,349938400
2014-06-09,23.174999237060547,23.469999313354492,22.9375,23.424999237060547,20.58045196533203,301660000
2014-06-10,23.6825008392334,23.762500762939453,23.392499923706055,23.5625,20.701261520385742,251108000
2014-06-11,23.532499313354492,23.690000534057617,23.36750030517578,23.46500015258789,20.615602493286133,182724000
2014-06-12,23.510000228881836,23.530000686645508,22.975000381469727,23.072500228881836,20.27075958251953,218996000
2014-06-13,23.049999237060547,23.110000610351562,22.719999313354492,22.81999969482422,20.048919677734375,218100000
2014-06-16,22.877500534057617,23.1875,22.862499237060547,23.049999237060547,20.250993728637695,142244000
2014-06-17,23.077499389648438,23.174999237060547,22.950000762939453,23.020000457763672,20.22463607788086,118904000
2014-06-18,23.0674991607666,23.072500228881836,22.837499618530273,23.045000076293945,20.246604919433594,134056000
2014-06-19,23.072500228881836,23.075000762939453,22.834999084472656,22.96500015258789,20.176321029663086,142112000
2014-06-20,22.962499618530273,23.137500762939453,22.725000381469727,22.727500915527344,19.96765899658203,403592000
2014-06-23,22.829999923706055,22.905000686645508,22.649999618530273,22.707500457763672,19.950084686279297,174776000
2014-06-24,22.6875,22.934999465942383,22.547500610351562,22.56999969482422,19.829280853271484,156144000
2014-06-25,22.552499771118164,22.674999237060547,22.412500381469727,22.59000015258789,19.846851348876953,147476000
2014-06-26,22.592500686645508,22.762500762939453,22.450000762939453,22.725000381469727,19.965456008911133,130516000
2014-06-27,22.704999923706055,23.0,22.6924991607666,22.9950008392334,20.20267105102539,256116000
2014-06-30,23.024999618530273,23.4325008392334,23.022499084472656,23.232500076293945,20.411338806152344,197929200
2014-07-01,23.3799991607666,23.517499923706055,23.282499313354492,23.3799991607666,20.54092025756836,152892000
2014-07-02,23.467500686645508,23.514999389648438,23.272499084472656,23.3700008392334,20.532136917114258,113860000
2014-07-03,23.417499542236328,23.524999618530273,23.299999237060547,23.50749969482422,20.652936935424805,91567200
2014-07-07,23.53499984741211,23.997499465942383,23.524999618530273,23.99250030517578,21.079044342041016,225872000
2014-07-08,24.0674991607666,24.200000762939453,23.479999542236328,23.837499618530273,20.9428653717041,260888000
2014-07-09,23.860000610351562,23.987499237060547,23.690000534057617,23.84749984741211,20.951648712158203,145744000
2014-07-10,23.440000534057617,23.887500762939453,23.3799991607666,23.760000228881836,20.874780654907227,158744000
2014-07-11,23.84000015258789,23.97249984741211,23.71500015258789,23.80500030517578,20.914310455322266,136072000
2014-07-14,23.96500015258789,24.22249984741211,23.912500381469727,24.112499237060547,21.18447494506836,171240000
2014-07-15,24.200000762939453,24.212499618530273,23.75749969482422,23.829999923706055,20.936279296875,181911600
2014-07-16,24.24250030517578,24.274999618530273,23.684999465942383,23.69499969482422,20.817672729492188,213585200
2014-07-17,23.75749969482422,23.81999969482422,23.142499923706055,23.272499084472656,20.44647216796875,229192000
2014-07-18,23.405000686645508,23.684999465942383,23.2549991607666,23.607500076293945,20.740793228149414,199952000
2014-07-21,23.747499465942383,23.75,23.43000030517578,23.485000610351562,20.633169174194336,156316000
2014-07-22,23.670000076293945,23.72249984741211,23.530000686645508,23.68000030517578,20.80449104309082,220788000
2014-07-23,23.854999542236328,24.469999313354492,23.792499542236328,24.297500610351562,21.34700584411621,371672000
2014-07-24,24.260000228881836,24.329999923706055,24.104999542236328,24.25749969482422,21.311861038208008,182916000
2014-07-25,24.212499618530273,24.459999084472656,24.15999984741211,24.417499542236328,21.452436447143555,173876000
2014-07-28,24.454999923706055,24.809999465942383,24.387500762939453,24.7549991607666,21.748950958251953,221272000
2014-07-29,24.832500457763672,24.860000610351562,24.5625,24.594999313354492,21.60837745666504,172572000
2014-07-30,24.610000610351562,24.674999237060547,24.417499542236328,24.537500381469727,21.55786895751953,132040000
2014-07-31,24.290000915527344,24.362499237060547,23.832500457763672,23.899999618530273,20.99777603149414,227372000
2014-08-01,23.725000381469727,24.155000686645508,23.702499389648438,24.032499313354492,21.114185333251953,194044000
2014-08-04,24.092500686645508,24.145000457763672,23.792499542236328,23.897499084472656,20.995576858520508,159832000
2014-08-05,23.84000015258789,23.920000076293945,23.59000015258789,23.780000686645508,20.89234733581543,223732000
2014-08-06,23.6875,23.8700008392334,23.677499771118164,23.739999771118164,20.85720443725586,154232000
2014-08-07,23.732500076293945,23.987499237060547,23.524999618530273,23.6200008392334,20.854995727539062,186844000
2014-08-08,23.565000534057617,23.704999923706055,23.31999969482422,23.684999465942383,20.912385940551758,167460000
2014-08-11,23.8174991607666,24.020000457763672,23.709999084472656,23.997499465942383,21.18830680847168,146340000
2014-08-12,24.010000228881836,24.219999313354492,23.90250015258789,23.99250030517578,21.183895111083984,135180000
2014-08-13,24.037500381469727,24.309999465942383,24.010000228881836,24.309999465942383,21.46422576904297,127664000
2014-08-14,24.332500457763672,24.392499923706055,24.200000762939453,24.375,21.521623611450195,112464000
2014-08-15,24.475000381469727,24.547500610351562,24.21500015258789,24.4950008392334,21.627567291259766,195804000
2014-08-18,24.622499465942383,24.842500686645508,24.4950008392334,24.790000915527344,21.888036727905273,190288000
2014-08-19,24.852500915527344,25.170000076293945,24.829999923706055,25.13249969482422,22.190441131591797,277596000
2014-08-20,25.110000610351562,25.272499084472656,24.987499237060547,25.142499923706055,22.19927406311035,210796000
2014-08-21,25.142499923706055,25.235000610351562,25.02750015258789,25.145000457763672,22.201480865478516,133912000
2014-08-22,25.072500228881836,25.36750030517578,25.047500610351562,25.329999923706055,22.364824295043945,176736000
2014-08-25,25.447500228881836,25.542499542236328,25.31999969482422,25.385000228881836,22.41338539123535,161080000
2014-08-26,25.354999542236328,25.375,25.21500015258789,25.22249984741211,22.269912719726562,132608000
2014-08-27,25.2549991607666,25.642499923706055,25.174999237060547,25.532499313354492,22.543621063232422,209476000
2014-08-28,25.397499084472656,25.69499969482422,25.389999389648438,25.5625,22.570104598999023,273840000
2014-08-29,25.71500015258789,25.725000381469727,25.549999237060547,25.625,22.625286102294922,178380000
2014-09-02,25.764999389648438,25.934999465942383,25.68000030517578,25.825000762939453,22.8018741607666,214256000
2014-09-03,25.774999618530273,25.799999237060547,24.645000457763672,24.735000610351562,21.839468002319336,501684000
2014-09-04,24.712499618530273,25.022499084472656,24.447500228881836,24.530000686645508,21.658477783203125,342872000
2014-09-05,24.700000762939453,24.84749984741211,24.577499389648438,24.74250030517578,21.84609031677246,233828000
2014-09-08,24.825000762939453,24.827499389648438,24.512500762939453,24.59000015258789,21.711450576782227,185426800
2014-09-09,24.770000457763672,25.770000457763672,24.03499984741211,24.497499465942383,21.629783630371094,759385200
2014-09-10,24.502500534057617,25.27750015258789,24.440000534057617,25.25,22.2941837310791,403478400
2014-09-11,25.102500915527344,25.360000610351562,24.905000686645508,25.357500076293945,22.38909912109375,249412400
2014-09-12,25.302499771118164,25.547500610351562,25.270000457763672,25.415000915527344,22.43987274169922,250504400
2014-09-15,25.702499389648438,25.762500762939453,25.360000610351562,25.407499313354492,22.43324851989746,245266000
2014-09-16,24.950000762939453,25.315000534057617,24.72249984741211,25.21500015258789,22.26327896118164,267632400
2014-09-17,25.3174991607666,25.450000762939453,25.147499084472656,25.395000457763672,22.422216415405273,243706000
2014-09-18,25.482500076293945,25.587499618530273,25.389999389648438,25.447500228881836,22.46856689453125,149197600
2014-09-19,25.572500228881836,25.587499618530273,25.125,25.239999771118164,22.285362243652344,283609600
2014-09-22,25.450000762939453,25.53499984741211,25.145000457763672,25.264999389648438,22.307430267333984,211153600
2014-09-23,25.149999618530273,25.735000610351562,25.135000228881836,25.65999984741211,22.656192779541016,253608800
2014-09-24,25.540000915527344,25.712499618530273,25.299999237060547,25.4375,22.45973777770996,240687200
2014-09-25,25.127500534057617,25.177499771118164,24.43000030517578,24.467500686645508,21.603288650512695,400368000
2014-09-26,24.63249969482422,25.1875,24.600000381469727,25.1875,22.23900032043457,249482000
2014-09-29,24.662500381469727,25.110000610351562,24.657499313354492,25.02750015258789,22.097732543945312,199065200
2014-09-30,25.202499389648438,25.385000228881836,25.13249969482422,25.1875,22.23900032043457,221056400
2014-10-01,25.147499084472656,25.172500610351562,24.674999237060547,24.795000076293945,21.89244270324707,205965200
2014-10-02,24.8174991607666,25.05500030517578,24.510000228881836,24.975000381469727,22.051382064819336,191031200
2014-10-03,24.860000610351562,25.052499771118164,24.760000228881836,24.905000686645508,21.989580154418945,173878400
2014-10-06,24.987499237060547,25.162500381469727,24.854999542236328,24.905000686645508,21.989580154418945,148204800
2014-10-07,24.857500076293945,25.030000686645508,24.6825008392334,24.6875,21.797534942626953,168376800
2014-10-08,24.690000534057617,25.27750015258789,24.577499389648438,25.200000762939453,22.250045776367188,229618800
2014-10-09,25.385000228881836,25.594999313354492,25.15250015258789,25.2549991607666,22.298606872558594,309506000
2014-10-10,25.172500610351562,25.50749969482422,25.075000762939453,25.1825008392334,22.234594345092773,265326400
2014-10-13,25.332500457763672,25.44499969482422,24.952499389648438,24.952499389648438,22.031511306762695,214333600
2014-10-14,25.09749984741211,25.1299991607666,24.642499923706055,24.6875,21.797534942626953,254754400
2014-10-15,24.49250030517578,24.787500381469727,23.795000076293945,24.385000228881836,21.530439376831055,403734400
2014-10-16,23.887500762939453,24.43000030517578,23.852500915527344,24.065000534057617,21.24791145324707,288618000
2014-10-17,24.375,24.75,24.202499389648438,24.417499542236328,21.559139251708984,272718800
2014-10-20,24.579999923706055,24.989999771118164,24.55500030517578,24.940000534057617,22.020471572875977,310069200
2014-10-21,25.7549991607666,25.7549991607666,25.3174991607666,25.61750030517578,22.618669509887695,378495600
2014-10-22,25.709999084472656,26.02750015258789,25.649999618530273,25.747499465942383,22.733455657958984,273052400
2014-10-23,26.020000457763672,26.262500762939453,25.907499313354492,26.207500457763672,23.13960075378418,284298800
2014-10-24,26.295000076293945,26.372499465942383,26.13249969482422,26.30500030517578,23.225685119628906,188215600
2014-10-27,26.212499618530273,26.3700008392334,26.174999237060547,26.27750015258789,23.2014102935791,136750800
2014-10-28,26.350000381469727,26.684999465942383,26.337499618530273,26.684999465942383,23.561201095581055,192243600
2014-10-29,26.662500381469727,26.842500686645508,26.59000015258789,26.834999084472656,23.693647384643555,210751600
2014-10-30,26.739999771118164,26.837499618530273,26.475000381469727,26.7450008392334,23.614177703857422,162619200
2014-10-31,27.002500534057617,27.010000228881836,26.802499771118164,27.0,23.83932876586914,178557200
2014-11-03,27.05500030517578,27.575000762939453,27.002500534057617,27.350000381469727,24.148361206054688,209130400
2014-11-04,27.34000015258789,27.372499465942383,26.93000030517578,27.149999618530273,23.97176742553711,166297600
2014-11-05,27.274999618530273,27.325000762939453,27.032499313354492,27.21500015258789,24.029163360595703,149743600
2014-11-06,27.149999618530273,27.197500228881836,26.950000762939453,27.174999237060547,24.09787940979004,139874000
2014-11-07,27.1875,27.329999923706055,27.137500762939453,27.252500534057617,24.166610717773438,134766000
2014-11-10,27.2549991607666,27.332500457763672,27.167499542236328,27.207500457763672,24.126710891723633,108782000
2014-11-11,27.174999237060547,27.4375,27.100000381469727,27.424999237060547,24.319570541381836,109769200
2014-11-12,27.344999313354492,27.857500076293945,27.342500686645508,27.8125,24.66319465637207,187769600
2014-11-13,27.950000762939453,28.362499237060547,27.899999618530273,28.204999923706055,25.011255264282227,238091600
2014-11-14,28.287500381469727,28.547500610351562,27.802499771118164,28.545000076293945,25.312759399414062,176254400
2014-11-17,28.5674991607666,29.31999969482422,28.325000762939453,28.497499465942383,25.27063751220703,186986800
2014-11-18,28.485000610351562,28.922500610351562,28.47249984741211,28.86750030517578,25.598735809326172,176896000
2014-11-19,28.860000610351562,28.934999465942383,28.450000762939453,28.667499542236328,25.421384811401367,167476800
2014-11-20,28.727500915527344,29.21500015258789,28.712499618530273,29.077499389648438,25.784957885742188,173582000
2014-11-21,29.377500534057617,29.392499923706055,29.00749969482422,29.11750030517578,25.8204345703125,228717200
2014-11-24,29.212499618530273,29.6924991607666,29.155000686645508,29.657499313354492,26.299285888671875,189803200
2014-11-25,29.767499923706055,29.9375,29.362499237060547,29.399999618530273,26.07094383239746,275361600
2014-11-26,29.485000610351562,29.774999618530273,29.457500457763672,29.75,26.381309509277344,163073200
2014-11-28,29.8174991607666,29.850000381469727,29.512500762939453,29.732500076293945,26.36578941345215,99257600
2014-12-01,29.702499389648438,29.8125,27.8174991607666,28.767499923706055,25.51006507873535,335256000
2014-12-02,28.375,28.9375,28.1875,28.657499313354492,25.41251564025879,237395600
2014-12-03,28.9375,29.087499618530273,28.77750015258789,28.982500076293945,25.70071792602539,172253600
2014-12-04,28.9424991607666,29.299999237060547,28.822500228881836,28.872499465942383,25.60317039489746,168178000
2014-12-05,28.997499465942383,29.020000457763672,28.65999984741211,28.75,25.494548797607422,153275600
2014-12-08,28.524999618530273,28.662500381469727,27.905000686645508,28.100000381469727,24.91814613342285,230659600
2014-12-09,27.547500610351562,28.575000762939453,27.337499618530273,28.530000686645508,25.299457550048828,240832000
2014-12-10,28.602500915527344,28.712499618530273,27.885000228881836,27.987499237060547,24.818382263183594,178261200
2014-12-11,28.065000534057617,28.450000762939453,27.834999084472656,27.905000686645508,24.74522590637207,165606800
2014-12-12,27.614999771118164,27.967500686645508,27.395000457763672,27.4325008392334,24.32622718811035,224112400
2014-12-15,27.674999237060547,27.899999618530273,26.587499618530273,27.0575008392334,23.993694305419922,268872400
2014-12-16,26.592500686645508,27.540000915527344,26.565000534057617,26.6875,23.665584564208984,243162800
2014-12-17,26.780000686645508,27.459999084472656,26.704999923706055,27.352500915527344,24.255290985107422,213647200
2014-12-18,27.967500686645508,28.162500381469727,27.665000915527344,28.162500381469727,24.97356414794922,236024800
2014-12-19,28.065000534057617,28.309999465942383,27.915000915527344,27.94499969482422,24.78070068359375,353719200
2014-12-22,28.040000915527344,28.372499465942383,27.99250030517578,28.235000610351562,25.037858963012695,180670000
2014-12-23,28.3075008392334,28.332500457763672,28.114999771118164,28.135000228881836,24.949174880981445,104113600
2014-12-24,28.145000457763672,28.177499771118164,28.002500534057617,28.002500534057617,24.83168601989746,57918400
2014-12-26,28.024999618530273,28.6299991607666,28.002500534057617,28.497499465942383,25.27063751220703,134884000
2014-12-29,28.447500228881836,28.6924991607666,28.424999237060547,28.477500915527344,25.25290298461914,110395600
2014-12-30,28.40999984741211,28.479999542236328,28.02750015258789,28.1299991607666,24.944747924804688,119526000
2014-12-31,28.204999923706055,28.282499313354492,27.552499771118164,27.594999313354492,24.470325469970703,165613600
2015-01-02,27.84749984741211,27.860000610351562,26.837499618530273,27.332500457763672,24.237550735473633,212818400
2015-01-05,27.072500228881836,27.162500381469727,26.352500915527344,26.5625,23.55473518371582,257142000
2015-01-06,26.635000228881836,26.857500076293945,26.157499313354492,26.565000534057617,23.556957244873047,263188400
2015-01-07,26.799999237060547,27.049999237060547,26.674999237060547,26.9375,23.887279510498047,160423600
2015-01-08,27.3075008392334,28.037500381469727,27.174999237060547,27.97249984741211,24.805078506469727,237458000
2015-01-09,28.167499542236328,28.3125,27.552499771118164,28.002500534057617,24.83168601989746,214798000
2015-01-12,28.149999618530273,28.157499313354492,27.200000762939453,27.3125,24.219820022583008,198603200
2015-01-13,27.857500076293945,28.200000762939453,27.227500915527344,27.55500030517578,24.434858322143555,268367600
2015-01-14,27.260000228881836,27.622499465942383,27.125,27.450000762939453,24.34174919128418,195826400
2015-01-15,27.5,27.514999389648438,26.665000915527344,26.704999923706055,23.68110466003418,240056000
2015-01-16,26.75749969482422,26.895000457763672,26.299999237060547,26.497499465942383,23.497095108032227,314053200
2015-01-20,26.959999084472656,27.24250030517578,26.625,27.18000030517578,24.102325439453125,199599600
2015-01-21,27.237499237060547,27.764999389648438,27.0674991607666,27.387500762939453,24.286325454711914,194303600
2015-01-22,27.565000534057617,28.11750030517578,27.43000030517578,28.100000381469727,24.91814613342285,215185600
2015-01-23,28.075000762939453,28.4375,27.88249969482422,28.2450008392334,25.046722412109375,185859200
2015-01-26,28.434999465942383,28.59000015258789,28.200000762939453,28.274999618530273,25.073326110839844,222460000
2015-01-27,28.104999542236328,28.1200008392334,27.25749969482422,27.28499984741211,24.195430755615234,382274800
2015-01-28,29.407499313354492,29.530000686645508,28.827499389648438,28.827499389648438,25.56326675415039,585908400
2015-01-29,29.079999923706055,29.797500610351562,28.889999389648438,29.725000381469727,26.35913848876953,337745600
2015-01-30,29.600000381469727,30.0,29.212499618530273,29.290000915527344,25.973392486572266,334982000
2015-02-02,29.512500762939453,29.792499542236328,29.020000457763672,29.657499313354492,26.299285888671875,250956400
2015-02-03,29.625,29.772499084472656,29.40250015258789,29.662500381469727,26.3037109375,207662800
2015-02-04,29.625,30.127500534057617,29.577499389648438,29.889999389648438,26.505456924438477,280598800
2015-02-05,30.0049991607666,30.0575008392334,29.8125,29.985000610351562,26.694643020629883,168984800
2015-02-06,30.0049991607666,30.0625,29.612499237060547,29.732500076293945,26.4698486328125,174826400
2015-02-09,29.637500762939453,29.959999084472656,29.607500076293945,29.93000030517578,26.645679473876953,155559200
2015-02-10,30.042499542236328,30.537500381469727,30.040000915527344,30.5049991607666,27.15757179260254,248034000
2015-02-11,30.6924991607666,31.229999542236328,30.625,31.219999313354492,27.794116973876953,294247200
2015-02-12,31.514999389648438,31.8700008392334,31.392499923706055,31.614999771118164,28.14577293395996,297898000
2015-02-13,31.81999969482422,31.81999969482422,31.412500381469727,31.770000457763672,28.283771514892578,217088800
2015-02-17,31.872499465942383,32.220001220703125,31.729999542236328,31.957500457763672,28.450695037841797,252609600
2015-02-18,31.907499313354492,32.19499969482422,31.862499237060547,32.18000030517578,28.64876937866211,179566800
2015-02-19,32.119998931884766,32.25749969482422,32.08250045776367,32.11249923706055,28.588680267333984,149449600
2015-02-20,32.154998779296875,32.375,32.01250076293945,32.375,28.822376251220703,195793600
2015-02-23,32.505001068115234,33.25,32.415000915527344,33.25,29.601360321044922,283896400
2015-02-24,33.23500061035156,33.400001525878906,32.79249954223633,33.04249954223633,29.416627883911133,276912400
2015-02-25,32.88999938964844,32.900001525878906,32.037498474121094,32.1974983215332,28.664356231689453,298846800
2015-02-26,32.1974983215332,32.717498779296875,31.65250015258789,32.60499954223633,29.027135848999023,365150000
2015-02-27,32.5,32.64250183105469,32.060001373291016,32.1150016784668,28.59091567993164,248059200
2015-03-02,32.3125,32.56999969482422,32.07500076293945,32.272499084472656,28.731121063232422,192386800
2015-03-03,32.2400016784668,32.380001068115234,32.022499084472656,32.34000015258789,28.791215896606445,151265200
2015-03-04,32.275001525878906,32.38999938964844,32.08000183105469,32.1349983215332,28.60870361328125,126665200
2015-03-05,32.14500045776367,32.1875,31.440000534057617,31.602500915527344,28.134641647338867,226068400
2015-03-06,32.099998474121094,32.342498779296875,31.565000534057617,31.649999618530273,28.17693519592285,291368400
2015-03-09,31.989999771118164,32.39250183105469,31.264999389648438,31.78499984741211,28.297121047973633,354114000
2015-03-10,31.602500915527344,31.80500030517578,30.950000762939453,31.127500534057617,27.711767196655273,275426400
2015-03-11,31.1875,31.1924991607666,30.52750015258789,30.559999465942383,27.206544876098633,275756000
2015-03-12,30.577499389648438,31.225000381469727,30.407499313354492,31.112499237060547,27.69841194152832,193450800
2015-03-13,31.100000381469727,31.350000381469727,30.645000457763672,30.897499084472656,27.50701141357422,207309200
2015-03-16,30.969999313354492,31.237499237060547,30.717500686645508,31.237499237060547,27.809696197509766,143497200
2015-03-17,31.475000381469727,31.829999923706055,31.412500381469727,31.760000228881836,28.274864196777344,204092400
2015-03-18,31.75,32.290000915527344,31.592500686645508,32.11750030517578,28.5931339263916,261083600
2015-03-19,32.1875,32.3125,31.850000381469727,31.875,28.37724494934082,183238000
2015-03-20,32.0625,32.099998474121094,31.290000915527344,31.475000381469727,28.021135330200195,274780400
2015-03-23,31.780000686645508,31.962499618530273,31.6299991607666,31.802499771118164,28.31270408630371,150838800
2015-03-24,31.8075008392334,32.0099983215332,31.639999389648438,31.672500610351562,28.196962356567383,131369200
2015-03-25,31.635000228881836,31.704999923706055,30.844999313354492,30.844999313354492,27.460268020629883,206620800
2015-03-26,30.690000534057617,31.219999313354492,30.649999618530273,31.059999465942383,27.651668548583984,190291600
2015-03-27,31.142499923706055,31.174999237060547,30.727500915527344,30.8125,27.431337356567383,158184800
2015-03-30,31.012500762939453,31.600000381469727,31.0,31.592500686645508,28.125743865966797,188398800
2015-03-31,31.522499084472656,31.622499465942383,31.09000015258789,31.107500076293945,27.69396209716797,168362400
2015-04-01,31.204999923706055,31.280000686645508,30.774999618530273,31.0625,27.65389633178711,162485600
2015-04-02,31.25749969482422,31.389999389648438,31.047500610351562,31.329999923706055,27.892047882080078,128880400
2015-04-06,31.11750030517578,31.877500534057617,31.082500457763672,31.837499618530273,28.343860626220703,148776000
2015-04-07,31.90999984741211,32.029998779296875,31.4950008392334,31.502500534057617,28.045625686645508,140049200
2015-04-08,31.462499618530273,31.600000381469727,31.24250030517578,31.399999618530273,27.954370498657227,149316800
2015-04-09,31.462499618530273,31.645000457763672,31.165000915527344,31.639999389648438,28.16802978515625,129936000
2015-04-10,31.487499237060547,31.802499771118164,31.315000534057617,31.774999618530273,28.288217544555664,160752000
2015-04-13,32.092498779296875,32.14250183105469,31.65250015258789,31.712499618530273,28.23257064819336,145460400
2015-04-14,31.75,31.822500228881836,31.477500915527344,31.575000762939453,28.11016082763672,102098400
2015-04-15,31.602500915527344,31.782499313354492,31.502500534057617,31.69499969482422,28.217002868652344,115881600
2015-04-16,31.56999969482422,31.774999618530273,31.52750015258789,31.542499542236328,28.081228256225586,113476000
2015-04-17,31.387500762939453,31.53499984741211,31.114999771118164,31.1875,27.76518440246582,207828000
2015-04-20,31.392499923706055,32.029998779296875,31.292499542236328,31.899999618530273,28.399497985839844,188217200
2015-04-21,32.025001525878906,32.04999923706055,31.667499542236328,31.727500915527344,28.245927810668945,129740400
2015-04-22,31.747499465942383,32.217498779296875,31.579999923706055,32.154998779296875,28.62651824951172,150618000
2015-04-23,32.07500076293945,32.60499954223633,32.03499984741211,32.41749954223633,28.860210418701172,183083600
2015-04-24,32.622501373291016,32.657501220703125,32.307498931884766,32.56999969482422,28.995975494384766,178103600
2015-04-27,33.07749938964844,33.282501220703125,32.787498474121094,33.162498474121094,29.523456573486328,387816800
2015-04-28,33.6150016784668,33.6349983215332,32.39250183105469,32.63999938964844,29.058292388916016,475696000
2015-04-29,32.540000915527344,32.897499084472656,32.07500076293945,32.15999984741211,28.630966186523438,253544400
2015-04-30,32.15999984741211,32.15999984741211,31.145000457763672,31.287500381469727,27.854215621948242,332781600
2015-05-01,31.524999618530273,32.532501220703125,31.325000762939453,32.23749923706055,28.69996452331543,234050400
2015-05-04,32.375,32.64250183105469,32.064998626708984,32.17499923706055,28.64432144165039,203953200
2015-05-05,32.037498474121094,32.11249923706055,31.44499969482422,31.450000762939453,27.99888038635254,197085600
2015-05-06,31.639999389648438,31.6875,30.84000015258789,31.252500534057617,27.82305335998535,288564000
2015-05-07,31.1924991607666,31.520000457763672,31.0049991607666,31.315000534057617,27.995145797729492,175763600
2015-05-08,31.670000076293945,31.905000686645508,31.52750015258789,31.905000686645508,28.522602081298828,222201600
2015-05-11,31.84749984741211,31.889999389648438,31.407499313354492,31.579999923706055,28.232053756713867,168143200
2015-05-12,31.399999618530273,31.719999313354492,31.204999923706055,31.467500686645508,28.1314754486084,192640000
2015-05-13,31.537500381469727,31.797500610351562,31.467500686645508,31.502500534057617,28.162771224975586,138776800
2015-05-14,31.852500915527344,32.23749923706055,31.790000915527344,32.23749923706055,28.819849014282227,180814000
2015-05-15,32.26750183105469,32.372501373291016,32.0525016784668,32.192501068115234,28.77961540222168,152832000
2015-05-18,32.095001220703125,32.68000030517578,32.09000015258789,32.54750061035156,29.096982955932617,203531600
2015-05-19,32.67250061035156,32.720001220703125,32.40999984741211,32.51750183105469,29.07016372680664,178532800
2015-05-20,32.5,32.744998931884766,32.334999084472656,32.51499938964844,29.06791877746582,145819600
2015-05-21,32.51750183105469,32.907501220703125,32.45750045776367,32.84749984741211,29.365177154541016,158921600
2015-05-22,32.900001525878906,33.24250030517578,32.849998474121094,33.1349983215332,29.622201919555664,182384000
2015-05-26,33.150001525878906,33.227500915527344,32.279998779296875,32.404998779296875,28.969593048095703,282790400
2015-05-27,32.584999084472656,33.064998626708984,32.51250076293945,33.0099983215332,29.510448455810547,183332800
2015-05-28,32.96500015258789,32.98749923706055,32.775001525878906,32.94499969482422,29.452342987060547,122933200
2015-05-29,32.807498931884766,32.86249923706055,32.474998474121094,32.56999969482422,29.117094039916992,203538000
2015-06-01,32.56999969482422,32.84749984741211,32.51250076293945,32.6349983215332,29.175209045410156,128451200
2015-06-02,32.46500015258789,32.665000915527344,32.33000183105469,32.4900016784668,29.04557991027832,134670400
2015-06-03,32.665000915527344,32.73500061035156,32.474998474121094,32.529998779296875,29.08133888244629,123934000
2015-06-04,32.39500045776367,32.64500045776367,32.227500915527344,32.34000015258789,28.911479949951172,153800400
2015-06-05,32.375,32.42250061035156,32.09000015258789,32.162498474121094,28.752796173095703,142507200
2015-06-08,32.224998474121094,32.3025016784668,31.707500457763672,31.950000762939453,28.56283187866211,210699200
2015-06-09,31.674999237060547,32.02000045776367,31.405000686645508,31.854999542236328,28.477888107299805,224301600
2015-06-10,31.979999542236328,32.334999084472656,31.962499618530273,32.220001220703125,28.804203033447266,156349200
2015-06-11,32.29499816894531,32.54499816894531,32.119998931884766,32.147499084472656,28.739381790161133,141563600
2015-06-12,32.04750061035156,32.08250045776367,31.77750015258789,31.792499542236328,28.42201805114746,147544800
2015-06-15,31.524999618530273,31.809999465942383,31.427499771118164,31.729999542236328,28.36614990234375,175955600
2015-06-16,31.75749969482422,31.962499618530273,31.592500686645508,31.899999618530273,28.518129348754883,125976400
2015-06-17,31.93000030517578,31.969999313354492,31.684999465942383,31.825000762939453,28.451080322265625,131672400
2015-06-18,31.8075008392334,32.07749938964844,31.80500030517578,31.969999313354492,28.580707550048828,141628800
2015-06-19,31.927499771118164,31.954999923706055,31.600000381469727,31.649999618530273,28.294628143310547,218867600
2015-06-22,31.872499465942383,32.01499938964844,31.770000457763672,31.90250015258789,28.52035903930664,136157200
2015-06-23,31.8700008392334,31.90250015258789,31.719999313354492,31.75749969482422,28.39072608947754,121075600
2015-06-24,31.802499771118164,32.45000076293945,31.780000686645508,32.02750015258789,28.63210678100586,221123600
2015-06-25,32.21500015258789,32.29999923706055,31.875,31.875,28.49578285217285,127752400
2015-06-26,31.917499542236328,31.997499465942383,31.627500534057617,31.6875,28.328153610229492,176267200
2015-06-29,31.364999771118164,31.61750030517578,31.1200008392334,31.13249969482422,27.831989288330078,196645600
2015-06-30,31.392499923706055,31.530000686645508,31.21500015258789,31.357500076293945,28.03313446044922,177482800
2015-07-01,31.725000381469727,31.735000610351562,31.497499465942383,31.649999618530273,28.294628143310547,120955200
2015-07-02,31.607500076293945,31.672500610351562,31.4424991607666,31.610000610351562,28.25887107849121,108844000
2015-07-06,31.235000610351562,31.5575008392334,31.212499618530273,31.5,28.1605281829834,112241600
2015-07-07,31.47249984741211,31.537500381469727,30.9424991607666,31.422500610351562,28.091245651245117,187787200
2015-07-08,31.1200008392334,31.15999984741211,30.635000228881836,30.642499923706055,27.393938064575195,243046400
2015-07-09,30.962499618530273,31.014999389648438,29.80500030517578,30.017499923706055,26.8351993560791,314380000
2015-07-10,30.485000610351562,30.962499618530273,30.302499771118164,30.81999969482422,27.552623748779297,245418000
2015-07-13,31.25749969482422,31.440000534057617,31.079999923706055,31.415000915527344,28.08454704284668,165762000
2015-07-14,31.510000228881836,31.592500686645508,31.260000228881836,31.40250015258789,28.073362350463867,127072400
2015-07-15,31.43000030517578,31.787500381469727,31.395000457763672,31.704999923706055,28.343795776367188,134596800
2015-07-16,31.934999465942383,32.14250183105469,31.837499618530273,32.127498626708984,28.721508026123047,144889600
2015-07-17,32.27000045776367,32.404998779296875,32.07749938964844,32.404998779296875,28.969593048095703,184658800
2015-07-20,32.74250030517578,33.24250030517578,32.67499923706055,33.01750183105469,29.51715087890625,235600800
2015-07-21,33.212501525878906,33.22999954223633,32.58000183105469,32.6875,29.222135543823242,307025600
2015-07-22,30.497499465942383,31.375,30.497499465942383,31.30500030517578,27.9862003326416,461802400
2015-07-23,31.549999237060547,31.772499084472656,31.264999389648438,31.290000915527344,27.972797393798828,203998000
2015-07-24,31.329999923706055,31.434999465942383,30.975000381469727,31.125,27.82529067993164,168649200
2015-07-27,30.772499084472656,30.90250015258789,30.530000686645508,30.6924991607666,27.438642501831055,177822000
2015-07-28,30.844999313354492,30.977500915527344,30.637500762939453,30.844999313354492,27.57497215270996,134472400
2015-07-29,30.787500381469727,30.875,30.5674991607666,30.747499465942383,27.48780632019043,148046800
2015-07-30,30.579999923706055,30.642499923706055,30.427499771118164,30.592500686645508,27.3492431640625,134513200
2015-07-31,30.649999618530273,30.65999984741211,30.227500915527344,30.325000762939453,27.11009979248047,171540000
2015-08-03,30.375,30.642499923706055,29.3799991607666,29.610000610351562,26.47090721130371,279904000
2015-08-04,29.354999542236328,29.424999237060547,28.3125,28.65999984741211,25.62160873413086,496554400
2015-08-05,28.237499237060547,29.360000610351562,28.024999618530273,28.850000381469727,25.791471481323242,397250400
2015-08-06,28.99250030517578,29.125,28.530000686645508,28.782499313354492,25.847593307495117,211612000
2015-08-07,28.645000457763672,29.0625,28.625,28.8799991607666,25.935152053833008,154681600
2015-08-10,29.13249969482422,29.997499465942383,29.13249969482422,29.93000030517578,26.87809181213379,219806400
2015-08-11,29.452499389648438,29.545000076293945,28.332500457763672,28.372499465942383,25.479402542114258,388331200
2015-08-12,28.13249969482422,28.854999542236328,27.407499313354492,28.809999465942383,25.872291564941406,404870000
2015-08-13,29.010000228881836,29.100000381469727,28.635000228881836,28.787500381469727,25.852094650268555,194143200
2015-08-14,28.579999923706055,29.077499389648438,28.502500534057617,28.989999771118164,26.033937454223633,171718000
2015-08-17,29.010000228881836,29.412500381469727,28.875,29.290000915527344,26.303356170654297,163538800
2015-08-18,29.107500076293945,29.360000610351562,29.002500534057617,29.125,26.15517234802246,138242800
2015-08-19,29.024999618530273,29.1299991607666,28.670000076293945,28.752500534057617,25.82065773010254,193146000
2015-08-20,28.520000457763672,28.587499618530273,27.907499313354492,28.162500381469727,25.290821075439453,274006400
2015-08-21,27.607500076293945,27.975000381469727,26.412500381469727,26.440000534057617,23.743959426879883,513102000
2015-08-24,23.717500686645508,27.200000762939453,23.0,25.780000686645508,23.151260375976562,648825200
2015-08-25,27.77750015258789,27.77750015258789,25.875,25.934999465942383,23.29045867919922,414406400
2015-08-26,26.772499084472656,27.47249984741211,26.262500762939453,27.422500610351562,24.626270294189453,387098400
2015-08-27,28.0575008392334,28.309999465942383,27.5049991607666,28.229999542236328,25.35143280029297,338464400
2015-08-28,28.042499542236328,28.327499389648438,27.885000228881836,28.322500228881836,25.434505462646484,212657600
2015-08-31,28.00749969482422,28.63249969482422,28.0,28.190000534057617,25.315513610839844,224917200
2015-09-01,27.537500381469727,27.969999313354492,26.84000015258789,26.93000030517578,24.183992385864258,307383600
2015-09-02,27.5575008392334,28.084999084472656,27.282499313354492,28.084999084472656,25.22121810913086,247555200
2015-09-03,28.122499465942383,28.19499969482422,27.510000228881836,27.592500686645508,24.77893829345703,212935600
2015-09-04,27.24250030517578,27.612499237060547,27.127500534057617,27.3174991607666,24.53197479248047,199985200
2015-09-08,27.9375,28.139999389648438,27.579999923706055,28.077499389648438,25.21448516845703,219374400
2015-09-09,28.440000534057617,28.5049991607666,27.4424991607666,27.537500381469727,24.72954559326172,340043200
2015-09-10,27.5674991607666,28.31999969482422,27.475000381469727,28.142499923706055,25.272857666015625,251571200
2015-09-11,27.947500228881836,28.552499771118164,27.940000534057617,28.552499771118164,25.64105224609375,199662000
2015-09-14,29.145000457763672,29.22249984741211,28.71500015258789,28.827499389648438,25.888010025024414,233453600
2015-09-15,28.982500076293945,29.13249969482422,28.604999542236328,29.06999969482422,26.10577964782715,173364800
2015-09-16,29.0625,29.135000228881836,28.860000610351562,29.102500915527344,26.13496971130371,148694000
2015-09-17,28.915000915527344,29.122499465942383,28.43000030517578,28.479999542236328,25.57594108581543,256450400
2015-09-18,28.052499771118164,28.575000762939453,27.967500686645508,28.362499237060547,25.470420837402344,297141200
2015-09-21,28.417499542236328,28.842500686645508,28.415000915527344,28.802499771118164,25.865562438964844,200888000
2015-09-22,28.344999313354492,28.545000076293945,28.1299991607666,28.350000381469727,25.45920181274414,201384800
2015-09-23,28.407499313354492,28.68000030517578,28.325000762939453,28.579999923706055,25.665746688842773,143026800
2015-09-24,28.3125,28.875,28.092500686645508,28.75,25.81840705871582,200878000
2015-09-25,29.110000610351562,29.172500610351562,28.5049991607666,28.677499771118164,25.75330352783203,224607600
2015-09-28,28.462499618530273,28.642499923706055,28.110000610351562,28.110000610351562,25.243667602539062,208436000
2015-09-29,28.207500457763672,28.377500534057617,26.96500015258789,27.264999389648438,24.484832763671875,293461600
2015-09-30,27.542499542236328,27.885000228881836,27.1825008392334,27.575000762939453,24.763227462768555,265892000
2015-10-01,27.267499923706055,27.405000686645508,26.827499389648438,27.395000457763672,24.601579666137695,255716400
2015-10-02,27.002500534057617,27.752500534057617,26.887500762939453,27.594999313354492,24.781187057495117,232079200
2015-10-05,27.469999313354492,27.842500686645508,27.267499923706055,27.69499969482422,24.870990753173828,208258800
2015-10-06,27.657499313354492,27.934999465942383,27.4424991607666,27.827499389648438,24.989974975585938,192787200
2015-10-07,27.934999465942383,27.9424991607666,27.352500915527344,27.69499969482422,24.870990753173828,187062400
2015-10-08,27.547500610351562,27.547500610351562,27.052499771118164,27.375,24.583621978759766,247918400
2015-10-09,27.5,28.06999969482422,27.372499465942383,28.030000686645508,25.17183494567871,211064400
2015-10-12,28.1825008392334,28.1875,27.860000610351562,27.899999618530273,25.055089950561523,121868800
2015-10-13,27.704999923706055,28.112499237060547,27.670000076293945,27.947500228881836,25.097742080688477,132197200
2015-10-14,27.822500228881836,27.8799991607666,27.389999389648438,27.552499771118164,24.74302101135254,177849600
2015-10-15,27.732500076293945,28.024999618530273,27.622499465942383,27.96500015258789,25.11345863342285,150694000
2015-10-16,27.94499969482422,28.0,27.63249969482422,27.760000228881836,24.929363250732422,156930400
2015-10-19,27.700000762939453,27.9375,27.52750015258789,27.9325008392334,25.084272384643555,119036800
2015-10-20,27.834999084472656,28.542499542236328,27.704999923706055,28.4424991607666,25.542268753051758,195871200
2015-10-21,28.5,28.895000457763672,28.424999237060547,28.440000534057617,25.54003143310547,167180800
2015-10-22,28.582500457763672,28.875,28.524999618530273,28.875,25.93067169189453,166616400
2015-10-23,29.174999237060547,29.8075008392334,29.082500457763672,29.770000457763672,26.734405517578125,237467600
2015-10-26,29.520000457763672,29.532499313354492,28.729999542236328,28.81999969482422,25.881275177001953,265335200
2015-10-27,28.850000381469727,29.135000228881836,28.497499465942383,28.637500762939453,25.717384338378906,279537600
2015-10-28,29.232500076293945,29.825000762939453,29.014999389648438,29.8174991607666,26.777063369750977,342205600
2015-10-29,29.674999237060547,30.172500610351562,29.5674991607666,30.13249969482422,27.059940338134766,204909200
2015-10-30,30.247499465942383,30.30500030517578,29.862499237060547,29.875,26.828699111938477,197461200
2015-11-02,30.200000762939453,30.34000015258789,29.90250015258789,30.295000076293945,27.205867767333984,128813200
2015-11-03,30.197500228881836,30.872499465942383,30.174999237060547,30.642499923706055,27.51793670654297,182076000
2015-11-04,30.782499313354492,30.954999923706055,30.405000686645508,30.5,27.389968872070312,179544400
2015-11-05,30.462499618530273,30.672500610351562,30.045000076293945,30.229999542236328,27.263702392578125,158210800
2015-11-06,30.27750015258789,30.452499389648438,30.155000686645508,30.264999389648438,27.295270919799805,132169200
2015-11-09,30.239999771118164,30.452499389648438,30.012500762939453,30.142499923706055,27.184785842895508,135485600
2015-11-10,29.225000381469727,29.517499923706055,29.014999389648438,29.1924991607666,26.328004837036133,236511600
2015-11-11,29.092500686645508,29.354999542236328,28.802499771118164,29.02750015258789,26.17919921875,180872000
2015-11-12,29.065000534057617,29.204999923706055,28.912500381469727,28.93000030517578,26.091262817382812,130102400
2015-11-13,28.799999237060547,28.892499923706055,28.0674991607666,28.084999084472656,25.32918357849121,183249600
2015-11-16,27.844999313354492,28.559999465942383,27.75,28.545000076293945,25.74404525756836,152426800
2015-11-17,28.729999542236328,28.762500762939453,28.329999923706055,28.422500610351562,25.633562088012695,110467600
2015-11-18,28.940000534057617,29.372499465942383,28.875,29.322500228881836,26.44525146484375,186698800
2015-11-19,29.40999984741211,29.9375,29.190000534057617,29.69499969482422,26.781198501586914,173183200
2015-11-20,29.799999237060547,29.979999542236328,29.712499618530273,29.825000762939453,26.898448944091797,137148400
2015-11-23,29.8174991607666,29.9325008392334,29.334999084472656,29.4375,26.548967361450195,129930000
2015-11-24,29.332500457763672,29.837499618530273,29.280000686645508,29.719999313354492,26.803743362426758,171212800
2015-11-25,29.802499771118164,29.8075008392334,29.479999542236328,29.50749969482422,26.61209487915039,85553200
2015-11-27,29.572500228881836,29.602500915527344,29.399999618530273,29.452499389648438,26.5624942779541,52185600
2015-11-30,29.497499465942383,29.852500915527344,29.4375,29.575000762939453,26.67298126220703,156721200
2015-12-01,29.6875,29.702499389648438,29.21500015258789,29.334999084472656,26.45652961730957,139409600
2015-12-02,29.334999084472656,29.52750015258789,29.020000457763672,29.06999969482422,26.217525482177734,133546400
2015-12-03,29.137500762939453,29.197500228881836,28.55500030517578,28.799999237060547,25.97402000427246,166278000
2015-12-04,28.822500228881836,29.8125,28.77750015258789,29.75749969482422,26.837568283081055,231108000
2015-12-07,29.7450008392334,29.96500015258789,29.452499389648438,29.56999969482422,26.668460845947266,128336800
2015-12-08,29.3799991607666,29.649999618530273,29.21500015258789,29.5575008392334,26.657197952270508,137238000
2015-12-09,29.40999984741211,29.422500610351562,28.770000457763672,28.905000686645508,26.068721771240234,185445600
2015-12-10,29.010000228881836,29.235000610351562,28.877500534057617,29.042499542236328,26.192724227905273,116850800
2015-12-11,28.797500610351562,28.84749984741211,28.212499618530273,28.295000076293945,25.518579483032227,187544800
2015-12-14,28.045000076293945,28.170000076293945,27.447500228881836,28.1200008392334,25.360748291015625,257274800
2015-12-15,27.985000610351562,28.200000762939453,27.587499618530273,27.622499465942383,24.912063598632812,213292400
2015-12-16,27.767499923706055,27.997499465942383,27.200000762939453,27.834999084472656,25.103708267211914,224954000
2015-12-17,28.0049991607666,28.0625,27.2450008392334,27.2450008392334,24.57160186767578,179091200
2015-12-18,27.227500915527344,27.3799991607666,26.452499389648438,26.50749969482422,23.906471252441406,385813200
2015-12-21,26.81999969482422,26.842500686645508,26.392499923706055,26.832500457763672,24.199581146240234,190362400
2015-12-22,26.850000381469727,26.93000030517578,26.612499237060547,26.8075008392334,24.17703628540039,131157600
2015-12-23,26.8174991607666,27.212499618530273,26.799999237060547,27.15250015258789,24.488187789916992,130629600
2015-12-24,27.25,27.25,26.987499237060547,27.00749969482422,24.35741424560547,54281600
2015-12-28,26.897499084472656,26.922500610351562,26.545000076293945,26.704999923706055,24.0845890045166,106816800
2015-12-29,26.739999771118164,27.357500076293945,26.71500015258789,27.184999465942383,24.517492294311523,123724800
2015-12-30,27.145000457763672,27.174999237060547,26.795000076293945,26.829999923706055,24.19732666015625,100855200
2015-12-31,26.752500534057617,26.75749969482422,26.204999923706055,26.315000534057617,23.732860565185547,163649200
2016-01-04,25.65250015258789,26.342500686645508,25.5,26.337499618530273,23.753149032592773,270597600
2016-01-05,26.4375,26.462499618530273,25.602500915527344,25.677499771118164,23.15791130065918,223164000
2016-01-06,25.139999389648438,25.592500686645508,24.967500686645508,25.174999237060547,22.704710006713867,273829600
2016-01-07,24.670000076293945,25.032499313354492,24.107500076293945,24.112499237060547,21.746475219726562,324377600
2016-01-08,24.637500762939453,24.77750015258789,24.190000534057617,24.239999771118164,21.861469268798828,283192000
2016-01-11,24.74250030517578,24.764999389648438,24.334999084472656,24.63249969482422,22.215456008911133,198957600
2016-01-12,25.137500762939453,25.172500610351562,24.709999084472656,24.989999771118164,22.537878036499023,196616800
2016-01-13,25.079999923706055,25.297500610351562,24.325000762939453,24.34749984741211,21.95842170715332,249758400
2016-01-14,24.489999771118164,25.1200008392334,23.934999465942383,24.8799991607666,22.43867301940918,252680400
2016-01-15,24.049999237060547,24.427499771118164,23.84000015258789,24.282499313354492,21.899797439575195,319335600
2016-01-19,24.602500915527344,24.662500381469727,23.875,24.165000915527344,21.793832778930664,212350800
2016-01-20,23.774999618530273,24.547500610351562,23.354999542236328,24.197500228881836,21.823137283325195,289337600
2016-01-21,24.264999389648438,24.469999313354492,23.735000610351562,24.075000762939453,21.712663650512695,208646000
2016-01-22,24.657499313354492,25.364999771118164,24.592500686645508,25.354999542236328,22.867053985595703,263202000
2016-01-25,25.3799991607666,25.38249969482422,24.802499771118164,24.860000610351562,22.420629501342773,207178000
2016-01-26,24.982500076293945,25.219999313354492,24.517499923706055,24.997499465942383,22.54463768005371,300308000
2016-01-27,24.010000228881836,24.157499313354492,23.334999084472656,23.354999542236328,21.063304901123047,533478800
2016-01-28,23.447500228881836,23.6299991607666,23.09749984741211,23.522499084472656,21.214374542236328,222715200
2016-01-29,23.697500228881836,24.334999084472656,23.587499618530273,24.334999084472656,21.947145462036133,257666000
2016-02-01,24.11750030517578,24.177499771118164,23.850000381469727,24.107500076293945,21.74197006225586,163774000
2016-02-02,23.854999542236328,24.010000228881836,23.56999969482422,23.6200008392334,21.30231285095215,149428800
2016-02-03,23.75,24.209999084472656,23.520000457763672,24.087499618530273,21.72393226623535,183857200
2016-02-04,23.96500015258789,24.332500457763672,23.797500610351562,24.149999618530273,21.898487091064453,185886800
2016-02-05,24.1299991607666,24.229999542236328,23.422500610351562,23.5049991607666,21.313621520996094,185672400
2016-02-08,23.282499313354492,23.924999237060547,23.260000228881836,23.752500534057617,21.538047790527344,216085600
2016-02-09,23.572500228881836,23.985000610351562,23.482500076293945,23.747499465942383,21.533506393432617,177324800
2016-02-10,23.979999542236328,24.087499618530273,23.524999618530273,23.5674991607666,21.370288848876953,169374400
2016-02-11,23.447500228881836,23.68000030517578,23.147499084472656,23.424999237060547,21.241073608398438,200298800
2016-02-12,23.547500610351562,23.625,23.252500534057617,23.497499465942383,21.30681800842285,161405600
2016-02-16,23.7549991607666,24.212499618530273,23.65250015258789,24.15999984741211,21.90755271911621,196231600
2016-02-17,24.167499542236328,24.552499771118164,24.037500381469727,24.530000686645508,22.243061065673828,179452800
2016-02-18,24.709999084472656,24.72249984741211,24.022499084472656,24.065000534057617,21.8214111328125,156084000
2016-02-19,24.0,24.190000534057617,23.950000762939453,24.010000228881836,21.77153778076172,141496800
2016-02-22,24.077499389648438,24.225000381469727,23.979999542236328,24.219999313354492,21.961956024169922,137123200
2016-02-23,24.100000381469727,24.125,23.637500762939453,23.672500610351562,21.46550178527832,127770400
2016-02-24,23.4950008392334,24.094999313354492,23.329999923706055,24.024999618530273,21.785144805908203,145022800
2016-02-25,24.012500762939453,24.190000534057617,23.8125,24.190000534057617,21.934755325317383,110330800
2016-02-26,24.299999237060547,24.5049991607666,24.145000457763672,24.227500915527344,21.968759536743164,115964400
2016-02-29,24.21500015258789,24.5575008392334,24.162500381469727,24.172500610351562,21.918888092041016,140865200
2016-03-01,24.412500381469727,25.1924991607666,24.354999542236328,25.13249969482422,22.78938102722168,201628400
2016-03-02,25.127500534057617,25.22249984741211,24.90999984741211,25.1875,22.839258193969727,132678400
2016-03-03,25.145000457763672,25.427499771118164,25.112499237060547,25.375,23.009275436401367,147822800
2016-03-04,25.592500686645508,25.9375,25.342500686645508,25.752500534057617,23.351585388183594,184220400
2016-03-07,25.59749984741211,25.707500457763672,25.239999771118164,25.467500686645508,23.093149185180664,143315600
2016-03-08,25.19499969482422,25.440000534057617,25.100000381469727,25.25749969482422,22.90273094177246,126247600
2016-03-09,25.327499389648438,25.395000457763672,25.0674991607666,25.280000686645508,22.923137664794922,108806800
2016-03-10,25.352500915527344,25.559999465942383,25.037500381469727,25.292499542236328,22.934467315673828,134054400
2016-03-11,25.559999465942383,25.56999969482422,25.375,25.565000534057617,23.181564331054688,109632800
2016-03-14,25.477500915527344,25.727500915527344,25.44499969482422,25.6299991607666,23.240501403808594,100304400
2016-03-15,25.989999771118164,26.295000076293945,25.962499618530273,26.145000457763672,23.707487106323242,160270800
2016-03-16,26.15250015258789,26.577499389648438,26.147499084472656,26.49250030517578,24.02259635925293,153214000
2016-03-17,26.3799991607666,26.61750030517578,26.239999771118164,26.450000762939453,23.984058380126953,137682800
2016-03-18,26.584999084472656,26.625,26.297500610351562,26.479999542236328,24.011259078979492,176820800
2016-03-21,26.482500076293945,26.912500381469727,26.28499984741211,26.477500915527344,24.008991241455078,142010800
2016-03-22,26.3125,26.822500228881836,26.302499771118164,26.68000030517578,24.192609786987305,129777600
2016-03-23,26.6200008392334,26.767499923706055,26.475000381469727,26.532499313354492,24.058862686157227,102814000
2016-03-24,26.36750030517578,26.5625,26.22249984741211,26.417499542236328,23.954587936401367,104532000
2016-03-28,26.5,26.547500610351562,26.264999389648438,26.297500610351562,23.845779418945312,77645600
2016-03-29,26.22249984741211,26.947500228881836,26.219999313354492,26.920000076293945,24.410236358642578,124760400
2016-03-30,27.162500381469727,27.604999542236328,27.149999618530273,27.389999389648438,24.83641815185547,182404400
2016-03-31,27.43000030517578,27.475000381469727,27.219999313354492,27.247499465942383,24.70720100402832,103553600
2016-04-01,27.19499969482422,27.5,27.049999237060547,27.497499465942383,24.933897018432617,103496000
2016-04-04,27.604999542236328,28.047500610351562,27.5674991607666,27.780000686645508,25.190061569213867,149424800
2016-04-05,27.377500534057617,27.6825008392334,27.354999542236328,27.452499389648438,24.893085479736328,106314800
2016-04-06,27.5575008392334,27.7450008392334,27.299999237060547,27.739999771118164,25.153791427612305,105616400
2016-04-07,27.487499237060547,27.604999542236328,27.030000686645508,27.135000228881836,24.605192184448242,127207600
2016-04-08,27.227500915527344,27.4424991607666,27.042499542236328,27.165000915527344,24.632394790649414,94326800
2016-04-11,27.24250030517578,27.65250015258789,27.207500457763672,27.2549991607666,24.713998794555664,117630000
2016-04-12,27.334999084472656,27.625,27.165000915527344,27.610000610351562,25.035903930664062,108929200
2016-04-13,27.700000762939453,28.084999084472656,27.700000762939453,28.010000228881836,25.398616790771484,133029200
2016-04-14,27.905000686645508,28.09749984741211,27.832500457763672,28.024999618530273,25.412212371826172,101895600
2016-04-15,28.02750015258789,28.075000762939453,27.4325008392334,27.462499618530273,24.902156829833984,187756000
2016-04-18,27.22249984741211,27.237499237060547,26.735000610351562,26.8700008392334,24.364896774291992,243286000
2016-04-19,26.969999313354492,27.0,26.5575008392334,26.727500915527344,24.235679626464844,129539600
2016-04-20,26.65999984741211,27.022499084472656,26.514999389648438,26.782499313354492,24.285554885864258,122444000
2016-04-21,26.732500076293945,26.732500076293945,26.3799991607666,26.49250030517578,24.02259635925293,126210000
2016-04-22,26.252500534057617,26.6200008392334,26.155000686645508,26.420000076293945,23.956850051879883,134732400
2016-04-25,26.25,26.412500381469727,26.127500534057617,26.270000457763672,23.82083511352539,112126400
2016-04-26,25.977500915527344,26.325000762939453,25.977500915527344,26.087499618530273,23.65535545349121,224064800
2016-04-27,24.0,24.677499771118164,23.920000076293945,24.454999923706055,22.175045013427734,458408400
2016-04-28,24.40250015258789,24.469999313354492,23.5625,23.707500457763672,21.497234344482422,328970800
2016-04-29,23.497499465942383,23.68000030517578,23.127500534057617,23.434999465942383,21.250150680541992,274126000
2016-05-02,23.49250030517578,23.520000457763672,23.100000381469727,23.40999984741211,21.227476119995117,192640400
2016-05-03,23.549999237060547,23.934999465942383,23.420000076293945,23.795000076293945,21.576581954956055,227325200
2016-05-04,23.799999237060547,23.975000381469727,23.454999923706055,23.547500610351562,21.352153778076172,164102000
2016-05-05,23.5,23.517499923706055,23.170000076293945,23.309999465942383,21.265493392944336,143562000
2016-05-06,23.342500686645508,23.362499237060547,22.962499618530273,23.18000030517578,21.14688491821289,174799600
2016-05-09,23.25,23.4424991607666,23.147499084472656,23.197500228881836,21.162851333618164,131745600
2016-05-10,23.332500457763672,23.392499923706055,23.02750015258789,23.354999542236328,21.306541442871094,134747200
2016-05-11,23.3700008392334,23.392499923706055,23.114999771118164,23.127500534057617,21.098995208740234,114876400
2016-05-12,23.18000030517578,23.19499969482422,22.36750030517578,22.584999084472656,20.604074478149414,305258800
2016-05-13,22.5,22.917499542236328,22.5,22.6299991607666,20.645130157470703,177571200
2016-05-16,23.09749984741211,23.59749984741211,22.912500381469727,23.469999313354492,21.411453247070312,245039200
2016-05-17,23.637500762939453,23.674999237060547,23.252500534057617,23.372499465942383,21.322507858276367,187667600
2016-05-18,23.540000915527344,23.802499771118164,23.47249984741211,23.639999389648438,21.566543579101562,168249600
2016-05-19,23.65999984741211,23.65999984741211,23.392499923706055,23.549999237060547,21.48443603515625,121768400
2016-05-20,23.65999984741211,23.857500076293945,23.6299991607666,23.80500030517578,21.71707534790039,128104000
2016-05-23,23.967500686645508,24.297500610351562,23.917499542236328,24.107500076293945,21.993040084838867,152074400
2016-05-24,24.30500030517578,24.522499084472656,24.209999084472656,24.475000381469727,22.32830238342285,140560800
2016-05-25,24.667499542236328,24.934999465942383,24.52750015258789,24.905000686645508,22.720590591430664,152675200
2016-05-26,24.920000076293945,25.1825008392334,24.65999984741211,25.102500915527344,22.900772094726562,225324800
2016-05-27,24.860000610351562,25.11750030517578,24.8125,25.087499618530273,22.8870906829834,145364800
2016-05-31,24.899999618530273,25.100000381469727,24.704999923706055,24.96500015258789,22.775331497192383,169228800
2016-06-01,24.7549991607666,24.885000228881836,24.582500457763672,24.614999771118164,22.456024169921875,116693200
2016-06-02,24.399999618530273,24.459999084472656,24.157499313354492,24.43000030517578,22.287261962890625,160766400
2016-06-03,24.447500228881836,24.5674991607666,24.362499237060547,24.479999542236328,22.332870483398438,114019600
2016-06-06,24.497499465942383,25.47249984741211,24.387500762939453,24.657499313354492,22.49480438232422,93170000
2016-06-07,24.8125,24.967500686645508,24.739999771118164,24.75749969482422,22.586030960083008,89638000
2016-06-08,24.7549991607666,24.889999389648438,24.670000076293945,24.735000610351562,22.56550407409668,83392400
2016-06-09,24.625,24.997499465942383,24.614999771118164,24.912500381469727,22.72743034362793,106405600
2016-06-10,24.63249969482422,24.837499618530273,24.6200008392334,24.707500457763672,22.5404109954834,126851600
2016-06-13,24.672500610351562,24.780000686645508,24.274999618530273,24.334999084472656,22.20058822631836,152082000
2016-06-14,24.329999923706055,24.6200008392334,24.1875,24.364999771118164,22.227956771850586,127727600
2016-06-15,24.454999923706055,24.602500915527344,24.25749969482422,24.28499984741211,22.15497398376465,117780800
2016-06-16,24.112499237060547,24.4375,24.017499923706055,24.387500762939453,22.24848175048828,125307200
2016-06-17,24.155000686645508,24.162500381469727,23.825000762939453,23.832500457763672,21.742162704467773,244032800
2016-06-20,24.0,24.142499923706055,23.75749969482422,23.774999618530273,21.689708709716797,137647600
2016-06-21,23.735000610351562,24.087499618530273,23.670000076293945,23.977500915527344,21.87444496154785,142185600
2016-06-22,24.0625,24.22249984741211,23.837499618530273,23.887500762939453,21.792333602905273,116876400
2016-06-23,23.985000610351562,24.072500228881836,23.8125,24.024999618530273,21.917781829833984,128960800
2016-06-24,23.227500915527344,23.665000915527344,23.162500381469727,23.350000381469727,21.301979064941406,301245600
2016-06-27,23.25,23.262500762939453,22.875,23.010000228881836,20.991798400878906,181958400
2016-06-28,23.225000381469727,23.415000915527344,23.03499984741211,23.397499084472656,21.345314025878906,161779600
2016-06-29,23.49250030517578,23.637500762939453,23.407499313354492,23.600000381469727,21.53005027770996,146124000
2016-06-30,23.610000610351562,23.9424991607666,23.575000762939453,23.899999618530273,21.803735733032227,143345600
2016-07-01,23.872499465942383,24.11750030517578,23.832500457763672,23.97249984741211,21.869882583618164,104106000
2016-07-05,23.84749984741211,23.850000381469727,23.614999771118164,23.747499465942383,21.66461181640625,110820800
2016-07-06,23.649999618530273,23.915000915527344,23.592500686645508,23.88249969482422,21.78776741027832,123796400
2016-07-07,23.924999237060547,24.125,23.905000686645508,23.985000610351562,21.881288528442383,100558400
2016-07-08,24.122499465942383,24.22249984741211,24.012500762939453,24.170000076293945,22.050058364868164,115648400
2016-07-11,24.1875,24.412500381469727,24.1825008392334,24.2450008392334,22.11848258972168,95179600
2016-07-12,24.292499542236328,24.424999237060547,24.280000686645508,24.354999542236328,22.21883201599121,96670000
2016-07-13,24.352500915527344,24.417499542236328,24.209999084472656,24.217500686645508,22.093393325805664,103568800
2016-07-14,24.34749984741211,24.747499465942383,24.329999923706055,24.697500228881836,22.531295776367188,155676000
2016-07-15,24.729999542236328,24.825000762939453,24.625,24.69499969482422,22.529010772705078,120548000
2016-07-18,24.674999237060547,25.032499313354492,24.649999618530273,24.957500457763672,22.768489837646484,145975600
2016-07-19,24.889999389648438,25.0,24.834999084472656,24.967500686645508,22.777610778808594,95119600
2016-07-20,25.0,25.114999771118164,24.934999465942383,24.989999771118164,22.798141479492188,105104000
2016-07-21,24.957500457763672,25.25,24.782499313354492,24.857500076293945,22.677261352539062,130808000
2016-07-22,24.815000534057617,24.825000762939453,24.577499389648438,24.665000915527344,22.501644134521484,113254800
2016-07-25,24.5625,24.709999084472656,24.229999542236328,24.334999084472656,22.20058822631836,161531600
2016-07-26,24.204999923706055,24.49250030517578,24.104999542236328,24.167499542236328,22.047780990600586,224959200
2016-07-27,26.0674991607666,26.087499618530273,25.6875,25.737499237060547,23.480072021484375,369379200
2016-07-28,25.707500457763672,26.112499237060547,25.704999923706055,26.084999084472656,23.797094345092773,159479200
2016-07-29,26.047500610351562,26.137500762939453,25.920000076293945,26.052499771118164,23.767438888549805,110934800
2016-08-01,26.102500915527344,26.537500381469727,26.102500915527344,26.512500762939453,24.187095642089844,152671600
2016-08-02,26.512500762939453,26.517499923706055,26.0,26.1200008392334,23.82903289794922,135266400
2016-08-03,26.202499389648438,26.459999084472656,26.1924991607666,26.447500228881836,24.1278018951416,120810400
2016-08-04,26.395000457763672,26.5,26.31999969482422,26.467500686645508,24.276851654052734,109634800
2016-08-05,26.5674991607666,26.912500381469727,26.545000076293945,26.8700008392334,24.64603614807129,162213600
2016-08-08,26.8799991607666,27.092500686645508,26.790000915527344,27.092500686645508,24.85011863708496,112148800
2016-08-09,27.0575008392334,27.235000610351562,27.002500534057617,27.202499389648438,24.951011657714844,105260800
2016-08-10,27.177499771118164,27.225000381469727,26.940000534057617,27.0,24.765281677246094,96034000
2016-08-11,27.1299991607666,27.232500076293945,26.962499618530273,26.982500076293945,24.749223709106445,109938000
2016-08-12,26.94499969482422,27.110000610351562,26.94499969482422,27.045000076293945,24.806547164916992,74641600
2016-08-15,27.03499984741211,27.385000228881836,27.020000457763672,27.3700008392334,25.104652404785156,103472800
2016-08-16,27.407499313354492,27.5575008392334,27.302499771118164,27.344999313354492,25.081722259521484,135177600
2016-08-17,27.274999618530273,27.342500686645508,27.084999084472656,27.30500030517578,25.045034408569336,101424000
2016-08-18,27.3075008392334,27.399999618530273,27.2549991607666,27.270000457763672,25.012928009033203,87938800
2016-08-19,27.1924991607666,27.422500610351562,27.09000015258789,27.34000015258789,25.077136993408203,101472400
2016-08-22,27.21500015258789,27.274999618530273,26.962499618530273,27.127500534057617,24.882225036621094,103280800
2016-08-23,27.147499084472656,27.329999923706055,27.13249969482422,27.212499618530273,24.960186004638672,85030800
2016-08-24,27.142499923706055,27.1875,26.920000076293945,27.00749969482422,24.77215576171875,94700400
2016-08-25,26.84749984741211,26.969999313354492,26.670000076293945,26.892499923706055,24.666671752929688,100344800
2016-08-26,26.852500915527344,26.987499237060547,26.577499389648438,26.735000610351562,24.52220916748047,111065200
2016-08-29,26.655000686645508,26.860000610351562,26.572500228881836,26.704999923706055,24.49469757080078,99881200
2016-08-30,26.450000762939453,26.625,26.375,26.5,24.30666160583496,99455600
2016-08-31,26.415000915527344,26.642499923706055,26.40999984741211,26.524999618530273,24.329587936401367,118649600
2016-09-01,26.53499984741211,26.700000762939453,26.405000686645508,26.6825008392334,24.474061965942383,106806000
2016-09-02,26.924999237060547,27.0,26.704999923706055,26.9325008392334,24.703359603881836,107210000
2016-09-06,26.975000381469727,27.075000762939453,26.877500534057617,26.924999237060547,24.696489334106445,107521600
2016-09-07,26.957500457763672,27.190000534057617,26.767499923706055,27.09000015258789,24.847824096679688,169457200
2016-09-08,26.8125,26.8174991607666,26.309999465942383,26.3799991607666,24.19659423828125,212008000
2016-09-09,26.15999984741211,26.43000030517578,25.782499313354492,25.782499313354492,23.648548126220703,186228000
2016-09-12,25.662500381469727,26.43000030517578,25.63249969482422,26.360000610351562,24.178251266479492,181171200
2016-09-13,26.877500534057617,27.197500228881836,26.809999465942383,26.987499237060547,24.753808975219727,248704800
2016-09-14,27.1825008392334,28.25749969482422,27.149999618530273,27.9424991607666,25.6297607421875,443554800
2016-09-15,28.46500015258789,28.9325008392334,28.372499465942383,28.892499923706055,26.501140594482422,359934400
2016-09-16,28.780000686645508,29.032499313354492,28.510000228881836,28.729999542236328,26.35209083557129,319547600
2016-09-19,28.797500610351562,29.045000076293945,28.3125,28.395000457763672,26.044815063476562,188092000
2016-09-20,28.262500762939453,28.530000686645508,28.127500534057617,28.392499923706055,26.042518615722656,138057200
2016-09-21,28.462499618530273,28.497499465942383,28.110000610351562,28.387500762939453,26.037933349609375,144012800
2016-09-22,28.587499618530273,28.735000610351562,28.5,28.655000686645508,26.283300399780273,124296000
2016-09-23,28.604999542236328,28.697500228881836,27.887500762939453,28.177499771118164,25.845314025878906,209924800
2016-09-26,27.90999984741211,28.34749984741211,27.887500762939453,28.219999313354492,25.884294509887695,119477600
2016-09-27,28.25,28.295000076293945,28.084999084472656,28.272499084472656,25.932451248168945,98429600
2016-09-28,28.422500610351562,28.65999984741211,28.357500076293945,28.487499237060547,26.129661560058594,118564400
2016-09-29,28.290000915527344,28.450000762939453,27.950000762939453,28.045000076293945,25.72378158569336,143548000
2016-09-30,28.114999771118164,28.342500686645508,27.950000762939453,28.262500762939453,25.923280715942383,145516400
2016-10-03,28.177499771118164,28.262500762939453,28.06999969482422,28.1299991607666,25.801748275756836,86807200
2016-10-04,28.264999389648438,28.577499389648438,28.157499313354492,28.25,25.91181182861328,118947200
2016-10-05,28.350000381469727,28.415000915527344,28.172500610351562,28.262500762939453,25.923280715942383,85812400
2016-10-06,28.424999237060547,28.584999084472656,28.282499313354492,28.47249984741211,26.115896224975586,115117200
2016-10-07,28.577499389648438,28.639999389648438,28.377500534057617,28.514999389648438,26.15488624572754,97433600
2016-10-10,28.7549991607666,29.1875,28.68000030517578,29.012500762939453,26.611209869384766,144944000
2016-10-11,29.424999237060547,29.672500610351562,29.049999237060547,29.075000762939453,26.668529510498047,256164000
2016-10-12,29.337499618530273,29.4950008392334,29.1875,29.334999084472656,26.907011032104492,150347200
2016-10-13,29.197500228881836,29.360000610351562,28.93000030517578,29.2450008392334,26.824466705322266,140769600
2016-10-14,29.469999313354492,29.542499542236328,29.282499313354492,29.407499313354492,26.973512649536133,142608800
2016-10-17,29.332500457763672,29.459999084472656,29.19499969482422,29.387500762939453,26.955163955688477,94499600
2016-10-18,29.545000076293945,29.552499771118164,29.362499237060547,29.36750030517578,26.936826705932617,98214000
2016-10-19,29.3125,29.440000534057617,28.450000762939453,29.280000686645508,26.8565673828125,80138400
2016-10-20,29.21500015258789,29.344999313354492,29.082500457763672,29.264999389648438,26.84280776977539,96503200
2016-10-21,29.202499389648438,29.227500915527344,29.06999969482422,29.149999618530273,26.737316131591797,92770800
2016-10-24,29.274999618530273,29.434999465942383,29.25,29.412500381469727,26.978099822998047,94154800
2016-10-25,29.487499237060547,29.59000015258789,29.327499389648438,29.5625,27.11568260192871,192516000
2016-10-26,28.577499389648438,28.924999237060547,28.327499389648438,28.897499084472656,26.505720138549805,264536800
2016-10-27,28.84749984741211,28.96500015258789,28.524999618530273,28.6200008392334,26.251188278198242,138248000
2016-10-28,28.467500686645508,28.802499771118164,28.362499237060547,28.43000030517578,26.076923370361328,151446800
2016-10-31,28.412500381469727,28.5575008392334,28.299999237060547,28.385000228881836,26.035640716552734,105677600
2016-11-01,28.364999771118164,28.4424991607666,27.63249969482422,27.872499465942383,25.5655574798584,175303200
2016-11-02,27.850000381469727,28.087499618530273,27.8075008392334,27.897499084472656,25.58849334716797,113326800
2016-11-03,27.7450008392334,27.864999771118164,27.387500762939453,27.457500457763672,25.31421661376953,107730400
2016-11-04,27.13249969482422,27.5625,27.02750015258789,27.209999084472656,25.086036682128906,123348000
2016-11-07,27.520000457763672,27.627500534057617,27.364999771118164,27.602500915527344,25.447898864746094,130240000
2016-11-08,27.577499389648438,27.93000030517578,27.424999237060547,27.764999389648438,25.59771156311035,97016800
2016-11-09,27.469999313354492,27.829999923706055,27.012500762939453,27.719999313354492,25.55622100830078,236705600
2016-11-10,27.772499084472656,27.772499084472656,26.457500457763672,26.947500228881836,24.844022750854492,228538000
2016-11-11,26.780000686645508,27.217500686645508,26.637500762939453,27.107500076293945,24.99152946472168,136575600
2016-11-14,26.927499771118164,26.952499389648438,26.020000457763672,26.427499771118164,24.3646183013916,204702000
2016-11-15,26.642499923706055,26.920000076293945,26.540000915527344,26.77750015258789,24.68729019165039,129058000
2016-11-16,26.674999237060547,27.5575008392334,26.649999618530273,27.497499465942383,25.351093292236328,235362000
2016-11-17,27.452499389648438,27.587499618530273,27.207500457763672,27.487499237060547,25.341875076293945,110528000
2016-11-18,27.43000030517578,27.635000228881836,27.415000915527344,27.514999389648438,25.36722755432129,113715600
2016-11-21,27.530000686645508,27.997499465942383,27.502500534057617,27.9325008392334,25.752138137817383,117058400
2016-11-22,27.987499237060547,28.104999542236328,27.850000381469727,27.950000762939453,25.768274307250977,103862000
2016-11-23,27.84000015258789,27.877500534057617,27.582500457763672,27.8075008392334,25.636898040771484,109705600
2016-11-25,27.782499313354492,27.967500686645508,27.737499237060547,27.947500228881836,25.765966415405273,45903600
2016-11-28,27.857500076293945,28.11750030517578,27.84749984741211,27.892499923706055,25.715255737304688,108776000
2016-11-29,27.69499969482422,28.00749969482422,27.517499923706055,27.864999771118164,25.68990707397461,114115200
2016-11-30,27.899999618530273,28.049999237060547,27.5674991607666,27.6299991607666,25.473249435424805,144649200
2016-12-01,27.592500686645508,27.735000610351562,27.25749969482422,27.372499465942383,25.235851287841797,148347600
2016-12-02,27.292499542236328,27.522499084472656,27.212499618530273,27.475000381469727,25.330350875854492,106112000
2016-12-05,27.5,27.50749969482422,27.0625,27.27750015258789,25.148265838623047,137298000
2016-12-06,27.375,27.59000015258789,27.297500610351562,27.487499237060547,25.341875076293945,104782000
2016-12-07,27.315000534057617,27.797500610351562,27.290000915527344,27.75749969482422,25.590797424316406,119994800
2016-12-08,27.71500015258789,28.107500076293945,27.649999618530273,28.030000686645508,25.84202766418457,108273200
2016-12-09,28.077499389648438,28.674999237060547,28.077499389648438,28.487499237060547,26.26382064819336,137610400
2016-12-12,28.322500228881836,28.75,28.122499465942383,28.325000762939453,26.11400032043457,105497600
2016-12-13,28.459999084472656,28.979999542236328,28.4375,28.797500610351562,26.549617767333984,174935200
2016-12-14,28.760000228881836,29.049999237060547,28.7450008392334,28.797500610351562,26.549617767333984,136127200
2016-12-15,28.844999313354492,29.1825008392334,28.8075008392334,28.954999923706055,26.69482421875,186098000
2016-12-16,29.11750030517578,29.125,28.912500381469727,28.99250030517578,26.729393005371094,177404400
2016-12-19,28.950000762939453,29.344999313354492,28.9375,29.15999984741211,26.883827209472656,111117600
2016-12-20,29.184999465942383,29.375,29.170000076293945,29.237499237060547,26.95526695251465,85700000
2016-12-21,29.200000762939453,29.350000381469727,29.19499969482422,29.264999389648438,26.980628967285156,95132800
2016-12-22,29.087499618530273,29.127500534057617,28.90999984741211,29.072500228881836,26.803152084350586,104343600
2016-12-23,28.897499084472656,29.1299991607666,28.897499084472656,29.1299991607666,26.856164932250977,56998000
2016-12-27,29.1299991607666,29.450000762939453,29.122499465942383,29.315000534057617,27.02672576904297,73187600
2016-12-28,29.3799991607666,29.5049991607666,29.049999237060547,29.190000534057617,26.911479949951172,83623600
2016-12-29,29.112499237060547,29.27750015258789,29.100000381469727,29.1825008392334,26.90456771850586,60158000
2016-12-30,29.162500381469727,29.299999237060547,28.857500076293945,28.954999923706055,26.69482421875,122345200
2017-01-03,28.950000762939453,29.082500457763672,28.690000534057617,29.037500381469727,26.77088165283203,115127600
2017-01-04,28.962499618530273,29.127500534057617,28.9375,29.0049991607666,26.740915298461914,84472400
2017-01-05,28.979999542236328,29.21500015258789,28.952499389648438,29.15250015258789,26.876909255981445,88774400
2017-01-06,29.19499969482422,29.540000915527344,29.11750030517578,29.477500915527344,27.176532745361328,127007600
2017-01-09,29.487499237060547,29.857500076293945,29.485000610351562,29.747499465942383,27.425460815429688,134247600
2017-01-10,29.6924991607666,29.844999313354492,29.575000762939453,29.77750015258789,27.453121185302734,97848400
2017-01-11,29.684999465942383,29.982500076293945,29.649999618530273,29.9375,27.600635528564453,110354400
2017-01-12,29.725000381469727,29.825000762939453,29.552499771118164,29.8125,27.48538589477539,108344800
2017-01-13,29.77750015258789,29.905000686645508,29.702499389648438,29.760000228881836,27.436983108520508,104447600
2017-01-17,29.584999084472656,30.059999465942383,29.55500030517578,30.0,27.658254623413086,137759200
2017-01-18,30.0,30.125,29.927499771118164,29.997499465942383,27.65594482421875,94852000
2017-01-19,29.850000381469727,30.022499084472656,29.842500686645508,29.94499969482422,27.607540130615234,102389200
2017-01-20,30.112499237060547,30.112499237060547,29.9325008392334,30.0,27.658254623413086,130391600
2017-01-23,30.0,30.202499389648438,29.9424991607666,30.020000457763672,27.67669677734375,88200800
2017-01-24,29.887500762939453,30.024999618530273,29.875,29.99250030517578,27.651338577270508,92844000
2017-01-25,30.104999542236328,30.524999618530273,30.06999969482422,30.469999313354492,28.09156608581543,129510400
2017-01-26,30.417499542236328,30.610000610351562,30.399999618530273,30.485000610351562,28.105390548706055,105350400
2017-01-27,30.53499984741211,30.587499618530273,30.399999618530273,30.487499237060547,28.10769271850586,82251600
2017-01-30,30.232500076293945,30.407499313354492,30.165000915527344,30.407499313354492,28.033945083618164,121510000
2017-01-31,30.287500381469727,30.34749984741211,30.155000686645508,30.337499618530273,27.969404220581055,196804000
2017-02-01,31.75749969482422,32.622501373291016,31.752500534057617,32.1875,29.675003051757812,447940000
2017-02-02,31.9950008392334,32.34749984741211,31.94499969482422,32.13249969482422,29.62429428100586,134841600
2017-02-03,32.07749938964844,32.29750061035156,32.040000915527344,32.27000045776367,29.751054763793945,98029200
2017-02-06,32.282501220703125,32.625,32.224998474121094,32.5724983215332,30.02994155883789,107383600
2017-02-07,32.6349983215332,33.022499084472656,32.61249923706055,32.88249969482422,30.31574821472168,152735200
2017-02-08,32.837501525878906,33.05500030517578,32.80500030517578,33.0099983215332,30.43329429626465,92016400
2017-02-09,32.912498474121094,33.11249923706055,32.779998779296875,33.10499954223633,30.653209686279297,113399600
2017-02-10,33.1150016784668,33.23500061035156,33.01250076293945,33.029998779296875,30.58375358581543,80262000
2017-02-13,33.27000045776367,33.45500183105469,33.1875,33.3224983215332,30.854604721069336,92141600
2017-02-14,33.36750030517578,33.772499084472656,33.3125,33.755001068115234,31.25507164001465,132904800
2017-02-15,33.880001068115234,34.067501068115234,33.654998779296875,33.877498626708984,31.36849594116211,142492400
2017-02-16,33.91749954223633,33.974998474121094,33.709999084472656,33.837501525878906,31.33146095275879,90338400
2017-02-17,33.775001525878906,33.95750045776367,33.775001525878906,33.93000030517578,31.41710662841797,88792800
2017-02-21,34.057498931884766,34.1875,33.994998931884766,34.17499923706055,31.643972396850586,98028800
2017-02-22,34.10749816894531,34.279998779296875,34.02750015258789,34.27750015258789,31.73886489868164,83347600
2017-02-23,34.345001220703125,34.369998931884766,34.07500076293945,34.13249969482422,31.604612350463867,83152800
2017-02-24,33.977500915527344,34.165000915527344,33.81999969482422,34.165000915527344,31.634702682495117,87106400
2017-02-27,34.28499984741211,34.36000061035156,34.06999969482422,34.23249816894531,31.69719886779785,81029600
2017-02-28,34.27000045776367,34.36000061035156,34.17499923706055,34.247501373291016,31.711078643798828,93931600
2017-03-01,34.47249984741211,35.037498474121094,34.400001525878906,34.9474983215332,32.35924530029297,145658400
2017-03-02,35.0,35.06999969482422,34.689998626708984,34.7400016784668,32.1671142578125,104844000
2017-03-03,34.69499969482422,34.95750045776367,34.647499084472656,34.94499969482422,32.35693359375,84432400
2017-03-06,34.842498779296875,34.942501068115234,34.650001525878906,34.834999084472656,32.25507354736328,87000000
2017-03-07,34.76499938964844,34.994998931884766,34.6974983215332,34.880001068115234,32.296749114990234,69785200
2017-03-08,34.73749923706055,34.95000076293945,34.70500183105469,34.75,32.17638397216797,74828800
2017-03-09,34.685001373291016,34.6974983215332,34.26250076293945,34.66999816894531,32.10231018066406,88623600
2017-03-10,34.8125,34.84000015258789,34.65999984741211,34.78499984741211,32.20877456665039,78451200
2017-03-13,34.712501525878906,34.85749816894531,34.70500183105469,34.79999923706055,32.22267532348633,69686800
2017-03-14,34.82500076293945,34.912498474121094,34.709999084472656,34.747501373291016,32.17406463623047,61236400
2017-03-15,34.852500915527344,35.1875,34.75749969482422,35.1150016784668,32.51433563232422,102767200
2017-03-16,35.18000030517578,35.255001068115234,35.064998626708984,35.17250061035156,32.56758117675781,76928000
2017-03-17,35.25,35.25,34.97249984741211,34.997501373291016,32.405548095703125,175540000
2017-03-20,35.099998474121094,35.375,35.057498931884766,35.3650016784668,32.745819091796875,86168000
2017-03-21,35.52750015258789,35.70000076293945,34.932498931884766,34.959999084472656,32.37082290649414,158119600
2017-03-22,34.962501525878906,35.400001525878906,34.939998626708984,35.35499954223633,32.736572265625,103440800
2017-03-23,35.314998626708984,35.39500045776367,35.15250015258789,35.22999954223633,32.620845794677734,81385200
2017-03-24,35.375,35.435001373291016,35.087501525878906,35.15999984741211,32.556007385253906,89582400
2017-03-27,34.84749984741211,35.30500030517578,34.654998779296875,35.220001220703125,32.611572265625,94300400
2017-03-28,35.227500915527344,36.0099983215332,35.154998779296875,35.95000076293945,33.28749465942383,133499200
2017-03-29,35.91999816894531,36.122501373291016,35.79750061035156,36.029998779296875,33.361576080322266,116760000
2017-03-30,36.04750061035156,36.125,35.875,35.98249816894531,33.31758117675781,84829200
2017-03-31,35.93000030517578,36.067501068115234,35.752498626708984,35.915000915527344,33.25510787963867,78646800
2017-04-03,35.9275016784668,36.029998779296875,35.76250076293945,35.92499923706055,33.26434326171875,79942800
2017-04-04,35.8125,36.22249984741211,35.79249954223633,36.192501068115234,33.51203536987305,79565600
2017-04-05,36.05500030517578,36.3650016784668,35.95249938964844,36.005001068115234,33.33842849731445,110871600
2017-04-06,36.0724983215332,36.130001068115234,35.86249923706055,35.915000915527344,33.25510787963867,84596000
2017-04-07,35.932498931884766,36.04499816894531,35.817501068115234,35.834999084472656,33.18102264404297,66688800
2017-04-10,35.900001525878906,35.970001220703125,35.724998474121094,35.79249954223633,33.141666412353516,75733600
2017-04-11,35.73500061035156,35.837501525878906,35.01499938964844,35.407501220703125,32.78517150878906,121517600
2017-04-12,35.400001525878906,35.537498474121094,35.252498626708984,35.45000076293945,32.82453918457031,81400000
2017-04-13,35.477500915527344,35.595001220703125,35.26250076293945,35.26250076293945,32.650917053222656,71291600
2017-04-17,35.369998931884766,35.470001220703125,35.217498779296875,35.45750045776367,32.83147430419922,66328400
2017-04-18,35.352500915527344,35.5099983215332,35.27750015258789,35.29999923706055,32.68562698364258,58790000
2017-04-19,35.470001220703125,35.5,35.11249923706055,35.16999816894531,32.565277099609375,69313600
2017-04-20,35.30500030517578,35.72999954223633,35.290000915527344,35.61000061035156,32.97269058227539,93278400
2017-04-21,35.61000061035156,35.66999816894531,35.462501525878906,35.567501068115234,32.93332290649414,69283600
2017-04-24,35.875,35.98749923706055,35.79499816894531,35.90999984741211,33.250465393066406,68537200
2017-04-25,35.977500915527344,36.224998474121094,35.967498779296875,36.13249969482422,33.45647430419922,75486000
2017-04-26,36.11750030517578,36.150001525878906,35.845001220703125,35.91999816894531,33.25972366333008,80164800
2017-04-27,35.97999954223633,36.040000915527344,35.82749938964844,35.9474983215332,33.285186767578125,56985200
2017-04-28,36.022499084472656,36.07500076293945,35.817501068115234,35.912498474121094,33.25278854370117,83441600
2017-05-01,36.275001525878906,36.79999923706055,36.2400016784668,36.64500045776367,33.931026458740234,134411600
2017-05-02,36.8849983215332,37.022499084472656,36.709999084472656,36.877498626708984,34.14630889892578,181408800
2017-05-03,36.397499084472656,36.872501373291016,36.067501068115234,36.76499938964844,34.04214859008789,182788000
2017-05-04,36.630001068115234,36.78499984741211,36.45249938964844,36.63249969482422,33.91945266723633,93487600
2017-05-05,36.689998626708984,37.244998931884766,36.689998626708984,37.2400016784668,34.481956481933594,109310800
2017-05-08,37.25749969482422,38.42499923706055,37.25749969482422,38.252498626708984,35.41947937011719,195009600
2017-05-09,38.467498779296875,38.720001220703125,38.36249923706055,38.497501373291016,35.646324157714844,156521600
2017-05-10,38.407501220703125,38.48500061035156,38.02750015258789,38.314998626708984,35.47734832763672,103222800
2017-05-11,38.11249923706055,38.51750183105469,38.07749938964844,38.48749923706055,35.78417205810547,109020400
2017-05-12,38.67499923706055,39.10499954223633,38.66749954223633,39.025001525878906,36.28392028808594,130108000
2017-05-15,39.002498626708984,39.162498474121094,38.76250076293945,38.92499923706055,36.190948486328125,104038800
2017-05-16,38.98500061035156,39.01499938964844,38.68000030517578,38.86750030517578,36.137474060058594,80194000
2017-05-17,38.400001525878906,38.64250183105469,37.4275016784668,37.5625,34.92412567138672,203070800
2017-05-18,37.817501068115234,38.334999084472656,37.782501220703125,38.1349983215332,35.4564208984375,134272800
2017-05-19,38.345001220703125,38.494998931884766,38.157501220703125,38.26499938964844,35.577293395996094,107843200
2017-05-22,38.5,38.64500045776367,38.227500915527344,38.497501373291016,35.793460845947266,91865600
2017-05-23,38.724998474121094,38.724998474121094,38.32749938964844,38.45000076293945,35.749305725097656,79675600
2017-05-24,38.459999084472656,38.54249954223633,38.16749954223633,38.334999084472656,35.64237976074219,76712000
2017-05-25,38.432498931884766,38.587501525878906,38.25749969482422,38.467498779296875,35.76557159423828,76942400
2017-05-26,38.5,38.560001373291016,38.32749938964844,38.40250015258789,35.705135345458984,87710400
2017-05-30,38.35499954223633,38.60749816894531,38.33250045776367,38.41749954223633,35.719085693359375,80507600
2017-05-31,38.49250030517578,38.54249954223633,38.095001220703125,38.189998626708984,35.50756072998047,97804800
2017-06-01,38.29249954223633,38.33250045776367,38.05500030517578,38.29499816894531,35.605186462402344,65616400
2017-06-02,38.39500045776367,38.86249923706055,38.22249984741211,38.86249923706055,36.132835388183594,111082800
2017-06-05,38.584999084472656,38.61249923706055,38.3650016784668,38.48249816894531,35.77951431274414,101326800
2017-06-06,38.474998474121094,38.95249938964844,38.44499969482422,38.61249923706055,35.90037536621094,106499600
2017-06-07,38.755001068115234,38.994998931884766,38.619998931884766,38.842498779296875,36.114227294921875,84278400
2017-06-08,38.8125,38.8849983215332,38.599998474121094,38.747501373291016,36.02591323852539,85003200
2017-06-09,38.79750061035156,38.79750061035156,36.505001068115234,37.244998931884766,34.62895202636719,259530800
2017-06-12,36.435001373291016,36.522499084472656,35.627498626708984,36.35499954223633,33.801456451416016,289229200
2017-06-13,36.790000915527344,36.86249923706055,36.287498474121094,36.647499084472656,34.07339859008789,136661600
2017-06-14,36.875,36.875,35.959999084472656,36.290000915527344,33.74102783203125,126124800
2017-06-15,35.83000183105469,36.119998931884766,35.5525016784668,36.0724983215332,33.538787841796875,128661600
2017-06-16,35.94499969482422,36.125,35.54999923706055,35.567501068115234,33.069278717041016,201444400
2017-06-19,35.915000915527344,36.685001373291016,35.915000915527344,36.584999084472656,34.015289306640625,130165600
2017-06-20,36.717498779296875,36.717498779296875,36.23500061035156,36.252498626708984,33.706153869628906,99600400
2017-06-21,36.380001068115234,36.51750183105469,36.15250015258789,36.467498779296875,33.90605545043945,85063200
2017-06-22,36.442501068115234,36.67499923706055,36.279998779296875,36.407501220703125,33.85027313232422,76425200
2017-06-23,36.282501220703125,36.790000915527344,36.27750015258789,36.56999969482422,34.001346588134766,141757600
2017-06-26,36.79249954223633,37.06999969482422,36.345001220703125,36.45500183105469,33.894439697265625,102769600
2017-06-27,36.252498626708984,36.540000915527344,35.904998779296875,35.932498931884766,33.408634185791016,99047600
2017-06-28,36.122501373291016,36.52750015258789,35.790000915527344,36.45750045776367,33.896751403808594,88329600
2017-06-29,36.1775016784668,36.282501220703125,35.56999969482422,35.91999816894531,33.397003173828125,125997600
2017-06-30,36.11249923706055,36.2400016784668,35.94499969482422,36.005001068115234,33.47603988647461,92096400
2017-07-03,36.220001220703125,36.32500076293945,35.775001525878906,35.875,33.35517501831055,57111200
2017-07-05,35.92250061035156,36.1974983215332,35.68000030517578,36.022499084472656,33.492305755615234,86278400
2017-07-06,35.755001068115234,35.875,35.602500915527344,35.682498931884766,33.17618942260742,96515200
2017-07-07,35.724998474121094,36.1875,35.724998474121094,36.04499816894531,33.51322937011719,76806800
2017-07-10,36.02750015258789,36.48749923706055,35.842498779296875,36.26499938964844,33.71778106689453,84362400
2017-07-11,36.182498931884766,36.462501525878906,36.095001220703125,36.38249969482422,33.82701110839844,79127200
2017-07-12,36.467498779296875,36.54499816894531,36.20500183105469,36.435001373291016,33.875831604003906,99538000
2017-07-13,36.375,37.122501373291016,36.36000061035156,36.942501068115234,34.34769058227539,100797600
2017-07-14,36.99250030517578,37.33250045776367,36.83250045776367,37.2599983215332,34.642879486083984,80528400
2017-07-17,37.20500183105469,37.724998474121094,37.14250183105469,37.38999938964844,34.763763427734375,95174000
2017-07-18,37.29999923706055,37.532501220703125,37.16749954223633,37.52000045776367,34.884620666503906,71475200
2017-07-19,37.619998931884766,37.85499954223633,37.48749923706055,37.755001068115234,35.10312271118164,83692000
2017-07-20,37.875,37.935001373291016,37.54750061035156,37.584999084472656,34.94506072998047,68974800
2017-07-21,37.497501373291016,37.61000061035156,37.220001220703125,37.567501068115234,34.92879104614258,105010400
2017-07-24,37.64500045776367,38.11000061035156,37.474998474121094,38.022499084472656,35.35182571411133,85972800
2017-07-25,37.95000076293945,38.459999084472656,37.95000076293945,38.185001373291016,35.5029182434082,75415600
2017-07-26,38.337501525878906,38.48249816894531,38.26499938964844,38.3650016784668,35.6702880859375,63124000
2017-07-27,38.4375,38.497501373291016,36.82500076293945,37.63999938964844,34.99620056152344,129905200
2017-07-28,37.47249984741211,37.557498931884766,37.29750061035156,37.375,34.749813079833984,68854800
2017-07-31,37.474998474121094,37.58250045776367,37.032501220703125,37.182498931884766,34.570838928222656,79383600
2017-08-01,37.275001525878906,37.55500030517578,37.102500915527344,37.51250076293945,34.877655029296875,141474400
2017-08-02,39.81999969482422,39.9375,39.040000915527344,39.28499984741211,36.52565383911133,279747200
2017-08-03,39.26250076293945,39.3025016784668,38.755001068115234,38.89250183105469,36.160709381103516,108389200
2017-08-04,39.01750183105469,39.349998474121094,38.92250061035156,39.09749984741211,36.351314544677734,82239600
2017-08-07,39.26499938964844,39.72999954223633,39.16749954223633,39.70249938964844,36.9138298034668,87481200
2017-08-08,39.650001525878906,40.45750045776367,39.567501068115234,40.02000045776367,37.20903015136719,144823600
2017-08-09,39.814998626708984,40.317501068115234,39.77750015258789,40.26499938964844,37.43681716918945,104526000
2017-08-10,39.974998474121094,40.0,38.657501220703125,38.83000183105469,36.244388580322266,163217200
2017-08-11,39.150001525878906,39.64250183105469,39.01750183105469,39.369998931884766,36.74843215942383,105028400
2017-08-14,39.83000183105469,40.0525016784668,39.6875,39.962501525878906,37.301483154296875,88490800
2017-08-15,40.165000915527344,40.54999923706055,40.03499984741211,40.400001525878906,37.70985412597656,117862000
2017-08-16,40.48500061035156,40.627498626708984,40.037498474121094,40.23749923706055,37.558162689208984,110686400
2017-08-17,40.130001068115234,40.1775016784668,39.459999084472656,39.46500015258789,36.83711242675781,111762400
2017-08-18,39.46500015258789,39.875,39.18000030517578,39.375,36.75309371948242,109712400
2017-08-21,39.375,39.47249984741211,38.77750015258789,39.3025016784668,36.685420989990234,105474000
2017-08-22,39.557498931884766,40.0,39.505001068115234,39.94499969482422,37.2851448059082,86418400
2017-08-23,39.76750183105469,40.11750030517578,39.720001220703125,39.994998931884766,37.33181381225586,77596400
2017-08-24,40.10749816894531,40.185001373291016,39.63750076293945,39.817501068115234,37.1661376953125,79275600
2017-08-25,39.912498474121094,40.13999938964844,39.817501068115234,39.96500015258789,37.30380630493164,101920400
2017-08-28,40.03499984741211,40.5,39.98249816894531,40.36750030517578,37.679508209228516,103864000
2017-08-29,40.025001525878906,40.779998779296875,40.0,40.727500915527344,38.01552963256836,118067600
2017-08-30,40.95000076293945,40.97249984741211,40.65250015258789,40.837501525878906,38.11820983886719,109078400
2017-08-31,40.90999984741211,41.130001068115234,40.869998931884766,41.0,38.26987838745117,107140400
2017-09-01,41.20000076293945,41.23500061035156,40.907501220703125,41.01250076293945,38.28156280517578,66364400
2017-09-05,40.9375,41.0625,40.13999938964844,40.52000045776367,37.82185363769531,117874000
2017-09-06,40.6775016784668,40.747501373291016,40.130001068115234,40.477500915527344,37.78218460083008,86606800
2017-09-07,40.522499084472656,40.560001373291016,40.09000015258789,40.314998626708984,37.630496978759766,87714000
2017-09-08,40.21500015258789,40.287498474121094,39.63249969482422,39.657501220703125,37.016788482666016,114446000
2017-09-11,40.125,40.51250076293945,39.97249984741211,40.375,37.68650436401367,126323200
2017-09-12,40.65250015258789,40.9900016784668,39.692501068115234,40.21500015258789,37.53715133666992,286856000
2017-09-13,39.967498779296875,39.9900016784668,39.477500915527344,39.912498474121094,37.25480270385742,179629600
2017-09-14,39.747501373291016,39.849998474121094,39.522499084472656,39.56999969482422,36.93511199951172,95042800
2017-09-15,39.61750030517578,40.24250030517578,39.5,39.970001220703125,37.308475494384766,196458400
2017-09-18,40.02750015258789,40.125,39.5,39.66749954223633,37.026123046875,113077600
2017-09-19,39.877498626708984,39.942501068115234,39.61000061035156,39.682498931884766,37.04010772705078,83242400
2017-09-20,39.474998474121094,39.564998626708984,38.45750045776367,39.01750183105469,36.419403076171875,211805600
2017-09-21,38.95000076293945,38.95000076293945,38.1875,38.34749984741211,35.79401779174805,150046800
2017-09-22,37.8849983215332,38.067501068115234,37.63999938964844,37.97249984741211,35.44397735595703,186581600
2017-09-25,37.497501373291016,37.95750045776367,37.290000915527344,37.63750076293945,35.131282806396484,177549200
2017-09-26,37.94499969482422,38.47999954223633,37.92250061035156,38.28499984741211,35.735679626464844,146640000
2017-09-27,38.45000076293945,38.68000030517578,38.3849983215332,38.557498931884766,35.990028381347656,102016800
2017-09-28,38.47249984741211,38.56999969482422,38.17499923706055,38.31999969482422,35.76834487915039,88022000
2017-09-29,38.3025016784668,38.532501220703125,38.0,38.529998779296875,35.96435546875,105199200
2017-10-02,38.564998626708984,38.61249923706055,38.18000030517578,38.45249938964844,35.892024993896484,74795200
2017-10-03,38.502498626708984,38.772499084472656,38.477500915527344,38.619998931884766,36.04836654663086,64921200
2017-10-04,38.407501220703125,38.46500015258789,38.1150016784668,38.369998931884766,35.815006256103516,80655200
2017-10-05,38.54499816894531,38.86000061035156,38.51250076293945,38.84749984741211,36.260719299316406,85135200
2017-10-06,38.74250030517578,38.872501373291016,38.63999938964844,38.82500076293945,36.23971939086914,69630400
2017-10-09,38.95249938964844,39.182498931884766,38.872501373291016,38.959999084472656,36.365726470947266,65051600
2017-10-10,39.01499938964844,39.5,38.775001525878906,38.974998474121094,36.379722595214844,62468000
2017-10-11,38.99250030517578,39.244998931884766,38.9375,39.13750076293945,36.53139877319336,67622400
2017-10-12,39.087501525878906,39.342498779296875,38.932498931884766,39.0,36.40306854248047,64500400
2017-10-13,39.182498931884766,39.31999969482422,39.102500915527344,39.247501373291016,36.63409423828125,65576800
2017-10-16,39.474998474121094,40.0,39.412498474121094,39.970001220703125,37.308475494384766,96486000
2017-10-17,39.94499969482422,40.217498779296875,39.807498931884766,40.11750030517578,37.44615173339844,75989200
2017-10-18,40.10499954223633,40.1775016784668,39.900001525878906,39.939998626708984,37.28047180175781,65496800
2017-10-19,39.1875,39.27000045776367,38.755001068115234,38.994998931884766,36.39839172363281,170336800
2017-10-20,39.15250015258789,39.4375,38.9900016784668,39.0625,36.46141052246094,95896400
2017-10-23,39.22249984741211,39.42250061035156,38.875,39.04249954223633,36.442745208740234,87937200
2017-10-24,39.0724983215332,39.35499954223633,39.04999923706055,39.275001525878906,36.65974807739258,71028800
2017-10-25,39.227500915527344,39.38750076293945,38.817501068115234,39.102500915527344,36.498748779296875,84828400
2017-10-26,39.307498931884766,39.45750045776367,39.19499969482422,39.352500915527344,36.732086181640625,68002000
2017-10-27,39.8224983215332,40.900001525878906,39.67499923706055,40.76250076293945,38.04820251464844,177816800
2017-10-30,40.97249984741211,42.01750183105469,40.93000030517578,41.68000030517578,38.904605865478516,178803200
2017-10-31,41.974998474121094,42.412498474121094,41.73500061035156,42.2599983215332,39.445980072021484,144187200
2017-11-01,42.467498779296875,42.48500061035156,41.40250015258789,41.72249984741211,38.944271087646484,134551200
2017-11-02,41.650001525878906,42.125,41.31999969482422,42.02750015258789,39.22895812988281,165573600
2017-11-03,43.5,43.564998626708984,42.779998779296875,43.125,40.253379821777344,237594400
2017-11-06,43.092498779296875,43.747501373291016,42.93000030517578,43.5625,40.66175842285156,140105200
2017-11-07,43.477500915527344,43.8125,43.400001525878906,43.70249938964844,40.79243469238281,97446000
2017-11-08,43.665000915527344,44.060001373291016,43.58250045776367,44.060001373291016,41.12614059448242,97638000
2017-11-09,43.77750015258789,44.025001525878906,43.28499984741211,43.970001220703125,41.04212188720703,117930400
2017-11-10,43.77750015258789,43.845001220703125,43.567501068115234,43.66749954223633,40.906280517578125,100582000
2017-11-13,43.375,43.625,43.349998474121094,43.49250030517578,40.74235916137695,67928400
2017-11-14,43.2599983215332,43.369998931884766,42.79499816894531,42.834999084472656,40.12641906738281,99130000
2017-11-15,42.49250030517578,42.58000183105469,42.095001220703125,42.27000045776367,39.59716796875,116632400
2017-11-16,42.79499816894531,42.967498779296875,42.57500076293945,42.775001525878906,40.070220947265625,94550000
2017-11-17,42.7599983215332,42.84749984741211,42.40999984741211,42.537498474121094,39.84774398803711,87598000
2017-11-20,42.5724983215332,42.63999938964844,42.38999938964844,42.494998931884766,39.80793380737305,65049600
2017-11-21,42.69499969482422,43.42499923706055,42.69499969482422,43.28499984741211,40.547977447509766,100525200
2017-11-22,43.34000015258789,43.75,43.26250076293945,43.7400016784668,40.974212646484375,102355600
2017-11-24,43.775001525878906,43.875,43.662498474121094,43.74250030517578,40.97654724121094,56106800
2017-11-27,43.76250076293945,43.77000045776367,43.334999084472656,43.522499084472656,40.77046585083008,82867200
2017-11-28,43.57500076293945,43.717498779296875,42.96500015258789,43.26750183105469,40.531578063964844,105715200
2017-11-29,43.157501220703125,43.22999954223633,41.790000915527344,42.369998931884766,39.69081115722656,166665600
2017-11-30,42.60749816894531,43.03499984741211,42.11000061035156,42.962501525878906,40.24586868286133,166108800
2017-12-01,42.48749923706055,42.91749954223633,42.125,42.76250076293945,40.05851745605469,159037200
2017-12-04,43.119998931884766,43.154998779296875,42.407501220703125,42.45000076293945,39.76578140258789,130169600
2017-12-05,42.26499938964844,42.880001068115234,42.099998474121094,42.40999984741211,39.72830581665039,109400800
2017-12-06,41.875,42.54999923706055,41.6150016784668,42.252498626708984,39.58075714111328,114240000
2017-12-07,42.25749969482422,42.61000061035156,42.227500915527344,42.33000183105469,39.65336608886719,102693200
2017-12-08,42.622501373291016,42.75,42.20500183105469,42.342498779296875,39.665069580078125,93420800
2017-12-11,42.29999923706055,43.22249984741211,42.1974983215332,43.16749954223633,40.437904357910156,141095200
2017-12-12,43.037498474121094,43.09749984741211,42.8650016784668,42.92499923706055,40.21074295043945,77636800
2017-12-13,43.125,43.3849983215332,43.0,43.067501068115234,40.34423065185547,95273600
2017-12-14,43.099998474121094,43.282501220703125,42.912498474121094,43.05500030517578,40.33252716064453,81906000
2017-12-15,43.407501220703125,43.54249954223633,43.1150016784668,43.49250030517578,40.74235916137695,160677200
2017-12-18,43.720001220703125,44.29999923706055,43.71500015258789,44.10499954223633,41.31612777709961,117684400
2017-12-19,43.75749969482422,43.84749984741211,43.522499084472656,43.6349983215332,40.8758430480957,109745600
2017-12-20,43.717498779296875,43.85499954223633,43.3125,43.587501525878906,40.83134841918945,93902400
2017-12-21,43.54249954223633,44.005001068115234,43.525001525878906,43.752498626708984,40.985923767089844,83799600
2017-12-22,43.66999816894531,43.85499954223633,43.625,43.752498626708984,40.985923767089844,65397600
2017-12-26,42.70000076293945,42.86750030517578,42.41999816894531,42.64250183105469,39.94610595703125,132742000
2017-12-27,42.525001525878906,42.69499969482422,42.4275016784668,42.650001525878906,39.953125,85992800
2017-12-28,42.75,42.962501525878906,42.619998931884766,42.77000045776367,40.0655403137207,65920800
2017-12-29,42.630001068115234,42.647499084472656,42.30500030517578,42.307498931884766,39.63227844238281,103999600
2018-01-02,42.540000915527344,43.07500076293945,42.314998626708984,43.064998626708984,40.34189987182617,102223600
2018-01-03,43.13249969482422,43.63750076293945,42.9900016784668,43.057498931884766,40.334869384765625,118071600
2018-01-04,43.1349983215332,43.36750030517578,43.02000045776367,43.25749969482422,40.52220916748047,89738400
2018-01-05,43.36000061035156,43.842498779296875,43.26250076293945,43.75,40.983585357666016,94640000
2018-01-08,43.587501525878906,43.90250015258789,43.48249816894531,43.587501525878906,40.83134841918945,82271200
2018-01-09,43.63750076293945,43.76499938964844,43.352500915527344,43.58250045776367,40.826663970947266,86336000
2018-01-10,43.290000915527344,43.57500076293945,43.25,43.5724983215332,40.817291259765625,95839600
2018-01-11,43.647499084472656,43.872501373291016,43.622501373291016,43.81999969482422,41.04914855957031,74670800
2018-01-12,44.04499816894531,44.34000015258789,43.912498474121094,44.272499084472656,41.473045349121094,101672400
2018-01-16,44.474998474121094,44.84749984741211,44.03499984741211,44.04750061035156,41.262271881103516,118263600
2018-01-17,44.037498474121094,44.8125,43.76750183105469,44.775001525878906,41.943756103515625,137547200
2018-01-18,44.842498779296875,45.025001525878906,44.5625,44.814998626708984,41.981231689453125,124773600
2018-01-19,44.65250015258789,44.89500045776367,44.352500915527344,44.6150016784668,41.793880462646484,129700400
2018-01-22,44.32500076293945,44.44499969482422,44.150001525878906,44.25,41.451961517333984,108434400
2018-01-23,44.32500076293945,44.86000061035156,44.20500183105469,44.2599983215332,41.461326599121094,130756400
2018-01-24,44.3125,44.32500076293945,43.29999923706055,43.55500030517578,40.80091094970703,204420400
2018-01-25,43.627498626708984,43.73749923706055,42.63249969482422,42.77750015258789,40.07257080078125,166116000
2018-01-26,43.0,43.0,42.51499938964844,42.877498626708984,40.1662483215332,156572000
2018-01-29,42.540000915527344,42.540000915527344,41.76750183105469,41.9900016784668,39.33487319946289,202561600
2018-01-30,41.38249969482422,41.842498779296875,41.17499923706055,41.74250030517578,39.10301971435547,184192800
2018-01-31,41.717498779296875,42.11000061035156,41.625,41.85749816894531,39.21074676513672,129915600
2018-02-01,41.79249954223633,42.154998779296875,41.689998626708984,41.94499969482422,39.29271697998047,188923200
2018-02-02,41.5,41.70000076293945,40.025001525878906,40.125,37.58779525756836,346375200
2018-02-05,39.775001525878906,40.970001220703125,39.0,39.122501373291016,36.648677825927734,290954000
2018-02-06,38.70750045776367,40.93000030517578,38.5,40.75749969482422,38.1802978515625,272975200
2018-02-07,40.772499084472656,40.849998474121094,39.76750183105469,39.8849983215332,37.362953186035156,206434400
2018-02-08,40.0724983215332,40.25,38.75749969482422,38.787498474121094,36.33486557006836,217562000
2018-02-09,39.26750183105469,39.47249984741211,37.560001373291016,39.102500915527344,36.779293060302734,282690400
2018-02-12,39.625,40.97249984741211,39.377498626708984,40.6775016784668,38.26072311401367,243278000
2018-02-13,40.48749923706055,41.1875,40.412498474121094,41.084999084472656,38.644004821777344,130196800
2018-02-14,40.7599983215332,41.8849983215332,40.720001220703125,41.842498779296875,39.35649490356445,162579600
2018-02-15,42.4474983215332,43.272499084472656,42.25,43.247501373291016,40.67802810668945,204588800
2018-02-16,43.09000015258789,43.70500183105469,42.942501068115234,43.10749816894531,40.54635238647461,160704400
2018-02-20,43.01250076293945,43.564998626708984,42.85499954223633,42.962501525878906,40.40995407104492,135722000
2018-02-21,43.20750045776367,43.529998779296875,42.752498626708984,42.76750183105469,40.22653579711914,149886400
2018-02-22,42.95000076293945,43.48749923706055,42.9275016784668,43.125,40.56281280517578,123967600
2018-02-23,43.41749954223633,43.912498474121094,43.3849983215332,43.875,41.268253326416016,135249600
2018-02-26,44.087501525878906,44.84749984741211,44.0525016784668,44.74250030517578,42.08419418334961,152648800
2018-02-27,44.775001525878906,45.119998931884766,44.540000915527344,44.59749984741211,41.94782257080078,155712400
2018-02-28,44.814998626708984,45.154998779296875,44.51250076293945,44.529998779296875,41.88432312011719,151128400
2018-03-01,44.6349983215332,44.94499969482422,43.165000915527344,43.75,41.15067672729492,195208000
2018-03-02,43.20000076293945,44.07500076293945,43.11249923706055,44.0525016784668,41.43519973754883,153816000
2018-03-05,43.8025016784668,44.435001373291016,43.630001068115234,44.20500183105469,41.578636169433594,113605600
2018-03-06,44.477500915527344,44.5625,44.032501220703125,44.16749954223633,41.54336166381836,95154000
2018-03-07,43.73500061035156,43.962501525878906,43.567501068115234,43.75749969482422,41.15771484375,126814000
2018-03-08,43.869998931884766,44.279998779296875,43.76750183105469,44.23500061035156,41.606849670410156,95096400
2018-03-09,44.4900016784668,45.0,44.34749984741211,44.994998931884766,42.32170104980469,128740800
2018-03-12,45.0724983215332,45.59749984741211,45.0525016784668,45.43000030517578,42.73085021972656,128828400
2018-03-13,45.647499084472656,45.875,44.810001373291016,44.99250030517578,42.3193473815918,126774000
2018-03-14,45.08000183105469,45.130001068115234,44.45249938964844,44.61000061035156,41.95956802368164,117473600
2018-03-15,44.625,45.060001373291016,44.51750183105469,44.662498474121094,42.00895690917969,90975200
2018-03-16,44.662498474121094,44.779998779296875,44.404998779296875,44.505001068115234,41.86080551147461,157618800
2018-03-19,44.33000183105469,44.36750030517578,43.415000915527344,43.82500076293945,41.22122573852539,133787200
2018-03-20,43.810001373291016,44.20000076293945,43.73500061035156,43.810001373291016,41.20711135864258,78597600
2018-03-21,43.7599983215332,43.772499084472656,42.814998626708984,42.817501068115234,40.27357482910156,148219600
2018-03-22,42.5,43.16999816894531,42.150001525878906,42.212501525878906,39.704524993896484,165963200
2018-03-23,42.09749984741211,42.47999954223633,41.23500061035156,41.23500061035156,38.78508758544922,164115200
2018-03-26,42.01750183105469,43.275001525878906,41.61000061035156,43.192501068115234,40.62628936767578,150164800
2018-03-27,43.41999816894531,43.787498474121094,41.72999954223633,42.084999084472656,39.5845947265625,163690400
2018-03-28,41.8125,42.505001068115234,41.29750061035156,41.619998931884766,39.147216796875,166674000
2018-03-29,41.95249938964844,42.9375,41.724998474121094,41.94499969482422,39.452903747558594,153594000
2018-04-02,41.65999984741211,42.23500061035156,41.11750030517578,41.66999816894531,39.19424819946289,150347200
2018-04-03,41.90999984741211,42.1875,41.220001220703125,42.09749984741211,39.596351623535156,121112000
2018-04-04,41.220001220703125,43.002498626708984,41.192501068115234,42.90250015258789,40.353519439697266,138422000
2018-04-05,43.14500045776367,43.557498931884766,43.02000045776367,43.20000076293945,40.63335037231445,107732800
2018-04-06,42.74250030517578,43.119998931884766,42.04999923706055,42.095001220703125,39.5940055847168,140021200
2018-04-09,42.470001220703125,43.272499084472656,42.462501525878906,42.51250076293945,39.9866943359375,116070800
2018-04-10,43.25,43.5,42.88249969482422,43.3125,40.739158630371094,113634400
2018-04-11,43.057498931884766,43.47999954223633,42.92499923706055,43.11000061035156,40.5486946105957,89726400
2018-04-12,43.352500915527344,43.75,43.2599983215332,43.53499984741211,40.94843292236328,91557200
2018-04-13,43.69499969482422,43.959999084472656,43.462501525878906,43.682498931884766,41.087181091308594,100497200
2018-04-16,43.75749969482422,44.04750061035156,43.70750045776367,43.95500183105469,41.34348678588867,86313600
2018-04-17,44.122501373291016,44.73500061035156,44.102500915527344,44.560001373291016,41.91254806518555,106421600
2018-04-18,44.45249938964844,44.70500183105469,44.220001220703125,44.459999084472656,41.81847381591797,83018000
2018-04-19,43.439998626708984,43.84749984741211,43.165000915527344,43.20000076293945,40.63335037231445,139235200
2018-04-20,42.650001525878906,42.80500030517578,41.35749816894531,41.43000030517578,38.968505859375,261964400
2018-04-23,41.70750045776367,41.72999954223633,41.022499084472656,41.310001373291016,38.85564041137695,146062000
2018-04-24,41.41749954223633,41.58250045776367,40.30500030517578,40.73500061035156,38.31480026245117,134768000
2018-04-25,40.654998779296875,41.35499954223633,40.602500915527344,40.912498474121094,38.48175048828125,113528400
2018-04-26,41.029998779296875,41.432498931884766,40.842498779296875,41.05500030517578,38.61578369140625,111852000
2018-04-27,41.0,41.08250045776367,40.157501220703125,40.58000183105469,38.169010162353516,142623200
2018-04-30,40.532501220703125,41.814998626708984,40.459999084472656,41.314998626708984,38.86033248901367,169709600
2018-05-01,41.602500915527344,42.29999923706055,41.317501068115234,42.275001525878906,39.76331329345703,214277600
2018-05-02,43.807498931884766,44.4375,43.45000076293945,44.14250183105469,41.51985168457031,266157600
2018-05-03,43.970001220703125,44.375,43.61000061035156,44.22249984741211,41.59510040283203,136272800
2018-05-04,44.5625,46.0625,44.54249954223633,45.95750045776367,43.22700881958008,224805200
2018-05-07,46.29499816894531,46.91749954223633,46.1875,46.290000915527344,43.53976058959961,169805600
2018-05-08,46.247501373291016,46.55500030517578,45.91749954223633,46.51250076293945,43.74905014038086,113611200
2018-05-09,46.63750076293945,46.849998474121094,46.30500030517578,46.84000015258789,44.05707550048828,92844800
2018-05-10,46.935001373291016,47.592498779296875,46.912498474121094,47.5099983215332,44.687278747558594,111957200
2018-05-11,47.372501373291016,47.51499938964844,46.86249923706055,47.147499084472656,44.51731491088867,104848800
2018-05-14,47.252498626708984,47.38249969482422,46.96500015258789,47.037498474121094,44.413455963134766,83115200
2018-05-15,46.69499969482422,46.76750183105469,46.275001525878906,46.61000061035156,44.00981140136719,94780800
2018-05-16,46.51750183105469,47.1150016784668,46.5,47.04499816894531,44.4205207824707,76732400
2018-05-17,47.0,47.227500915527344,46.59000015258789,46.747501373291016,44.13962936401367,69176000
2018-05-18,46.79750061035156,46.95249938964844,46.532501220703125,46.57749938964844,43.97910690307617,73190800
2018-05-21,47.0,47.317501068115234,46.727500915527344,46.907501220703125,44.29071044921875,73603200
2018-05-22,47.095001220703125,47.220001220703125,46.69499969482422,46.790000915527344,44.17976379394531,60962800
2018-05-23,46.587501525878906,47.125,46.439998626708984,47.09000015258789,44.46302032470703,80233600
2018-05-24,47.192501068115234,47.209999084472656,46.5525016784668,47.037498474121094,44.413455963134766,92936000
2018-05-25,47.057498931884766,47.412498474121094,46.912498474121094,47.14500045776367,44.51496124267578,69844000
2018-05-29,46.900001525878906,47.1875,46.717498779296875,46.974998474121094,44.354427337646484,90056400
2018-05-30,46.93000030517578,47.0,46.69499969482422,46.875,44.2600212097168,74762000
2018-05-31,46.80500030517578,47.057498931884766,46.53499984741211,46.717498779296875,44.11130142211914,109931200
2018-06-01,46.997501373291016,47.564998626708984,46.9375,47.560001373291016,44.906803131103516,93770000
2018-06-04,47.90999984741211,48.35499954223633,47.837501525878906,47.95750045776367,45.282135009765625,105064800
2018-06-05,48.26750183105469,48.48500061035156,48.09000015258789,48.32749938964844,45.63148880004883,86264000
2018-06-06,48.407501220703125,48.52000045776367,47.97999954223633,48.494998931884766,45.78964614868164,83734400
2018-06-07,48.53499984741211,48.54999923706055,48.084999084472656,48.3650016784668,45.666900634765625,85388800
2018-06-08,47.79249954223633,48.0,47.442501068115234,47.92499923706055,45.25144577026367,106627200
2018-06-11,47.837501525878906,47.99250030517578,47.5525016784668,47.807498931884766,45.14049530029297,73234000
2018-06-12,47.84749984741211,48.15250015258789,47.787498474121094,48.06999969482422,45.38835906982422,67644400
2018-06-13,48.10499954223633,48.220001220703125,47.61000061035156,47.67499923706055,45.01538848876953,86553600
2018-06-14,47.88750076293945,47.89250183105469,47.55500030517578,47.70000076293945,45.038997650146484,86440400
2018-06-15,47.50749969482422,47.540000915527344,47.064998626708984,47.209999084472656,44.576324462890625,246876800
2018-06-18,46.970001220703125,47.30500030517578,46.79999923706055,47.185001373291016,44.5527229309082,73939600
2018-06-19,46.28499984741211,46.58250045776367,45.86249923706055,46.42250061035156,43.832763671875,134314000
2018-06-20,46.587501525878906,46.79999923706055,46.432498931884766,46.625,44.023963928222656,82514800
2018-06-21,46.8125,47.087501525878906,46.23500061035156,46.3650016784668,43.77846908569336,102847600
2018-06-22,46.529998779296875,46.537498474121094,46.17499923706055,46.22999954223633,43.65099334716797,108801600
2018-06-25,45.849998474121094,46.22999954223633,45.182498931884766,45.54249954223633,43.00185012817383,126652400
2018-06-26,45.747501373291016,46.63249969482422,45.6349983215332,46.10749816894531,43.53534698486328,98276800
2018-06-27,46.307498931884766,46.81999969482422,46.00749969482422,46.040000915527344,43.47159957885742,101141200
2018-06-28,46.025001525878906,46.5525016784668,45.95000076293945,46.375,43.78791427612305,69460800
2018-06-29,46.5724983215332,46.79750061035156,45.727500915527344,46.27750015258789,43.69584655761719,90950800
2018-07-02,45.95500183105469,46.82500076293945,45.85499954223633,46.79499816894531,44.184478759765625,70925200
2018-07-03,46.9474983215332,46.98749923706055,45.8849983215332,45.97999954223633,43.414947509765625,55819200
2018-07-05,46.314998626708984,46.602500915527344,46.06999969482422,46.349998474121094,43.76430130004883,66416800
2018-07-06,46.35499954223633,47.10749816894531,46.29999923706055,46.99250030517578,44.3709602355957,69940800
2018-07-09,47.375,47.66999816894531,47.32500076293945,47.64500045776367,44.987060546875,79026400
2018-07-10,47.6775016784668,47.81999969482422,47.54499816894531,47.587501525878906,44.93276596069336,63756400
2018-07-11,47.125,47.44499969482422,46.90250015258789,46.970001220703125,44.34971618652344,75326000
2018-07-12,47.38249969482422,47.852500915527344,47.32749938964844,47.75749969482422,45.09328842163086,72164400
2018-07-13,47.77000045776367,47.959999084472656,47.724998474121094,47.83250045776367,45.164100646972656,50055600
2018-07-16,47.880001068115234,48.162498474121094,47.60499954223633,47.727500915527344,45.06496810913086,60172400
2018-07-17,47.4375,47.967498779296875,47.29999923706055,47.86249923706055,45.19243621826172,62138000
2018-07-18,47.94499969482422,47.95000076293945,47.48249816894531,47.599998474121094,44.94457244873047,65573600
2018-07-19,47.42250061035156,48.13750076293945,47.42250061035156,47.970001220703125,45.2939338684082,81147200
2018-07-20,47.94499969482422,48.10749816894531,47.54249954223633,47.86000061035156,45.19007110595703,82704800
2018-07-23,47.66999816894531,47.9900016784668,47.38999938964844,47.90250015258789,45.230194091796875,63957600
2018-07-24,48.11249923706055,48.415000915527344,48.01250076293945,48.25,45.558311462402344,74791600
2018-07-25,48.26499938964844,48.712501525878906,48.10749816894531,48.70500183105469,45.987937927246094,66839600
2018-07-26,48.65250015258789,48.9900016784668,48.40250015258789,48.5525016784668,45.84393310546875,76304000
2018-07-27,48.747501373291016,48.79750061035156,47.525001525878906,47.744998931884766,45.081485748291016,96096000
2018-07-30,47.974998474121094,48.04999923706055,47.26750183105469,47.477500915527344,44.828914642333984,84118000
2018-07-31,47.57500076293945,48.03499984741211,47.334999084472656,47.5724983215332,44.91860580444336,157492000
2018-08-01,49.782501220703125,50.439998626708984,49.32749938964844,50.375,47.56475830078125,271742800
2018-08-02,50.14500045776367,52.095001220703125,50.087501525878906,51.84749984741211,48.95512008666992,249616000
2018-08-03,51.75749969482422,52.185001373291016,51.369998931884766,51.997501373291016,49.09674835205078,133789600
2018-08-06,52.0,52.3125,51.76750183105469,52.26750183105469,49.351688385009766,101701600
2018-08-07,52.33000183105469,52.375,51.689998626708984,51.77750015258789,48.88903045654297,102349600
2018-08-08,51.51250076293945,51.95249938964844,51.130001068115234,51.8125,48.92206954956055,90102000
2018-08-09,52.38249969482422,52.44499969482422,51.79999923706055,52.220001220703125,49.30683898925781,93970400
2018-08-10,51.84000015258789,52.275001525878906,51.66749954223633,51.88249969482422,49.159976959228516,98444800
2018-08-13,52.32749938964844,52.73749923706055,51.92499923706055,52.217498779296875,49.477394104003906,103563600
2018-08-14,52.540000915527344,52.63999938964844,52.064998626708984,52.4375,49.685848236083984,82992000
2018-08-15,52.30500030517578,52.685001373291016,52.08250045776367,52.560001373291016,49.80192184448242,115230400
2018-08-16,52.9375,53.45249938964844,52.86750030517578,53.33000183105469,50.53151321411133,114001600
2018-08-17,53.36000061035156,54.48749923706055,53.290000915527344,54.39500045776367,51.54063415527344,141708000
2018-08-20,54.525001525878906,54.79499816894531,53.77750015258789,53.8650016784668,51.0384407043457,121150800
2018-08-21,54.20000076293945,54.29750061035156,53.50749969482422,53.7599983215332,50.938968658447266,104639200
2018-08-22,53.525001525878906,54.09000015258789,53.459999084472656,53.76250076293945,50.94131851196289,76072400
2018-08-23,53.662498474121094,54.26250076293945,53.650001525878906,53.872501373291016,51.04554748535156,75532800
2018-08-24,54.150001525878906,54.224998474121094,53.77750015258789,54.040000915527344,51.20426559448242,73905600
2018-08-27,54.287498474121094,54.685001373291016,54.08250045776367,54.48500061035156,51.62590408325195,82100400
2018-08-28,54.752498626708984,55.1349983215332,54.72999954223633,54.92499923706055,52.042823791503906,91107200
2018-08-29,55.037498474121094,55.872501373291016,54.852500915527344,55.744998931884766,52.819793701171875,109019200
2018-08-30,55.8125,57.064998626708984,55.599998474121094,56.25749969482422,53.3054084777832,195175200
2018-08-31,56.627498626708984,57.217498779296875,56.5,56.907501220703125,53.921295166015625,173360400
2018-09-04,57.102500915527344,57.29499816894531,56.657501220703125,57.09000015258789,54.09421157836914,109560400
2018-09-05,57.247501373291016,57.41749954223633,56.275001525878906,56.717498779296875,53.74125671386719,133332000
2018-09-06,56.557498931884766,56.837501525878906,55.32500076293945,55.775001525878906,52.84821701049805,137160000
2018-09-07,55.462501525878906,56.342498779296875,55.1775016784668,55.32500076293945,52.421836853027344,150479200
2018-09-10,55.23749923706055,55.462501525878906,54.11750030517578,54.58250045776367,51.718292236328125,158066000
2018-09-11,54.502498626708984,56.07500076293945,54.13999938964844,55.962501525878906,53.025882720947266,142996000
2018-09-12,56.23500061035156,56.25,54.959999084472656,55.26750183105469,52.367347717285156,197114800
2018-09-13,55.880001068115234,57.087501525878906,55.64250183105469,56.602500915527344,53.632293701171875,166825600
2018-09-14,56.4375,56.709999084472656,55.630001068115234,55.959999084472656,53.02350616455078,127997200
2018-09-17,55.537498474121094,55.73749923706055,54.317501068115234,54.470001220703125,51.6116943359375,148780400
2018-09-18,54.4474983215332,55.462501525878906,54.279998779296875,54.560001373291016,51.69697189331055,126286800
2018-09-19,54.625,54.904998779296875,53.82500076293945,54.592498779296875,51.7277717590332,108495200
2018-09-20,55.060001373291016,55.56999969482422,54.787498474121094,55.00749969482422,52.1209831237793,106435200
2018-09-21,55.19499969482422,55.34000015258789,54.3224983215332,54.415000915527344,51.55958557128906,384986800
2018-09-24,54.20500183105469,55.314998626708984,54.157501220703125,55.1974983215332,52.301025390625,110773600
2018-09-25,54.9375,55.70500183105469,54.92499923706055,55.54750061035156,52.63264465332031,98217600
2018-09-26,55.25,55.9375,54.939998626708984,55.10499954223633,52.21337127685547,95938800
2018-09-27,55.95500183105469,56.61000061035156,55.8849983215332,56.23749923706055,53.28643798828125,120724800
2018-09-28,56.1974983215332,56.459999084472656,56.005001068115234,56.435001373291016,53.47358703613281,91717600
2018-10-01,56.98749923706055,57.35499954223633,56.587501525878906,56.814998626708984,53.833641052246094,94403200
2018-10-02,56.8125,57.5,56.657501220703125,57.31999969482422,54.31214904785156,99152800
2018-10-03,57.51250076293945,58.36750030517578,57.44499969482422,58.01750183105469,54.973045349121094,114619200
2018-10-04,57.69499969482422,58.087501525878906,56.682498931884766,56.997501373291016,54.00657653808594,128168000
2018-10-05,56.9900016784668,57.102500915527344,55.14500045776367,56.0724983215332,53.130104064941406,134322000
2018-10-08,55.5525016784668,56.20000076293945,55.04999923706055,55.942501068115234,53.00693893432617,118655600
2018-10-09,55.90999984741211,56.817501068115234,55.5625,56.717498779296875,53.74125671386719,107564000
2018-10-10,56.3650016784668,56.587501525878906,54.01250076293945,54.09000015258789,51.25163650512695,167962400
2018-10-11,53.630001068115234,54.875,53.08000183105469,53.61249923706055,50.799190521240234,212497600
2018-10-12,55.10499954223633,55.720001220703125,54.209999084472656,55.52750015258789,52.61370849609375,161351600
2018-10-15,55.290000915527344,55.45750045776367,54.317501068115234,54.34000015258789,51.4885139465332,123164000
2018-10-16,54.73249816894531,55.747501373291016,54.189998626708984,55.537498474121094,52.62318420410156,116736000
2018-10-17,55.57500076293945,55.65999984741211,54.834999084472656,55.29750061035156,52.39577865600586,91541600
2018-10-18,54.46500015258789,54.935001373291016,53.25,54.005001068115234,51.17109680175781,130325200
2018-10-19,54.51499938964844,55.314998626708984,54.35749816894531,54.82749938964844,51.950443267822266,132314800
2018-10-22,54.9474983215332,55.84000015258789,54.73500061035156,55.162498474121094,52.267852783203125,115168400
2018-10-23,53.95750045776367,55.8125,53.67499923706055,55.682498931884766,52.760562896728516,155071200
2018-10-24,55.650001525878906,56.057498931884766,53.6349983215332,53.772499084472656,50.950801849365234,163702000
2018-10-25,54.4275016784668,55.345001220703125,54.1875,54.95000076293945,52.0665168762207,119423200
2018-10-26,53.974998474121094,55.04750061035156,53.16749954223633,54.07500076293945,51.2374267578125,189033600
2018-10-29,54.79750061035156,54.92250061035156,51.522499084472656,53.060001373291016,50.27568817138672,183742000
2018-10-30,52.787498474121094,53.79499816894531,52.317501068115234,53.32500076293945,50.52678298950195,146640000
2018-10-31,54.220001220703125,55.11249923706055,54.154998779296875,54.71500015258789,51.843841552734375,153435600
2018-11-01,54.76250076293945,55.59000015258789,54.20249938964844,55.55500030517578,52.639766693115234,233292800
2018-11-02,52.38750076293945,53.412498474121094,51.35749816894531,51.869998931884766,49.14812469482422,365314800
2018-11-05,51.07500076293945,51.09749984741211,49.54249954223633,50.397499084472656,47.75290298461914,264654800
2018-11-06,50.47999954223633,51.18000030517578,50.42250061035156,50.942501068115234,48.26931381225586,127531600
2018-11-07,51.49250030517578,52.51499938964844,51.032501220703125,52.48749923706055,49.73323059082031,133697600
2018-11-08,52.494998931884766,52.529998779296875,51.6875,52.122501373291016,49.559696197509766,101450400
2018-11-09,51.38750076293945,51.502498626708984,50.5625,51.11750030517578,48.6041145324707,137463200
2018-11-12,49.75,49.962501525878906,48.4474983215332,48.54249954223633,46.155731201171875,204542000
2018-11-13,47.907501220703125,49.29499816894531,47.86249923706055,48.057498931884766,45.69456100463867,187531600
2018-11-14,48.474998474121094,48.619998931884766,46.48249816894531,46.70000076293945,44.40382766723633,243204000
2018-11-15,47.09749984741211,47.99250030517578,46.724998474121094,47.852500915527344,45.49966049194336,185915200
2018-11-16,47.625,48.74250030517578,47.3650016784668,48.38249969482422,46.00359344482422,147713200
2018-11-19,47.5,47.67499923706055,46.247501373291016,46.46500015258789,44.18037033081055,167701200
2018-11-20,44.592498779296875,45.36750030517578,43.877498626708984,44.244998931884766,42.069515228271484,271300800
2018-11-21,44.932498931884766,45.067501068115234,44.13750076293945,44.19499969482422,42.0219841003418,124496800
2018-11-23,43.73500061035156,44.150001525878906,43.025001525878906,43.0724983215332,40.95467758178711,94496000
2018-11-26,43.560001373291016,43.73749923706055,42.564998626708984,43.654998779296875,41.50852966308594,179994000
2018-11-27,42.877498626708984,43.692501068115234,42.720001220703125,43.560001373291016,41.418212890625,165549600
2018-11-28,44.182498931884766,45.3224983215332,43.73249816894531,45.23500061035156,43.01085662841797,184250000
2018-11-29,45.665000915527344,45.70000076293945,44.42499923706055,44.88750076293945,42.68043518066406,167080000
2018-11-30,45.0724983215332,45.08250045776367,44.25749969482422,44.64500045776367,42.449867248535156,158126000
2018-12-03,46.1150016784668,46.23500061035156,45.3025016784668,46.20500183105469,43.933162689208984,163210000
2018-12-04,45.23749923706055,45.59749984741211,44.067501068115234,44.17250061035156,42.00059127807617,165377200
2018-12-06,42.939998626708984,43.69499969482422,42.60499954223633,43.68000030517578,41.53230667114258,172393600
2018-12-07,43.372501373291016,43.622501373291016,42.07500076293945,42.122501373291016,40.0513916015625,169126400
2018-12-10,41.25,42.522499084472656,40.83250045776367,42.400001525878906,40.315250396728516,248104000
2018-12-11,42.915000915527344,42.9474983215332,41.75,42.157501220703125,40.08467483520508,189126800
2018-12-12,42.599998474121094,42.97999954223633,42.255001068115234,42.275001525878906,40.1964111328125,142510800
2018-12-13,42.622501373291016,43.14250183105469,42.38750076293945,42.73749923706055,40.63615036010742,127594400
2018-12-14,42.25,42.27000045776367,41.31999969482422,41.369998931884766,39.33588790893555,162814800
2018-12-17,41.36249923706055,42.087501525878906,40.682498931884766,40.98500061035156,38.969810485839844,177151600
2018-12-18,41.345001220703125,41.88249969482422,41.09749984741211,41.51750183105469,39.47613525390625,135366000
2018-12-19,41.5,41.86249923706055,39.772499084472656,40.22249984741211,38.24481964111328,196189200
2018-12-20,40.099998474121094,40.52750015258789,38.82500076293945,39.20750045776367,37.27971267700195,259092000
2018-12-21,39.21500015258789,39.540000915527344,37.407501220703125,37.682498931884766,35.82969665527344,382978400
2018-12-24,37.037498474121094,37.88750076293945,36.647499084472656,36.70750045776367,34.90264129638672,148676800
2018-12-26,37.07500076293945,39.307498931884766,36.68000030517578,39.29249954223633,37.360538482666016,234330000
2018-12-27,38.959999084472656,39.192501068115234,37.51750183105469,39.037498474121094,37.11806869506836,212468400
2018-12-28,39.375,39.630001068115234,38.63750076293945,39.057498931884766,37.1370849609375,169165600
2018-12-31,39.63249969482422,39.84000015258789,39.119998931884766,39.435001373291016,37.496028900146484,140014000
2019-01-02,38.72249984741211,39.712501525878906,38.557498931884766,39.47999954223633,37.538822174072266,148158800
2019-01-03,35.994998931884766,36.43000030517578,35.5,35.54750061035156,33.7996826171875,365248800
2019-01-04,36.13249969482422,37.13750076293945,35.95000076293945,37.064998626708984,35.2425537109375,234428400
2019-01-07,37.17499923706055,37.20750045776367,36.474998474121094,36.98249816894531,35.164119720458984,219111200
2019-01-08,37.38999938964844,37.95500183105469,37.130001068115234,37.6875,35.83445739746094,164101200
2019-01-09,37.8224983215332,38.63249969482422,37.407501220703125,38.32749938964844,36.44298553466797,180396400
2019-01-10,38.125,38.49250030517578,37.71500015258789,38.45000076293945,36.5594596862793,143122800
2019-01-11,38.220001220703125,38.42499923706055,37.877498626708984,38.0724983215332,36.20051956176758,108092800
2019-01-14,37.712501525878906,37.817501068115234,37.30500030517578,37.5,35.656158447265625,129756800
2019-01-15,37.567501068115234,38.34749984741211,37.51250076293945,38.26750183105469,36.38593292236328,114843600
2019-01-16,38.27000045776367,38.970001220703125,38.25,38.73500061035156,36.83045196533203,122278800
2019-01-17,38.54999923706055,39.415000915527344,38.314998626708984,38.96500015258789,37.04913330078125,119284800
2019-01-18,39.375,39.470001220703125,38.994998931884766,39.20500183105469,37.277347564697266,135004000
2019-01-22,39.102500915527344,39.182498931884766,38.154998779296875,38.32500076293945,36.440616607666016,121576000
2019-01-23,38.537498474121094,38.78499984741211,37.92499923706055,38.47999954223633,36.587989807128906,92522400
2019-01-24,38.52750015258789,38.619998931884766,37.935001373291016,38.17499923706055,36.2979850769043,101766000
2019-01-25,38.869998931884766,39.532501220703125,38.58000183105469,39.439998626708984,37.50078201293945,134142000
2019-01-28,38.9474983215332,39.08250045776367,38.415000915527344,39.07500076293945,37.15372848510742,104768400
2019-01-29,39.0625,39.532501220703125,38.52750015258789,38.66999816894531,36.768638610839844,166348800
2019-01-30,40.8125,41.537498474121094,40.057498931884766,41.3125,39.281211853027344,244439200
2019-01-31,41.52750015258789,42.25,41.13999938964844,41.61000061035156,39.564083099365234,162958400
2019-02-01,41.7400016784668,42.244998931884766,41.48249816894531,41.630001068115234,39.58311080932617,130672400
2019-02-04,41.852500915527344,42.915000915527344,41.81999969482422,42.8125,40.70745849609375,125982000
2019-02-05,43.21500015258789,43.77000045776367,43.087501525878906,43.54499816894531,41.403953552246094,144406400
2019-02-06,43.662498474121094,43.89250183105469,43.212501525878906,43.560001373291016,41.418212890625,112958400
2019-02-07,43.099998474121094,43.48500061035156,42.584999084472656,42.73500061035156,40.633792877197266,126966800
2019-02-08,42.247501373291016,42.665000915527344,42.10499954223633,42.602500915527344,40.68151092529297,95280000
2019-02-11,42.76250076293945,42.8025016784668,42.3125,42.35749816894531,40.44755935668945,83973600
2019-02-12,42.525001525878906,42.75,42.42499923706055,42.72249984741211,40.79610824584961,89134000
2019-02-13,42.84749984741211,43.119998931884766,42.47999954223633,42.54499816894531,40.62660217285156,89960800
2019-02-14,42.4275016784668,42.814998626708984,42.345001220703125,42.70000076293945,40.774620056152344,87342800
2019-02-15,42.8125,42.92499923706055,42.4375,42.60499954223633,40.683895111083984,98507200
2019-02-19,42.4275016784668,42.86000061035156,42.372501373291016,42.73249816894531,40.80564880371094,75891200
2019-02-20,42.79750061035156,43.33000183105469,42.747501373291016,43.00749969482422,41.068260192871094,104457600
2019-02-21,42.95000076293945,43.092498779296875,42.57500076293945,42.76499938964844,40.83669662475586,68998800
2019-02-22,42.89500045776367,43.25,42.845001220703125,43.24250030517578,41.292667388916016,75652800
2019-02-25,43.540000915527344,43.967498779296875,43.48749923706055,43.557498931884766,41.59345245361328,87493600
2019-02-26,43.4275016784668,43.82500076293945,43.29249954223633,43.58250045776367,41.61733627319336,68280800
2019-02-27,43.3025016784668,43.75,43.182498931884766,43.717498779296875,41.746246337890625,111341600
2019-02-28,43.58000183105469,43.727500915527344,43.22999954223633,43.287498474121094,41.33562469482422,112861600
2019-03-01,43.56999969482422,43.787498474121094,43.22249984741211,43.74250030517578,41.770111083984375,103544800
2019-03-04,43.92250061035156,44.4375,43.49250030517578,43.962501525878906,41.98019027709961,109744800
2019-03-05,43.98500061035156,44.0,43.6349983215332,43.88249969482422,41.90380096435547,78949600
2019-03-06,43.66749954223633,43.872501373291016,43.48500061035156,43.630001068115234,41.66267776489258,83241600
2019-03-07,43.467498779296875,43.61000061035156,43.005001068115234,43.125,41.18046188354492,99185600
2019-03-08,42.58000183105469,43.26750183105469,42.375,43.227500915527344,41.27833557128906,95997600
2019-03-11,43.872501373291016,44.779998779296875,43.837501525878906,44.724998474121094,42.70831298828125,128044000
2019-03-12,45.0,45.66749954223633,44.842498779296875,45.227500915527344,43.18815994262695,129870400
2019-03-13,45.5625,45.82500076293945,45.22999954223633,45.4275016784668,43.3791389465332,124130000
2019-03-14,45.974998474121094,46.025001525878906,45.63999938964844,45.932498931884766,43.861358642578125,94318000
2019-03-15,46.212501525878906,46.83250045776367,45.935001373291016,46.529998779296875,44.43192672729492,156171600
2019-03-18,46.45000076293945,47.09749984741211,46.4474983215332,47.005001068115234,44.8855094909668,104879200
2019-03-19,47.087501525878906,47.247501373291016,46.47999954223633,46.63249969482422,44.52980422973633,126585600
2019-03-20,46.557498931884766,47.372501373291016,46.182498931884766,47.040000915527344,44.91892623901367,124140800
2019-03-21,47.505001068115234,49.08250045776367,47.45249938964844,48.772499084472656,46.57331466674805,204136800
2019-03-22,48.834999084472656,49.42250061035156,47.69499969482422,47.76250076293945,45.60886001586914,169630800
2019-03-25,47.877498626708984,47.994998931884766,46.650001525878906,47.185001373291016,45.05738830566406,175381200
2019-03-26,47.915000915527344,48.220001220703125,46.14500045776367,46.6974983215332,44.59187316894531,199202000
2019-03-27,47.1875,47.439998626708984,46.63750076293945,47.11750030517578,44.99293518066406,119393600
2019-03-28,47.23749923706055,47.38999938964844,46.88249969482422,47.18000030517578,45.0526123046875,83121600
2019-03-29,47.45750045776367,47.52000045776367,47.1349983215332,47.48749923706055,45.346256256103516,94256000
2019-04-01,47.90999984741211,47.91999816894531,47.095001220703125,47.810001373291016,45.65420150756836,111448000
2019-04-02,47.772499084472656,48.6150016784668,47.76250076293945,48.505001068115234,46.31787109375,91062800
2019-04-03,48.3125,49.125,48.287498474121094,48.837501525878906,46.6353759765625,93087200
2019-04-04,48.6974983215332,49.092498779296875,48.28499984741211,48.92250061035156,46.716552734375,76457200
2019-04-05,49.11249923706055,49.275001525878906,48.98249816894531,49.25,47.029273986816406,74106400
2019-04-08,49.10499954223633,50.057498931884766,49.084999084472656,50.025001525878906,47.76934051513672,103526800
2019-04-09,50.08000183105469,50.712501525878906,49.807498931884766,49.875,47.62607955932617,143072800
2019-04-10,49.66999816894531,50.185001373291016,49.54499816894531,50.154998779296875,47.89347457885742,86781200
2019-04-11,50.212501525878906,50.25,49.61000061035156,49.73749923706055,47.49479293823242,83603200
2019-04-12,49.79999923706055,50.03499984741211,49.0525016784668,49.717498779296875,47.47569274902344,111042800
2019-04-15,49.64500045776367,49.962501525878906,49.502498626708984,49.807498931884766,47.5616340637207,70146400
2019-04-16,49.8650016784668,50.342498779296875,49.63999938964844,49.8125,47.56640625,102785600
2019-04-17,49.8849983215332,50.845001220703125,49.65250015258789,50.782501220703125,48.49268341064453,115627200
2019-04-18,50.779998779296875,51.037498474121094,50.630001068115234,50.96500015258789,48.66694641113281,96783200
2019-04-22,50.70750045776367,51.23500061035156,50.584999084472656,51.13249969482422,48.82688522338867,77758000
2019-04-23,51.10749816894531,51.9375,50.974998474121094,51.869998931884766,49.53114700317383,93292000
2019-04-24,51.84000015258789,52.119998931884766,51.76250076293945,51.790000915527344,49.45473861694336,70162400
2019-04-25,51.70750045776367,51.939998626708984,51.279998779296875,51.31999969482422,49.00593566894531,74172800
2019-04-26,51.224998474121094,51.25,50.529998779296875,51.07500076293945,48.7719841003418,74596400
2019-04-29,51.099998474121094,51.49250030517578,50.96500015258789,51.15250015258789,48.84599304199219,88818800
2019-04-30,50.76499938964844,50.849998474121094,49.77750015258789,50.16749954223633,47.90540313720703,186139600
2019-05-01,52.470001220703125,53.82749938964844,52.307498931884766,52.630001068115234,50.256874084472656,259309200
2019-05-02,52.459999084472656,53.162498474121094,52.032501220703125,52.287498474121094,49.929813385009766,127985200
2019-05-03,52.72249984741211,52.959999084472656,52.557498931884766,52.9375,50.55050277709961,83569600
2019-05-06,51.0724983215332,52.209999084472656,50.875,52.119998931884766,49.76987075805664,129772400
2019-05-07,51.470001220703125,51.85499954223633,50.20750045776367,50.71500015258789,48.42822265625,155054800
2019-05-08,50.474998474121094,51.334999084472656,50.4375,50.724998474121094,48.43777084350586,105358000
2019-05-09,50.099998474121094,50.41999816894531,49.165000915527344,50.18000030517578,47.91735076904297,139634400
2019-05-10,49.35499954223633,49.712501525878906,48.192501068115234,49.29499816894531,47.253517150878906,164834800
2019-05-13,46.9275016784668,47.369998931884766,45.712501525878906,46.43000030517578,44.507179260253906,229722400
2019-05-14,46.602500915527344,47.42499923706055,46.352500915527344,47.165000915527344,45.21173095703125,146118800
2019-05-15,46.567501068115234,47.9375,46.505001068115234,47.72999954223633,45.753334045410156,106178800
2019-05-16,47.477500915527344,48.11750030517578,47.209999084472656,47.52000045776367,45.552024841308594,132125600
2019-05-17,46.73249816894531,47.724998474121094,46.689998626708984,47.25,45.2932243347168,131516400
2019-05-20,45.880001068115234,46.087501525878906,45.06999969482422,45.772499084472656,43.87689971923828,154449200
2019-05-21,46.30500030517578,47.0,46.17499923706055,46.650001525878906,44.71806335449219,113459200
2019-05-22,46.165000915527344,46.4275016784668,45.63750076293945,45.69499969482422,43.802608489990234,118994400
2019-05-23,44.95000076293945,45.1349983215332,44.45249938964844,44.915000915527344,43.054908752441406,146118800
2019-05-24,45.04999923706055,45.53499984741211,44.654998779296875,44.74250030517578,42.889564514160156,94858800
2019-05-28,44.72999954223633,45.147499084472656,44.477500915527344,44.557498931884766,42.71221160888672,111792800
2019-05-29,44.10499954223633,44.837501525878906,44.0,44.345001220703125,42.50851821899414,113924800
2019-05-30,44.48749923706055,44.807498931884766,44.16749954223633,44.57500076293945,42.729000091552734,84873600
2019-05-31,44.057498931884766,44.497501373291016,43.747501373291016,43.76750183105469,41.95492935180664,108174400
2019-06-03,43.900001525878906,44.47999954223633,42.567501068115234,43.32500076293945,41.53075408935547,161584400
2019-06-04,43.86000061035156,44.95750045776367,43.630001068115234,44.90999984741211,43.05012130737305,123872000
2019-06-05,46.06999969482422,46.247501373291016,45.28499984741211,45.6349983215332,43.745094299316406,119093600
2019-06-06,45.77000045776367,46.36750030517578,45.537498474121094,46.30500030517578,44.38734817504883,90105200
2019-06-07,46.627498626708984,47.97999954223633,46.442501068115234,47.537498474121094,45.568817138671875,122737600
2019-06-10,47.95249938964844,48.842498779296875,47.904998779296875,48.14500045776367,46.15114212036133,104883600
2019-06-11,48.71500015258789,49.0,48.400001525878906,48.70249938964844,46.6855583190918,107731600
2019-06-12,48.48749923706055,48.99250030517578,48.34749984741211,48.54750061035156,46.536991119384766,73012800
2019-06-13,48.67499923706055,49.1974983215332,48.400001525878906,48.537498474121094,46.52738571166992,86698400
2019-06-14,47.88750076293945,48.397499084472656,47.57500076293945,48.185001373291016,46.18947982788086,75046000
2019-06-17,48.224998474121094,48.7400016784668,48.04249954223633,48.47249984741211,46.465087890625,58676400
2019-06-18,49.01250076293945,50.0724983215332,48.8025016784668,49.61249923706055,47.55788040161133,106204000
2019-06-19,49.91999816894531,49.970001220703125,49.32749938964844,49.467498779296875,47.41888427734375,84496800
2019-06-20,50.092498779296875,50.15250015258789,49.50749969482422,49.8650016784668,47.799922943115234,86056000
2019-06-21,49.70000076293945,50.212501525878906,49.537498474121094,49.69499969482422,47.636962890625,191202400
2019-06-24,49.6349983215332,50.040000915527344,49.54249954223633,49.64500045776367,47.589027404785156,72881600
2019-06-25,49.60749816894531,49.814998626708984,48.8224983215332,48.89250183105469,46.86769104003906,84281200
2019-06-26,49.442501068115234,50.247501373291016,49.337501525878906,49.95000076293945,47.88140869140625,104270000
2019-06-27,50.0724983215332,50.39250183105469,49.89250183105469,49.935001373291016,47.86701583862305,83598800
2019-06-28,49.66999816894531,49.875,49.26250076293945,49.47999954223633,47.43086242675781,124442400
2019-07-01,50.79249954223633,51.122501373291016,50.162498474121094,50.38750076293945,48.30077362060547,109012000
2019-07-02,50.352500915527344,50.782501220703125,50.34000015258789,50.682498931884766,48.58355712890625,67740800
2019-07-03,50.81999969482422,51.11000061035156,50.67250061035156,51.102500915527344,48.98616409301758,45448000
2019-07-05,50.837501525878906,51.27000045776367,50.724998474121094,51.057498931884766,48.943031311035156,69062000
2019-07-08,50.20249938964844,50.349998474121094,49.602500915527344,50.005001068115234,47.93412780761719,101354400
2019-07-09,49.79999923706055,50.377498626708984,49.70249938964844,50.310001373291016,48.22649383544922,82312000
2019-07-10,50.462501525878906,50.932498931884766,50.38999938964844,50.807498931884766,48.70338439941406,71588400
2019-07-11,50.82749938964844,51.09749984741211,50.4275016784668,50.4375,48.34871292114258,80767200
2019-07-12,50.61249923706055,51.0,50.54999923706055,50.82500076293945,48.72016525268555,70380800
2019-07-15,51.022499084472656,51.467498779296875,51.0,51.3025016784668,49.17789077758789,67789600
2019-07-16,51.147499084472656,51.52750015258789,50.875,51.125,49.00774383544922,67467200
2019-07-17,51.01250076293945,51.272499084472656,50.817501068115234,50.837501525878906,48.732139587402344,56430000
2019-07-18,51.0,51.470001220703125,50.92499923706055,51.415000915527344,49.28572463989258,74162400
2019-07-19,51.4474983215332,51.625,50.59000015258789,50.647499084472656,48.55001449584961,83717200
2019-07-22,50.912498474121094,51.807498931884766,50.90250015258789,51.80500030517578,49.65957260131836,89111600
2019-07-23,52.1150016784668,52.227500915527344,51.8224983215332,52.209999084472656,50.047794342041016,73420800
2019-07-24,51.91749954223633,52.287498474121094,51.79249954223633,52.16749954223633,50.00706100463867,59966400
2019-07-25,52.22249984741211,52.310001373291016,51.682498931884766,51.755001068115234,49.61164855957031,55638400
2019-07-26,51.869998931884766,52.432498931884766,51.78499984741211,51.935001373291016,49.7841911315918,70475600
2019-07-29,52.1150016784668,52.65999984741211,52.11000061035156,52.41999816894531,50.24911117553711,86693600
2019-07-30,52.189998626708984,52.540000915527344,51.82749938964844,52.19499969482422,50.03343200683594,135742800
2019-07-31,54.10499954223633,55.342498779296875,52.82500076293945,53.2599983215332,51.0543212890625,277125600
2019-08-01,53.474998474121094,54.50749969482422,51.685001373291016,52.10749816894531,49.949546813964844,216071600
2019-08-02,51.38249969482422,51.60749816894531,50.407501220703125,51.005001068115234,48.89271545410156,163448400
2019-08-05,49.497501373291016,49.662498474121094,48.14500045776367,48.334999084472656,46.33327865600586,209572000
2019-08-06,49.07749938964844,49.51750183105469,48.5099983215332,49.25,47.210384368896484,143299200
2019-08-07,48.852500915527344,49.88999938964844,48.45500183105469,49.7599983215332,47.699256896972656,133457600
2019-08-08,50.04999923706055,50.88249969482422,49.84749984741211,50.85749816894531,48.751319885253906,108038000
2019-08-09,50.32500076293945,50.689998626708984,49.8224983215332,50.247501373291016,48.34958267211914,98478800
2019-08-12,49.904998779296875,50.51250076293945,49.787498474121094,50.119998931884766,48.226898193359375,89927600
2019-08-13,50.255001068115234,53.03499984741211,50.119998931884766,52.24250030517578,50.269229888916016,188874000
2019-08-14,50.790000915527344,51.61000061035156,50.647499084472656,50.6875,48.7729606628418,146189600
2019-08-15,50.8650016784668,51.28499984741211,49.91749954223633,50.435001373291016,48.53001022338867,108909600
2019-08-16,51.06999969482422,51.790000915527344,50.959999084472656,51.625,49.675052642822266,110481600
2019-08-19,52.654998779296875,53.182498931884766,52.50749969482422,52.587501525878906,50.601200103759766,97654400
2019-08-20,52.720001220703125,53.337501525878906,52.58000183105469,52.59000015258789,50.60360336303711,107537200
2019-08-21,53.247501373291016,53.412498474121094,52.900001525878906,53.15999984741211,51.15208053588867,86141600
2019-08-22,53.29750061035156,53.61000061035156,52.6875,53.1150016784668,51.10877990722656,89014800
2019-08-23,52.35749816894531,53.01250076293945,50.25,50.65999984741211,48.74649429321289,187272000
2019-08-26,51.46500015258789,51.79750061035156,51.26499938964844,51.622501373291016,49.672645568847656,104174400
2019-08-27,51.96500015258789,52.13750076293945,50.88249969482422,51.040000915527344,49.11214828491211,103493200
2019-08-28,51.025001525878906,51.43000030517578,50.83000183105469,51.38249969482422,49.44171905517578,63755200
2019-08-29,52.125,52.33000183105469,51.665000915527344,52.252498626708984,50.27885437011719,83962000
2019-08-30,52.540000915527344,52.61249923706055,51.79999923706055,52.185001373291016,50.213905334472656,84573600
2019-09-03,51.60749816894531,51.744998931884766,51.05500030517578,51.42499923706055,49.482608795166016,80092000
2019-09-04,52.09749984741211,52.369998931884766,51.83000183105469,52.29750061035156,50.32215118408203,76752400
2019-09-05,53.0,53.49250030517578,52.877498626708984,53.31999969482422,51.306034088134766,95654800
2019-09-06,53.51250076293945,53.60499954223633,53.127498626708984,53.314998626708984,51.30121612548828,77449200
2019-09-09,53.709999084472656,54.11000061035156,52.76750183105469,53.54249954223633,51.52012252807617,109237600
2019-09-10,53.46500015258789,54.19499969482422,52.9275016784668,54.17499923706055,52.128726959228516,127111600
2019-09-11,54.51750183105469,55.9275016784668,54.432498931884766,55.897499084472656,53.78617477416992,177158400
2019-09-12,56.20000076293945,56.60499954223633,55.71500015258789,55.772499084472656,53.6659049987793,128906800
2019-09-13,55.0,55.1974983215332,54.255001068115234,54.6875,52.62187957763672,159053200
2019-09-16,54.432498931884766,55.032501220703125,54.38999938964844,54.974998474121094,52.898521423339844,84632400
2019-09-17,54.9900016784668,55.20500183105469,54.779998779296875,55.17499923706055,53.09096908569336,73274800
2019-09-18,55.26499938964844,55.712501525878906,54.86000061035156,55.692501068115234,53.58891677856445,101360000
2019-09-19,55.502498626708984,55.939998626708984,55.092498779296875,55.2400016784668,53.15351104736328,88242400
2019-09-20,55.345001220703125,55.63999938964844,54.36750030517578,54.432498931884766,52.37650680541992,221652400
2019-09-23,54.73749923706055,54.959999084472656,54.412498474121094,54.68000030517578,52.61465835571289,76662000
2019-09-24,55.25749969482422,55.622501373291016,54.29750061035156,54.41999816894531,52.36447525024414,124763200
2019-09-25,54.63750076293945,55.375,54.28499984741211,55.25749969482422,53.170352935791016,87613600
2019-09-26,55.0,55.23500061035156,54.70750045776367,54.97249984741211,52.896114349365234,75334000
2019-09-27,55.1349983215332,55.2400016784668,54.31999969482422,54.70500183105469,52.63872146606445,101408000
2019-09-30,55.224998474121094,56.14500045776367,55.1974983215332,55.99250030517578,53.87759017944336,103909600
2019-10-01,56.26750183105469,57.05500030517578,56.04999923706055,56.147499084472656,54.02674102783203,139223200
2019-10-02,55.76499938964844,55.89500045776367,54.48249816894531,54.7400016784668,52.672393798828125,138449200
2019-10-03,54.60749816894531,55.2400016784668,53.782501220703125,55.20500183105469,53.11984634399414,114426000
2019-10-04,56.40999984741211,56.872501373291016,55.97249984741211,56.752498626708984,54.60887908935547,138478800
2019-10-07,56.567501068115234,57.48249816894531,56.459999084472656,56.76499938964844,54.62090301513672,122306000
2019-10-08,56.45500183105469,57.01499938964844,56.08250045776367,56.099998474121094,53.98102951049805,111820000
2019-10-09,56.75749969482422,56.9474983215332,56.40999984741211,56.75749969482422,54.61369323730469,74770400
2019-10-10,56.98249816894531,57.61000061035156,56.82500076293945,57.522499084472656,55.349796295166016,113013600
2019-10-11,58.23749923706055,59.40999984741211,58.07749938964844,59.0525016784668,56.82200622558594,166795600
2019-10-14,58.724998474121094,59.532501220703125,58.66749954223633,58.967498779296875,56.740211486816406,96427600
2019-10-15,59.09749984741211,59.412498474121094,58.720001220703125,58.83000183105469,56.607906341552734,87360000
2019-10-16,58.342498779296875,58.810001373291016,58.29999923706055,58.592498779296875,56.37937927246094,73903200
2019-10-17,58.772499084472656,59.037498474121094,58.380001068115234,58.81999969482422,56.598289489746094,67585200
2019-10-18,58.647499084472656,59.39500045776367,58.5724983215332,59.102500915527344,56.870121002197266,97433600
2019-10-21,59.380001068115234,60.247501373291016,59.33000183105469,60.127498626708984,57.85640335083008,87247200
2019-10-22,60.290000915527344,60.54999923706055,59.904998779296875,59.9900016784668,57.724098205566406,82293600
2019-10-23,60.525001525878906,60.810001373291016,60.30500030517578,60.79499816894531,58.498687744140625,75828800
2019-10-24,61.127498626708984,61.20000076293945,60.45249938964844,60.89500045776367,58.59492874145508,69275200
2019-10-25,60.790000915527344,61.682498931884766,60.720001220703125,61.64500045776367,59.31658935546875,73477200
2019-10-28,61.85499954223633,62.3125,61.68000030517578,62.26250076293945,59.910762786865234,96572800
2019-10-29,62.24250030517578,62.4375,60.64250183105469,60.8224983215332,58.525146484375,142839600
2019-10-30,61.189998626708984,61.32500076293945,60.3025016784668,60.814998626708984,58.5179328918457,124522000
2019-10-31,61.810001373291016,62.29249954223633,59.314998626708984,62.189998626708984,59.840999603271484,139162000
2019-11-01,62.3849983215332,63.98249816894531,62.290000915527344,63.95500183105469,61.539329528808594,151125200
2019-11-04,64.3324966430664,64.4625015258789,63.845001220703125,64.375,61.9434700012207,103272000
2019-11-05,64.26249694824219,64.54750061035156,64.08000183105469,64.28250122070312,61.85446548461914,79897600
2019-11-06,64.19249725341797,64.37249755859375,63.842498779296875,64.30999755859375,61.88092803955078,75864400
2019-11-07,64.68499755859375,65.0875015258789,64.52749633789062,64.85749816894531,62.595123291015625,94940400
2019-11-08,64.67250061035156,65.11000061035156,64.2125015258789,65.03500366210938,62.766414642333984,69986400
2019-11-11,64.57499694824219,65.61750030517578,64.56999969482422,65.55000305175781,63.263458251953125,81821200
2019-11-12,65.38749694824219,65.69750213623047,65.2300033569336,65.48999786376953,63.20554733276367,87388800
2019-11-13,65.28250122070312,66.19499969482422,65.26750183105469,66.11750030517578,63.811161041259766,102734400
2019-11-14,65.9375,66.22000122070312,65.5250015258789,65.66000366210938,63.3696174621582,89182800
2019-11-15,65.91999816894531,66.44499969482422,65.75250244140625,66.44000244140625,64.12240600585938,100206400
2019-11-18,66.44999694824219,66.85749816894531,66.05750274658203,66.7750015258789,64.44570922851562,86703200
2019-11-19,66.9749984741211,67.0,66.34750366210938,66.57250213623047,64.25029754638672,76167200
2019-11-20,66.38500213623047,66.5199966430664,65.0999984741211,65.79750061035156,63.502323150634766,106234400
2019-11-21,65.92250061035156,66.00250244140625,65.29499816894531,65.50250244140625,63.21760559082031,121395200
2019-11-22,65.64749908447266,65.79499816894531,65.20999908447266,65.44499969482422,63.162113189697266,65325200
2019-11-25,65.67749786376953,66.61000061035156,65.62999725341797,66.59249877929688,64.26958465576172,84020400
2019-11-26,66.73500061035156,66.79000091552734,65.625,66.07250213623047,63.76771545410156,105207600
2019-11-27,66.3949966430664,66.99500274658203,66.32749938964844,66.95999908447266,64.62425994873047,65235600
2019-11-29,66.6500015258789,67.0,66.4749984741211,66.8125,64.48191833496094,46617600
2019-12-02,66.81749725341797,67.0625,65.86250305175781,66.04000091552734,63.73636245727539,94487200
2019-12-03,64.57749938964844,64.88249969482422,64.07250213623047,64.86250305175781,62.599945068359375,114430400
2019-12-04,65.26750183105469,65.82749938964844,65.16999816894531,65.43499755859375,63.1524543762207,67181600
2019-12-05,65.94750213623047,66.47250366210938,65.68250274658203,66.3949966430664,64.07894897460938,74424400
2019-12-06,66.87000274658203,67.75,66.82499694824219,67.67749786376953,65.31673431396484,106075600
2019-12-09,67.5,67.69999694824219,66.22750091552734,66.7300033569336,64.40230560302734,128042400
2019-12-10,67.1500015258789,67.51750183105469,66.46499633789062,67.12000274658203,64.77870178222656,90420400
2019-12-11,67.20249938964844,67.7750015258789,67.125,67.69249725341797,65.3311996459961,78756800
2019-12-12,66.94499969482422,68.13999938964844,66.83000183105469,67.86499786376953,65.49769592285156,137310400
2019-12-13,67.86499786376953,68.82499694824219,67.73249816894531,68.7874984741211,66.38803100585938,133587600
2019-12-16,69.25,70.19750213623047,69.24500274658203,69.96499633789062,67.5244369506836,128186000
2019-12-17,69.89250183105469,70.44249725341797,69.69999694824219,70.10250091552734,67.65718078613281,114158400
2019-12-18,69.94999694824219,70.4749984741211,69.77999877929688,69.93499755859375,67.49551391601562,116028400
2019-12-19,69.875,70.29499816894531,69.73750305175781,70.00499725341797,67.56304168701172,98369200
2019-12-20,70.55750274658203,70.6624984741211,69.63999938964844,69.86000061035156,67.42311096191406,275978000
2019-12-23,70.13249969482422,71.0625,70.09249877929688,71.0,68.5233383178711,98572000
2019-12-24,71.17250061035156,71.22250366210938,70.7300033569336,71.06749725341797,68.58848571777344,48478800
2019-12-26,71.20500183105469,72.49500274658203,71.17500305175781,72.47750091552734,69.94929504394531,93121200
2019-12-27,72.77999877929688,73.49250030517578,72.02999877929688,72.44999694824219,69.92276000976562,146266000
2019-12-30,72.36499786376953,73.17250061035156,71.30500030517578,72.87999725341797,70.3377685546875,144114400
2019-12-31,72.48249816894531,73.41999816894531,72.37999725341797,73.4124984741211,70.8516845703125,100805600
2020-01-02,74.05999755859375,75.1500015258789,73.79750061035156,75.0875015258789,72.46826171875,135480400
2020-01-03,74.2874984741211,75.1449966430664,74.125,74.35749816894531,71.76372528076172,146322800
2020-01-06,73.44750213623047,74.98999786376953,73.1875,74.94999694824219,72.33556365966797,118387200
2020-01-07,74.95999908447266,75.2249984741211,74.37000274658203,74.59750366210938,71.99537658691406,108872000
2020-01-08,74.29000091552734,76.11000061035156,74.29000091552734,75.79750061035156,73.15348815917969,132079200
2020-01-09,76.80999755859375,77.60749816894531,76.55000305175781,77.40750122070312,74.70732116699219,170108400
2020-01-10,77.6500015258789,78.1675033569336,77.0625,77.5824966430664,74.87621307373047,140644800
2020-01-13,77.91000366210938,79.26750183105469,77.7874984741211,79.23999786376953,76.47591400146484,121532000
2020-01-14,79.17500305175781,79.39250183105469,78.0425033569336,78.16999816894531,75.44322967529297,161954400
2020-01-15,77.9625015258789,78.875,77.38749694824219,77.83499908447266,75.11991882324219,121923600
2020-01-16,78.39749908447266,78.92500305175781,78.02249908447266,78.80999755859375,76.06092071533203,108829200
2020-01-17,79.06749725341797,79.68499755859375,78.75,79.68250274658203,76.90296936035156,137816400
2020-01-21,79.29750061035156,79.75499725341797,79.0,79.14250183105469,76.38180541992188,110843200
2020-01-22,79.6449966430664,79.99749755859375,79.32749938964844,79.42500305175781,76.65446472167969,101832400
2020-01-23,79.4800033569336,79.88999938964844,78.9124984741211,79.80750274658203,77.02360534667969,104472000
2020-01-24,80.0625,80.8324966430664,79.37999725341797,79.57749938964844,76.80164337158203,146537600
2020-01-27,77.51499938964844,77.94249725341797,76.22000122070312,77.23750305175781,74.54325103759766,161940000
2020-01-28,78.1500015258789,79.5999984741211,78.04750061035156,79.42250061035156,76.65205383300781,162234000
2020-01-29,81.11250305175781,81.9625015258789,80.34500122070312,81.08499908447266,78.2565689086914,216229200
2020-01-30,80.13500213623047,81.02249908447266,79.6875,80.96749877929688,78.14315795898438,126743200
2020-01-31,80.23249816894531,80.66999816894531,77.07250213623047,77.37750244140625,74.67839813232422,199588400
2020-02-03,76.07499694824219,78.37249755859375,75.55500030517578,77.16500091552734,74.47329711914062,173788400
2020-02-04,78.82749938964844,79.91000366210938,78.40750122070312,79.7125015258789,76.93192291259766,136616400
2020-02-05,80.87999725341797,81.19000244140625,79.73750305175781,80.36250305175781,77.55925750732422,118826800
2020-02-06,80.64250183105469,81.30500030517578,80.06500244140625,81.30249786376953,78.46647644042969,105425600
2020-02-07,80.59249877929688,80.8499984741211,79.5,80.00749969482422,77.39990997314453,117684000
2020-02-10,78.54499816894531,80.38749694824219,78.4625015258789,80.38749694824219,77.76750946044922,109348800
2020-02-11,80.9000015258789,80.9749984741211,79.67749786376953,79.90249633789062,77.29830932617188,94323200
2020-02-12,80.36750030517578,81.80500030517578,80.36750030517578,81.80000305175781,79.13397979736328,113730400
2020-02-13,81.04750061035156,81.55500030517578,80.8375015258789,81.21749877929688,78.5704574584961,94747600
2020-02-14,81.18499755859375,81.49500274658203,80.7125015258789,81.23750305175781,78.58981323242188,80113600
2020-02-18,78.83999633789062,79.9375,78.65249633789062,79.75,77.15078735351562,152531200
2020-02-19,80.0,81.14250183105469,80.0,80.90499877929688,78.26815032958984,93984000
2020-02-20,80.65750122070312,81.1624984741211,79.55249786376953,80.07499694824219,77.46519470214844,100566000
2020-02-21,79.65499877929688,80.11250305175781,77.625,78.26249694824219,75.7117691040039,129554000
2020-02-24,74.31500244140625,76.04499816894531,72.30750274658203,74.54499816894531,72.11544036865234,222195200
2020-02-25,75.23750305175781,75.63249969482422,71.53250122070312,72.0199966430664,69.67271423339844,230673600
2020-02-26,71.63249969482422,74.47000122070312,71.625,73.1624984741211,70.77796936035156,198054800
2020-02-27,70.2750015258789,71.5,68.23999786376953,68.37999725341797,66.15135955810547,320605600
2020-02-28,64.31500244140625,69.60250091552734,64.09249877929688,68.33999633789062,66.1126480102539,426510000
2020-03-02,70.56999969482422,75.36000061035156,69.43000030517578,74.70249938964844,72.26778411865234,341397200
2020-03-03,75.9175033569336,76.0,71.44999694824219,72.33000183105469,69.97262573242188,319475600
2020-03-04,74.11000061035156,75.8499984741211,73.28250122070312,75.68499755859375,73.2182846069336,219178400
2020-03-05,73.87999725341797,74.88749694824219,72.85250091552734,73.2300033569336,70.84327697753906,187572800
2020-03-06,70.5,72.70500183105469,70.30750274658203,72.25749969482422,69.9024887084961,226176800
2020-03-09,65.9375,69.52249908447266,65.75,66.5425033569336,64.37374877929688,286744800
2020-03-10,69.28500366210938,71.61000061035156,67.34249877929688,71.33499908447266,69.01004028320312,285290000
2020-03-11,69.34750366210938,70.30500030517578,67.96499633789062,68.85749816894531,66.61328125,255598800
2020-03-12,63.98500061035156,67.5,62.0,62.057498931884766,60.03491973876953,418474000
2020-03-13,66.22250366210938,69.9800033569336,63.23749923706055,69.49250030517578,67.22761535644531,370732000
2020-03-16,60.48749923706055,64.7699966430664,60.0,60.5525016784668,58.578975677490234,322423600
2020-03-17,61.877498626708984,64.40249633789062,59.599998474121094,63.21500015258789,61.154701232910156,324056000
2020-03-18,59.942501068115234,62.5,59.279998779296875,61.66749954223633,59.65763473510742,300233600
2020-03-19,61.84749984741211,63.209999084472656,60.65250015258789,61.19499969482422,59.20053482055664,271857200
2020-03-20,61.79499816894531,62.95750045776367,57.0,57.310001373291016,55.44215393066406,401693200
2020-03-23,57.02000045776367,57.125,53.15250015258789,56.092498779296875,54.26432418823242,336752800
2020-03-24,59.09000015258789,61.92250061035156,58.57500076293945,61.720001220703125,59.70841979980469,287531200
2020-03-25,62.6875,64.5625,61.07500076293945,61.380001068115234,59.3795051574707,303602000
2020-03-26,61.630001068115234,64.66999816894531,61.59000015258789,64.61000061035156,62.50424575805664,252087200
2020-03-27,63.1875,63.967498779296875,61.76250076293945,61.935001373291016,59.916419982910156,204216800
2020-03-30,62.685001373291016,63.880001068115234,62.349998474121094,63.70249938964844,61.626304626464844,167976400
2020-03-31,63.900001525878906,65.62249755859375,63.0,63.5724983215332,61.500545501708984,197002000
2020-04-01,61.625,62.18000030517578,59.782501220703125,60.227500915527344,58.264564514160156,176218400
2020-04-02,60.084999084472656,61.287498474121094,59.224998474121094,61.23249816894531,59.23680877685547,165934000
2020-04-03,60.70000076293945,61.42499923706055,59.74250030517578,60.352500915527344,58.385494232177734,129880000
2020-04-06,62.724998474121094,65.77749633789062,62.345001220703125,65.61750030517578,63.47889709472656,201820400
2020-04-07,67.69999694824219,67.92500305175781,64.75,64.85749816894531,62.74367141723633,202887200
2020-04-08,65.68499755859375,66.84249877929688,65.30750274658203,66.51750183105469,64.34957122802734,168895200
2020-04-09,67.17500305175781,67.51750183105469,66.17500305175781,66.99749755859375,64.81391143798828,161834800
2020-04-13,67.07749938964844,68.42500305175781,66.4574966430664,68.3125,66.08605194091797,131022800
2020-04-14,70.0,72.0625,69.51249694824219,71.76249694824219,69.42362213134766,194994800
2020-04-15,70.5999984741211,71.5824966430664,70.15750122070312,71.10749816894531,68.78994750976562,131154400
2020-04-16,71.84500122070312,72.05000305175781,70.5875015258789,71.67250061035156,69.33656311035156,157125200
2020-04-17,71.17250061035156,71.73750305175781,69.21499633789062,70.69999694824219,68.39576721191406,215250000
2020-04-20,69.48750305175781,70.41999816894531,69.2125015258789,69.23249816894531,66.97607421875,130015200
2020-04-21,69.06999969482422,69.3125,66.35749816894531,67.09249877929688,64.90583038330078,180991600
2020-04-22,68.40249633789062,69.4749984741211,68.05000305175781,69.0250015258789,66.77533721923828,116862400
2020-04-23,68.96749877929688,70.4375,68.71749877929688,68.75749969482422,66.51656341552734,124814400
2020-04-24,69.30000305175781,70.75250244140625,69.25,70.74250030517578,68.43685913085938,126161200
2020-04-27,70.44999694824219,71.13500213623047,69.98750305175781,70.7925033569336,68.4852294921875,117087600
2020-04-28,71.2699966430664,71.4574966430664,69.55000305175781,69.6449966430664,67.3751220703125,112004800
2020-04-29,71.18250274658203,72.4175033569336,70.97250366210938,71.93250274658203,69.58810424804688,137280800
2020-04-30,72.48999786376953,73.63249969482422,72.0875015258789,73.44999694824219,71.05610656738281,183064000
2020-05-01,71.5625,74.75,71.4625015258789,72.26750183105469,69.91215515136719,240616800
2020-05-04,72.2925033569336,73.42250061035156,71.58000183105469,73.29000091552734,70.90133666992188,133568000
2020-05-05,73.76499938964844,75.25,73.61499786376953,74.38999938964844,71.9654769897461,147751200
2020-05-06,75.11499786376953,75.80999755859375,74.71749877929688,75.15750122070312,72.70796203613281,142333600
2020-05-07,75.80500030517578,76.2925033569336,75.49250030517578,75.93499755859375,73.46012115478516,115215200
2020-05-08,76.41000366210938,77.5875015258789,76.07250213623047,77.53250122070312,75.2085952758789,133838400
2020-05-11,77.0250015258789,79.26249694824219,76.80999755859375,78.75250244140625,76.39203643798828,145946400
2020-05-12,79.4574966430664,79.92250061035156,77.72750091552734,77.85250091552734,75.5190200805664,162301200
2020-05-13,78.0374984741211,78.98750305175781,75.80249786376953,76.9124984741211,74.60717010498047,200622400
2020-05-14,76.12750244140625,77.44750213623047,75.38249969482422,77.38500213623047,75.06551361083984,158929200
2020-05-15,75.0875015258789,76.9749984741211,75.05249786376953,76.92749786376953,74.6217269897461,166348400
2020-05-18,78.2925033569336,79.125,77.58000183105469,78.73999786376953,76.37992095947266,135178400
2020-05-19,78.75749969482422,79.62999725341797,78.25250244140625,78.28500366210938,75.93853759765625,101729600
2020-05-20,79.16999816894531,79.87999725341797,79.12999725341797,79.80750274658203,77.41542053222656,111504800
2020-05-21,79.66500091552734,80.22250366210938,78.96749877929688,79.2125015258789,76.8382339477539,102688800
2020-05-22,78.94249725341797,79.80750274658203,78.8375015258789,79.72250366210938,77.33296203613281,81803200
2020-05-26,80.875,81.05999755859375,79.125,79.18250274658203,76.80913543701172,125522000
2020-05-27,79.03500366210938,79.67749786376953,78.27249908447266,79.52749633789062,77.143798828125,112945200
2020-05-28,79.19249725341797,80.86000061035156,78.90750122070312,79.5625,77.17774963378906,133560800
2020-05-29,79.8125,80.2874984741211,79.11750030517578,79.48500061035156,77.10257720947266,153532400
2020-06-01,79.4375,80.5875015258789,79.30249786376953,80.4625015258789,78.05077362060547,80791200
2020-06-02,80.1875,80.86000061035156,79.73249816894531,80.83499908447266,78.412109375,87642800
2020-06-03,81.16500091552734,81.55000305175781,80.57499694824219,81.27999877929688,78.84376525878906,104491200
2020-06-04,81.09750366210938,81.40499877929688,80.19499969482422,80.58000183105469,78.16475677490234,87560400
2020-06-05,80.8375015258789,82.9375,80.80750274658203,82.875,80.39098358154297,137250400
2020-06-08,82.5625,83.4000015258789,81.83000183105469,83.36499786376953,80.86627960205078,95654400
2020-06-09,83.03500366210938,86.40249633789062,83.00250244140625,85.99749755859375,83.41986846923828,147712400
2020-06-10,86.9749984741211,88.69249725341797,86.52249908447266,88.20999908447266,85.56605529785156,166651600
2020-06-11,87.32749938964844,87.76499938964844,83.87000274658203,83.9749984741211,81.45799255371094,201662400
2020-06-12,86.18000030517578,86.94999694824219,83.55500030517578,84.69999694824219,82.16126251220703,200146000
2020-06-15,83.3125,86.41999816894531,83.1449966430664,85.74749755859375,83.17736053466797,138808800
2020-06-16,87.86499786376953,88.30000305175781,86.18000030517578,88.0199966430664,85.38175201416016,165428800
2020-06-17,88.7874984741211,88.8499984741211,87.77249908447266,87.89749908447266,85.26293182373047,114406400
2020-06-18,87.85250091552734,88.36250305175781,87.30500030517578,87.93250274658203,85.29689025878906,96820400
2020-06-19,88.66000366210938,89.13999938964844,86.2874984741211,87.43000030517578,84.8094482421875,264476000
2020-06-22,87.83499908447266,89.86499786376953,87.7874984741211,89.71749877929688,87.02836608886719,135445200
2020-06-23,91.0,93.09500122070312,90.56749725341797,91.63249969482422,88.88595581054688,212155600
2020-06-24,91.25,92.19750213623047,89.62999725341797,90.01499938964844,87.31695556640625,192623200
2020-06-25,90.17500305175781,91.25,89.39250183105469,91.20999908447266,88.47614288330078,137522400
2020-06-26,91.10250091552734,91.33000183105469,88.25499725341797,88.40750122070312,85.75763702392578,205256800
2020-06-29,88.3125,90.5425033569336,87.81999969482422,90.44499969482422,87.73406982421875,130646000
2020-06-30,90.0199966430664,91.49500274658203,90.0,91.19999694824219,88.4664535522461,140223200
2020-07-01,91.27999877929688,91.83999633789062,90.97750091552734,91.02749633789062,88.29911804199219,110737200
2020-07-02,91.9625015258789,92.61750030517578,90.91000366210938,91.02749633789062,88.29911804199219,114041600
2020-07-06,92.5,93.94499969482422,92.46749877929688,93.4625015258789,90.66111755371094,118655600
2020-07-07,93.85250091552734,94.65499877929688,93.05750274658203,93.17250061035156,90.37980651855469,112424400
2020-07-08,94.18000030517578,95.375,94.08999633789062,95.34249877929688,92.48477935791016,117092000
2020-07-09,96.26249694824219,96.31749725341797,94.67250061035156,95.75250244140625,92.88248443603516,125642800
2020-07-10,95.33499908447266,95.9800033569336,94.70500183105469,95.91999816894531,93.04498291015625,90257200
2020-07-13,97.26499938964844,99.95500183105469,95.25749969482422,95.47750091552734,92.61573028564453,191649200
2020-07-14,94.83999633789062,97.25499725341797,93.87750244140625,97.05750274658203,94.14838409423828,170989200
2020-07-15,98.98999786376953,99.24749755859375,96.48999786376953,97.7249984741211,94.79586791992188,153198000
2020-07-16,96.5625,97.40499877929688,95.90499877929688,96.52249908447266,93.62940216064453,110577600
2020-07-17,96.98750305175781,97.14749908447266,95.83999633789062,96.32749938964844,93.44025421142578,92186800
2020-07-20,96.4175033569336,98.5,96.0625,98.35749816894531,95.40941619873047,90318000
2020-07-21,99.17250061035156,99.25,96.74250030517578,97.0,94.09259033203125,103433200
2020-07-22,96.69249725341797,97.9749984741211,96.60250091552734,97.27249908447266,94.35692596435547,89001600
2020-07-23,96.99749755859375,97.07749938964844,92.01000213623047,92.84500122070312,90.06211853027344,197004400
2020-07-24,90.98750305175781,92.97000122070312,89.1449966430664,92.61499786376953,89.83903503417969,185438800
2020-07-27,93.70999908447266,94.90499877929688,93.4800033569336,94.80999755859375,91.96822357177734,121214000
2020-07-28,94.36750030517578,94.55000305175781,93.24749755859375,93.25250244140625,90.45742797851562,103625600
2020-07-29,93.75,95.2300033569336,93.7125015258789,95.04000091552734,92.19136047363281,90329200
2020-07-30,94.1875,96.29750061035156,93.76750183105469,96.19000244140625,93.306884765625,158130000
2020-07-31,102.88500213623047,106.41500091552734,100.82499694824219,106.26000213623047,103.07504272460938,374336800
2020-08-03,108.19999694824219,111.63749694824219,107.89250183105469,108.9375,105.67229461669922,308151200
2020-08-04,109.13249969482422,110.79000091552734,108.38749694824219,109.66500091552734,106.37798309326172,173071600
2020-08-05,109.37750244140625,110.39250183105469,108.89749908447266,110.0625,106.76358032226562,121776800
2020-08-06,110.40499877929688,114.4124984741211,109.79750061035156,113.90249633789062,110.48847198486328,202428800
2020-08-07,113.20500183105469,113.67500305175781,110.2925033569336,111.11250305175781,107.9764175415039,198045600
2020-08-10,112.5999984741211,113.7750015258789,110.0,112.72750091552734,109.54584503173828,212403600
2020-08-11,111.97000122070312,112.48249816894531,109.10749816894531,109.375,106.28797149658203,187902400
2020-08-12,110.49749755859375,113.2750015258789,110.29750061035156,113.01000213623047,109.82038879394531,165598000
2020-08-13,114.43000030517578,116.0425033569336,113.92749786376953,115.01000213623047,111.763916015625,210082000
2020-08-14,114.83000183105469,115.0,113.04499816894531,114.90750122070312,111.66432189941406,165565200
2020-08-17,116.0625,116.0875015258789,113.9625015258789,114.60749816894531,111.37279510498047,119561600
2020-08-18,114.35250091552734,116.0,114.00749969482422,115.5625,112.30083465576172,105633600
2020-08-19,115.98249816894531,117.1624984741211,115.61000061035156,115.7074966430664,112.44173431396484,145538000
2020-08-20,115.75,118.39250183105469,115.73249816894531,118.2750015258789,114.93677520751953,126907200
2020-08-21,119.26249694824219,124.86750030517578,119.25,124.37000274658203,120.85974884033203,338054800
2020-08-24,128.69749450683594,128.78500366210938,123.9375,125.85749816894531,122.30525970458984,345937600
2020-08-25,124.69750213623047,125.18000030517578,123.05249786376953,124.82499694824219,121.30191802978516,211495600
2020-08-26,126.18000030517578,126.99250030517578,125.0824966430664,126.52249908447266,122.95150756835938,163022400
2020-08-27,127.14250183105469,127.48500061035156,123.8324966430664,125.01000213623047,121.48168182373047,155552400
2020-08-28,126.01249694824219,126.44249725341797,124.57749938964844,124.80750274658203,121.284912109375,187630000
2020-08-31,127.58000183105469,131.0,126.0,129.0399932861328,125.39791870117188,225702700
2020-09-01,132.75999450683594,134.8000030517578,130.52999877929688,134.17999267578125,130.3928985595703,151948100
2020-09-02,137.58999633789062,137.97999572753906,127.0,131.39999389648438,127.69132995605469,200119000
2020-09-03,126.91000366210938,128.83999633789062,120.5,120.87999725341797,117.46824645996094,257599600
2020-09-04,120.06999969482422,123.69999694824219,110.88999938964844,120.95999908447266,117.54600524902344,332607200
2020-09-08,113.94999694824219,118.98999786376953,112.68000030517578,112.81999969482422,109.63573455810547,231366600
2020-09-09,117.26000213623047,119.13999938964844,115.26000213623047,117.31999969482422,114.00872039794922,176940500
2020-09-10,120.36000061035156,120.5,112.5,113.48999786376953,110.28683471679688,182274400
2020-09-11,114.56999969482422,115.2300033569336,110.0,112.0,108.83887481689453,180860300
2020-09-14,114.72000122070312,115.93000030517578,112.80000305175781,115.36000061035156,112.10406494140625,140150100
2020-09-15,118.33000183105469,118.83000183105469,113.61000061035156,115.54000091552734,112.27896118164062,184642000
2020-09-16,115.2300033569336,116.0,112.04000091552734,112.12999725341797,108.96522521972656,154679000
2020-09-17,109.72000122070312,112.19999694824219,108.70999908447266,110.33999633789062,107.22573852539062,178011000
2020-09-18,110.4000015258789,110.87999725341797,106.08999633789062,106.83999633789062,103.82451629638672,287104900
2020-09-21,104.54000091552734,110.19000244140625,103.0999984741211,110.08000183105469,106.97306060791016,195713800
2020-09-22,112.68000030517578,112.86000061035156,109.16000366210938,111.80999755859375,108.65425872802734,183055400
2020-09-23,111.62000274658203,112.11000061035156,106.7699966430664,107.12000274658203,104.09658813476562,150718700
2020-09-24,105.16999816894531,110.25,105.0,108.22000122070312,105.16558074951172,167743300
2020-09-25,108.43000030517578,112.44000244140625,107.66999816894531,112.27999877929688,109.1109848022461,149981400
2020-09-28,115.01000213623047,115.31999969482422,112.77999877929688,114.95999908447266,111.71534729003906,137672400
2020-09-29,114.55000305175781,115.30999755859375,113.56999969482422,114.08999633789062,110.86990356445312,99382200
2020-09-30,113.79000091552734,117.26000213623047,113.62000274658203,115.80999755859375,112.5413589477539,142675200
2020-10-01,117.63999938964844,117.72000122070312,115.83000183105469,116.79000091552734,113.49369049072266,116120400
2020-10-02,112.88999938964844,115.37000274658203,112.22000122070312,113.0199966430664,109.830078125,144712000
2020-10-05,113.91000366210938,116.6500015258789,113.55000305175781,116.5,113.21186828613281,106243800
2020-10-06,115.69999694824219,116.12000274658203,112.25,113.16000366210938,109.96614837646484,161498200
2020-10-07,114.62000274658203,115.55000305175781,114.12999725341797,115.08000183105469,111.83196258544922,96849000
2020-10-08,116.25,116.4000015258789,114.58999633789062,114.97000122070312,111.72506713867188,83477200
2020-10-09,115.27999877929688,117.0,114.91999816894531,116.97000122070312,113.66861724853516,100506900
2020-10-12,120.05999755859375,125.18000030517578,119.27999877929688,124.4000015258789,120.88890838623047,240226800
2020-10-13,125.2699966430664,125.38999938964844,119.6500015258789,121.0999984741211,117.68205261230469,262330500
2020-10-14,121.0,123.02999877929688,119.62000274658203,121.19000244140625,117.7695083618164,150712000
2020-10-15,118.72000122070312,121.19999694824219,118.1500015258789,120.70999908447266,117.30304718017578,112559200
2020-10-16,121.27999877929688,121.55000305175781,118.80999755859375,119.0199966430664,115.66073608398438,115393800
2020-10-19,119.95999908447266,120.41999816894531,115.66000366210938,115.9800033569336,112.70655822753906,120639300
2020-10-20,116.19999694824219,118.9800033569336,115.62999725341797,117.51000213623047,114.19337463378906,124423700
2020-10-21,116.66999816894531,118.70999908447266,116.44999694824219,116.87000274658203,113.57144165039062,89946000
2020-10-22,117.44999694824219,118.04000091552734,114.58999633789062,115.75,112.48304748535156,101988000
2020-10-23,116.38999938964844,116.55000305175781,114.27999877929688,115.04000091552734,111.79308319091797,82572600
2020-10-26,114.01000213623047,116.55000305175781,112.87999725341797,115.05000305175781,111.80278778076172,111850700
2020-10-27,115.48999786376953,117.27999877929688,114.54000091552734,116.5999984741211,113.30903625488281,92276800
2020-10-28,115.05000305175781,115.43000030517578,111.0999984741211,111.19999694824219,108.06146240234375,143937800
2020-10-29,112.37000274658203,116.93000030517578,112.19999694824219,115.31999969482422,112.06517791748047,146129200
2020-10-30,111.05999755859375,111.98999786376953,107.72000122070312,108.86000061035156,105.78751373291016,190272600
2020-11-02,109.11000061035156,110.68000030517578,107.31999969482422,108.7699966430664,105.7000503540039,122866900
2020-11-03,109.66000366210938,111.48999786376953,108.7300033569336,110.44000244140625,107.32292938232422,107624400
2020-11-04,114.13999938964844,115.58999633789062,112.3499984741211,114.94999694824219,111.70562744140625,138235500
2020-11-05,117.94999694824219,119.62000274658203,116.87000274658203,119.02999877929688,115.67047119140625,126387100
2020-11-06,118.31999969482422,119.19999694824219,116.12999725341797,118.69000244140625,115.5390396118164,114457900
2020-11-09,120.5,121.98999786376953,116.05000305175781,116.31999969482422,113.23199462890625,154515300
2020-11-10,115.55000305175781,117.58999633789062,114.12999725341797,115.97000122070312,112.8912353515625,138023400
2020-11-11,117.19000244140625,119.62999725341797,116.44000244140625,119.48999786376953,116.31781005859375,112295000
2020-11-12,119.62000274658203,120.52999877929688,118.56999969482422,119.20999908447266,116.04524993896484,103162300
2020-11-13,119.44000244140625,119.66999816894531,117.87000274658203,119.26000213623047,116.09394073486328,81581900
2020-11-16,118.91999816894531,120.98999786376953,118.1500015258789,120.30000305175781,117.10631561279297,91183000
2020-11-17,119.55000305175781,120.66999816894531,118.95999908447266,119.38999938964844,116.22047424316406,74271000
2020-11-18,118.61000061035156,119.81999969482422,118.0,118.02999877929688,114.8965835571289,76322100
2020-11-19,117.58999633789062,119.05999755859375,116.80999755859375,118.63999938964844,115.49039459228516,74113000
2020-11-20,118.63999938964844,118.7699966430664,117.29000091552734,117.33999633789062,114.22488403320312,73604300
2020-11-23,117.18000030517578,117.62000274658203,113.75,113.8499984741211,110.82752990722656,127959300
2020-11-24,113.91000366210938,115.8499984741211,112.58999633789062,115.16999816894531,112.11250305175781,113874200
2020-11-25,115.55000305175781,116.75,115.16999816894531,116.02999877929688,112.9496841430664,76499200
2020-11-27,116.56999969482422,117.48999786376953,116.22000122070312,116.58999633789062,113.49478912353516,46691300
2020-11-30,116.97000122070312,120.97000122070312,116.80999755859375,119.05000305175781,115.88951110839844,169410200
2020-12-01,121.01000213623047,123.47000122070312,120.01000213623047,122.72000122070312,119.46206665039062,127728200
2020-12-02,122.0199966430664,123.37000274658203,120.88999938964844,123.08000183105469,119.8125,89004200
2020-12-03,123.5199966430664,123.77999877929688,122.20999908447266,122.94000244140625,119.67621612548828,78967600
2020-12-04,122.5999984741211,122.86000061035156,121.5199966430664,122.25,119.00454711914062,78260400
2020-12-07,122.30999755859375,124.56999969482422,122.25,123.75,120.46471405029297,86712000
2020-12-08,124.37000274658203,124.9800033569336,123.08999633789062,124.37999725341797,121.0779800415039,82225500
2020-12-09,124.52999877929688,125.94999694824219,121.0,121.77999877929688,118.54702758789062,115089200
2020-12-10,120.5,123.87000274658203,120.1500015258789,123.23999786376953,119.96824645996094,81312200
2020-12-11,122.43000030517578,122.76000213623047,120.55000305175781,122.41000366210938,119.1603012084961,86939800
2020-12-14,122.5999984741211,123.3499984741211,121.54000091552734,121.77999877929688,118.54702758789062,79184500
2020-12-15,124.33999633789062,127.9000015258789,124.12999725341797,127.87999725341797,124.4850845336914,157243700
2020-12-16,127.41000366210938,128.3699951171875,126.55999755859375,127.80999755859375,124.41694641113281,98208600
2020-12-17,128.89999389648438,129.5800018310547,128.0399932861328,128.6999969482422,125.2833023071289,94359800
2020-12-18,128.9600067138672,129.10000610351562,126.12000274658203,126.66000366210938,123.29747009277344,192541500
2020-12-21,125.0199966430664,128.30999755859375,123.44999694824219,128.22999572753906,124.82579040527344,121251600
2020-12-22,131.61000061035156,134.41000366210938,129.64999389648438,131.8800048828125,128.37887573242188,168904800
2020-12-23,132.16000366210938,132.42999267578125,130.77999877929688,130.9600067138672,127.48332214355469,88223700
2020-12-24,131.32000732421875,133.4600067138672,131.10000610351562,131.97000122070312,128.4665069580078,54930100
2020-12-28,133.99000549316406,137.33999633789062,133.50999450683594,136.69000244140625,133.06121826171875,124486200
2020-12-29,138.0500030517578,138.7899932861328,134.33999633789062,134.8699951171875,131.2895050048828,121047300
2020-12-30,135.5800018310547,135.99000549316406,133.39999389648438,133.72000122070312,130.17001342773438,96452100
2020-12-31,134.0800018310547,134.74000549316406,131.72000122070312,132.69000244140625,129.1673583984375,99116600
2021-01-04,133.52000427246094,133.61000061035156,126.76000213623047,129.41000366210938,125.97445678710938,143301900
2021-01-05,128.88999938964844,131.74000549316406,128.42999267578125,131.00999450683594,127.531982421875,97664900
2021-01-06,127.72000122070312,131.0500030517578,126.37999725341797,126.5999984741211,123.23905944824219,155088000
2021-01-07,128.36000061035156,131.6300048828125,127.86000061035156,130.9199981689453,127.44438934326172,109578200
2021-01-08,132.42999267578125,132.6300048828125,130.22999572753906,132.0500030517578,128.5443878173828,105158200
2021-01-11,129.19000244140625,130.1699981689453,128.5,128.97999572753906,125.55587005615234,100384500
2021-01-12,128.5,129.69000244140625,126.86000061035156,128.8000030517578,125.38064575195312,91951100
2021-01-13,128.75999450683594,131.4499969482422,128.49000549316406,130.88999938964844,127.41517639160156,88636800
2021-01-14,130.8000030517578,131.0,128.75999450683594,128.91000366210938,125.4877700805664,90221800
2021-01-15,128.77999877929688,130.22000122070312,127.0,127.13999938964844,123.76472473144531,111598500
2021-01-19,127.77999877929688,128.7100067138672,126.94000244140625,127.83000183105469,124.4364013671875,90757300
2021-01-20,128.66000366210938,132.49000549316406,128.5500030517578,132.02999877929688,128.52493286132812,104319500
2021-01-21,133.8000030517578,139.6699981689453,133.58999633789062,136.8699951171875,133.2364044189453,120150900
2021-01-22,136.27999877929688,139.85000610351562,135.02000427246094,139.07000732421875,135.3780059814453,114459400
2021-01-25,143.07000732421875,145.08999633789062,136.5399932861328,142.9199981689453,139.12576293945312,157611700
2021-01-26,143.60000610351562,144.3000030517578,141.3699951171875,143.16000366210938,139.35940551757812,98390600
2021-01-27,143.42999267578125,144.3000030517578,140.41000366210938,142.05999755859375,138.2886199951172,140843800
2021-01-28,139.52000427246094,141.99000549316406,136.6999969482422,137.08999633789062,133.45059204101562,142621100
2021-01-29,135.8300018310547,136.74000549316406,130.2100067138672,131.9600067138672,128.45681762695312,177523800
2021-02-01,133.75,135.3800048828125,130.92999267578125,134.13999938964844,130.5789031982422,106239800
2021-02-02,135.72999572753906,136.30999755859375,134.61000061035156,134.99000549316406,131.40631103515625,83305400
2021-02-03,135.75999450683594,135.77000427246094,133.61000061035156,133.94000244140625,130.3842010498047,89880900
2021-02-04,136.3000030517578,137.39999389648438,134.58999633789062,137.38999938964844,133.74258422851562,84183100
2021-02-05,137.35000610351562,137.4199981689453,135.86000061035156,136.75999450683594,133.32826232910156,75693800
2021-02-08,136.02999877929688,136.9600067138672,134.9199981689453,136.91000366210938,133.4745330810547,71297200
2021-02-09,136.6199951171875,137.8800048828125,135.85000610351562,136.00999450683594,132.59710693359375,76774200
2021-02-10,136.47999572753906,136.99000549316406,134.39999389648438,135.38999938964844,131.9926300048828,73046600
2021-02-11,135.89999389648438,136.38999938964844,133.77000427246094,135.1300048828125,131.7391815185547,64280000
2021-02-12,134.35000610351562,135.52999877929688,133.69000244140625,135.3699951171875,131.97315979003906,60145100
2021-02-16,135.49000549316406,136.00999450683594,132.7899932861328,133.19000244140625,129.84788513183594,80576300
2021-02-17,131.25,132.22000122070312,129.47000122070312,130.83999633789062,127.55680847167969,97918500
2021-02-18,129.1999969482422,130.0,127.41000366210938,129.7100067138672,126.4551773071289,96856700
2021-02-19,130.24000549316406,130.7100067138672,128.8000030517578,129.8699951171875,126.61115264892578,87668800
2021-02-22,128.00999450683594,129.72000122070312,125.5999984741211,126.0,122.83828735351562,103916400
2021-02-23,123.76000213623047,126.70999908447266,118.38999938964844,125.86000061035156,122.70179748535156,158273000
2021-02-24,124.94000244140625,125.55999755859375,122.2300033569336,125.3499984741211,122.20458221435547,111039900
2021-02-25,124.68000030517578,126.45999908447266,120.54000091552734,120.98999786376953,117.9539794921875,148199500
2021-02-26,122.58999633789062,124.8499984741211,121.19999694824219,121.26000213623047,118.21723175048828,164560400
2021-03-01,123.75,127.93000030517578,122.79000091552734,127.79000091552734,124.58336639404297,116307900
2021-03-02,128.41000366210938,128.72000122070312,125.01000213623047,125.12000274658203,121.9803695678711,102260900
2021-03-03,124.80999755859375,125.70999908447266,121.83999633789062,122.05999755859375,118.99713134765625,112966300
2021-03-04,121.75,123.5999984741211,118.62000274658203,120.12999725341797,117.11556243896484,178155000
2021-03-05,120.9800033569336,121.94000244140625,117.56999969482422,121.41999816894531,118.37319946289062,153766600
2021-03-08,120.93000030517578,121.0,116.20999908447266,116.36000061035156,113.44017791748047,154376600
2021-03-09,119.02999877929688,122.05999755859375,118.79000091552734,121.08999633789062,118.05147552490234,129525800
2021-03-10,121.69000244140625,122.16999816894531,119.44999694824219,119.9800033569336,116.96932983398438,111943300
2021-03-11,122.54000091552734,123.20999908447266,121.26000213623047,121.95999908447266,118.899658203125,103026500
2021-03-12,120.4000015258789,121.16999816894531,119.16000366210938,121.02999877929688,117.99298858642578,88105100
2021-03-15,121.41000366210938,124.0,120.41999816894531,123.98999786376953,120.87870788574219,92403800
2021-03-16,125.69999694824219,127.22000122070312,124.72000122070312,125.56999969482422,122.4190673828125,115227900
2021-03-17,124.05000305175781,125.86000061035156,122.33999633789062,124.76000213623047,121.62938690185547,111932600
2021-03-18,122.87999725341797,123.18000030517578,120.31999969482422,120.52999877929688,117.50553894042969,121229700
2021-03-19,119.9000015258789,121.43000030517578,119.68000030517578,119.98999786376953,116.9791030883789,185549500
2021-03-22,120.33000183105469,123.87000274658203,120.26000213623047,123.38999938964844,120.29375457763672,111912300
2021-03-23,123.33000183105469,124.23999786376953,122.13999938964844,122.54000091552734,119.46510314941406,95467100
2021-03-24,122.81999969482422,122.9000015258789,120.06999969482422,120.08999633789062,117.07657623291016,88530500
2021-03-25,119.54000091552734,121.66000366210938,119.0,120.58999633789062,117.56403350830078,98844700
2021-03-26,120.3499984741211,121.4800033569336,118.91999816894531,121.20999908447266,118.16846466064453,94071200
2021-03-29,121.6500015258789,122.58000183105469,120.7300033569336,121.38999938964844,118.34394836425781,80819200
2021-03-30,120.11000061035156,120.4000015258789,118.86000061035156,119.9000015258789,116.89134979248047,85671900
2021-03-31,121.6500015258789,123.5199966430664,121.1500015258789,122.1500015258789,119.08488464355469,118323800
2021-04-01,123.66000366210938,124.18000030517578,122.48999786376953,123.0,119.91354370117188,75089100
2021-04-05,123.87000274658203,126.16000366210938,123.06999969482422,125.9000015258789,122.74079132080078,88651200
2021-04-06,126.5,127.12999725341797,125.6500015258789,126.20999908447266,123.04300689697266,80171300
2021-04-07,125.83000183105469,127.91999816894531,125.13999938964844,127.9000015258789,124.69060516357422,83466700
2021-04-08,128.9499969482422,130.38999938964844,128.52000427246094,130.36000061035156,127.08885192871094,88844600
2021-04-09,129.8000030517578,133.0399932861328,129.47000122070312,133.0,129.66265869140625,106686700
2021-04-12,132.52000427246094,132.85000610351562,130.6300048828125,131.24000549316406,127.94680786132812,91420000
2021-04-13,132.44000244140625,134.66000366210938,131.92999267578125,134.42999267578125,131.0567626953125,91266500
2021-04-14,134.94000244140625,135.0,131.66000366210938,132.02999877929688,128.7169647216797,87222800
2021-04-15,133.82000732421875,135.0,133.63999938964844,134.5,131.12496948242188,89347100
2021-04-16,134.3000030517578,134.6699981689453,133.27999877929688,134.16000366210938,130.79354858398438,84922400
2021-04-19,133.50999450683594,135.47000122070312,133.33999633789062,134.83999633789062,131.45643615722656,94264200
2021-04-20,135.02000427246094,135.52999877929688,131.80999755859375,133.11000061035156,129.7698974609375,94812300
2021-04-21,132.36000061035156,133.75,131.3000030517578,133.5,130.15013122558594,68847100
2021-04-22,133.0399932861328,134.14999389648438,131.41000366210938,131.94000244140625,128.6292266845703,84566500
2021-04-23,132.16000366210938,135.1199951171875,132.16000366210938,134.32000732421875,130.949462890625,78657500
2021-04-26,134.8300018310547,135.05999755859375,133.55999755859375,134.72000122070312,131.3394317626953,66905100
2021-04-27,135.00999450683594,135.41000366210938,134.11000061035156,134.38999938964844,131.01773071289062,66015800
2021-04-28,134.30999755859375,135.02000427246094,133.0800018310547,133.5800018310547,130.22808837890625,107760100
2021-04-29,136.47000122070312,137.07000732421875,132.4499969482422,133.47999572753906,130.13055419921875,151101000
2021-04-30,131.77999877929688,133.55999755859375,131.07000732421875,131.4600067138672,128.1612548828125,109839500
2021-05-03,132.0399932861328,134.07000732421875,131.8300018310547,132.5399932861328,129.21412658691406,75135100
2021-05-04,131.19000244140625,131.49000549316406,126.69999694824219,127.8499984741211,124.64185333251953,137564700
2021-05-05,129.1999969482422,130.4499969482422,127.97000122070312,128.10000610351562,124.88558197021484,84000900
2021-05-06,127.88999938964844,129.75,127.12999725341797,129.74000549316406,126.48444366455078,78128300
2021-05-07,130.85000610351562,131.25999450683594,129.47999572753906,130.2100067138672,127.15824127197266,78973300
2021-05-10,129.41000366210938,129.5399932861328,126.80999755859375,126.8499984741211,123.87699127197266,88071200
2021-05-11,123.5,126.2699966430664,122.7699966430664,125.91000366210938,122.95902252197266,126142800
2021-05-12,123.4000015258789,124.63999938964844,122.25,122.7699966430664,119.89263153076172,112172300
2021-05-13,124.58000183105469,126.1500015258789,124.26000213623047,124.97000122070312,122.04109191894531,105861300
2021-05-14,126.25,127.88999938964844,125.8499984741211,127.44999694824219,124.46292877197266,81918000
2021-05-17,126.81999969482422,126.93000030517578,125.16999816894531,126.2699966430664,123.31058502197266,74244600
2021-05-18,126.55999755859375,126.98999786376953,124.77999877929688,124.8499984741211,121.92387390136719,63342900
2021-05-19,123.16000366210938,124.91999816894531,122.86000061035156,124.69000244140625,121.76763916015625,92612000
2021-05-20,125.2300033569336,127.72000122070312,125.0999984741211,127.30999755859375,124.32621002197266,76857100
2021-05-21,127.81999969482422,128.0,125.20999908447266,125.43000030517578,122.49029541015625,79295400
2021-05-24,126.01000213623047,127.94000244140625,125.94000244140625,127.0999984741211,124.12112426757812,63092900
2021-05-25,127.81999969482422,128.32000732421875,126.31999969482422,126.9000015258789,123.92582702636719,72009500
2021-05-26,126.95999908447266,127.38999938964844,126.41999816894531,126.8499984741211,123.87699127197266,56575900
2021-05-27,126.44000244140625,127.63999938964844,125.08000183105469,125.27999877929688,122.34380340576172,94625600
2021-05-28,125.56999969482422,125.80000305175781,124.55000305175781,124.61000061035156,121.68951416015625,71311100
2021-06-01,125.08000183105469,125.3499984741211,123.94000244140625,124.27999877929688,121.36721801757812,67637100
2021-06-02,124.27999877929688,125.23999786376953,124.05000305175781,125.05999755859375,122.12895202636719,59278900
2021-06-03,124.68000030517578,124.8499984741211,123.12999725341797,123.54000091552734,120.64456939697266,76229200
2021-06-04,124.06999969482422,126.16000366210938,123.8499984741211,125.88999938964844,122.93949127197266,75169300
2021-06-07,126.16999816894531,126.31999969482422,124.83000183105469,125.9000015258789,122.94927978515625,71057600
2021-06-08,126.5999984741211,128.4600067138672,126.20999908447266,126.73999786376953,123.76956939697266,74403800
2021-06-09,127.20999908447266,127.75,126.5199966430664,127.12999725341797,124.15044403076172,56877900
2021-06-10,127.0199966430664,128.19000244140625,125.94000244140625,126.11000061035156,123.15434265136719,71186400
2021-06-11,126.52999877929688,127.44000244140625,126.0999984741211,127.3499984741211,124.36530303955078,53522400
2021-06-14,127.81999969482422,130.5399932861328,127.06999969482422,130.47999572753906,127.42192077636719,96906500
2021-06-15,129.94000244140625,130.60000610351562,129.38999938964844,129.63999938964844,126.60160064697266,62746300
2021-06-16,130.3699951171875,130.88999938964844,128.4600067138672,130.14999389648438,127.09966278076172,91815000
2021-06-17,129.8000030517578,132.5500030517578,129.64999389648438,131.7899932861328,128.70120239257812,96721700
2021-06-18,130.7100067138672,131.50999450683594,130.24000549316406,130.4600067138672,127.40239715576172,108953300
2021-06-21,130.3000030517578,132.41000366210938,129.2100067138672,132.3000030517578,129.1992950439453,79663300
2021-06-22,132.1300048828125,134.0800018310547,131.6199951171875,133.97999572753906,130.83985900878906,74783600
2021-06-23,133.77000427246094,134.32000732421875,133.22999572753906,133.6999969482422,130.5664825439453,60214200
2021-06-24,134.4499969482422,134.63999938964844,132.92999267578125,133.41000366210938,130.28326416015625,68711000
2021-06-25,133.4600067138672,133.88999938964844,132.80999755859375,133.11000061035156,129.9903106689453,70783700
2021-06-28,133.41000366210938,135.25,133.35000610351562,134.77999877929688,131.6211700439453,62111300
2021-06-29,134.8000030517578,136.49000549316406,134.35000610351562,136.3300018310547,133.1348419189453,64556100
2021-06-30,136.1699981689453,137.41000366210938,135.8699951171875,136.9600067138672,133.75009155273438,63261400
2021-07-01,136.60000610351562,137.3300018310547,135.75999450683594,137.27000427246094,134.0527801513672,52485800
2021-07-02,137.89999389648438,140.0,137.75,139.9600067138672,136.67974853515625,78852600
2021-07-06,140.07000732421875,143.14999389648438,140.07000732421875,142.02000427246094,138.69146728515625,108181800
2021-07-07,143.5399932861328,144.88999938964844,142.66000366210938,144.57000732421875,141.1816864013672,104911600
2021-07-08,141.5800018310547,144.05999755859375,140.6699981689453,143.24000549316406,139.88290405273438,105575500
2021-07-09,142.75,145.64999389648438,142.64999389648438,145.11000061035156,141.7090606689453,99890800
2021-07-12,146.2100067138672,146.32000732421875,144.0,144.5,141.1133575439453,76299700
2021-07-13,144.02999877929688,147.4600067138672,143.6300048828125,145.63999938964844,142.22659301757812,100827100
2021-07-14,148.10000610351562,149.57000732421875,147.67999267578125,149.14999389648438,145.65435791015625,127050800
2021-07-15,149.24000549316406,150.0,147.08999633789062,148.47999572753906,145.00006103515625,106820300
2021-07-16,148.4600067138672,149.75999450683594,145.8800048828125,146.38999938964844,142.9590606689453,93251400
2021-07-19,143.75,144.07000732421875,141.6699981689453,142.4499969482422,139.11138916015625,121434600
2021-07-20,143.4600067138672,147.10000610351562,142.9600067138672,146.14999389648438,142.72467041015625,96350000
2021-07-21,145.52999877929688,146.1300048828125,144.6300048828125,145.39999389648438,141.99224853515625,74993500
2021-07-22,145.94000244140625,148.1999969482422,145.80999755859375,146.8000030517578,143.35940551757812,77338200
2021-07-23,147.5500030517578,148.72000122070312,146.9199981689453,148.55999755859375,145.0781707763672,71447400
2021-07-26,148.27000427246094,149.8300018310547,147.6999969482422,148.99000549316406,145.4981231689453,72434100
2021-07-27,149.1199951171875,149.2100067138672,145.5500030517578,146.77000427246094,143.3301239013672,104818600
2021-07-28,144.80999755859375,146.97000122070312,142.5399932861328,144.97999572753906,141.58209228515625,118931200
2021-07-29,144.69000244140625,146.5500030517578,144.5800018310547,145.63999938964844,142.22659301757812,56699500
2021-07-30,144.3800048828125,146.3300018310547,144.11000061035156,145.86000061035156,142.4414520263672,70440600
2021-08-02,146.36000061035156,146.9499969482422,145.25,145.52000427246094,142.10940551757812,62880000
2021-08-03,145.80999755859375,148.0399932861328,145.17999267578125,147.36000061035156,143.9063262939453,64786600
2021-08-04,147.27000427246094,147.7899932861328,146.27999877929688,146.9499969482422,143.50595092773438,56368300
2021-08-05,146.97999572753906,147.83999633789062,146.1699981689453,147.05999755859375,143.61334228515625,46397700
2021-08-06,146.35000610351562,147.11000061035156,145.6300048828125,146.13999938964844,142.9287109375,54126800
2021-08-09,146.1999969482422,146.6999969482422,145.52000427246094,146.08999633789062,142.87985229492188,48908700
2021-08-10,146.44000244140625,147.7100067138672,145.3000030517578,145.60000610351562,142.40057373046875,69023100
2021-08-11,146.0500030517578,146.72000122070312,145.52999877929688,145.86000061035156,142.6548614501953,48493500
2021-08-12,146.19000244140625,149.0500030517578,145.83999633789062,148.88999938964844,145.61830139160156,72282600
2021-08-13,148.97000122070312,149.44000244140625,148.27000427246094,149.10000610351562,145.82371520996094,59375000
2021-08-16,148.5399932861328,151.19000244140625,146.47000122070312,151.1199951171875,147.79928588867188,103296000
2021-08-17,150.22999572753906,151.67999267578125,149.08999633789062,150.19000244140625,146.8897247314453,92229700
2021-08-18,149.8000030517578,150.72000122070312,146.14999389648438,146.36000061035156,143.14389038085938,86326000
2021-08-19,145.02999877929688,148.0,144.5,146.6999969482422,143.47640991210938,86960300
2021-08-20,147.44000244140625,148.5,146.77999877929688,148.19000244140625,144.9336700439453,60549600
2021-08-23,148.30999755859375,150.19000244140625,147.88999938964844,149.7100067138672,146.42027282714844,60131800
2021-08-24,149.4499969482422,150.86000061035156,149.14999389648438,149.6199951171875,146.3322296142578,48606400
2021-08-25,149.80999755859375,150.32000732421875,147.8000030517578,148.36000061035156,145.0999298095703,58991300
2021-08-26,148.35000610351562,149.1199951171875,147.50999450683594,147.5399932861328,144.2979278564453,48597200
2021-08-27,147.47999572753906,148.75,146.8300018310547,148.60000610351562,145.3346710205078,55802400
2021-08-30,149.0,153.49000549316406,148.61000061035156,153.1199951171875,149.75537109375,90956700
2021-08-31,152.66000366210938,152.8000030517578,151.2899932861328,151.8300018310547,148.4936981201172,86453100
2021-09-01,152.8300018310547,154.97999572753906,152.33999633789062,152.50999450683594,149.1587371826172,80313700
2021-09-02,153.8699951171875,154.72000122070312,152.39999389648438,153.64999389648438,150.27371215820312,71115500
2021-09-03,153.75999450683594,154.6300048828125,153.08999633789062,154.3000030517578,150.90940856933594,57808700
2021-09-07,154.97000122070312,157.25999450683594,154.38999938964844,156.69000244140625,153.2469024658203,82278300
2021-09-08,156.97999572753906,157.0399932861328,153.97999572753906,155.11000061035156,151.70159912109375,74420200
2021-09-09,155.49000549316406,156.11000061035156,153.9499969482422,154.07000732421875,150.6844940185547,57305700
2021-09-10,155.0,155.47999572753906,148.6999969482422,148.97000122070312,145.69654846191406,140893200
2021-09-13,150.6300048828125,151.4199981689453,148.75,149.5500030517578,146.26377868652344,102404300
2021-09-14,150.35000610351562,151.07000732421875,146.91000366210938,148.1199951171875,144.86521911621094,109296300
2021-09-15,148.55999755859375,149.44000244140625,146.3699951171875,149.02999877929688,145.7552490234375,83281300
2021-09-16,148.44000244140625,148.97000122070312,147.22000122070312,148.7899932861328,145.5204620361328,68034100
2021-09-17,148.82000732421875,148.82000732421875,145.75999450683594,146.05999755859375,142.85049438476562,129868800
2021-09-20,143.8000030517578,144.83999633789062,141.27000427246094,142.94000244140625,139.799072265625,123478900
2021-09-21,143.92999267578125,144.60000610351562,142.77999877929688,143.42999267578125,140.27825927734375,75834000
2021-09-22,144.4499969482422,146.42999267578125,143.6999969482422,145.85000610351562,142.64508056640625,76404300
2021-09-23,146.64999389648438,147.0800018310547,145.63999938964844,146.8300018310547,143.6035919189453,64838200
2021-09-24,145.66000366210938,147.47000122070312,145.55999755859375,146.9199981689453,143.6915740966797,53477900
2021-09-27,145.47000122070312,145.9600067138672,143.82000732421875,145.3699951171875,142.17567443847656,74150700
2021-09-28,143.25,144.75,141.69000244140625,141.91000366210938,138.7916717529297,108972300
2021-09-29,142.47000122070312,144.4499969482422,142.02999877929688,142.8300018310547,139.6914825439453,74602000
2021-09-30,143.66000366210938,144.3800048828125,141.27999877929688,141.5,138.39068603515625,89056700
2021-10-01,141.89999389648438,142.9199981689453,139.11000061035156,142.64999389648438,139.5154266357422,94639600
2021-10-04,141.75999450683594,142.2100067138672,138.27000427246094,139.13999938964844,136.08255004882812,98322000
2021-10-05,139.49000549316406,142.24000549316406,139.36000061035156,141.11000061035156,138.00921630859375,80861100
2021-10-06,139.47000122070312,142.14999389648438,138.3699951171875,142.0,138.87969970703125,83221100
2021-10-07,143.05999755859375,144.22000122070312,142.72000122070312,143.2899932861328,140.14132690429688,61732700
2021-10-08,144.02999877929688,144.17999267578125,142.55999755859375,142.89999389648438,139.7598876953125,58773200
2021-10-11,142.27000427246094,144.80999755859375,141.80999755859375,142.80999755859375,139.671875,64452200
2021-10-12,143.22999572753906,143.25,141.0399932861328,141.50999450683594,138.4004364013672,73035900
2021-10-13,141.24000549316406,141.39999389648438,139.1999969482422,140.91000366210938,137.81365966796875,78762700
2021-10-14,142.11000061035156,143.8800048828125,141.50999450683594,143.75999450683594,140.6009979248047,69907100
2021-10-15,143.77000427246094,144.89999389648438,143.50999450683594,144.83999633789062,141.65728759765625,67940300
2021-10-18,143.4499969482422,146.83999633789062,143.16000366210938,146.5500030517578,143.32972717285156,85589200
2021-10-19,147.00999450683594,149.1699981689453,146.5500030517578,148.75999450683594,145.49114990234375,76378900
2021-10-20,148.6999969482422,149.75,148.1199951171875,149.25999450683594,145.98016357421875,58418800
2021-10-21,148.80999755859375,149.63999938964844,147.8699951171875,149.47999572753906,146.19534301757812,61421000
2021-10-22,149.69000244140625,150.17999267578125,148.63999938964844,148.69000244140625,145.42271423339844,58883400
2021-10-25,148.67999267578125,149.3699951171875,147.6199951171875,148.63999938964844,145.37380981445312,50720600
2021-10-26,149.3300018310547,150.83999633789062,149.00999450683594,149.32000732421875,146.03883361816406,60893400
2021-10-27,149.36000061035156,149.72999572753906,148.49000549316406,148.85000610351562,145.57916259765625,56094900
2021-10-28,149.82000732421875,153.1699981689453,149.72000122070312,152.57000732421875,149.21743774414062,100077900
2021-10-29,147.22000122070312,149.94000244140625,146.41000366210938,149.8000030517578,146.50830078125,124953200
2021-11-01,148.99000549316406,149.6999969482422,147.8000030517578,148.9600067138672,145.68673706054688,74588300
2021-11-02,148.66000366210938,151.57000732421875,148.64999389648438,150.02000427246094,146.7234649658203,69122000
2021-11-03,150.38999938964844,151.97000122070312,149.82000732421875,151.49000549316406,148.16114807128906,54511500
2021-11-04,151.5800018310547,152.42999267578125,150.63999938964844,150.9600067138672,147.64280700683594,60394600
2021-11-05,151.88999938964844,152.1999969482422,150.05999755859375,151.27999877929688,148.17172241210938,65463900
2021-11-08,151.41000366210938,151.57000732421875,150.16000366210938,150.44000244140625,147.34901428222656,55020900
2021-11-09,150.1999969482422,151.42999267578125,150.05999755859375,150.80999755859375,147.71133422851562,56787900
2021-11-10,150.02000427246094,150.1300048828125,147.85000610351562,147.9199981689453,144.88075256347656,65187100
2021-11-11,148.9600067138672,149.42999267578125,147.67999267578125,147.8699951171875,144.83177185058594,41000000
2021-11-12,148.42999267578125,150.39999389648438,147.47999572753906,149.99000549316406,146.90821838378906,63804000
2021-11-15,150.3699951171875,151.8800048828125,149.42999267578125,150.0,146.9180145263672,59222800
2021-11-16,149.94000244140625,151.49000549316406,149.33999633789062,151.0,147.89747619628906,59256200
2021-11-17,151.0,155.0,150.99000549316406,153.49000549316406,150.33631896972656,88807000
2021-11-18,153.7100067138672,158.6699981689453,153.0500030517578,157.8699951171875,154.62631225585938,137827700
2021-11-19,157.64999389648438,161.02000427246094,156.52999877929688,160.5500030517578,157.25123596191406,117305600
2021-11-22,161.67999267578125,165.6999969482422,161.0,161.02000427246094,157.7115936279297,117467900
2021-11-23,161.1199951171875,161.8000030517578,159.05999755859375,161.41000366210938,158.09359741210938,96041900
2021-11-24,160.75,162.13999938964844,159.63999938964844,161.94000244140625,158.6127166748047,69463600
2021-11-26,159.57000732421875,160.4499969482422,156.36000061035156,156.80999755859375,153.58810424804688,76959800
2021-11-29,159.3699951171875,161.19000244140625,158.7899932861328,160.24000549316406,156.94764709472656,88748200
2021-11-30,159.99000549316406,165.52000427246094,159.9199981689453,165.3000030517578,161.9036407470703,174048100
2021-12-01,167.47999572753906,170.3000030517578,164.52999877929688,164.77000427246094,161.38453674316406,152052500
2021-12-02,158.74000549316406,164.1999969482422,157.8000030517578,163.75999450683594,160.39529418945312,136739200
2021-12-03,164.02000427246094,164.9600067138672,159.72000122070312,161.83999633789062,158.51475524902344,118023100
2021-12-06,164.2899932861328,167.8800048828125,164.27999877929688,165.32000732421875,161.9232635498047,107497000
2021-12-07,169.0800018310547,171.5800018310547,168.33999633789062,171.17999267578125,167.662841796875,120405400
2021-12-08,172.1300048828125,175.9600067138672,170.6999969482422,175.0800018310547,171.48272705078125,116998900
2021-12-09,174.91000366210938,176.75,173.9199981689453,174.55999755859375,170.973388671875,108923700
2021-12-10,175.2100067138672,179.6300048828125,174.69000244140625,179.4499969482422,175.76290893554688,115402700
2021-12-13,181.1199951171875,182.1300048828125,175.52999877929688,175.74000549316406,172.129150390625,153237000
2021-12-14,175.25,177.74000549316406,172.2100067138672,174.3300018310547,170.7481231689453,139380400
2021-12-15,175.11000061035156,179.5,172.30999755859375,179.3000030517578,175.61599731445312,131063300
2021-12-16,179.27999877929688,181.13999938964844,170.75,172.25999450683594,168.72067260742188,150185800
2021-12-17,169.92999267578125,173.47000122070312,169.69000244140625,171.13999938964844,167.62367248535156,195432700
2021-12-20,168.27999877929688,170.5800018310547,167.4600067138672,169.75,166.26223754882812,107499100
2021-12-21,171.55999755859375,173.1999969482422,169.1199951171875,172.99000549316406,169.43565368652344,91185900
2021-12-22,173.0399932861328,175.86000061035156,172.14999389648438,175.63999938964844,172.0311737060547,92135300
2021-12-23,175.85000610351562,176.85000610351562,175.27000427246094,176.27999877929688,172.6580810546875,68356600
2021-12-27,177.08999633789062,180.4199981689453,177.07000732421875,180.3300018310547,176.6248779296875,74919600
2021-12-28,180.16000366210938,181.3300018310547,178.52999877929688,179.2899932861328,175.606201171875,79144300
2021-12-29,179.3300018310547,180.6300048828125,178.13999938964844,179.3800048828125,175.6943359375,62348900
2021-12-30,179.47000122070312,180.57000732421875,178.08999633789062,178.1999969482422,174.53860473632812,59773000
2021-12-31,178.08999633789062,179.22999572753906,177.25999450683594,177.57000732421875,173.9215850830078,64062300
2022-01-03,177.8300018310547,182.8800048828125,177.7100067138672,182.00999450683594,178.27035522460938,104487900
2022-01-04,182.6300048828125,182.94000244140625,179.1199951171875,179.6999969482422,176.0077667236328,99310400
2022-01-05,179.61000061035156,180.1699981689453,174.63999938964844,174.9199981689453,171.32598876953125,94537600
2022-01-06,172.6999969482422,175.3000030517578,171.63999938964844,172.0,168.46597290039062,96904000
2022-01-07,172.88999938964844,174.13999938964844,171.02999877929688,172.1699981689453,168.63247680664062,86709100
2022-01-10,169.0800018310547,172.5,168.1699981689453,172.19000244140625,168.65208435058594,106765600
2022-01-11,172.32000732421875,175.17999267578125,170.82000732421875,175.0800018310547,171.48272705078125,76138300
2022-01-12,176.1199951171875,177.17999267578125,174.82000732421875,175.52999877929688,171.92344665527344,74805200
2022-01-13,175.77999877929688,176.6199951171875,171.7899932861328,172.19000244140625,168.65208435058594,84505800
2022-01-14,171.33999633789062,173.77999877929688,171.08999633789062,173.07000732421875,169.5140380859375,80440800
2022-01-18,171.50999450683594,172.5399932861328,169.41000366210938,169.8000030517578,166.3111572265625,90956700
2022-01-19,170.0,171.0800018310547,165.94000244140625,166.22999572753906,162.8144989013672,94815000
2022-01-20,166.97999572753906,169.67999267578125,164.17999267578125,164.50999450683594,161.12991333007812,91420500
2022-01-21,164.4199981689453,166.3300018310547,162.3000030517578,162.41000366210938,159.0730438232422,122848900
2022-01-24,160.02000427246094,162.3000030517578,154.6999969482422,161.6199951171875,158.2992401123047,162294600
2022-01-25,158.97999572753906,162.75999450683594,157.02000427246094,159.77999877929688,156.49708557128906,115798400
2022-01-26,163.5,164.38999938964844,157.82000732421875,159.69000244140625,156.4088897705078,108275300
2022-01-27,162.4499969482422,163.83999633789062,158.27999877929688,159.22000122070312,155.9485626220703,121954600
2022-01-28,165.7100067138672,170.35000610351562,162.8000030517578,170.3300018310547,166.83030700683594,179935700
2022-01-31,170.16000366210938,175.0,169.50999450683594,174.77999877929688,171.1888885498047,115541600
2022-02-01,174.00999450683594,174.83999633789062,172.30999755859375,174.61000061035156,171.02236938476562,86213900
2022-02-02,174.75,175.8800048828125,173.3300018310547,175.83999633789062,172.22708129882812,84914300
2022-02-03,174.47999572753906,176.24000549316406,172.1199951171875,172.89999389648438,169.34750366210938,89418100
2022-02-04,171.67999267578125,174.10000610351562,170.67999267578125,172.38999938964844,169.0631103515625,82465400
2022-02-07,172.86000061035156,173.9499969482422,170.9499969482422,171.66000366210938,168.34719848632812,77251200
2022-02-08,171.72999572753906,175.35000610351562,171.42999267578125,174.8300018310547,171.45599365234375,74829200
2022-02-09,176.0500030517578,176.64999389648438,174.89999389648438,176.27999877929688,172.8780517578125,71285000
2022-02-10,174.13999938964844,175.47999572753906,171.5500030517578,172.1199951171875,168.79832458496094,90865900
2022-02-11,172.3300018310547,173.0800018310547,168.0399932861328,168.63999938964844,165.38551330566406,98670700
2022-02-14,167.3699951171875,169.5800018310547,166.55999755859375,168.8800048828125,165.620849609375,86185500
2022-02-15,170.97000122070312,172.9499969482422,170.25,172.7899932861328,169.4553680419922,62527400
2022-02-16,171.85000610351562,173.33999633789062,170.0500030517578,172.5500030517578,169.2200469970703,61177400
2022-02-17,171.02999877929688,171.91000366210938,168.47000122070312,168.8800048828125,165.620849609375,69589300
2022-02-18,169.82000732421875,170.5399932861328,166.19000244140625,167.3000030517578,164.07135009765625,82772700
2022-02-22,164.97999572753906,166.69000244140625,162.14999389648438,164.32000732421875,161.14883422851562,91162800
2022-02-23,165.5399932861328,166.14999389648438,159.75,160.07000732421875,156.98086547851562,90009200
2022-02-24,152.5800018310547,162.85000610351562,152.0,162.74000549316406,159.59933471679688,141147500
2022-02-25,163.83999633789062,165.1199951171875,160.8699951171875,164.85000610351562,161.66860961914062,91974200
2022-02-28,163.05999755859375,165.4199981689453,162.42999267578125,165.1199951171875,161.93341064453125,95056600
2022-03-01,164.6999969482422,166.60000610351562,161.97000122070312,163.1999969482422,160.0504913330078,83474400
2022-03-02,164.38999938964844,167.36000061035156,162.9499969482422,166.55999755859375,163.34561157226562,79724800
2022-03-03,168.47000122070312,168.91000366210938,165.5500030517578,166.22999572753906,163.02195739746094,76678400
2022-03-04,164.49000549316406,165.5500030517578,162.10000610351562,163.1699981689453,160.02099609375,83737200
2022-03-07,163.36000061035156,165.02000427246094,159.0399932861328,159.3000030517578,156.2257080078125,96418800
2022-03-08,158.82000732421875,162.8800048828125,155.8000030517578,157.44000244140625,154.40159606933594,131148300
2022-03-09,161.47999572753906,163.41000366210938,159.41000366210938,162.9499969482422,159.8052978515625,91454900
2022-03-10,160.1999969482422,160.38999938964844,155.97999572753906,158.52000427246094,155.46078491210938,105342000
2022-03-11,158.92999267578125,159.27999877929688,154.5,154.72999572753906,151.743896484375,96970100
2022-03-14,151.4499969482422,154.1199951171875,150.10000610351562,150.6199951171875,147.71322631835938,108732100
2022-03-15,150.89999389648438,155.57000732421875,150.3800048828125,155.08999633789062,152.09693908691406,92964300
2022-03-16,157.0500030517578,160.0,154.4600067138672,159.58999633789062,156.51014709472656,102300200
2022-03-17,158.61000061035156,161.0,157.6300048828125,160.6199951171875,157.520263671875,75615400
2022-03-18,160.50999450683594,164.47999572753906,159.75999450683594,163.97999572753906,160.81541442871094,123511700
2022-03-21,163.50999450683594,166.35000610351562,163.00999450683594,165.3800048828125,162.1884002685547,95811400
2022-03-22,165.50999450683594,169.4199981689453,164.91000366210938,168.82000732421875,165.56199645996094,81532000
2022-03-23,167.99000549316406,172.63999938964844,167.64999389648438,170.2100067138672,166.9251708984375,98062700
2022-03-24,171.05999755859375,174.13999938964844,170.2100067138672,174.07000732421875,170.71066284179688,90131400
2022-03-25,173.8800048828125,175.27999877929688,172.75,174.72000122070312,171.34811401367188,80546200
2022-03-28,172.1699981689453,175.72999572753906,172.0,175.60000610351562,172.2111358642578,90371900
2022-03-29,176.69000244140625,179.00999450683594,176.33999633789062,178.9600067138672,175.50633239746094,100589400
2022-03-30,178.5500030517578,179.61000061035156,176.6999969482422,177.77000427246094,174.3393096923828,92633200
2022-03-31,177.83999633789062,178.02999877929688,174.39999389648438,174.61000061035156,171.2402801513672,103049300
2022-04-01,174.02999877929688,174.8800048828125,171.94000244140625,174.30999755859375,170.94602966308594,78751300
2022-04-04,174.57000732421875,178.49000549316406,174.44000244140625,178.44000244140625,174.9963836669922,76468400
2022-04-05,177.5,178.3000030517578,174.4199981689453,175.05999755859375,171.6815948486328,73401800
2022-04-06,172.36000061035156,173.6300048828125,170.1300048828125,171.8300018310547,168.513916015625,89058800
2022-04-07,171.16000366210938,173.36000061035156,169.85000610351562,172.13999938964844,168.8179168701172,77594700
2022-04-08,171.77999877929688,171.77999877929688,169.1999969482422,170.08999633789062,166.8074951171875,76575500
2022-04-11,168.7100067138672,169.02999877929688,165.5,165.75,162.55123901367188,72246700
2022-04-12,168.02000427246094,169.8699951171875,166.63999938964844,167.66000366210938,164.42440795898438,79265200
2022-04-13,167.38999938964844,171.0399932861328,166.77000427246094,170.39999389648438,167.1114501953125,70618900
2022-04-14,170.6199951171875,171.27000427246094,165.0399932861328,165.2899932861328,162.10012817382812,75329400
2022-04-18,163.9199981689453,166.60000610351562,163.57000732421875,165.07000732421875,161.8843536376953,69023900
2022-04-19,165.02000427246094,167.82000732421875,163.91000366210938,167.39999389648438,164.16937255859375,67723800
2022-04-20,168.75999450683594,168.8800048828125,166.10000610351562,167.22999572753906,164.002685546875,67929800
2022-04-21,168.91000366210938,171.52999877929688,165.91000366210938,166.4199981689453,163.20835876464844,87227800
2022-04-22,166.4600067138672,167.8699951171875,161.5,161.7899932861328,158.66763305664062,84882400
2022-04-25,161.1199951171875,163.1699981689453,158.4600067138672,162.8800048828125,159.73663330078125,96046400
2022-04-26,162.25,162.33999633789062,156.72000122070312,156.8000030517578,153.7739715576172,95623200
2022-04-27,155.91000366210938,159.7899932861328,155.3800048828125,156.57000732421875,153.5484161376953,88063200
2022-04-28,159.25,164.52000427246094,158.92999267578125,163.63999938964844,160.48196411132812,130216800
2022-04-29,161.83999633789062,166.1999969482422,157.25,157.64999389648438,154.60757446289062,131747600
2022-05-02,156.7100067138672,158.22999572753906,153.27000427246094,157.9600067138672,154.91156005859375,123055300
2022-05-03,158.14999389648438,160.7100067138672,156.32000732421875,159.47999572753906,156.4022674560547,88966500
2022-05-04,159.6699981689453,166.47999572753906,159.25999450683594,166.02000427246094,162.81602478027344,108256500
2022-05-05,163.85000610351562,164.0800018310547,154.9499969482422,156.77000427246094,153.74456787109375,130525300
2022-05-06,156.00999450683594,159.44000244140625,154.17999267578125,157.27999877929688,154.47132873535156,116124600
2022-05-09,154.92999267578125,155.8300018310547,151.49000549316406,152.05999755859375,149.3445281982422,131577900
2022-05-10,155.52000427246094,156.74000549316406,152.92999267578125,154.50999450683594,151.75082397460938,115366700
2022-05-11,153.5,155.4499969482422,145.80999755859375,146.5,143.8838348388672,142689800
2022-05-12,142.77000427246094,146.1999969482422,138.8000030517578,142.55999755859375,140.01419067382812,182602000
2022-05-13,144.58999633789062,148.10000610351562,143.11000061035156,147.11000061035156,144.48292541503906,113990900
2022-05-16,145.5500030517578,147.52000427246094,144.17999267578125,145.5399932861328,142.9409637451172,86643800
2022-05-17,148.86000061035156,149.77000427246094,146.67999267578125,149.24000549316406,146.5749053955078,78336300
2022-05-18,146.85000610351562,147.36000061035156,139.89999389648438,140.82000732421875,138.3052520751953,109742900
2022-05-19,139.8800048828125,141.66000366210938,136.60000610351562,137.35000610351562,134.89720153808594,136095600
2022-05-20,139.08999633789062,140.6999969482422,132.61000061035156,137.58999633789062,135.13294982910156,137426100
2022-05-23,137.7899932861328,143.25999450683594,137.64999389648438,143.11000061035156,140.5543670654297,117726300
2022-05-24,140.80999755859375,141.97000122070312,137.3300018310547,140.36000061035156,137.85348510742188,104132700
2022-05-25,138.42999267578125,141.7899932861328,138.33999633789062,140.52000427246094,138.01065063476562,92482700
2022-05-26,137.38999938964844,144.33999633789062,137.13999938964844,143.77999877929688,141.21238708496094,90601500
2022-05-27,145.38999938964844,149.67999267578125,145.25999450683594,149.63999938964844,146.9677734375,90978500
2022-05-31,149.07000732421875,150.66000366210938,146.83999633789062,148.83999633789062,146.1820526123047,103718400
2022-06-01,149.89999389648438,151.74000549316406,147.67999267578125,148.7100067138672,146.05438232421875,74286600
2022-06-02,147.8300018310547,151.27000427246094,146.86000061035156,151.2100067138672,148.50975036621094,72348100
2022-06-03,146.89999389648438,147.97000122070312,144.4600067138672,145.3800048828125,142.78384399414062,88570300
2022-06-06,147.02999877929688,148.57000732421875,144.89999389648438,146.13999938964844,143.53025817871094,71598400
2022-06-07,144.35000610351562,149.0,144.10000610351562,148.7100067138672,146.05438232421875,67808200
2022-06-08,148.5800018310547,149.8699951171875,147.4600067138672,147.9600067138672,145.3177490234375,53950200
2022-06-09,147.0800018310547,147.9499969482422,142.52999877929688,142.63999938964844,140.09275817871094,69473000
2022-06-10,140.27999877929688,140.75999450683594,137.05999755859375,137.1300048828125,134.68116760253906,91437900
2022-06-13,132.8699951171875,135.1999969482422,131.44000244140625,131.8800048828125,129.52493286132812,122207100
2022-06-14,133.1300048828125,133.88999938964844,131.47999572753906,132.75999450683594,130.3892059326172,84784300
2022-06-15,134.2899932861328,137.33999633789062,132.16000366210938,135.42999267578125,133.01150512695312,91533000
2022-06-16,132.0800018310547,132.38999938964844,129.0399932861328,130.05999755859375,127.73741149902344,108123900
2022-06-17,130.07000732421875,133.0800018310547,129.80999755859375,131.55999755859375,129.2106170654297,134520300
2022-06-21,133.4199981689453,137.05999755859375,133.32000732421875,135.8699951171875,133.44369506835938,81000500
2022-06-22,134.7899932861328,137.75999450683594,133.91000366210938,135.35000610351562,132.93296813964844,73409200
2022-06-23,136.82000732421875,138.58999633789062,135.6300048828125,138.27000427246094,135.8008270263672,72433800
2022-06-24,139.89999389648438,141.91000366210938,139.77000427246094,141.66000366210938,139.13026428222656,89116800
2022-06-27,142.6999969482422,143.49000549316406,140.97000122070312,141.66000366210938,139.13026428222656,70207900
2022-06-28,142.1300048828125,143.4199981689453,137.32000732421875,137.44000244140625,134.9856414794922,67083400
2022-06-29,137.4600067138672,140.6699981689453,136.6699981689453,139.22999572753906,136.74365234375,66242400
2022-06-30,137.25,138.3699951171875,133.77000427246094,136.72000122070312,134.2784881591797,98964500
2022-07-01,136.0399932861328,139.0399932861328,135.66000366210938,138.92999267578125,136.44903564453125,71051600
2022-07-05,137.77000427246094,141.61000061035156,136.92999267578125,141.55999755859375,139.0320587158203,73353800
2022-07-06,141.35000610351562,144.1199951171875,141.0800018310547,142.9199981689453,140.3677520751953,74064300
2022-07-07,143.2899932861328,146.5500030517578,143.27999877929688,146.35000610351562,143.73651123046875,66253700
2022-07-08,145.25999450683594,147.5500030517578,145.0,147.0399932861328,144.41416931152344,64547800
2022-07-11,145.6699981689453,146.63999938964844,143.77999877929688,144.8699951171875,142.28292846679688,63141600
2022-07-12,145.75999450683594,148.4499969482422,145.0500030517578,145.86000061035156,143.25526428222656,77588800
2022-07-13,142.99000549316406,146.4499969482422,142.1199951171875,145.49000549316406,142.8918914794922,71185600
2022-07-14,144.0800018310547,148.9499969482422,143.25,148.47000122070312,145.81863403320312,78140700
2022-07-15,149.77999877929688,150.86000061035156,148.1999969482422,150.1699981689453,147.48829650878906,76259900
2022-07-18,150.74000549316406,151.57000732421875,146.6999969482422,147.07000732421875,144.44366455078125,81420900
2022-07-19,147.9199981689453,151.22999572753906,146.91000366210938,151.0,148.303466796875,82982400
2022-07-20,151.1199951171875,153.72000122070312,150.3699951171875,153.0399932861328,150.30702209472656,64823400
2022-07-21,154.5,155.57000732421875,151.94000244140625,155.35000610351562,152.57579040527344,65086600
2022-07-22,155.38999938964844,156.27999877929688,153.41000366210938,154.08999633789062,151.33828735351562,66675400
2022-07-25,154.00999450683594,155.0399932861328,152.27999877929688,152.9499969482422,150.2186737060547,53623900
2022-07-26,152.25999450683594,153.08999633789062,150.8000030517578,151.60000610351562,148.89279174804688,55138700
2022-07-27,152.5800018310547,157.3300018310547,152.16000366210938,156.7899932861328,153.99005126953125,78620700
2022-07-28,156.97999572753906,157.63999938964844,154.41000366210938,157.35000610351562,154.5401153564453,81378700
2022-07-29,161.24000549316406,163.6300048828125,159.5,162.50999450683594,159.6079559326172,101786900
2022-08-01,161.00999450683594,163.58999633789062,160.88999938964844,161.50999450683594,158.6257781982422,67829400
2022-08-02,160.10000610351562,162.41000366210938,159.6300048828125,160.00999450683594,157.15255737304688,59907000
2022-08-03,160.83999633789062,166.58999633789062,160.75,166.1300048828125,163.16331481933594,82507500
2022-08-04,166.00999450683594,167.19000244140625,164.42999267578125,165.80999755859375,162.84902954101562,55474100
2022-08-05,163.2100067138672,165.85000610351562,163.0,165.35000610351562,162.62277221679688,56697000
2022-08-08,166.3699951171875,167.80999755859375,164.1999969482422,164.8699951171875,162.15072631835938,60276900
2022-08-09,164.02000427246094,165.82000732421875,163.25,164.9199981689453,162.19989013671875,63135500
2022-08-10,167.67999267578125,169.33999633789062,166.89999389648438,169.24000549316406,166.4486541748047,70170500
2022-08-11,170.05999755859375,170.99000549316406,168.19000244140625,168.49000549316406,165.71102905273438,57149200
2022-08-12,169.82000732421875,172.1699981689453,169.39999389648438,172.10000610351562,169.26144409179688,68039400
2022-08-15,171.52000427246094,173.38999938964844,171.35000610351562,173.19000244140625,170.33351135253906,54091700
2022-08-16,172.77999877929688,173.7100067138672,171.66000366210938,173.02999877929688,170.17611694335938,56377100
2022-08-17,172.77000427246094,176.14999389648438,172.57000732421875,174.5500030517578,171.6710662841797,79542000
2022-08-18,173.75,174.89999389648438,173.1199951171875,174.14999389648438,171.27764892578125,62290100
2022-08-19,173.02999877929688,173.74000549316406,171.30999755859375,171.52000427246094,168.6910400390625,70346300
2022-08-22,169.69000244140625,169.86000061035156,167.13999938964844,167.57000732421875,164.8061981201172,69026800
2022-08-23,167.0800018310547,168.7100067138672,166.64999389648438,167.22999572753906,164.47177124023438,54147100
2022-08-24,167.32000732421875,168.11000061035156,166.25,167.52999877929688,164.766845703125,53841500
2022-08-25,168.77999877929688,170.13999938964844,168.35000610351562,170.02999877929688,167.22560119628906,51218200
2022-08-26,170.57000732421875,171.0500030517578,163.55999755859375,163.6199951171875,160.92132568359375,78961000
2022-08-29,161.14999389648438,162.89999389648438,159.82000732421875,161.3800048828125,158.71826171875,73314000
2022-08-30,162.1300048828125,162.55999755859375,157.72000122070312,158.91000366210938,156.28903198242188,77906200
2022-08-31,160.30999755859375,160.5800018310547,157.13999938964844,157.22000122070312,154.6268768310547,87991100
2022-09-01,156.63999938964844,158.4199981689453,154.6699981689453,157.9600067138672,155.35472106933594,74229900
2022-09-02,159.75,160.36000061035156,154.97000122070312,155.80999755859375,153.2401123046875,76957800
2022-09-06,156.47000122070312,157.08999633789062,153.69000244140625,154.52999877929688,151.9812774658203,73714800
2022-09-07,154.82000732421875,156.6699981689453,153.61000061035156,155.9600067138672,153.38768005371094,87449600
2022-09-08,154.63999938964844,156.36000061035156,152.67999267578125,154.4600067138672,151.91241455078125,84923800
2022-09-09,155.47000122070312,157.82000732421875,154.75,157.3699951171875,154.7744140625,68028800
2022-09-12,159.58999633789062,164.25999450683594,159.3000030517578,163.42999267578125,160.73443603515625,104956000
2022-09-13,159.89999389648438,160.5399932861328,153.3699951171875,153.83999633789062,151.30262756347656,122656600
2022-09-14,154.7899932861328,157.10000610351562,153.61000061035156,155.30999755859375,152.7483673095703,87965400
2022-09-15,154.64999389648438,155.24000549316406,151.3800048828125,152.3699951171875,149.8568572998047,90481100
2022-09-16,151.2100067138672,151.35000610351562,148.3699951171875,150.6999969482422,148.2144012451172,162278800
2022-09-19,149.30999755859375,154.55999755859375,149.10000610351562,154.47999572753906,151.93206787109375,81474200
2022-09-20,153.39999389648438,158.0800018310547,153.0800018310547,156.89999389648438,154.3121337890625,107689800
2022-09-21,157.33999633789062,158.74000549316406,153.60000610351562,153.72000122070312,151.18463134765625,101696800
2022-09-22,152.3800048828125,154.47000122070312,150.91000366210938,152.74000549316406,150.22079467773438,86652500
2022-09-23,151.19000244140625,151.47000122070312,148.55999755859375,150.42999267578125,147.9488983154297,96029900
2022-09-26,149.66000366210938,153.77000427246094,149.63999938964844,150.77000427246094,148.2832489013672,93339400
2022-09-27,152.74000549316406,154.72000122070312,149.9499969482422,151.75999450683594,149.25692749023438,84442700
2022-09-28,147.63999938964844,150.63999938964844,144.83999633789062,149.83999633789062,147.36862182617188,146691400
2022-09-29,146.10000610351562,146.72000122070312,140.67999267578125,142.47999572753906,140.12998962402344,128138200
2022-09-30,141.27999877929688,143.10000610351562,138.0,138.1999969482422,135.92059326171875,124925300
2022-10-03,138.2100067138672,143.07000732421875,137.69000244140625,142.4499969482422,140.10049438476562,114311700
2022-10-04,145.02999877929688,146.22000122070312,144.25999450683594,146.10000610351562,143.6903076171875,87830100
2022-10-05,144.07000732421875,147.3800048828125,143.00999450683594,146.39999389648438,143.9853515625,79471000
2022-10-06,145.80999755859375,147.5399932861328,145.22000122070312,145.42999267578125,143.03134155273438,68402200
2022-10-07,142.5399932861328,143.10000610351562,139.4499969482422,140.08999633789062,137.77940368652344,85925600
2022-10-10,140.4199981689453,141.88999938964844,138.57000732421875,140.4199981689453,138.10397338867188,74899000
2022-10-11,139.89999389648438,141.35000610351562,138.22000122070312,138.97999572753906,136.68771362304688,77033700
2022-10-12,139.1300048828125,140.36000061035156,138.16000366210938,138.33999633789062,136.05825805664062,70433700
2022-10-13,134.99000549316406,143.58999633789062,134.3699951171875,142.99000549316406,140.63162231445312,113224000
2022-10-14,144.30999755859375,144.52000427246094,138.19000244140625,138.3800048828125,136.09762573242188,88598000
2022-10-17,141.07000732421875,142.89999389648438,140.27000427246094,142.41000366210938,140.0611572265625,85250900
2022-10-18,145.49000549316406,146.6999969482422,140.61000061035156,143.75,141.3790740966797,99136600
2022-10-19,141.69000244140625,144.9499969482422,141.5,143.86000061035156,141.48724365234375,61758300
2022-10-20,143.02000427246094,145.88999938964844,142.64999389648438,143.38999938964844,141.02499389648438,64522000
2022-10-21,142.8699951171875,147.85000610351562,142.64999389648438,147.27000427246094,144.8409881591797,86548600
2022-10-24,147.19000244140625,150.22999572753906,146.0,149.4499969482422,146.9850311279297,75981900
2022-10-25,150.08999633789062,152.49000549316406,149.36000061035156,152.33999633789062,149.827392578125,74732300
2022-10-26,150.9600067138672,151.99000549316406,148.0399932861328,149.35000610351562,146.88670349121094,88194300
2022-10-27,148.07000732421875,149.0500030517578,144.1300048828125,144.8000030517578,142.41177368164062,109180200
2022-10-28,148.1999969482422,157.5,147.82000732421875,155.74000549316406,153.17132568359375,164762400
2022-10-31,153.16000366210938,154.24000549316406,151.9199981689453,153.33999633789062,150.81088256835938,97943200
2022-11-01,155.0800018310547,155.4499969482422,149.1300048828125,150.64999389648438,148.16525268554688,80379300
2022-11-02,148.9499969482422,152.1699981689453,145.0,145.02999877929688,142.637939453125,93604600
2022-11-03,142.05999755859375,142.8000030517578,138.75,138.8800048828125,136.58938598632812,97918500
2022-11-04,142.08999633789062,142.6699981689453,134.3800048828125,138.3800048828125,136.3234100341797,140814800
2022-11-07,137.11000061035156,139.14999389648438,135.6699981689453,138.9199981689453,136.85536193847656,83374600
2022-11-08,140.41000366210938,141.42999267578125,137.49000549316406,139.5,137.4267578125,89908500
2022-11-09,138.5,138.5500030517578,134.58999633789062,134.8699951171875,132.8655548095703,74917800
2022-11-10,141.24000549316406,146.8699951171875,139.5,146.8699951171875,144.68719482421875,118854000
2022-11-11,145.82000732421875,150.00999450683594,144.3699951171875,149.6999969482422,147.47515869140625,93979700
2022-11-14,148.97000122070312,150.27999877929688,147.42999267578125,148.27999877929688,146.07623291015625,73374100
2022-11-15,152.22000122070312,153.58999633789062,148.55999755859375,150.0399932861328,147.8101043701172,89868300
2022-11-16,149.1300048828125,149.8699951171875,147.2899932861328,148.7899932861328,146.57867431640625,64218300
2022-11-17,146.42999267578125,151.47999572753906,146.14999389648438,150.72000122070312,148.47998046875,80389400
2022-11-18,152.30999755859375,152.6999969482422,149.97000122070312,151.2899932861328,149.04151916503906,74829600
2022-11-21,150.16000366210938,150.3699951171875,147.72000122070312,148.00999450683594,145.81027221679688,58724100
2022-11-22,148.1300048828125,150.4199981689453,146.92999267578125,150.17999267578125,147.9480438232422,51804100
2022-11-23,149.4499969482422,151.8300018310547,149.33999633789062,151.07000732421875,148.82484436035156,58301400
2022-11-25,148.30999755859375,148.8800048828125,147.1199951171875,148.11000061035156,145.9087677001953,35195900
2022-11-28,145.13999938964844,146.63999938964844,143.3800048828125,144.22000122070312,142.07659912109375,69246000
2022-11-29,144.2899932861328,144.80999755859375,140.35000610351562,141.1699981689453,139.07191467285156,83763800
2022-11-30,141.39999389648438,148.72000122070312,140.5500030517578,148.02999877929688,145.8299560546875,111380900
2022-12-01,148.2100067138672,149.1300048828125,146.61000061035156,148.30999755859375,146.10581970214844,71250400
2022-12-02,145.9600067138672,148.0,145.64999389648438,147.80999755859375,145.61326599121094,65447400
2022-12-05,147.77000427246094,150.9199981689453,145.77000427246094,146.6300048828125,144.45077514648438,68826400
2022-12-06,147.07000732421875,147.3000030517578,141.9199981689453,142.91000366210938,140.78607177734375,64727200
2022-12-07,142.19000244140625,143.3699951171875,140.0,140.94000244140625,138.84535217285156,69721100
2022-12-08,142.36000061035156,143.52000427246094,141.10000610351562,142.64999389648438,140.52993774414062,62128300
2022-12-09,142.33999633789062,145.57000732421875,140.89999389648438,142.16000366210938,140.04721069335938,76097000
2022-12-12,142.6999969482422,144.5,141.05999755859375,144.49000549316406,142.3425750732422,70462700
2022-12-13,149.5,149.97000122070312,144.24000549316406,145.47000122070312,143.3080291748047,93886200
2022-12-14,145.35000610351562,146.66000366210938,141.16000366210938,143.2100067138672,141.08160400390625,82291200
2022-12-15,141.11000061035156,141.8000030517578,136.02999877929688,136.5,134.4713134765625,98931900
2022-12-16,136.69000244140625,137.64999389648438,133.72999572753906,134.50999450683594,132.5109100341797,160156900
2022-12-19,135.11000061035156,135.1999969482422,131.32000732421875,132.3699951171875,130.4027099609375,79592600
2022-12-20,131.38999938964844,133.25,129.88999938964844,132.3000030517578,130.3337860107422,77432800
2022-12-21,132.97999572753906,136.80999755859375,132.75,135.4499969482422,133.43692016601562,85928000
2022-12-22,134.35000610351562,134.55999755859375,130.3000030517578,132.22999572753906,130.26483154296875,77852100
2022-12-23,130.9199981689453,132.4199981689453,129.63999938964844,131.86000061035156,129.90029907226562,63814900
2022-12-27,131.3800048828125,131.41000366210938,128.72000122070312,130.02999877929688,128.09750366210938,69007800
2022-12-28,129.6699981689453,131.02999877929688,125.87000274658203,126.04000091552734,124.16678619384766,85438400
2022-12-29,127.98999786376953,130.47999572753906,127.7300033569336,129.61000061035156,127.68375396728516,75703700
2022-12-30,128.41000366210938,129.9499969482422,127.43000030517578,129.92999267578125,127.99896240234375,77034200
2023-01-03,130.27999877929688,130.89999389648438,124.16999816894531,125.06999969482422,123.21118927001953,112117500
2023-01-04,126.88999938964844,128.66000366210938,125.08000183105469,126.36000061035156,124.4820327758789,89113600
2023-01-05,127.12999725341797,127.7699966430664,124.76000213623047,125.0199966430664,123.16194915771484,80962700
2023-01-06,126.01000213623047,130.2899932861328,124.88999938964844,129.6199951171875,127.69359588623047,87754700
2023-01-09,130.47000122070312,133.41000366210938,129.88999938964844,130.14999389648438,128.21568298339844,70790800
2023-01-10,130.25999450683594,131.25999450683594,128.1199951171875,130.72999572753906,128.78709411621094,63896200
2023-01-11,131.25,133.50999450683594,130.4600067138672,133.49000549316406,131.50607299804688,69458900
2023-01-12,133.8800048828125,134.25999450683594,131.44000244140625,133.41000366210938,131.42724609375,71379600
2023-01-13,132.02999877929688,134.9199981689453,131.66000366210938,134.75999450683594,132.75718688964844,57809700
2023-01-17,134.8300018310547,137.2899932861328,134.1300048828125,135.94000244140625,133.91966247558594,63646600
2023-01-18,136.82000732421875,138.61000061035156,135.02999877929688,135.2100067138672,133.2005157470703,69672800
2023-01-19,134.0800018310547,136.25,133.77000427246094,135.27000427246094,133.25961303710938,58280400
2023-01-20,135.27999877929688,138.02000427246094,134.22000122070312,137.8699951171875,135.8209686279297,80223600
2023-01-23,138.1199951171875,143.32000732421875,137.89999389648438,141.11000061035156,139.0128173828125,81760300
2023-01-24,140.30999755859375,143.16000366210938,140.3000030517578,142.52999877929688,140.4117431640625,66435100
2023-01-25,140.88999938964844,142.42999267578125,138.80999755859375,141.86000061035156,139.7516632080078,65799300
2023-01-26,143.1699981689453,144.25,141.89999389648438,143.9600067138672,141.82049560546875,54105100
2023-01-27,143.16000366210938,147.22999572753906,143.0800018310547,145.92999267578125,143.7611846923828,70555800
2023-01-30,144.9600067138672,145.5500030517578,142.85000610351562,143.0,140.87472534179688,64015300
2023-01-31,142.6999969482422,144.33999633789062,142.27999877929688,144.2899932861328,142.14556884765625,65874500
2023-02-01,143.97000122070312,146.61000061035156,141.32000732421875,145.42999267578125,143.2686004638672,77663600
2023-02-02,148.89999389648438,151.17999267578125,148.1699981689453,150.82000732421875,148.57852172851562,118339000
2023-02-03,148.02999877929688,157.3800048828125,147.8300018310547,154.5,152.20382690429688,154357300
2023-02-06,152.57000732421875,153.10000610351562,150.77999877929688,151.72999572753906,149.4749755859375,69858300
2023-02-07,150.63999938964844,155.22999572753906,150.63999938964844,154.64999389648438,152.3515625,83322600
2023-02-08,153.8800048828125,154.5800018310547,151.1699981689453,151.9199981689453,149.6621551513672,64120100
2023-02-09,153.77999877929688,154.3300018310547,150.4199981689453,150.8699951171875,148.62774658203125,56007100
2023-02-10,149.4600067138672,151.33999633789062,149.22000122070312,151.00999450683594,148.99281311035156,57450700
2023-02-13,150.9499969482422,154.25999450683594,150.9199981689453,153.85000610351562,151.79489135742188,62199000
2023-02-14,152.1199951171875,153.77000427246094,150.86000061035156,153.1999969482422,151.15354919433594,61707600
2023-02-15,153.11000061035156,155.5,152.8800048828125,155.3300018310547,153.25509643554688,65573800
2023-02-16,153.50999450683594,156.3300018310547,153.35000610351562,153.7100067138672,151.65676879882812,68167900
2023-02-17,152.35000610351562,153.0,150.85000610351562,152.5500030517578,150.51223754882812,59144100
2023-02-21,150.1999969482422,151.3000030517578,148.41000366210938,148.47999572753906,146.49661254882812,58867200
2023-02-22,148.8699951171875,149.9499969482422,147.16000366210938,148.91000366210938,146.92086791992188,51011300
2023-02-23,150.08999633789062,150.33999633789062,147.24000549316406,149.39999389648438,147.40431213378906,48394200
2023-02-24,147.11000061035156,147.19000244140625,145.72000122070312,146.7100067138672,144.75025939941406,55469600
2023-02-27,147.7100067138672,149.1699981689453,147.4499969482422,147.9199981689453,145.94407653808594,44998500
2023-02-28,147.0500030517578,149.0800018310547,146.8300018310547,147.41000366210938,145.44093322753906,50547000
2023-03-01,146.8300018310547,147.22999572753906,145.00999450683594,145.30999755859375,143.3689727783203,55479000
2023-03-02,144.3800048828125,146.7100067138672,143.89999389648438,145.91000366210938,143.96095275878906,52238100
2023-03-03,148.0399932861328,151.11000061035156,147.3300018310547,151.02999877929688,149.01255798339844,70732300
2023-03-06,153.7899932861328,156.3000030517578,153.4600067138672,153.8300018310547,151.77520751953125,87558000
2023-03-07,153.6999969482422,154.02999877929688,151.1300048828125,151.60000610351562,149.574951171875,56182000
2023-03-08,152.80999755859375,153.47000122070312,151.8300018310547,152.8699951171875,150.82798767089844,47204800
2023-03-09,153.55999755859375,154.5399932861328,150.22999572753906,150.58999633789062,148.57843017578125,53833600
2023-03-10,150.2100067138672,150.94000244140625,147.61000061035156,148.5,146.516357421875,68572400
2023-03-13,147.80999755859375,153.13999938964844,147.6999969482422,150.47000122070312,148.46005249023438,84457100
2023-03-14,151.27999877929688,153.39999389648438,150.10000610351562,152.58999633789062,150.5517120361328,73695900
2023-03-15,151.19000244140625,153.25,149.9199981689453,152.99000549316406,150.94638061523438,77167900
2023-03-16,152.16000366210938,156.4600067138672,151.63999938964844,155.85000610351562,153.76815795898438,76161100
2023-03-17,156.0800018310547,156.74000549316406,154.27999877929688,155.0,152.9295196533203,98944600
2023-03-20,155.07000732421875,157.82000732421875,154.14999389648438,157.39999389648438,155.29747009277344,73641400
2023-03-21,157.32000732421875,159.39999389648438,156.5399932861328,159.27999877929688,157.15235900878906,73938300
2023-03-22,159.3000030517578,162.13999938964844,157.80999755859375,157.8300018310547,155.72174072265625,75701800
2023-03-23,158.8300018310547,161.5500030517578,157.67999267578125,158.92999267578125,156.80702209472656,67622100
2023-03-24,158.86000061035156,160.33999633789062,157.85000610351562,160.25,158.10939025878906,59196500
2023-03-27,159.94000244140625,160.77000427246094,157.8699951171875,158.27999877929688,156.1656951904297,52390300
2023-03-28,157.97000122070312,158.49000549316406,155.97999572753906,157.64999389648438,155.54408264160156,45992200
2023-03-29,159.3699951171875,161.0500030517578,159.35000610351562,160.77000427246094,158.62245178222656,51305700
2023-03-30,161.52999877929688,162.47000122070312,161.27000427246094,162.36000061035156,160.1912078857422,49501700
2023-03-31,162.44000244140625,165.0,161.91000366210938,164.89999389648438,162.69725036621094,68749800
2023-04-03,164.27000427246094,166.2899932861328,164.22000122070312,166.1699981689453,163.95030212402344,56976200
2023-04-04,166.60000610351562,166.83999633789062,165.11000061035156,165.6300048828125,163.41757202148438,46278300
2023-04-05,164.74000549316406,165.0500030517578,161.8000030517578,163.75999450683594,161.57249450683594,51511700
2023-04-06,162.42999267578125,164.9600067138672,162.0,164.66000366210938,162.4604949951172,45390100
2023-04-10,161.4199981689453,162.02999877929688,160.0800018310547,162.02999877929688,159.86563110351562,47716900
2023-04-11,162.35000610351562,162.36000061035156,160.50999450683594,160.8000030517578,158.65206909179688,47644200
2023-04-12,161.22000122070312,162.05999755859375,159.77999877929688,160.10000610351562,157.9613800048828,50133100
2023-04-13,161.6300048828125,165.8000030517578,161.4199981689453,165.55999755859375,163.34849548339844,68445600
2023-04-14,164.58999633789062,166.32000732421875,163.82000732421875,165.2100067138672,163.003173828125,49386500
2023-04-17,165.08999633789062,165.38999938964844,164.02999877929688,165.22999572753906,163.02288818359375,41516200
2023-04-18,166.10000610351562,167.41000366210938,165.64999389648438,166.47000122070312,164.24632263183594,49923000
2023-04-19,165.8000030517578,168.16000366210938,165.5399932861328,167.6300048828125,165.3908233642578,47720200
2023-04-20,166.08999633789062,167.8699951171875,165.55999755859375,166.64999389648438,164.42391967773438,52456400
2023-04-21,165.0500030517578,166.4499969482422,164.49000549316406,165.02000427246094,162.81570434570312,58337300
2023-04-24,165.0,165.60000610351562,163.88999938964844,165.3300018310547,163.12155151367188,41949600
2023-04-25,165.19000244140625,166.30999755859375,163.72999572753906,163.77000427246094,161.5823974609375,48714100
2023-04-26,163.05999755859375,165.27999877929688,162.8000030517578,163.75999450683594,161.57249450683594,45498800
2023-04-27,165.19000244140625,168.55999755859375,165.19000244140625,168.41000366210938,166.160400390625,64902300
2023-04-28,168.49000549316406,169.85000610351562,167.8800048828125,169.67999267578125,167.41342163085938,55275900
2023-05-01,169.27999877929688,170.4499969482422,168.63999938964844,169.58999633789062,167.3246307373047,52472900
2023-05-02,170.08999633789062,170.35000610351562,167.5399932861328,168.5399932861328,166.28866577148438,48425700
2023-05-03,169.5,170.9199981689453,167.16000366210938,167.4499969482422,165.2132110595703,65136000
2023-05-04,164.88999938964844,167.0399932861328,164.30999755859375,165.7899932861328,163.57537841796875,81235400
2023-05-05,170.97999572753906,174.3000030517578,170.75999450683594,173.57000732421875,171.2515106201172,113453200
2023-05-08,172.47999572753906,173.85000610351562,172.11000061035156,173.5,171.18243408203125,55962800
2023-05-09,173.0500030517578,173.5399932861328,171.60000610351562,171.77000427246094,169.4755401611328,45326900
2023-05-10,173.02000427246094,174.02999877929688,171.89999389648438,173.55999755859375,171.24159240722656,53724500
2023-05-11,173.85000610351562,174.58999633789062,172.1699981689453,173.75,171.42904663085938,49514700
2023-05-12,173.6199951171875,174.05999755859375,171.0,172.57000732421875,170.50033569335938,45533100
2023-05-15,173.16000366210938,173.2100067138672,171.47000122070312,172.07000732421875,170.00634765625,37266700
2023-05-16,171.99000549316406,173.13999938964844,171.8000030517578,172.07000732421875,170.00634765625,42110300
2023-05-17,171.7100067138672,172.92999267578125,170.4199981689453,172.69000244140625,170.61891174316406,57951600
2023-05-18,173.0,175.24000549316406,172.5800018310547,175.0500030517578,172.95059204101562,65496700
2023-05-19,176.38999938964844,176.38999938964844,174.94000244140625,175.16000366210938,173.0592803955078,55809500
2023-05-22,173.97999572753906,174.7100067138672,173.4499969482422,174.1999969482422,172.11074829101562,43570900
2023-05-23,173.1300048828125,173.3800048828125,171.27999877929688,171.55999755859375,169.50245666503906,50747300
2023-05-24,171.08999633789062,172.4199981689453,170.52000427246094,171.83999633789062,169.77906799316406,45143500
2023-05-25,172.41000366210938,173.89999389648438,171.69000244140625,172.99000549316406,170.91529846191406,56058300
2023-05-26,173.32000732421875,175.77000427246094,173.11000061035156,175.42999267578125,173.32601928710938,54835000
2023-05-30,176.9600067138672,178.99000549316406,176.57000732421875,177.3000030517578,175.17359924316406,55964400
2023-05-31,177.3300018310547,179.35000610351562,176.75999450683594,177.25,175.1242218017578,99625300
2023-06-01,177.6999969482422,180.1199951171875,176.92999267578125,180.08999633789062,177.93014526367188,68901800
2023-06-02,181.02999877929688,181.77999877929688,179.25999450683594,180.9499969482422,178.7798309326172,61996900
2023-06-05,182.6300048828125,184.9499969482422,178.0399932861328,179.5800018310547,177.42626953125,121946500
2023-06-06,179.97000122070312,180.1199951171875,177.42999267578125,179.2100067138672,177.06072998046875,64848400
2023-06-07,178.44000244140625,181.2100067138672,177.32000732421875,177.82000732421875,175.68734741210938,61944600
2023-06-08,177.89999389648438,180.83999633789062,177.4600067138672,180.57000732421875,178.40440368652344,50214900
2023-06-09,181.5,182.22999572753906,180.6300048828125,180.9600067138672,178.7897186279297,48900000
2023-06-12,181.27000427246094,183.88999938964844,180.97000122070312,183.7899932861328,181.58578491210938,54274900
2023-06-13,182.8000030517578,184.14999389648438,182.44000244140625,183.30999755859375,181.1115264892578,54929100
2023-06-14,183.3699951171875,184.38999938964844,182.02000427246094,183.9499969482422,181.7438507080078,57462900
2023-06-15,183.9600067138672,186.52000427246094,183.77999877929688,186.00999450683594,183.77914428710938,65433200
2023-06-16,186.72999572753906,186.99000549316406,184.27000427246094,184.9199981689453,182.70220947265625,101256200
2023-06-20,184.41000366210938,186.10000610351562,184.41000366210938,185.00999450683594,182.7911376953125,49799100
2023-06-21,184.89999389648438,185.41000366210938,182.58999633789062,183.9600067138672,181.75375366210938,49515700
2023-06-22,183.74000549316406,187.0500030517578,183.6699981689453,187.0,184.7572784423828,51245300
2023-06-23,185.5500030517578,187.55999755859375,185.00999450683594,186.67999267578125,184.44113159179688,53117000
2023-06-26,186.8300018310547,188.0500030517578,185.22999572753906,185.27000427246094,183.04803466796875,48088700
2023-06-27,185.88999938964844,188.38999938964844,185.6699981689453,188.05999755859375,185.8045654296875,50730800
2023-06-28,187.92999267578125,189.89999389648438,187.60000610351562,189.25,186.98028564453125,51216800
2023-06-29,189.0800018310547,190.07000732421875,188.94000244140625,189.58999633789062,187.31617736816406,46347300
2023-06-30,191.6300048828125,194.47999572753906,191.25999450683594,193.97000122070312,191.6436767578125,85213200
2023-07-03,193.77999877929688,193.8800048828125,191.75999450683594,192.4600067138672,190.15179443359375,31458200
2023-07-05,191.57000732421875,192.97999572753906,190.6199951171875,191.3300018310547,189.0353546142578,46920300
2023-07-06,189.83999633789062,192.02000427246094,189.1999969482422,191.80999755859375,189.50958251953125,45094300
2023-07-07,191.41000366210938,192.6699981689453,190.24000549316406,190.67999267578125,188.3931427001953,46815000
2023-07-10,189.25999450683594,189.99000549316406,187.0399932861328,188.61000061035156,186.34796142578125,59922200
2023-07-11,189.16000366210938,189.3000030517578,186.60000610351562,188.0800018310547,185.82432556152344,46638100
2023-07-12,189.67999267578125,191.6999969482422,188.47000122070312,189.77000427246094,187.49404907226562,60750200
2023-07-13,190.5,191.19000244140625,189.77999877929688,190.5399932861328,188.25482177734375,41342300
2023-07-14,190.22999572753906,191.17999267578125,189.6300048828125,190.69000244140625,188.40301513671875,41616200
2023-07-17,191.89999389648438,194.32000732421875,191.80999755859375,193.99000549316406,191.6634521484375,50520200
2023-07-18,193.35000610351562,194.3300018310547,192.4199981689453,193.72999572753906,191.40655517578125,48288200
2023-07-19,193.10000610351562,198.22999572753906,192.64999389648438,195.10000610351562,192.7601318359375,80507300
2023-07-20,195.08999633789062,196.47000122070312,192.5,193.1300048828125,190.81375122070312,59581200
2023-07-21,194.10000610351562,194.97000122070312,191.22999572753906,191.94000244140625,189.63803100585938,71951700
2023-07-24,193.41000366210938,194.91000366210938,192.25,192.75,190.4383087158203,45377800
2023-07-25,193.3300018310547,194.44000244140625,192.9199981689453,193.6199951171875,191.29788208007812,37283200
2023-07-26,193.6699981689453,195.63999938964844,193.32000732421875,194.5,192.16734313964844,47471900
2023-07-27,196.02000427246094,197.1999969482422,192.5500030517578,193.22000122070312,190.90267944335938,47460200
2023-07-28,194.6699981689453,196.6300048828125,194.13999938964844,195.8300018310547,193.48138427734375,48291400
2023-07-31,196.05999755859375,196.49000549316406,195.25999450683594,196.4499969482422,194.0939483642578,38824100
2023-08-01,196.24000549316406,196.72999572753906,195.27999877929688,195.61000061035156,193.2640380859375,35175100
2023-08-02,195.0399932861328,195.17999267578125,191.85000610351562,192.5800018310547,190.2703399658203,50389300
2023-08-03,191.57000732421875,192.3699951171875,190.69000244140625,191.1699981689453,188.87725830078125,61235200
2023-08-04,185.52000427246094,187.3800048828125,181.9199981689453,181.99000549316406,179.80738830566406,115956800
2023-08-07,182.1300048828125,183.1300048828125,177.35000610351562,178.85000610351562,176.7050018310547,97576100
2023-08-08,179.69000244140625,180.27000427246094,177.5800018310547,179.8000030517578,177.6436309814453,67823000
2023-08-09,180.8699951171875,180.92999267578125,177.00999450683594,178.19000244140625,176.05296325683594,60378500
2023-08-10,179.47999572753906,180.75,177.60000610351562,177.97000122070312,175.83555603027344,54686900
2023-08-11,177.32000732421875,178.6199951171875,176.5500030517578,177.7899932861328,175.8949432373047,52036700
2023-08-14,177.97000122070312,179.69000244140625,177.30999755859375,179.4600067138672,177.547119140625,43675600
2023-08-15,178.8800048828125,179.47999572753906,177.0500030517578,177.4499969482422,175.55856323242188,43622600
2023-08-16,177.1300048828125,178.5399932861328,176.5,176.57000732421875,174.68795776367188,46964900
2023-08-17,177.13999938964844,177.50999450683594,173.47999572753906,174.0,172.1453399658203,66062900
2023-08-18,172.3000030517578,175.10000610351562,171.9600067138672,174.49000549316406,172.630126953125,61172200
2023-08-21,175.07000732421875,176.1300048828125,173.74000549316406,175.83999633789062,173.96571350097656,46311900
2023-08-22,177.05999755859375,177.67999267578125,176.25,177.22999572753906,175.3408966064453,42038900
2023-08-23,178.52000427246094,181.5500030517578,178.3300018310547,181.1199951171875,179.18943786621094,52722800
2023-08-24,180.6699981689453,181.10000610351562,176.00999450683594,176.3800048828125,174.49996948242188,54945800
2023-08-25,177.3800048828125,179.14999389648438,175.82000732421875,178.61000061035156,176.70619201660156,51449600
2023-08-28,180.08999633789062,180.58999633789062,178.5500030517578,180.19000244140625,178.2693634033203,43820700
2023-08-29,179.6999969482422,184.89999389648438,179.5,184.1199951171875,182.157470703125,53003900
2023-08-30,184.94000244140625,187.85000610351562,184.74000549316406,187.64999389648438,185.64984130859375,60813900
2023-08-31,187.83999633789062,189.1199951171875,187.47999572753906,187.8699951171875,185.86749267578125,60794500
2023-09-01,189.49000549316406,189.9199981689453,188.27999877929688,189.4600067138672,187.4405517578125,45766500
2023-09-05,188.27999877929688,189.97999572753906,187.61000061035156,189.6999969482422,187.67796325683594,45280000
2023-09-06,188.39999389648438,188.85000610351562,181.47000122070312,182.91000366210938,180.96034240722656,81755800
2023-09-07,175.17999267578125,178.2100067138672,173.5399932861328,177.55999755859375,175.6674041748047,112488800
2023-09-08,178.35000610351562,180.24000549316406,177.7899932861328,178.17999267578125,176.28076171875,65551300
2023-09-11,180.07000732421875,180.3000030517578,177.33999633789062,179.36000061035156,177.4481964111328,58953100
2023-09-12,179.49000549316406,180.1300048828125,174.82000732421875,176.3000030517578,174.4208221435547,90370200
2023-09-13,176.50999450683594,177.3000030517578,173.97999572753906,174.2100067138672,172.3531036376953,84267900
2023-09-14,174.0,176.10000610351562,173.5800018310547,175.74000549316406,173.86680603027344,60895800
2023-09-15,176.47999572753906,176.5,173.82000732421875,175.00999450683594,173.1445770263672,109259500
2023-09-18,176.47999572753906,179.3800048828125,176.1699981689453,177.97000122070312,176.07302856445312,67257600
2023-09-19,177.52000427246094,179.6300048828125,177.1300048828125,179.07000732421875,177.1613006591797,51826900
2023-09-20,179.25999450683594,179.6999969482422,175.39999389648438,175.49000549316406,173.6194610595703,58436200
2023-09-21,174.5500030517578,176.3000030517578,173.86000061035156,173.92999267578125,172.07608032226562,63149100
2023-09-22,174.6699981689453,177.0800018310547,174.0500030517578,174.7899932861328,172.92689514160156,56725400
2023-09-25,174.1999969482422,176.97000122070312,174.14999389648438,176.0800018310547,174.2031707763672,46172700
2023-09-26,174.82000732421875,175.1999969482422,171.66000366210938,171.9600067138672,170.12709045410156,64588900
2023-09-27,172.6199951171875,173.0399932861328,169.0500030517578,170.42999267578125,168.61338806152344,66921800
2023-09-28,169.33999633789062,172.02999877929688,167.6199951171875,170.69000244140625,168.87062072753906,56294400
2023-09-29,172.02000427246094,173.07000732421875,170.33999633789062,171.2100067138672,169.38507080078125,51861100
2023-10-02,171.22000122070312,174.3000030517578,170.92999267578125,173.75,171.89801025390625,52164500
2023-10-03,172.25999450683594,173.6300048828125,170.82000732421875,172.39999389648438,170.5623779296875,49594600
2023-10-04,171.08999633789062,174.2100067138672,170.97000122070312,173.66000366210938,171.80894470214844,53020300
2023-10-05,173.7899932861328,175.4499969482422,172.67999267578125,174.91000366210938,173.04562377929688,48527900
2023-10-06,173.8000030517578,177.99000549316406,173.17999267578125,177.49000549316406,175.59814453125,57266700
2023-10-09,176.80999755859375,179.0500030517578,175.8000030517578,178.99000549316406,177.08213806152344,42390800
2023-10-10,178.10000610351562,179.72000122070312,177.9499969482422,178.38999938964844,176.488525390625,43698000
2023-10-11,178.1999969482422,179.85000610351562,177.60000610351562,179.8000030517578,177.88351440429688,47551100
2023-10-12,180.07000732421875,182.33999633789062,179.0399932861328,180.7100067138672,178.7838134765625,56743100
2023-10-13,181.4199981689453,181.92999267578125,178.13999938964844,178.85000610351562,176.9436492919922,51427100
2023-10-16,176.75,179.0800018310547,176.50999450683594,178.72000122070312,176.81503295898438,52517000
2023-10-17,176.64999389648438,178.4199981689453,174.8000030517578,177.14999389648438,175.26174926757812,57549400
2023-10-18,175.5800018310547,177.5800018310547,175.11000061035156,175.83999633789062,173.96571350097656,54764400
2023-10-19,176.0399932861328,177.83999633789062,175.19000244140625,175.4600067138672,173.58978271484375,59302900
2023-10-20,175.30999755859375,175.4199981689453,172.63999938964844,172.8800048828125,171.0372772216797,64244000
2023-10-23,170.91000366210938,174.00999450683594,169.92999267578125,173.0,171.156005859375,55980100
2023-10-24,173.0500030517578,173.6699981689453,171.4499969482422,173.44000244140625,171.59129333496094,43816600
2023-10-25,171.8800048828125,173.05999755859375,170.64999389648438,171.10000610351562,169.27626037597656,57157000
2023-10-26,170.3699951171875,171.3800048828125,165.6699981689453,166.88999938964844,165.11111450195312,70625300
2023-10-27,166.91000366210938,168.9600067138672,166.8300018310547,168.22000122070312,166.42694091796875,58499100
2023-10-30,169.02000427246094,171.1699981689453,168.8699951171875,170.2899932861328,168.47486877441406,51131000
2023-10-31,169.35000610351562,170.89999389648438,167.89999389648438,170.77000427246094,168.94976806640625,44846000
2023-11-01,171.0,174.22999572753906,170.1199951171875,173.97000122070312,172.11566162109375,56934900
2023-11-02,175.52000427246094,177.77999877929688,175.4600067138672,177.57000732421875,175.6772918701172,77334800
2023-11-03,174.24000549316406,176.82000732421875,173.35000610351562,176.64999389648438,174.76707458496094,79829200
2023-11-06,176.3800048828125,179.42999267578125,176.2100067138672,179.22999572753906,177.31959533691406,63841300
2023-11-07,179.17999267578125,182.44000244140625,178.97000122070312,181.82000732421875,179.88197326660156,70530000
2023-11-08,182.35000610351562,183.4499969482422,181.58999633789062,182.88999938964844,180.94056701660156,49340300
2023-11-09,182.9600067138672,184.1199951171875,181.80999755859375,182.41000366210938,180.4656982421875,53763500
2023-11-10,183.97000122070312,186.57000732421875,183.52999877929688,186.39999389648438,184.65611267089844,66133400
2023-11-13,185.82000732421875,186.02999877929688,184.2100067138672,184.8000030517578,183.07107543945312,43627500
2023-11-14,187.6999969482422,188.11000061035156,186.3000030517578,187.44000244140625,185.6864013671875,60108400
2023-11-15,187.85000610351562,189.5,187.77999877929688,188.00999450683594,186.25103759765625,53790500
2023-11-16,189.57000732421875,190.9600067138672,188.64999389648438,189.7100067138672,187.93516540527344,54412900
2023-11-17,190.25,190.3800048828125,188.57000732421875,189.69000244140625,187.9153289794922,50922700
2023-11-20,189.88999938964844,191.91000366210938,189.8800048828125,191.4499969482422,189.65887451171875,46505100
2023-11-21,191.41000366210938,191.52000427246094,189.74000549316406,190.63999938964844,188.85647583007812,38134500
2023-11-22,191.49000549316406,192.92999267578125,190.8300018310547,191.30999755859375,189.5201873779297,39617700
2023-11-24,190.8699951171875,190.89999389648438,189.25,189.97000122070312,188.1927032470703,24048300
2023-11-27,189.9199981689453,190.6699981689453,188.89999389648438,189.7899932861328,188.014404296875,40552600
2023-11-28,189.77999877929688,191.0800018310547,189.39999389648438,190.39999389648438,188.61868286132812,38415400
2023-11-29,190.89999389648438,192.08999633789062,188.97000122070312,189.3699951171875,187.59832763671875,43014200
2023-11-30,189.83999633789062,190.32000732421875,188.19000244140625,189.9499969482422,188.17291259765625,48794400
2023-12-01,190.3300018310547,191.55999755859375,189.22999572753906,191.24000549316406,189.45086669921875,45704800
2023-12-04,189.97999572753906,190.0500030517578,187.4499969482422,189.42999267578125,187.65774536132812,43389500
2023-12-05,190.2100067138672,194.39999389648438,190.17999267578125,193.4199981689453,191.61041259765625,66628400
2023-12-06,194.4499969482422,194.75999450683594,192.11000061035156,192.32000732421875,190.52073669433594,41089700
2023-12-07,193.6300048828125,195.0,193.58999633789062,194.27000427246094,192.45248413085938,47477700
2023-12-08,194.1999969482422,195.99000549316406,193.6699981689453,195.7100067138672,193.87904357910156,53406400
2023-12-11,193.11000061035156,193.49000549316406,191.4199981689453,193.17999267578125,191.37265014648438,60943700
2023-12-12,193.0800018310547,194.72000122070312,191.72000122070312,194.7100067138672,192.8883819580078,52696900
2023-12-13,195.08999633789062,198.0,194.85000610351562,197.9600067138672,196.10797119140625,70404200
2023-12-14,198.02000427246094,199.6199951171875,196.16000366210938,198.11000061035156,196.25657653808594,66831600
2023-12-15,197.52999877929688,198.39999389648438,197.0,197.57000732421875,195.72164916992188,128538400
2023-12-18,196.08999633789062,196.6300048828125,194.38999938964844,195.88999938964844,194.05731201171875,55751900
2023-12-19,196.16000366210938,196.9499969482422,195.88999938964844,196.94000244140625,195.0975341796875,40714100
2023-12-20,196.89999389648438,197.67999267578125,194.8300018310547,194.8300018310547,193.00726318359375,52242800
2023-12-21,196.10000610351562,197.0800018310547,193.5,194.67999267578125,192.85862731933594,46482500
2023-12-22,195.17999267578125,195.41000366210938,192.97000122070312,193.60000610351562,191.78875732421875,37149600
2023-12-26,193.61000061035156,193.88999938964844,192.8300018310547,193.0500030517578,191.24391174316406,28919300
2023-12-27,192.49000549316406,193.5,191.08999633789062,193.14999389648438,191.3429718017578,48087700
2023-12-28,194.13999938964844,194.66000366210938,193.1699981689453,193.5800018310547,191.76895141601562,34049900
2023-12-29,193.89999389648438,194.39999389648438,191.72999572753906,192.52999877929688,190.728759765625,42672100
2024-01-02,187.14999389648438,188.44000244140625,183.88999938964844,185.63999938964844,183.90322875976562,82488700
2024-01-03,184.22000122070312,185.8800048828125,183.42999267578125,184.25,182.5262451171875,58414500
2024-01-04,182.14999389648438,183.08999633789062,180.8800048828125,181.91000366210938,180.20814514160156,71983600
2024-01-05,181.99000549316406,182.75999450683594,180.1699981689453,181.17999267578125,179.48495483398438,62379700
2024-01-08,182.08999633789062,185.60000610351562,181.5,185.55999755859375,183.82398986816406,59144500
2024-01-09,183.9199981689453,185.14999389648438,182.72999572753906,185.13999938964844,183.40789794921875,42841800
2024-01-10,184.35000610351562,186.39999389648438,183.9199981689453,186.19000244140625,184.4480743408203,46792900
2024-01-11,186.5399932861328,187.0500030517578,183.6199951171875,185.58999633789062,183.8536834716797,49128400
2024-01-12,186.05999755859375,186.74000549316406,185.19000244140625,185.9199981689453,184.18060302734375,40477800
2024-01-16,182.16000366210938,184.25999450683594,180.92999267578125,183.6300048828125,181.91201782226562,65603000
2024-01-17,181.27000427246094,182.92999267578125,180.3000030517578,182.67999267578125,180.97091674804688,47317400
2024-01-18,186.08999633789062,189.13999938964844,185.8300018310547,188.6300048828125,186.86524963378906,78005800
2024-01-19,189.3300018310547,191.9499969482422,188.82000732421875,191.55999755859375,189.767822265625,68903000
2024-01-22,192.3000030517578,195.3300018310547,192.25999450683594,193.88999938964844,192.07603454589844,60133900
2024-01-23,195.02000427246094,195.75,193.8300018310547,195.17999267578125,193.35398864746094,42355600
2024-01-24,195.4199981689453,196.3800048828125,194.33999633789062,194.5,192.68032836914062,53631300
2024-01-25,195.22000122070312,196.27000427246094,193.11000061035156,194.1699981689453,192.35342407226562,54822100
2024-01-26,194.27000427246094,194.75999450683594,191.94000244140625,192.4199981689453,190.6197967529297,44594000
2024-01-29,192.00999450683594,192.1999969482422,189.5800018310547,191.72999572753906,189.93624877929688,47145600
2024-01-30,190.94000244140625,191.8000030517578,187.47000122070312,188.0399932861328,186.28076171875,55859400
2024-01-31,187.0399932861328,187.10000610351562,184.35000610351562,184.39999389648438,182.67483520507812,55467800
2024-02-01,183.99000549316406,186.9499969482422,183.82000732421875,186.86000061035156,185.11184692382812,64885400
2024-02-02,179.86000061035156,187.3300018310547,179.25,185.85000610351562,184.1112823486328,102551700
2024-02-05,188.14999389648438,189.25,185.83999633789062,187.67999267578125,185.9241485595703,69668800
2024-02-06,186.86000061035156,189.30999755859375,186.77000427246094,189.3000030517578,187.5290069580078,43490800
2024-02-07,190.63999938964844,191.0500030517578,188.61000061035156,189.41000366210938,187.6379852294922,53439000
2024-02-08,189.38999938964844,189.5399932861328,187.35000610351562,188.32000732421875,186.55816650390625,40962000
2024-02-09,188.64999389648438,189.99000549316406,188.0,188.85000610351562,187.32192993164062,45155200
2024-02-12,188.4199981689453,188.6699981689453,186.7899932861328,187.14999389648438,185.6356658935547,41781900
2024-02-13,185.77000427246094,186.2100067138672,183.50999450683594,185.0399932861328,183.54275512695312,56529500
2024-02-14,185.32000732421875,185.52999877929688,182.44000244140625,184.14999389648438,182.65994262695312,54630500
2024-02-15,183.5500030517578,184.49000549316406,181.35000610351562,183.86000061035156,182.372314453125,65434500
2024-02-16,183.4199981689453,184.85000610351562,181.6699981689453,182.30999755859375,180.83482360839844,49752500
2024-02-20,181.7899932861328,182.42999267578125,180.0,181.55999755859375,180.09091186523438,53665600
2024-02-21,181.94000244140625,182.88999938964844,180.66000366210938,182.32000732421875,180.8447723388672,41371400
2024-02-22,183.47999572753906,184.9600067138672,182.4600067138672,184.3699951171875,182.87815856933594,52292200
2024-02-23,185.00999450683594,185.0399932861328,182.22999572753906,182.52000427246094,181.04315185546875,45119700
2024-02-26,182.24000549316406,182.75999450683594,180.64999389648438,181.16000366210938,179.69415283203125,40867400
2024-02-27,181.10000610351562,183.9199981689453,179.55999755859375,182.6300048828125,181.15225219726562,54318900
2024-02-28,182.50999450683594,183.1199951171875,180.1300048828125,181.4199981689453,179.9520263671875,48953900
2024-02-29,181.27000427246094,182.57000732421875,179.52999877929688,180.75,179.28746032714844,136682600
2024-03-01,179.5500030517578,180.52999877929688,177.3800048828125,179.66000366210938,178.206298828125,73563100
2024-03-04,176.14999389648438,176.89999389648438,173.7899932861328,175.10000610351562,173.68319702148438,81510100
2024-03-05,170.75999450683594,172.0399932861328,169.6199951171875,170.1199951171875,168.74346923828125,95132400
2024-03-06,171.05999755859375,171.24000549316406,168.67999267578125,169.1199951171875,167.7515411376953,68587700
2024-03-07,169.14999389648438,170.72999572753906,168.49000549316406,169.0,167.63255310058594,71765100
2024-03-08,169.0,173.6999969482422,168.94000244140625,170.72999572753906,169.34852600097656,76267000
2024-03-11,172.94000244140625,174.3800048828125,172.0500030517578,172.75,171.35220336914062,60139500
2024-03-12,173.14999389648438,174.02999877929688,171.00999450683594,173.22999572753906,171.8282928466797,59825400
2024-03-13,172.77000427246094,173.19000244140625,170.75999450683594,171.1300048828125,169.74530029296875,52488700
2024-03-14,172.91000366210938,174.30999755859375,172.0500030517578,173.0,171.60018920898438,72913500
2024-03-15,171.1699981689453,172.6199951171875,170.2899932861328,172.6199951171875,171.22323608398438,121752700
2024-03-18,175.57000732421875,177.7100067138672,173.52000427246094,173.72000122070312,172.31434631347656,75604200
2024-03-19,174.33999633789062,176.61000061035156,173.02999877929688,176.0800018310547,174.65525817871094,55215200
2024-03-20,175.72000122070312,178.6699981689453,175.08999633789062,178.6699981689453,177.22430419921875,53423100
2024-03-21,177.0500030517578,177.49000549316406,170.83999633789062,171.3699951171875,169.98338317871094,106181300
2024-03-22,171.75999450683594,173.0500030517578,170.05999755859375,172.27999877929688,170.88600158691406,71160100
2024-03-25,170.57000732421875,171.94000244140625,169.4499969482422,170.85000610351562,169.4675750732422,54288300
2024-03-26,170.0,171.4199981689453,169.5800018310547,169.7100067138672,168.33680725097656,57388400
2024-03-27,170.41000366210938,173.60000610351562,170.11000061035156,173.30999755859375,171.90765380859375,60273300
2024-03-28,171.75,172.22999572753906,170.50999450683594,171.47999572753906,170.0924530029297,65672700
2024-04-01,171.19000244140625,171.25,169.47999572753906,170.02999877929688,168.6542205810547,46240500
2024-04-02,169.0800018310547,169.33999633789062,168.22999572753906,168.83999633789062,167.47381591796875,49329500
2024-04-03,168.7899932861328,170.67999267578125,168.5800018310547,169.64999389648438,168.2772674560547,47691700
2024-04-04,170.2899932861328,171.9199981689453,168.82000732421875,168.82000732421875,167.45399475097656,53704400
2024-04-05,169.58999633789062,170.38999938964844,168.9499969482422,169.5800018310547,168.20782470703125,42104800
2024-04-08,169.02999877929688,169.1999969482422,168.24000549316406,168.4499969482422,167.0869903564453,37425500
2024-04-09,168.6999969482422,170.0800018310547,168.35000610351562,169.6699981689453,168.29710388183594,42373800
2024-04-10,168.8000030517578,169.08999633789062,167.11000061035156,167.77999877929688,166.4224090576172,49709300
2024-04-11,168.33999633789062,175.4600067138672,168.16000366210938,175.0399932861328,173.6236572265625,91070300
2024-04-12,174.25999450683594,178.36000061035156,174.2100067138672,176.5500030517578,175.12144470214844,101670900
2024-04-15,175.36000061035156,176.6300048828125,172.5,172.69000244140625,171.2926788330078,73531800
2024-04-16,171.75,173.75999450683594,168.27000427246094,169.3800048828125,168.00946044921875,73711200
2024-04-17,169.61000061035156,170.64999389648438,168.0,168.0,166.640625,50901200
2024-04-18,168.02999877929688,168.63999938964844,166.5500030517578,167.0399932861328,165.68841552734375,43122900
2024-04-19,166.2100067138672,166.39999389648438,164.0800018310547,165.0,163.6649169921875,68149400
2024-04-22,165.52000427246094,167.25999450683594,164.77000427246094,165.83999633789062,164.4980926513672,48116400
2024-04-23,165.35000610351562,167.0500030517578,164.9199981689453,166.89999389648438,165.54953002929688,49537800
2024-04-24,166.5399932861328,169.3000030517578,166.2100067138672,169.02000427246094,167.6523895263672,48251800
2024-04-25,169.52999877929688,170.61000061035156,168.14999389648438,169.88999938964844,168.51535034179688,50558300
2024-04-26,169.8800048828125,171.33999633789062,169.17999267578125,169.3000030517578,167.93011474609375,44838400
2024-04-29,173.3699951171875,176.02999877929688,173.10000610351562,173.5,172.09613037109375,68169400
2024-04-30,173.3300018310547,174.99000549316406,170.0,170.3300018310547,168.9517822265625,65934800
2024-05-01,169.5800018310547,172.7100067138672,169.11000061035156,169.3000030517578,167.93011474609375,50383100
2024-05-02,172.50999450683594,173.4199981689453,170.88999938964844,173.02999877929688,171.62994384765625,94214900
2024-05-03,186.64999389648438,187.0,182.66000366210938,183.3800048828125,181.8961944580078,163224100
2024-05-06,182.35000610351562,184.1999969482422,180.4199981689453,181.7100067138672,180.2397003173828,78569700
2024-05-07,183.4499969482422,184.89999389648438,181.32000732421875,182.39999389648438,180.92410278320312,77305800
2024-05-08,182.85000610351562,183.07000732421875,181.4499969482422,182.74000549316406,181.2613525390625,45057100
2024-05-09,182.55999755859375,184.66000366210938,182.11000061035156,184.57000732421875,183.07655334472656,48983000
2024-05-10,184.89999389648438,185.08999633789062,182.1300048828125,183.0500030517578,181.8151397705078,50759500
2024-05-13,185.44000244140625,187.10000610351562,184.6199951171875,186.27999877929688,185.0233154296875,72044800
2024-05-14,187.50999450683594,188.3000030517578,186.2899932861328,187.42999267578125,186.16558837890625,52393600
2024-05-15,187.91000366210938,190.64999389648438,187.3699951171875,189.72000122070312,188.4401397705078,70400000
2024-05-16,190.47000122070312,191.10000610351562,189.66000366210938,189.83999633789062,188.55931091308594,52845200
2024-05-17,189.50999450683594,190.80999755859375,189.17999267578125,189.8699951171875,188.58909606933594,41282900
2024-05-20,189.3300018310547,191.9199981689453,189.00999450683594,191.0399932861328,189.751220703125,44361300
2024-05-21,191.08999633789062,192.72999572753906,190.9199981689453,192.35000610351562,191.0523681640625,42309400
2024-05-22,192.27000427246094,192.82000732421875,190.27000427246094,190.89999389648438,189.61216735839844,34648500
2024-05-23,190.97999572753906,191.0,186.6300048828125,186.8800048828125,185.61927795410156,51005900
2024-05-24,188.82000732421875,190.5800018310547,188.0399932861328,189.97999572753906,188.69834899902344,36327000
2024-05-28,191.50999450683594,193.0,189.10000610351562,189.99000549316406,188.70831298828125,52280100
2024-05-29,189.61000061035156,192.25,189.50999450683594,190.2899932861328,189.00628662109375,53068000
2024-05-30,190.75999450683594,192.17999267578125,190.6300048828125,191.2899932861328,189.99951171875,49889100
2024-05-31,191.44000244140625,192.57000732421875,189.91000366210938,192.25,190.9530487060547,75158300
2024-06-03,192.89999389648438,194.99000549316406,192.52000427246094,194.02999877929688,192.72105407714844,50080500
2024-06-04,194.63999938964844,195.32000732421875,193.02999877929688,194.35000610351562,193.0388946533203,47471400
2024-06-05,195.39999389648438,196.89999389648438,194.8699951171875,195.8699951171875,194.5486297607422,54156800
2024-06-06,195.69000244140625,196.5,194.1699981689453,194.47999572753906,193.1680145263672,41181800
2024-06-07,194.64999389648438,196.94000244140625,194.13999938964844,196.88999938964844,195.56175231933594,53103900
2024-06-10,196.89999389648438,197.3000030517578,192.14999389648438,193.1199951171875,191.8171844482422,97010200
2024-06-11,193.64999389648438,207.16000366210938,193.6300048828125,207.14999389648438,205.7525177001953,172373300
2024-06-12,207.3699951171875,220.1999969482422,206.89999389648438,213.07000732421875,211.6326141357422,198134300
2024-06-13,214.74000549316406,216.75,211.60000610351562,214.24000549316406,212.7947235107422,97862700
2024-06-14,213.85000610351562,215.1699981689453,211.3000030517578,212.49000549316406,211.05653381347656,70122700
2024-06-17,213.3699951171875,218.9499969482422,212.72000122070312,216.6699981689453,215.2083282470703,93728300
2024-06-18,217.58999633789062,218.6300048828125,213.0,214.2899932861328,212.84437561035156,79943300
2024-06-20,213.92999267578125,214.24000549316406,208.85000610351562,209.67999267578125,208.26547241210938,86172500
2024-06-21,210.38999938964844,211.88999938964844,207.11000061035156,207.49000549316406,206.0902557373047,241805100
2024-06-24,207.72000122070312,212.6999969482422,206.58999633789062,208.13999938964844,206.73587036132812,80727000
2024-06-25,209.14999389648438,211.3800048828125,208.61000061035156,209.07000732421875,207.65960693359375,55549700
2024-06-26,211.5,214.86000061035156,210.63999938964844,213.25,211.81138610839844,66213200
2024-06-27,214.69000244140625,215.74000549316406,212.35000610351562,214.10000610351562,212.65565490722656,49772700
2024-06-28,215.77000427246094,216.07000732421875,210.3000030517578,210.6199951171875,209.19912719726562,82542700
2024-07-01,212.08999633789062,217.50999450683594,211.9199981689453,216.75,215.28778076171875,60402900
2024-07-02,216.14999389648438,220.3800048828125,215.10000610351562,220.27000427246094,218.78402709960938,58046200
2024-07-03,220.0,221.5500030517578,219.02999877929688,221.5500030517578,220.0553741455078,37369800
2024-07-05,221.64999389648438,226.4499969482422,221.64999389648438,226.33999633789062,224.8130645751953,60412400
2024-07-08,227.08999633789062,227.85000610351562,223.25,227.82000732421875,226.28311157226562,59085900
2024-07-09,227.92999267578125,229.39999389648438,226.3699951171875,228.67999267578125,227.1372833251953,48076100
2024-07-10,229.3000030517578,233.0800018310547,229.25,232.97999572753906,231.4082794189453,62627700
2024-07-11,231.38999938964844,232.38999938964844,225.77000427246094,227.57000732421875,226.0347900390625,64710600
2024-07-12,228.9199981689453,232.63999938964844,228.67999267578125,230.5399932861328,228.98475646972656,53046500
2024-07-15,236.47999572753906,237.22999572753906,233.08999633789062,234.39999389648438,232.81869506835938,62631300
2024-07-16,235.0,236.27000427246094,232.3300018310547,234.82000732421875,233.2358856201172,43234300
2024-07-17,229.4499969482422,231.4600067138672,226.63999938964844,228.8800048828125,227.33596801757812,57345900
2024-07-18,230.27999877929688,230.44000244140625,222.27000427246094,224.17999267578125,222.6676483154297,66034600
2024-07-19,224.82000732421875,226.8000030517578,223.27999877929688,224.30999755859375,222.79678344726562,49151500
2024-07-22,227.00999450683594,227.77999877929688,223.08999633789062,223.9600067138672,222.44915771484375,48201800
2024-07-23,224.3699951171875,226.94000244140625,222.67999267578125,225.00999450683594,223.49205017089844,39960300
2024-07-24,224.0,224.8000030517578,217.1300048828125,218.5399932861328,217.06568908691406,61777600
2024-07-25,218.92999267578125,220.85000610351562,214.6199951171875,217.49000549316406,216.02281188964844,51391200
2024-07-26,218.6999969482422,219.49000549316406,216.00999450683594,217.9600067138672,216.4896240234375,41601300
2024-07-29,216.9600067138672,219.3000030517578,215.75,218.24000549316406,216.7677459716797,36311800
2024-07-30,219.19000244140625,220.3300018310547,216.1199951171875,218.8000030517578,217.32395935058594,41643800
2024-07-31,221.44000244140625,223.82000732421875,220.6300048828125,222.0800018310547,220.58181762695312,50036300
2024-08-01,224.3699951171875,224.47999572753906,217.02000427246094,218.36000061035156,216.8869171142578,62501000
2024-08-02,219.14999389648438,225.60000610351562,217.7100067138672,219.86000061035156,218.37681579589844,105568600
2024-08-05,199.08999633789062,213.5,196.0,209.27000427246094,207.85826110839844,119548600
2024-08-06,205.3000030517578,209.99000549316406,201.07000732421875,207.22999572753906,205.83201599121094,69660500
2024-08-07,206.89999389648438,213.63999938964844,206.38999938964844,209.82000732421875,208.404541015625,63516400
2024-08-08,213.11000061035156,214.1999969482422,208.8300018310547,213.30999755859375,211.87100219726562,47161100
2024-08-09,212.10000610351562,216.77999877929688,211.97000122070312,216.24000549316406,214.78125,42201600
2024-08-12,216.07000732421875,219.50999450683594,215.60000610351562,217.52999877929688,216.3126220703125,38028100
2024-08-13,219.00999450683594,221.88999938964844,219.00999450683594,221.27000427246094,220.0316619873047,44155300
2024-08-14,220.57000732421875,223.02999877929688,219.6999969482422,221.72000122070312,220.4791717529297,41960600
2024-08-15,224.60000610351562,225.35000610351562,222.75999450683594,224.72000122070312,223.46237182617188,46414000
2024-08-16,223.9199981689453,226.8300018310547,223.64999389648438,226.0500030517578,224.78494262695312,44340200
2024-08-19,225.72000122070312,225.99000549316406,223.0399932861328,225.88999938964844,224.62582397460938,40687800
2024-08-20,225.77000427246094,227.1699981689453,225.4499969482422,226.50999450683594,225.2423553466797,30299000
2024-08-21,226.52000427246094,227.97999572753906,225.0500030517578,226.39999389648438,225.13296508789062,34765500
2024-08-22,227.7899932861328,228.33999633789062,223.89999389648438,224.52999877929688,223.2734375,43695300
2024-08-23,225.66000366210938,228.22000122070312,224.3300018310547,226.83999633789062,225.57049560546875,38677300
2024-08-26,226.75999450683594,227.27999877929688,223.88999938964844,227.17999267578125,225.90859985351562,30602200
2024-08-27,226.0,228.85000610351562,224.88999938964844,228.02999877929688,226.75384521484375,35934600
2024-08-28,227.9199981689453,229.86000061035156,225.67999267578125,226.49000549316406,225.2224578857422,38052200
2024-08-29,230.10000610351562,232.9199981689453,228.8800048828125,229.7899932861328,228.5039825439453,51906300
2024-08-30,230.19000244140625,230.39999389648438,227.47999572753906,229.0,227.7184295654297,52990800
2024-09-03,228.5500030517578,229.0,221.1699981689453,222.77000427246094,221.52328491210938,50190600
2024-09-04,221.66000366210938,221.77999877929688,217.47999572753906,220.85000610351562,219.61402893066406,43840200
2024-09-05,221.6300048828125,225.47999572753906,221.52000427246094,222.3800048828125,221.13546752929688,36615400
2024-09-06,223.9499969482422,225.24000549316406,219.77000427246094,220.82000732421875,219.58421325683594,48423000
2024-09-09,220.82000732421875,221.27000427246094,216.7100067138672,220.91000366210938,219.67369079589844,67180000
2024-09-10,218.9199981689453,221.47999572753906,216.72999572753906,220.11000061035156,218.87815856933594,51591000
2024-09-11,221.4600067138672,223.08999633789062,217.88999938964844,222.66000366210938,221.4138946533203,44587100
2024-09-12,222.5,223.5500030517578,219.82000732421875,222.77000427246094,221.52328491210938,37455600
2024-09-13,223.5800018310547,224.0399932861328,221.91000366210938,222.5,221.25479125976562,36766600
2024-09-16,216.5399932861328,217.22000122070312,213.9199981689453,216.32000732421875,215.10939025878906,59357400
2024-09-17,215.75,216.89999389648438,214.5,216.7899932861328,215.5767364501953,45519300
2024-09-18,217.5500030517578,222.7100067138672,217.5399932861328,220.69000244140625,219.45492553710938,59894900
2024-09-19,224.99000549316406,229.82000732421875,224.6300048828125,228.8699951171875,227.58912658691406,66781300
2024-09-20,229.97000122070312,233.08999633789062,227.6199951171875,228.1999969482422,226.9228973388672,318679900
2024-09-23,227.33999633789062,229.4499969482422,225.80999755859375,226.47000122070312,225.20257568359375,54146000
2024-09-24,228.64999389648438,229.35000610351562,225.72999572753906,227.3699951171875,226.0975341796875,43556100
2024-09-25,224.92999267578125,227.2899932861328,224.02000427246094,226.3699951171875,225.10311889648438,42308700
2024-09-26,227.3000030517578,228.5,225.41000366210938,227.52000427246094,226.24668884277344,36636700
2024-09-27,228.4600067138672,229.52000427246094,227.3000030517578,227.7899932861328,226.5151824951172,34026000
2024-09-30,230.0399932861328,233.0,229.64999389648438,233.0,231.696044921875,54541900
2024-10-01,229.52000427246094,229.64999389648438,223.74000549316406,226.2100067138672,224.94406127929688,63285000
2024-10-02,225.88999938964844,227.3699951171875,223.02000427246094,226.77999877929688,225.51083374023438,32880600
2024-10-03,225.13999938964844,226.80999755859375,223.32000732421875,225.6699981689453,224.40704345703125,34044200
2024-10-04,227.89999389648438,228.0,224.1300048828125,226.8000030517578,225.53073120117188,37245100
2024-10-07,224.5,225.69000244140625,221.3300018310547,221.69000244140625,220.44931030273438,39505400
2024-10-08,224.3000030517578,225.97999572753906,223.25,225.77000427246094,224.50648498535156,31855700
2024-10-09,225.22999572753906,229.75,224.8300018310547,229.5399932861328,228.25540161132812,33591100
2024-10-10,227.77999877929688,229.5,227.1699981689453,229.0399932861328,227.7581787109375,28183500
2024-10-11,229.3000030517578,229.41000366210938,227.33999633789062,227.5500030517578,226.2765350341797,31759200
2024-10-14,228.6999969482422,231.72999572753906,228.60000610351562,231.3000030517578,230.00555419921875,39882100
2024-10-15,233.61000061035156,237.49000549316406,232.3699951171875,233.85000610351562,232.54127502441406,64751400
2024-10-16,231.60000610351562,232.1199951171875,229.83999633789062,231.77999877929688,230.4828338623047,34082200
2024-10-17,233.42999267578125,233.85000610351562,230.52000427246094,232.14999389648438,230.85079956054688,32993800
2024-10-18,236.17999267578125,236.17999267578125,234.00999450683594,235.0,233.684814453125,46431500
2024-10-21,234.4499969482422,236.85000610351562,234.4499969482422,236.47999572753906,235.15655517578125,36254500
2024-10-22,233.88999938964844,236.22000122070312,232.60000610351562,235.86000061035156,234.54002380371094,38846600
2024-10-23,234.0800018310547,235.13999938964844,227.75999450683594,230.75999450683594,229.46856689453125,52287000
2024-10-24,229.97999572753906,230.82000732421875,228.41000366210938,230.57000732421875,229.27964782714844,31109500
2024-10-25,229.74000549316406,233.22000122070312,229.57000732421875,231.41000366210938,230.1149444580078,38802300
2024-10-28,233.32000732421875,234.72999572753906,232.5500030517578,233.39999389648438,232.0937957763672,36087100
2024-10-29,233.10000610351562,234.3300018310547,232.32000732421875,233.6699981689453,232.36228942871094,35417200
2024-10-30,232.61000061035156,233.47000122070312,229.5500030517578,230.10000610351562,228.812255859375,47070900
2024-10-31,229.33999633789062,229.8300018310547,225.3699951171875,225.91000366210938,224.6457061767578,64370100
2024-11-01,220.97000122070312,225.35000610351562,220.27000427246094,222.91000366210938,221.66250610351562,65276700
2024-11-04,220.99000549316406,222.7899932861328,219.7100067138672,222.00999450683594,220.76751708984375,44944500
2024-11-05,221.8000030517578,223.9499969482422,221.13999938964844,223.4499969482422,222.199462890625,28111300
2024-11-06,222.61000061035156,226.07000732421875,221.19000244140625,222.72000122070312,221.4735565185547,54561100
2024-11-07,224.6300048828125,227.8800048828125,224.57000732421875,227.47999572753906,226.2069091796875,42137700
2024-11-08,227.1699981689453,228.66000366210938,226.41000366210938,226.9600067138672,225.93814086914062,38328800
2024-11-11,225.0,225.6999969482422,221.5,224.22999572753906,223.2204132080078,42005600
2024-11-12,224.5500030517578,225.58999633789062,223.36000061035156,224.22999572753906,223.2204132080078,40398300
2024-11-13,224.00999450683594,226.64999389648438,222.75999450683594,225.1199951171875,224.10641479492188,48566200
2024-11-14,225.02000427246094,228.8699951171875,225.0,228.22000122070312,227.1924591064453,44923900
2024-11-15,226.39999389648438,226.9199981689453,224.27000427246094,225.0,223.98695373535156,47923700
2024-11-18,225.25,229.74000549316406,225.1699981689453,228.02000427246094,226.99337768554688,44633700
2024-11-19,226.97999572753906,230.16000366210938,226.66000366210938,228.27999877929688,227.252197265625,36211800
2024-11-20,228.05999755859375,229.92999267578125,225.88999938964844,229.0,227.9689483642578,35169600
2024-11-21,228.8800048828125,230.16000366210938,225.7100067138672,228.52000427246094,227.49111938476562,42108300
2024-11-22,228.05999755859375,230.72000122070312,228.05999755859375,229.8699951171875,228.8350372314453,38168300
2024-11-25,231.4600067138672,233.25,229.74000549316406,232.8699951171875,231.82151794433594,90152800
2024-11-26,233.3300018310547,235.57000732421875,233.3300018310547,235.05999755859375,234.0016632080078,45986200
2024-11-27,234.47000122070312,235.69000244140625,233.80999755859375,234.92999267578125,233.87225341796875,33498400
2024-11-29,234.80999755859375,237.80999755859375,233.97000122070312,237.3300018310547,236.26145935058594,28481400
2024-12-02,237.27000427246094,240.7899932861328,237.16000366210938,239.58999633789062,238.51126098632812,48137100
2024-12-03,239.80999755859375,242.75999450683594,238.89999389648438,242.64999389648438,241.5574951171875,38861000
2024-12-04,242.8699951171875,244.11000061035156,241.25,243.00999450683594,241.91587829589844,44383900
2024-12-05,243.99000549316406,244.5399932861328,242.1300048828125,243.0399932861328,241.94573974609375,40033900
2024-12-06,242.91000366210938,244.6300048828125,242.0800018310547,242.83999633789062,241.74664306640625,36870600
2024-12-09,241.8300018310547,247.24000549316406,241.75,246.75,245.6390380859375,44649200
2024-12-10,246.88999938964844,248.2100067138672,245.33999633789062,247.77000427246094,246.65443420410156,36914800
2024-12-11,247.9600067138672,250.8000030517578,246.25999450683594,246.49000549316406,245.38021850585938,45205800
2024-12-12,246.88999938964844,248.74000549316406,245.67999267578125,247.9600067138672,246.8435821533203,32777500
2024-12-13,247.82000732421875,249.2899932861328,246.24000549316406,248.1300048828125,247.01284790039062,33155300
2024-12-16,247.99000549316406,251.3800048828125,247.64999389648438,251.0399932861328,249.90969848632812,51694800
2024-12-17,250.0800018310547,253.8300018310547,249.77999877929688,253.47999572753906,252.33872985839844,51356400
2024-12-18,252.16000366210938,254.27999877929688,247.74000549316406,248.0500030517578,246.9331817626953,56774100
2024-12-19,247.5,252.0,247.08999633789062,249.7899932861328,248.66534423828125,60882300
2024-12-20,248.0399932861328,255.0,245.69000244140625,254.49000549316406,253.34417724609375,147495300
2024-12-23,254.77000427246094,255.64999389648438,253.4499969482422,255.27000427246094,254.12066650390625,40858800
2024-12-24,255.49000549316406,258.2099914550781,255.2899932861328,258.20001220703125,257.0374755859375,23234700
2024-12-26,258.19000244140625,260.1000061035156,257.6300048828125,259.0199890136719,257.853759765625,27237100
2024-12-27,257.8299865722656,258.70001220703125,253.05999755859375,255.58999633789062,254.439208984375,42355300
2024-12-30,252.22999572753906,253.5,250.75,252.1999969482422,251.06448364257812,35557500
2024-12-31,252.44000244140625,253.27999877929688,249.42999267578125,250.4199981689453,249.2925262451172,39480700
2025-01-02,248.92999267578125,249.10000610351562,241.82000732421875,243.85000610351562,242.75210571289062,55740700
2025-01-03,243.36000061035156,244.17999267578125,241.88999938964844,243.36000061035156,242.26431274414062,40244100
2025-01-06,244.30999755859375,247.3300018310547,243.1999969482422,245.0,243.89691162109375,45045600
2025-01-07,242.97999572753906,245.5500030517578,241.35000610351562,242.2100067138672,241.11947631835938,40856000
2025-01-08,241.9199981689453,243.7100067138672,240.0500030517578,242.6999969482422,241.6072540283203,37628900
2025-01-10,240.00999450683594,240.16000366210938,233.0,236.85000610351562,235.78363037109375,61710900
2025-01-13,233.52999877929688,234.6699981689453,229.72000122070312,234.39999389648438,233.34463500976562,49630700
2025-01-14,234.75,236.1199951171875,232.47000122070312,233.27999877929688,232.22967529296875,39435300
2025-01-15,234.63999938964844,238.9600067138672,234.42999267578125,237.8699951171875,236.7989959716797,39832000
2025-01-16,237.35000610351562,238.00999450683594,228.02999877929688,228.25999450683594,227.23228454589844,71759100
2025-01-17,232.1199951171875,232.2899932861328,228.47999572753906,229.97999572753906,228.9445343017578,68488300
2025-01-21,224.0,224.4199981689453,219.3800048828125,222.63999938964844,221.6375732421875,98070400
2025-01-22,219.7899932861328,224.1199951171875,219.7899932861328,223.8300018310547,222.82223510742188,64126500
2025-01-23,224.74000549316406,227.02999877929688,222.3000030517578,223.66000366210938,222.6529998779297,60234800
2025-01-24,224.77999877929688,225.6300048828125,221.41000366210938,222.77999877929688,221.77694702148438,54697900
2025-01-27,224.02000427246094,232.14999389648438,223.97999572753906,229.86000061035156,228.82508850097656,94863400
2025-01-28,230.85000610351562,240.19000244140625,230.80999755859375,238.25999450683594,237.187255859375,75707600
2025-01-29,234.1199951171875,239.86000061035156,234.00999450683594,239.36000061035156,238.2823028564453,45486100
2025-01-30,238.6699981689453,240.7899932861328,237.2100067138672,237.58999633789062,236.520263671875,55658300
2025-01-31,247.19000244140625,247.19000244140625,233.44000244140625,236.0,234.93743896484375,100959800
2025-02-03,229.99000549316406,231.8300018310547,225.6999969482422,228.00999450683594,226.9833984375,73063300
2025-02-04,227.25,233.1300048828125,226.64999389648438,232.8000030517578,231.75184631347656,45067300
2025-02-05,228.52999877929688,232.6699981689453,228.27000427246094,232.47000122070312,231.42332458496094,39620300
2025-02-06,231.2899932861328,233.8000030517578,230.42999267578125,233.22000122070312,232.16995239257812,29925300
2025-02-07,232.60000610351562,234.0,227.25999450683594,227.6300048828125,226.60513305664062,39707200
2025-02-10,229.57000732421875,230.58999633789062,227.1999969482422,227.64999389648438,226.8741912841797,33115600
2025-02-11,228.1999969482422,235.22999572753906,228.1300048828125,232.6199951171875,231.8272705078125,53718400
2025-02-12,231.1999969482422,236.9600067138672,230.67999267578125,236.8699951171875,236.06277465820312,45243300
2025-02-13,236.91000366210938,242.33999633789062,235.57000732421875,241.52999877929688,240.70689392089844,53614100
2025-02-14,241.25,245.5500030517578,240.99000549316406,244.60000610351562,243.76644897460938,40896200
2025-02-18,244.14999389648438,245.17999267578125,241.83999633789062,244.47000122070312,243.6368865966797,48822500
2025-02-19,244.66000366210938,246.00999450683594,243.16000366210938,244.8699951171875,244.03550720214844,32204200
2025-02-20,244.94000244140625,246.77999877929688,244.2899932861328,245.8300018310547,244.99224853515625,32316900
2025-02-21,245.9499969482422,248.69000244140625,245.22000122070312,245.5500030517578,244.71319580078125,53197400
2025-02-24,244.92999267578125,248.86000061035156,244.4199981689453,247.10000610351562,246.25791931152344,51326400
2025-02-25,248.0,250.0,244.91000366210938,247.0399932861328,246.1981201171875,48013300
2025-02-26,244.3300018310547,244.97999572753906,239.1300048828125,240.36000061035156,239.5408935546875,44433600
2025-02-27,239.41000366210938,242.4600067138672,237.05999755859375,237.3000030517578,236.49131774902344,41153600
2025-02-28,236.9499969482422,242.08999633789062,230.1999969482422,241.83999633789062,241.01583862304688,56833400
2025-03-03,241.7899932861328,244.02999877929688,236.11000061035156,238.02999877929688,237.2188262939453,47184000
2025-03-04,237.7100067138672,240.07000732421875,234.67999267578125,235.92999267578125,235.1259765625,53798100
2025-03-05,235.4199981689453,236.5500030517578,229.22999572753906,235.74000549316406,234.93663024902344,47227600
2025-03-06,234.44000244140625,237.86000061035156,233.16000366210938,235.3300018310547,234.52804565429688,45170400
2025-03-07,235.11000061035156,241.3699951171875,234.75999450683594,239.07000732421875,238.2552947998047,46273600
2025-03-10,235.5399932861328,236.16000366210938,224.22000122070312,227.47999572753906,226.70477294921875,72071200
2025-03-11,223.80999755859375,225.83999633789062,217.4499969482422,220.83999633789062,220.08740234375,76137400
2025-03-12,220.13999938964844,221.75,214.91000366210938,216.97999572753906,216.2405548095703,62547500
2025-03-13,215.9499969482422,216.83999633789062,208.4199981689453,209.67999267578125,208.96542358398438,61368300
2025-03-14,211.25,213.9499969482422,209.5800018310547,213.49000549316406,212.762451171875,60107600
2025-03-17,213.30999755859375,215.22000122070312,209.97000122070312,214.0,213.2707061767578,48073400
2025-03-18,214.16000366210938,215.14999389648438,211.49000549316406,212.69000244140625,211.96519470214844,42432400
2025-03-19,214.22000122070312,218.75999450683594,213.75,215.24000549316406,214.50648498535156,54385400
2025-03-20,213.99000549316406,217.49000549316406,212.22000122070312,214.10000610351562,213.37039184570312,48862900
2025-03-21,211.55999755859375,218.83999633789062,211.27999877929688,218.27000427246094,217.5261688232422,94127800
2025-03-24,221.0,221.47999572753906,218.5800018310547,220.72999572753906,219.97776794433594,44299500
2025-03-25,220.77000427246094,224.10000610351562,220.0800018310547,223.75,222.98748779296875,34493600
2025-03-26,223.50999450683594,225.02000427246094,220.47000122070312,221.52999877929688,220.77505493164062,34466100
2025-03-27,221.38999938964844,224.99000549316406,220.55999755859375,223.85000610351562,223.08717346191406,37094800
2025-03-28,221.6699981689453,223.80999755859375,217.67999267578125,217.89999389648438,217.1574249267578,39818600
2025-03-31,217.00999450683594,225.6199951171875,216.22999572753906,222.1300048828125,221.37301635742188,65299300
2025-04-01,219.80999755859375,223.67999267578125,218.89999389648438,223.19000244140625,222.4293975830078,36412700
2025-04-02,221.32000732421875,225.19000244140625,221.02000427246094,223.88999938964844,223.12701416015625,35905900
2025-04-03,205.5399932861328,207.49000549316406,201.25,203.19000244140625,202.49754333496094,103419000
2025-04-04,193.88999938964844,199.8800048828125,187.33999633789062,188.3800048828125,187.738037109375,125910900
2025-04-07,177.1999969482422,194.14999389648438,174.6199951171875,181.4600067138672,180.84161376953125,160466300
2025-04-08,186.6999969482422,190.33999633789062,169.2100067138672,172.4199981689453,171.83241271972656,120859500
2025-04-09,171.9499969482422,200.61000061035156,171.88999938964844,198.85000610351562,198.17236328125,184395900
2025-04-10,189.07000732421875,194.77999877929688,183.0,190.4199981689453,189.7710723876953,121880000
2025-04-11,186.10000610351562,199.5399932861328,186.05999755859375,198.14999389648438,197.4747314453125,87435900
2025-04-14,211.44000244140625,212.94000244140625,201.16000366210938,202.52000427246094,201.82984924316406,101352900
2025-04-15,201.86000061035156,203.50999450683594,199.8000030517578,202.13999938964844,201.4511260986328,51343900
2025-04-16,198.36000061035156,200.6999969482422,192.3699951171875,194.27000427246094,193.6079559326172,59732400
2025-04-17,197.1999969482422,198.8300018310547,194.4199981689453,196.97999572753906,196.3087158203125,52164700
2025-04-21,193.27000427246094,193.8000030517578,189.80999755859375,193.16000366210938,192.50173950195312,46742500
2025-04-22,196.1199951171875,201.58999633789062,195.97000122070312,199.74000549316406,199.059326171875,52976400
2025-04-23,206.0,208.0,202.8000030517578,204.60000610351562,203.9027557373047,52929200
2025-04-24,204.88999938964844,208.8300018310547,202.94000244140625,208.3699951171875,207.659912109375,47311000
2025-04-25,206.3699951171875,209.75,206.1999969482422,209.27999877929688,208.56680297851562,38222300
2025-04-28,210.0,211.5,207.4600067138672,210.13999938964844,209.4238739013672,38743100
2025-04-29,208.69000244140625,212.24000549316406,208.3699951171875,211.2100067138672,210.490234375,36827600
2025-04-30,209.3000030517578,213.5800018310547,206.6699981689453,212.5,211.7758331298828,52286500
2025-05-01,209.0800018310547,214.55999755859375,208.89999389648438,213.32000732421875,212.59304809570312,57365700
2025-05-02,206.08999633789062,206.99000549316406,202.16000366210938,205.35000610351562,204.6501922607422,101010600
2025-05-05,203.10000610351562,204.10000610351562,198.2100067138672,198.88999938964844,198.21221923828125,69018500
2025-05-06,198.2100067138672,200.64999389648438,197.02000427246094,198.50999450683594,197.83349609375,51216500
2025-05-07,199.1699981689453,199.44000244140625,193.25,196.25,195.58120727539062,68536700
2025-05-08,197.72000122070312,200.0500030517578,194.67999267578125,197.49000549316406,196.81698608398438,50478900
2025-05-09,199.0,200.5399932861328,197.5399932861328,198.52999877929688,197.8534393310547,36453900
2025-05-12,210.97000122070312,211.27000427246094,206.75,210.7899932861328,210.34713745117188,63775800
2025-05-13,210.42999267578125,213.39999389648438,209.0,212.92999267578125,212.48263549804688,51909300
2025-05-14,212.42999267578125,213.94000244140625,210.5800018310547,212.3300018310547,211.88389587402344,49325800
2025-05-15,210.9499969482422,212.9600067138672,209.5399932861328,211.4499969482422,211.00575256347656,45029500
2025-05-16,212.36000061035156,212.57000732421875,209.77000427246094,211.25999450683594,210.81614685058594,54737900
2025-05-19,207.91000366210938,209.47999572753906,204.25999450683594,208.77999877929688,208.3413543701172,46140500
2025-05-20,207.6699981689453,208.47000122070312,205.02999877929688,206.86000061035156,206.42539978027344,42496600
2025-05-21,205.1699981689453,207.0399932861328,200.7100067138672,202.08999633789062,201.6654052734375,59211800
2025-05-22,200.7100067138672,202.75,199.6999969482422,201.36000061035156,200.9369354248047,46742400
2025-05-23,193.6699981689453,197.6999969482422,193.4600067138672,195.27000427246094,194.85975646972656,78432900
2025-05-27,198.3000030517578,200.74000549316406,197.42999267578125,200.2100067138672,199.78936767578125,56288500
2025-05-28,200.58999633789062,202.72999572753906,199.89999389648438,200.4199981689453,199.99891662597656,45339700
2025-05-29,203.5800018310547,203.80999755859375,198.50999450683594,199.9499969482422,199.5299072265625,51396800
2025-05-30,199.3699951171875,201.9600067138672,196.77999877929688,200.85000610351562,200.4280242919922,70819900
2025-06-02,200.27999877929688,202.1300048828125,200.1199951171875,201.6999969482422,201.27622985839844,35423300
2025-06-03,201.35000610351562,203.77000427246094,200.9600067138672,203.27000427246094,202.84292602539062,46381600
2025-06-04,202.91000366210938,206.24000549316406,202.10000610351562,202.82000732421875,202.39389038085938,43604000
2025-06-05,203.5,204.75,200.14999389648438,200.6300048828125,200.20849609375,55126100
2025-06-06,203.0,205.6999969482422,202.0500030517578,203.9199981689453,203.49156188964844,46607700
2025-06-09,204.38999938964844,206.0,200.02000427246094,201.4499969482422,201.02676391601562,72862600
2025-06-10,200.60000610351562,204.35000610351562,200.57000732421875,202.6699981689453,202.2441864013672,54672600
2025-06-11,203.5,204.5,198.41000366210938,198.77999877929688,198.36236572265625,60989900
2025-06-12,199.0800018310547,199.67999267578125,197.36000061035156,199.1999969482422,198.78147888183594,43904600
2025-06-13,199.72999572753906,200.3699951171875,195.6999969482422,196.4499969482422,196.03726196289062,51447300
2025-06-16,197.3000030517578,198.69000244140625,196.55999755859375,198.4199981689453,198.0031280517578,43020700
2025-06-17,197.1999969482422,198.38999938964844,195.2100067138672,195.63999938964844,195.2289581298828,38856200
2025-06-18,195.94000244140625,197.57000732421875,195.07000732421875,196.5800018310547,196.16697692871094,45394700
2025-06-20,198.24000549316406,201.6999969482422,196.86000061035156,201.0,200.57769775390625,96813500
2025-06-23,201.6300048828125,202.3000030517578,198.9600067138672,201.5,201.07666015625,55814300
2025-06-24,202.58999633789062,203.44000244140625,200.1999969482422,200.3000030517578,199.87918090820312,54064000
2025-06-25,201.4499969482422,203.6699981689453,200.6199951171875,201.55999755859375,201.13653564453125,39525700
2025-06-26,201.42999267578125,202.63999938964844,199.4600067138672,201.0,200.57769775390625,50799100
2025-06-27,201.88999938964844,203.22000122070312,200.0,201.0800018310547,200.65753173828125,73188600
2025-06-30,202.00999450683594,207.38999938964844,199.25999450683594,205.1699981689453,204.7389373779297,91912800
2025-07-01,206.6699981689453,210.19000244140625,206.13999938964844,207.82000732421875,207.3833770751953,78788900
2025-07-02,208.91000366210938,213.33999633789062,208.13999938964844,212.44000244140625,211.99366760253906,67941800
2025-07-03,212.14999389648438,214.64999389648438,211.80999755859375,213.5500030517578,213.10134887695312,34955800
2025-07-07,212.67999267578125,216.22999572753906,208.8000030517578,209.9499969482422,209.50889587402344,50229000
2025-07-08,210.10000610351562,211.42999267578125,208.4499969482422,210.00999450683594,209.5687713623047,42848900
2025-07-09,209.52999877929688,211.3300018310547,207.22000122070312,211.13999938964844,210.69639587402344,48749400
2025-07-10,210.50999450683594,213.47999572753906,210.02999877929688,212.41000366210938,211.96372985839844,44443600
2025-07-11,210.57000732421875,212.1300048828125,209.86000061035156,211.16000366210938,210.7163543701172,39765800
2025-07-14,209.92999267578125,210.91000366210938,207.5399932861328,208.6199951171875,208.1816864013672,38840100
2025-07-15,209.22000122070312,211.88999938964844,208.9199981689453,209.11000061035156,208.67066955566406,42296300
2025-07-16,210.3000030517578,212.39999389648438,208.63999938964844,210.16000366210938,209.71847534179688,47490500
2025-07-17,210.57000732421875,211.8000030517578,209.58999633789062,210.02000427246094,209.57875061035156,48068100
2025-07-18,210.8699951171875,211.7899932861328,209.6999969482422,211.17999267578125,210.73631286621094,48974600
2025-07-21,212.10000610351562,215.77999877929688,211.6300048828125,212.47999572753906,212.0335693359375,51377400
2025-07-22,213.13999938964844,214.9499969482422,212.22999572753906,214.39999389648438,213.94955444335938,46404100
2025-07-23,215.0,215.14999389648438,212.41000366210938,214.14999389648438,213.7000732421875,46989300
2025-07-24,213.89999389648438,215.69000244140625,213.52999877929688,213.75999450683594,213.31088256835938,46022600
2025-07-25,214.6999969482422,215.24000549316406,213.39999389648438,213.8800048828125,213.43064880371094,40268800
2025-07-28,214.02999877929688,214.85000610351562,213.05999755859375,214.0500030517578,213.6002960205078,37858000
2025-07-29,214.17999267578125,214.80999755859375,210.82000732421875,211.27000427246094,210.8261260986328,51411700
2025-07-30,211.89999389648438,212.38999938964844,207.72000122070312,209.0500030517578,208.6107940673828,45512500
2025-07-31,208.49000549316406,209.83999633789062,207.16000366210938,207.57000732421875,207.1339111328125,80698400
2025-08-01,210.8699951171875,213.5800018310547,201.5,202.3800048828125,201.95481872558594,104434500
2025-08-04,204.50999450683594,207.8800048828125,201.67999267578125,203.35000610351562,202.9227752685547,75109300
2025-08-05,203.39999389648438,205.33999633789062,202.16000366210938,202.9199981689453,202.49366760253906,44155100
2025-08-06,205.6300048828125,215.3800048828125,205.58999633789062,213.25,212.80197143554688,108483100
2025-08-07,218.8800048828125,220.85000610351562,216.5800018310547,220.02999877929688,219.56771850585938,90224800
2025-08-08,220.8300018310547,231.0,219.25,229.35000610351562,228.86814880371094,113854000
2025-08-11,227.9199981689453,229.55999755859375,224.75999450683594,227.17999267578125,226.95997619628906,61806100
2025-08-12,228.00999450683594,230.8000030517578,227.07000732421875,229.64999389648438,229.42758178710938,55626200
2025-08-13,231.07000732421875,235.0,230.42999267578125,233.3300018310547,233.10403442382812,69878500
2025-08-14,234.05999755859375,235.1199951171875,230.85000610351562,232.77999877929688,232.5545654296875,51916300
2025-08-15,234.0,234.27999877929688,229.33999633789062,231.58999633789062,231.36570739746094,56038700
2025-08-18,231.6999969482422,233.1199951171875,230.11000061035156,230.88999938964844,230.66639709472656,37476200
2025-08-19,231.27999877929688,232.8699951171875,229.35000610351562,230.55999755859375,230.3367156982422,39402600
2025-08-20,229.97999572753906,230.47000122070312,225.77000427246094,226.00999450683594,225.79110717773438,42263900
2025-08-21,226.27000427246094,226.52000427246094,223.77999877929688,224.89999389648438,224.68218994140625,30621200
2025-08-22,226.1699981689453,229.08999633789062,225.41000366210938,227.75999450683594,227.53941345214844,42477800
2025-08-25,226.47999572753906,229.3000030517578,226.22999572753906,227.16000366210938,226.94000244140625,30983100
2025-08-26,226.8699951171875,229.49000549316406,224.69000244140625,229.30999755859375,229.08792114257812,54575100
2025-08-27,228.61000061035156,230.89999389648438,228.25999450683594,230.49000549316406,230.26678466796875,31259500
2025-08-28,230.82000732421875,233.41000366210938,229.33999633789062,232.55999755859375,232.33477783203125,38074700
2025-08-29,232.50999450683594,233.3800048828125,231.3699951171875,232.13999938964844,231.91517639160156,39418400
2025-09-02,229.25,230.85000610351562,226.97000122070312,229.72000122070312,229.49752807617188,44075600
2025-09-03,237.2100067138672,238.85000610351562,234.36000061035156,238.47000122070312,238.2390594482422,66427800
2025-09-04,238.4499969482422,239.89999389648438,236.74000549316406,239.77999877929688,239.5477752685547,47549400
2025-09-05,240.0,241.32000732421875,238.49000549316406,239.69000244140625,239.45787048339844,54870400
2025-09-08,239.3000030517578,240.14999389648438,236.33999633789062,237.8800048828125,237.64962768554688,48999500
2025-09-09,237.0,238.77999877929688,233.36000061035156,234.35000610351562,234.123046875,66313900
2025-09-10,232.19000244140625,232.4199981689453,225.9499969482422,226.7899932861328,226.5703582763672,83440800
2025-09-11,226.8800048828125,230.4499969482422,226.64999389648438,230.02999877929688,229.80722045898438,50208600
2025-09-12,229.22000122070312,234.50999450683594,229.02000427246094,234.07000732421875,233.84332275390625,55824200
2025-09-15,237.0,238.19000244140625,235.02999877929688,236.6999969482422,236.47076416015625,42699500
2025-09-16,237.17999267578125,241.22000122070312,236.32000732421875,238.14999389648438,237.9193572998047,63421100
2025-09-17,238.97000122070312,240.10000610351562,237.72999572753906,238.99000549316406,238.75856018066406,46508000
2025-09-18,239.97000122070312,241.1999969482422,236.64999389648438,237.8800048828125,237.64962768554688,44249600
2025-09-19,241.22999572753906,246.3000030517578,240.2100067138672,245.5,245.26223754882812,163741300
2025-09-22,248.3000030517578,256.6400146484375,248.1199951171875,256.0799865722656,255.8319854736328,105517400
2025-09-23,255.8800048828125,257.3399963378906,253.5800018310547,254.42999267578125,254.18359375,60275200
2025-09-24,255.22000122070312,255.74000549316406,251.0399932861328,252.30999755859375,252.06564331054688,42303700
2025-09-25,253.2100067138672,257.1700134277344,251.7100067138672,256.8699951171875,256.6212158203125,55202100
2025-09-26,254.10000610351562,257.6000061035156,253.77999877929688,255.4600067138672,255.2126007080078,46076300
2025-09-29,254.55999755859375,255.0,253.00999450683594,254.42999267578125,254.18359375,40127700
2025-09-30,254.86000061035156,255.9199981689453,253.11000061035156,254.6300048828125,254.38340759277344,37704300
2025-10-01,255.0399932861328,258.7900085449219,254.92999267578125,255.4499969482422,255.20260620117188,48713900
2025-10-02,256.5799865722656,258.17999267578125,254.14999389648438,257.1300048828125,256.8809814453125,42630200
2025-10-03,254.6699981689453,259.239990234375,253.9499969482422,258.0199890136719,257.7701110839844,49155600
2025-10-06,257.989990234375,259.07000732421875,255.0500030517578,256.69000244140625,256.44140625,44664100
2025-10-07,256.80999755859375,257.3999938964844,255.42999267578125,256.4800109863281,256.23162841796875,31955800
2025-10-08,256.5199890136719,258.5199890136719,256.1099853515625,258.05999755859375,257.8100891113281,36496900
2025-10-09,257.80999755859375,258.0,253.13999938964844,254.0399932861328,253.79396057128906,38322000
2025-10-10,254.94000244140625,256.3800048828125,244.0,245.27000427246094,245.032470703125,61999100
2025-10-13,249.3800048828125,249.69000244140625,245.55999755859375,247.66000366210938,247.42015075683594,38142900
2025-10-14,246.60000610351562,248.85000610351562,244.6999969482422,247.77000427246094,247.53004455566406,35478000
2025-10-15,249.49000549316406,251.82000732421875,247.47000122070312,249.33999633789062,249.09852600097656,33893600
2025-10-16,248.25,249.0399932861328,245.1300048828125,247.4499969482422,247.21035766601562,39777000
2025-10-17,248.02000427246094,253.3800048828125,247.27000427246094,252.2899932861328,252.045654296875,49147000
2025-10-20,255.88999938964844,264.3800048828125,255.6300048828125,262.239990234375,261.98602294921875,90483000
2025-10-21,261.8800048828125,265.2900085449219,261.8299865722656,262.7699890136719,262.5155029296875,46695900
2025-10-22,262.6499938964844,262.8500061035156,255.42999267578125,258.45001220703125,258.19970703125,45015300
2025-10-23,259.94000244140625,260.6199951171875,258.010009765625,259.5799865722656,259.3285827636719,32754900
2025-10-24,261.19000244140625,264.1300048828125,259.17999267578125,262.82000732421875,262.56549072265625,38253700
2025-10-27,264.8800048828125,269.1199951171875,264.6499938964844,268.80999755859375,268.5496520996094,44888200
2025-10-28,268.989990234375,269.8900146484375,268.1499938964844,269.0,268.7394714355469,41534800
2025-10-29,269.2799987792969,271.4100036621094,267.1099853515625,269.70001220703125,269.4388122558594,51086700
2025-10-30,271.989990234375,274.1400146484375,268.4800109863281,271.3999938964844,271.13714599609375,69886500
2025-10-31,276.989990234375,277.32000732421875,269.1600036621094,270.3699951171875,270.108154296875,86167100
2025-11-03,270.4200134277344,270.8500061035156,266.25,269.04998779296875,268.7894287109375,50194600
2025-11-04,268.3299865722656,271.489990234375,267.6199951171875,270.0400085449219,269.7784729003906,49274800
2025-11-05,268.6099853515625,271.70001220703125,266.92999267578125,270.1400146484375,269.8783874511719,43683100
2025-11-06,267.8900146484375,273.3999938964844,267.8900146484375,269.7699890136719,269.50872802734375,51204000
2025-11-07,269.79998779296875,272.2900085449219,266.7699890136719,268.4700012207031,268.2099914550781,48227400
2025-11-10,268.9599914550781,273.7300109863281,267.4599914550781,269.42999267578125,269.42999267578125,41312400
2025-11-11,269.80999755859375,275.9100036621094,269.79998779296875,275.25,275.25,46208300
2025-11-12,275.0,275.7300109863281,271.70001220703125,273.4700012207031,273.4700012207031,48398000
2025-11-13,274.1099853515625,276.70001220703125,272.0899963378906,272.95001220703125,272.95001220703125,49602800
2025-11-14,271.04998779296875,275.9599914550781,269.6000061035156,272.4100036621094,272.4100036621094,47431300
2025-11-17,268.82000732421875,270.489990234375,265.7300109863281,267.4599914550781,267.4599914550781,45018300
2025-11-18,269.989990234375,270.7099914550781,265.32000732421875,267.44000244140625,267.44000244140625,45677300
2025-11-19,265.5299987792969,272.2099914550781,265.5,268.55999755859375,268.55999755859375,40424500
2025-11-20,270.8299865722656,275.42999267578125,265.9200134277344,266.25,266.25,45823600
2025-11-21,265.95001220703125,273.3299865722656,265.6700134277344,271.489990234375,271.489990234375,59030800
2025-11-24,270.8999938964844,277.0,270.8999938964844,275.9200134277344,275.9200134277344,65585800
2025-11-25,275.2699890136719,280.3800048828125,275.25,276.9700012207031,276.9700012207031,46914200
2025-11-26,276.9599914550781,279.5299987792969,276.6300048828125,277.54998779296875,277.54998779296875,33431400
2025-11-28,277.260009765625,279.0,275.989990234375,278.8500061035156,278.8500061035156,20135600
2025-12-01,278.010009765625,283.4200134277344,276.1400146484375,283.1000061035156,283.1000061035156,46587700
2025-12-02,283.0,287.3999938964844,282.6300048828125,286.19000244140625,286.19000244140625,53669500
2025-12-03,286.20001220703125,288.6199951171875,283.29998779296875,284.1499938964844,284.1499938964844,43538700
2025-12-04,284.1000061035156,284.7300109863281,278.5899963378906,280.70001220703125,280.70001220703125,43989100
2025-12-05,280.5400085449219,281.1400146484375,278.04998779296875,278.7799987792969,278.7799987792969,47265800
2025-12-08,278.1300048828125,279.6700134277344,276.1499938964844,277.8900146484375,277.8900146484375,38211800
2025-12-09,278.1600036621094,280.0299987792969,276.9200134277344,277.17999267578125,277.17999267578125,32193300
2025-12-10,277.75,279.75,276.44000244140625,278.7799987792969,278.7799987792969,33038300
2025-12-11,279.1000061035156,279.5899963378906,273.80999755859375,278.0299987792969,278.0299987792969,33248000
2025-12-12,277.8999938964844,279.2200012207031,276.82000732421875,278.2799987792969,278.2799987792969,39532900
2025-12-15,280.1499938964844,280.1499938964844,272.8399963378906,274.1099853515625,274.1099853515625,50409100
2025-12-16,272.82000732421875,275.5,271.7900085449219,274.6099853515625,274.6099853515625,37648600
2025-12-17,275.010009765625,276.1600036621094,271.6400146484375,271.8399963378906,271.8399963378906,50138700
2025-12-18,273.6099853515625,273.6300048828125,266.95001220703125,272.19000244140625,272.19000244140625,51630700
2025-12-19,272.1499938964844,274.6000061035156,269.8999938964844,273.6700134277344,273.6700134277344,144632000
2025-12-22,272.8599853515625,273.8800048828125,270.510009765625,270.9700012207031,270.9700012207031,36571800
2025-12-23,270.8399963378906,272.5,269.55999755859375,272.3599853515625,272.3599853515625,29642000
2025-12-24,272.3399963378906,275.42999267578125,272.20001220703125,273.80999755859375,273.80999755859375,17910600
2025-12-26,274.1600036621094,275.3699951171875,272.8599853515625,273.3999938964844,273.3999938964844,21521800
2025-12-29,272.69000244140625,274.3599853515625,272.3500061035156,273.760009765625,273.760009765625,23715200
2025-12-30,272.80999755859375,274.0799865722656,272.2799987792969,273.0799865722656,273.0799865722656,22139600
2025-12-31,273.05999755859375,273.67999267578125,271.75,271.8599853515625,271.8599853515625,27293600
